alias,true_ent_num,matched_ent_num,score,correct
AERO-CARIBBEAN,36,173,82.75862068965517,False
AVIA IMPORT,173,57358,70.58823529411764,False
NATIONAL BANK OF CUBA,306,306,86.48648648648648,True
COIBA,540,,0.0,False
CRYMSA,552,589,54.54545454545454,False
COPROVA,555,,0.0,False
COPROVA SARL,555,,0.0,False
CIMEX,559,535,100.0,False
DELVEST HOLDING COMPANY,651,651,100.0,True
CUBANA AIRLINES,735,58518,82.75862068965517,False
CARIBBEAN EXPORT ENTERPRISE,751,15136,62.745098039215684,False
CUBATUR,758,621,87.5,False
GALAX INC.,815,6826,57.14285714285714,False
"HAVANA INTERNATIONAL BANK, LTD",906,8127,83.33333333333334,False
CUFLET,1287,,0.0,False
CUBAN FREIGHT ENTERPRISE,1287,15136,66.66666666666667,False
"TROVER, S.A.",2109,,0.0,False
TROPICANA TOURS GMBH,2110,2110,88.88888888888889,True
GENERAL NICKEL SA,3749,3751,66.66666666666667,False
CENTRAL BANK OF THE ISLAMIC REPUBLIC OF IRAN,4632,45612,80.0,False
BANK MARKAZI IRAN,4632,10368,76.47058823529412,False
CENTRAL BANK OF IRAN,4632,22486,73.6842105263158,False
HOUSING BANK - OF IRAN,4633,25067,69.23076923076923,False
WORKERS' WELFARE BANK - OF IRAN,4635,4702,62.5,False
BANK REFAH,4635,25580,80.0,False
AGRICULTURAL BANK OF IRAN,4639,22983,74.50980392156863,False
BANK KESHAVARZI,4639,4639,85.71428571428572,True
IRAN OVERSEAS INVESTMENT BANK PLC,4642,52750,69.84126984126983,False
IRAN OVERSEAS INVESTMENT CORPORATION LIMITED,4642,44474,74.4186046511628,False
IRAN OVERSEAS INVESTMENT BANK LIMITED,4642,52750,69.84126984126983,False
AL HARAKAT AL ISLAMIYYA,4688,17299,80.0,False
GROUPEMENT ISLAMIQUE ARME,4690,4690,77.27272727272727,True
AL-JAMA'AH AL-ISLAMIYAH AL-MUSALLAH,4690,6936,69.38775510204081,False
AUM SUPREME TRUTH,4691,33676,54.54545454545454,False
A.I.C. SOGO KENKYUSHO,4691,,0.0,False
A.I.C. COMPREHENSIVE RESEARCH INSTITUTE,4691,27326,69.84126984126983,False
ALEPH,4691,,0.0,False
BASQUE FATHERLAND AND LIBERTY,4693,26953,50.0,False
BATASUNA,4693,,0.0,False
EUSKAL HERRITARROK,4693,15188,47.05882352941176,False
HERRI BATASUNA,4693,15188,33.333333333333336,False
ASKATASUNA,4693,7219,100.0,False
EKIN,4693,,0.0,False
XAKI,4693,,0.0,False
JARRAI-HAIKA-SEGI,4693,45402,51.162790697674424,False
EPANASTATIKI PIRINES,4693,,0.0,False
POPULAR REVOLUTIONARY STRUGGLE,4693,4714,91.52542372881356,False
ISLAMIC GROUP,4694,4690,81.25,False
AL-GAMA'AT,4694,4694,47.61904761904761,True
ISLAMIC GAMA'AT,4694,10932,77.41935483870968,False
EGYPTIAN AL-GAMA'AT AL-ISLAMIYYA,4694,4694,70.0,True
ISLAMIC RESISTANCE MOVEMENT,4695,6725,85.18518518518519,False
HARAKAT AL-MUQAWAMA AL-ISLAMIYA,4695,17299,74.4186046511628,False
STUDENTS OF AYYASH,4695,34022,48.0,False
STUDENTS OF THE ENGINEER,4695,25039,68.42105263157895,False
YAHYA AYYASH UNITS,4695,7825,52.63157894736843,False
IZZ AL-DIN AL-QASSIM BRIGADES,4695,26061,58.53658536585367,False
IZZ AL-DIN AL-QASSIM FORCES,4695,38665,52.63157894736843,False
IZZ AL-DIN AL-QASSIM BATTALIONS,4695,13041,68.0,False
IZZ AL-DIN AL QASSAM BRIGADES,4695,26061,58.53658536585367,False
IZZ AL-DIN AL QASSAM FORCES,4695,56928,53.65853658536586,False
IZZ AL-DIN AL QASSAM BATTALIONS,4695,13041,68.0,False
HARAKAT UL-ANSAR,4696,6896,66.66666666666667,False
HARAKAT UL-MUJAHIDIN,4696,4696,92.6829268292683,True
AL-FARAN,4696,15636,61.53846153846154,False
AL-HADID,4696,49145,66.66666666666667,False
AL-HADITH,4696,15125,52.63157894736843,False
JAMIAT UL-ANSAR,4696,6896,69.23076923076923,False
ANSAR-UL-UMMAH,4696,23803,66.66666666666667,False
PARTY OF GOD,4697,47199,70.58823529411764,False
ISLAMIC JIHAD,4697,9334,81.25,False
ISLAMIC JIHAD ORGANIZATION,4697,11502,71.69811320754718,False
REVOLUTIONARY JUSTICE ORGANIZATION,4697,42600,68.81720430107528,False
ORGANIZATION OF THE OPPRESSED ON EARTH,4697,9756,68.85245901639344,False
ISLAMIC JIHAD FOR THE LIBERATION OF PALESTINE,4697,4708,64.1025641025641,False
ORGANIZATION OF RIGHT AGAINST WRONG,4697,27967,63.63636363636363,False
ANSAR ALLAH,4697,49580,59.45945945945945,False
FOLLOWERS OF THE PROPHET MUHAMMED,4697,23272,52.38095238095239,False
LEBANESE HIZBALLAH,4697,11462,68.57142857142857,False
LEBANESE HEZBOLLAH,4697,24588,54.54545454545454,False
HIZBALLAH ESO,4697,4697,81.81818181818181,True
HIZBALLAH INTERNATIONAL,4697,48297,80.0,False
EXTERNAL SECURITY ORGANIZATION OF HEZBOLLAH,4697,44140,70.12987012987013,False
REPRESSION OF TRAITORS,4700,11413,55.81395348837209,False
DIKUY BOGDIM,4700,,0.0,False
DOV,4700,,0.0,False
STATE OF JUDEA,4700,17260,60.86956521739131,False
COMMITTEE FOR THE SAFETY OF THE ROADS,4700,15666,65.45454545454545,False
SWORD OF DAVID,4700,55944,63.63636363636363,False
JUDEA POLICE,4700,15766,56.25,False
KAHANE LIVES,4700,4700,52.17391304347826,True
KFAR TAPUAH FUND,4700,15857,50.0,False
THE JUDEAN VOICE,4700,,0.0,False
FOREFRONT OF THE IDEA,4700,23145,57.14285714285714,False
THE QOMEMIYUT MOVEMENT,4700,17468,64.86486486486487,False
THE JUDEAN LEGION,4700,50427,42.10526315789473,False
THE WAY OF THE TORAH,4700,,0.0,False
THE YESHIVA OF THE JEWISH IDEA,4700,47703,41.666666666666664,False
KOACH,4700,,0.0,False
KACH,4700,50051,10.666666666666668,False
NEW KACH MOVEMENT,4700,17468,61.111111111111114,False
NEWKACH.ORG,4700,,0.0,False
KAHANE,4700,4700,70.58823529411764,True
YESHIVAT HARAV MEIR,4700,17299,54.054054054054056,False
THE INTERNATIONAL KAHANE MOVEMENT,4700,41917,72.41379310344827,False
KAHANE.ORG,4700,4700,57.14285714285714,True
JEWISH IDEA YESHIVA,4700,47703,41.666666666666664,False
KAHANETZADAK.COM,4700,4700,59.25925925925925,True
KAHANE TZADAK,4700,4700,50.0,True
THE HATIKVA JEWISH IDENTITY CENTER,4700,47816,57.692307692307686,False
THE RABBI MEIR DAVID KAHANE MEMORIAL FUND,4700,34036,47.76119402985075,False
THE JEWISH IDEA YESHIVA,4700,47703,41.666666666666664,False
FRIENDS OF THE JEWISH IDEA YESHIVA,4700,57905,45.45454545454546,False
JUDEAN CONGRESS,4700,23260,51.85185185185186,False
JEWISH LEGION,4700,50427,42.10526315789473,False
THE VOICE OF JUDEA,4700,,0.0,False
NO'AR MEIR,4700,,0.0,False
MEIR'S YOUTH,4700,17759,53.333333333333336,False
AMERICAN FRIENDS OF YESHIVAT RAV MEIR,4700,57905,49.31506849315068,False
AMERICAN FRIENDS OF THE UNITED YESHIVA,4700,46005,57.692307692307686,False
THE COMMITTEE AGAINST RACISM AND DISCRIMINATION,4700,52163,63.41463414634146,False
PKK,4702,,0.0,False
PARTIYA KARKERAN KURDISTAN,4702,11351,70.58823529411764,False
THE PEOPLE'S DEFENSE FORCE,4702,56928,65.0,False
HALU MESRU SAVUNMA KUVVETI,4702,50980,39.02439024390244,False
FREEDOM AND DEMOCRACY CONGRESS OF KURDISTAN,4702,25941,53.84615384615385,False
KADEK,4702,,0.0,False
KURDISTAN FREEDOM AND DEMOCRACY CONGRESS,4702,25941,53.84615384615385,False
KURDISTAN PEOPLE'S CONGRESS,4702,17019,63.829787234042556,False
PEOPLE'S CONGRESS OF KURDISTAN,4702,17019,63.829787234042556,False
KONGRA-GEL,4702,57575,56.00000000000001,False
KGK,4702,,0.0,False
LTTE,4703,,0.0,False
TAMIL TIGERS,4703,11347,58.82352941176471,False
ELLALAN FORCE,4703,29859,56.25,False
ELN,4706,,0.0,False
EJERCITO DE LIBERACION NACIONAL,4706,7755,73.07692307692308,False
PIJ-SHAQAQI FACTION,4707,4707,62.06896551724138,True
PIJ,4707,,0.0,False
ISLAMIC JIHAD IN PALESTINE,4707,4707,80.0,True
ISLAMIC JIHAD OF PALESTINE,4707,4707,74.19354838709677,True
ABU GHUNAYM SQUAD OF THE HIZBALLAH BAYT AL-MAQDIS,4707,11462,46.42857142857143,False
PIJ-SHALLAH FACTION,4707,4707,51.72413793103448,True
PALESTINIAN ISLAMIC JIHAD,4707,4707,71.875,True
AL-QUDS SQUADS,4707,30842,42.85714285714286,False
SAYARA AL-QUDS,4707,30842,50.0,False
AL-QUDS BRIGADES,4707,26061,70.96774193548387,False
AL-AWDAH BRIGADES,4707,24723,75.86206896551724,False
PALESTINE LIBERATION FRONT,4708,4709,86.66666666666667,False
PLF,4708,,0.0,False
PLF-ABU ABBAS,4708,25046,43.90243902439024,False
PFLP,4709,,0.0,False
RED EAGLES,4709,57845,64.0,False
RED EAGLE GROUP,4709,58131,68.75,False
RED EAGLE GANG,4709,54244,59.25925925925925,False
HALHUL GANG,4709,33275,48.0,False
HALHUL SQUAD,4709,46698,42.42424242424242,False
PALESTINIAN POPULAR RESISTANCE FORCES,4709,56272,64.0,False
PPRF,4709,,0.0,False
MARTYR ABU-ALI MUSTAFA BATTALION,4709,41035,58.33333333333333,False
PFLP-GC,4710,,0.0,False
DEVRIMCI HALK KURTULUS PARTISI-CEPHESI,4713,46510,48.19277108433735,False
DHKP/C,4713,,0.0,False
DEVRIMCI SOL,4713,,0.0,False
REVOLUTIONARY LEFT,4713,4714,68.08510638297872,False
DEV SOL,4713,,0.0,False
DEV SOL SILAHLI DEVRIMCI BIRLIKLERI,4713,,0.0,False
DEV SOL SDB,4713,,0.0,False
DEV SOL ARMED REVOLUTIONARY UNITS,4713,56430,64.61538461538461,False
EPANASTATIKOS LAIKOS AGONAS,4714,,0.0,False
REVOLUTIONARY POPULAR STRUGGLE,4714,4714,91.52542372881356,True
POPULAR REVOLUTIONARY STRUGGLE,4714,4714,91.52542372881356,True
ORGANIZATION OF REVOLUTIONARY INTERNATIONALIST SOLIDARITY,4714,42600,61.946902654867266,False
REVOLUTIONARY NUCLEI,4714,56430,65.38461538461539,False
REVOLUTIONARY CELLS,4714,4714,66.66666666666667,True
LIBERATION STRUGGLE,4714,11496,68.29268292682926,False
SENDERO LUMINOSO,4715,44858,60.86956521739131,False
PARTIDO COMUNISTA DEL PERU EN EL SENDERO LUMINOSO DE JOSE CARLOS MARIATEGUI (COMMUNIST PARTY OF PERU ON THE SHINING PATH OF JOSE CARLOS MARIATEGUI),4715,55015,45.226130653266324,False
PARTIDO COMUNISTA DEL PERU (COMMUNIST PARTY OF PERU),4715,7234,53.48837209302326,False
SOCORRO POPULAR DEL PERU,4715,11421,53.333333333333336,False
SPP,4715,,0.0,False
EJERCITO GUERRILLERO POPULAR,4715,4709,51.61290322580645,False
EGP,4715,,0.0,False
EJERCITO POPULAR DE LIBERACION,4715,4709,65.57377049180329,False
COMMUNIST PARTY OF PERU ON THE SHINING PATH OF JOSE CARLOS MARIATEGUI,4715,7234,56.86274509803921,False
COMMUNIST PARTY OF PERU,4715,4702,60.46511627906976,False
PEOPLE'S AID OF PERU,4715,17023,57.89473684210527,False
PEOPLE'S GUERRILLA ARMY,4715,22284,71.7948717948718,False
PEOPLE'S LIBERATION ARMY,4715,7755,78.26086956521739,False
DEMOCRATIC FRONT FOR THE LIBERATION OF PALESTINE,4717,4717,81.31868131868131,True
DFLP,4717,,0.0,False
RED STAR FORCES,4717,26719,66.66666666666667,False
RED STAR BATTALIONS,4717,41035,74.28571428571429,False
ISLAMIC SALVATION FOUNDATION,6366,30346,65.21739130434783,False
THE GROUP FOR THE PRESERVATION OF THE HOLY SITES,6366,17039,62.5,False
THE ISLAMIC ARMY FOR THE LIBERATION OF THE HOLY PLACES,6366,26953,64.51612903225806,False
THE WORLD ISLAMIC FRONT FOR JIHAD AGAINST JEWS AND CRUSADERS,6366,10742,58.53658536585367,False
AL QAEDA,6366,,0.0,False
THE BASE,6366,49679,42.10526315789473,False
USAMA BIN LADEN NETWORK,6366,15484,52.63157894736843,False
USAMA BIN LADEN ORGANIZATION,6366,7201,76.0,False
AL QAIDA,6366,,0.0,False
INTERNATIONAL FRONT FOR FIGHTING JEWS AND CRUSADES,6366,10116,63.76811594202898,False
ISLAMIC ARMY FOR THE LIBERATION OF HOLY SITES,6366,26953,65.57377049180329,False
AL-JIHAD,6366,10053,66.66666666666667,False
EGYPTIAN AL-JIHAD,6366,10053,66.66666666666667,False
EGYPTIAN ISLAMIC JIHAD,6366,9334,78.04878048780488,False
NEW JIHAD,6366,10053,52.63157894736843,False
THE JIHAD GROUP,6366,40965,73.6842105263158,False
ISLAMIC ARMY,6366,12733,90.9090909090909,False
ISLAMIC MOVEMENT OF TALIBAN,6636,6725,78.43137254901961,False
TAHRIKE ISLAMI'A TALIBAN,6636,7280,59.45945945945945,False
TALEBAN,6636,56539,50.0,False
TALIBAN ISLAMIC MOVEMENT,6636,6725,78.43137254901961,False
TALIBANO ISLAMI TAHRIK,6636,7280,59.45945945945945,False
INPESCA S.A.,6824,,0.0,False
REAL IRISH REPUBLICAN ARMY,6853,6853,90.19607843137256,True
32 COUNTY SOVEREIGNTY COMMITTEE,6853,12213,60.71428571428572,False
32 COUNTY SOVEREIGNTY MOVEMENT,6853,17468,57.14285714285714,False
REAL OGLAIGH NA HEIREANN,6853,46213,50.98039215686274,False
IRISH REPUBLICAN PRISONERS WELFARE ASSOCIATION,6853,6853,59.154929577464785,True
IRA ARMY COUNCIL,6853,12733,61.53846153846154,False
AUTODEFENSAS UNIDAS DE COLOMBIA,6895,8732,56.666666666666664,False
AUC,6895,,0.0,False
GSPC,6897,,0.0,False
LE GROUPE SALAFISTE POUR LA PREDICATION ET LE COMBAT,6897,6897,60.86956521739131,True
SALAFIST GROUP FOR PREACHING AND COMBAT,6897,6897,73.6842105263158,True
AL-QA'IDA IN THE ISLAMIC MAGHREB,6897,8859,58.62068965517242,False
AQIM,6897,,0.0,False
TANZIM AL-QA'IDA FI BILAD AL-MAGHRIB AL-ISLAMIYA,6897,4632,61.111111111111114,False
AIAI,6899,,0.0,False
AL WAFA,6911,52536,36.36363636363637,False
AL WAFA ORGANIZATION,6911,19682,72.72727272727273,False
WAFA AL-IGATHA AL-ISLAMIA,6911,4694,66.66666666666667,False
AL RASHEED TRUST,6912,6912,76.92307692307692,True
AL-RASHID TRUST,6912,6912,100.0,True
AL-RASHEED TRUST,6912,6912,76.92307692307692,True
AL AMIN WELFARE TRUST,6912,19682,56.41025641025641,False
AL AMIN TRUST,6912,16017,33.333333333333336,False
AL AMEEN TRUST,6912,,0.0,False
AL-AMEEN TRUST,6912,,0.0,False
AL MADINA TRUST,6912,,0.0,False
AL-MADINA TRUST,6912,,0.0,False
MAYMAR TRUST,6912,,0.0,False
MAIMAR TRUST,6912,,0.0,False
MOMAR TRUST,6912,,0.0,False
MEYMAR TRUST,6912,,0.0,False
DARKAZANLI COMPANY,6913,6913,48.78048780487805,True
DARKAZANLI EXPORT-IMPORT SONDERPOSTEN,6913,6913,79.41176470588236,True
ARMY OF MOHAMMED,6935,6935,74.07407407407408,True
MOHAMMED'S ARMY,6935,6935,74.07407407407408,True
TEHRIK UL-FURQAAN,6935,8225,52.17391304347826,False
JAISH-E-MOHAMMED,6935,6935,100.0,True
KHUDAMUL ISLAM,6935,17299,56.25,False
KHUDDAM-UL-ISLAM,6935,12148,56.41025641025641,False
KUDDAM E ISLAMI,6935,7280,57.14285714285714,False
SOCIETY OF ISLAMIC COOPERATION,6936,13146,70.0,False
JAM'IYAT AL TA'AWUN AL ISLAMIYYA,6936,6936,77.55102040816327,True
JIT,6936,,0.0,False
AL-AQSA AL-ISLAMI BANK,7114,7114,96.96969696969697,True
ARAB PALESTINIAN BEIT EL-MAL COMPANY,7115,10412,68.18181818181819,False
BEIT AL MAL HOLDINGS,7115,7115,100.0,True
BEIT EL MAL AL-PHALASTINI AL-ARABI AL-MUSHIMA AL-AAMA AL-MAHADUDA LTD.,7115,40812,41.0958904109589,False
"PALESTINIAN ARAB BEIT EL MAL CORPORATION, LTD.",7115,10412,68.18181818181819,False
OCCUPIED LAND FUND,7116,27245,51.42857142857142,False
UMMAH TAMEER I-NAU,7132,7132,100.0,True
UMMAH TAMIR I-NAU,7132,7132,90.32258064516128,True
UMMAH TAMIR E-NAU,7132,7132,90.32258064516128,True
RECONSTRUCTION OF THE MUSLIM UMMAH,7132,34516,53.65853658536586,False
RECONSTRUCTION OF THE ISLAMIC COMMUNITY,7132,12120,69.44444444444444,False
FOUNDATION FOR CONSTRUCTION,7132,13430,83.33333333333334,False
RECONSTRUCTION FOUNDATION,7132,12120,51.85185185185186,False
NATION BUILDING,7132,56050,59.25925925925925,False
UMMAT TAMIR-I-PAU,7132,7132,77.41935483870968,True
UMMAT TAMIR E-NAU,7132,7132,83.87096774193549,True
LASHKAR E-TOIBA,7140,7140,85.71428571428572,True
LASHKAR-I-TAIBA,7140,7140,92.85714285714286,True
ARMY OF THE RIGHTEOUS,7140,12733,58.33333333333333,False
ARMY OF THE PURE,7140,15486,59.25925925925925,False
ARMY OF THE PURE AND RIGHTEOUS,7140,19100,56.41025641025641,False
AL MANSOOREEN,7140,51167,47.05882352941176,False
AL MANSOORIAN,7140,51167,41.17647058823529,False
PAASBAN-E-KASHMIR,7140,15912,51.61290322580645,False
PAASBAN-I-AHLE-HADITH,7140,15125,43.75,False
PASBAN-E-KASHMIR,7140,15912,53.333333333333336,False
PASBAN-E-AHLE-HADITH,7140,15125,45.16129032258065,False
PAASBAN-E-AHLE-HADIS,7140,15125,45.16129032258065,False
JAMAAT-UD-DAWA,7140,20360,75.86206896551724,False
JAMA'AT AL-DAWA,7140,19949,70.58823529411764,False
JAMAAT UD-DAAWA,7140,20360,73.33333333333334,False
JAMAAT UL-DAWAH,7140,20360,80.0,False
JAMAAT-UL-DAWA,7140,20360,82.75862068965517,False
JAMA'AT-I-DAWAT,7140,19949,68.57142857142857,False
JAMAIAT-UD-DAWA,7140,20360,73.33333333333334,False
JAMA'AT-UD-DA'AWAH,7140,19949,65.0,False
JAMA'AT-UD-DA'AWA,7140,19949,66.66666666666667,False
JAMAATI-UD-DAWA,7140,20360,73.33333333333334,False
IDARA KHIDMAT-E-KHALQ,7140,6910,53.65853658536586,False
FALAH-I-INSANIAT FOUNDATION (FIF),7140,56271,55.55555555555556,False
FALAH-E-INSANIAT FOUNDATION,7140,56271,56.25,False
FALAH-E-INSANIYAT,7140,56271,54.54545454545454,False
FALAH-I-INSANIYAT,7140,56271,54.54545454545454,False
FALAH INSANIA,7140,56271,51.61290322580645,False
WELFARE OF HUMANITY,7140,40386,56.25,False
HUMANITARIAN WELFARE FOUNDATION,7140,6911,64.0,False
HUMAN WELFARE FOUNDATION,7140,34716,55.172413793103445,False
AL-ANFAL TRUST,7140,39358,40.0,False
TEHRIK-E-HURMAT-E-RASOOL,7140,12206,51.06382978723405,False
TEHRIK-E-TAHAFUZ QIBLA AWWAL,7140,12206,52.83018867924528,False
AL-MUHAMMADIA STUDENTS,7140,16278,53.65853658536586,False
KASHMIR FREEDOM MOVEMENT,7140,17468,55.81395348837209,False
TEHREEK-E-AZADI-E-KASHMIR,7140,10665,57.14285714285714,False
TEHREEK AZADI JAMMU AND KASHMIR,7140,10665,54.54545454545454,False
TEHREEK-E-AZADI JAMMU AND KASHMIR,7140,10665,54.54545454545454,False
TEHREEK-I-AZADI-I KASHMIR,7140,10665,57.14285714285714,False
TEHREEK-E-AZADI-E-JAMMU AND KASHMIR,7140,10665,54.54545454545454,False
MOVEMENT FOR FREEDOM OF KASHMIR,7140,17468,55.81395348837209,False
MILLI MUSLIM LEAGUE,7140,56730,47.82608695652174,False
MILLI MUSLIM LEAGUE PAKISTAN,7140,8107,50.0,False
KASHMIR RESISTANCE FRONT,7140,25644,65.38461538461539,False
CONTINUITY ARMY COUNCIL,7141,7141,64.86486486486487,True
CONTINUITY IRISH REPUBLICAN ARMY,7141,6853,73.6842105263158,False
REPUBLICAN SINN FEIN,7141,6853,57.77777777777777,False
ULSTER FREEDOM FIGHTERS,7146,7146,53.06122448979591,True
JAMIAT IHIA AL-TURATH AL-ISLAMIYA,7149,6936,68.0,False
REVIVAL OF ISLAMIC SOCIETY HERITAGE ON THE AFRICAN CONTINENT,7149,7149,75.29411764705883,True
JAMIA IHYA UL TURATH,7149,19679,57.14285714285714,False
AFGHAN SUPPORT COMMITTEE,7149,58505,63.63636363636363,False
AHYA UL TURAS,7149,36017,33.333333333333336,False
JAMIAT AYAT-UR-RHAS AL ISLAMIA,7149,12148,68.0,False
JAMIAT IHYA UL TURATH AL ISLAMIA,7149,6936,65.38461538461539,False
LAJNAT UL MASA EIDATUL AFGHANIA,7149,8258,51.72413793103448,False
AL-FURQAN FOUNDATION WELFARE TRUST,7149,8225,60.0,False
AL-FURQAN CHARITABLE FOUNDATION,7149,53923,62.22222222222222,False
AL-FURQAN WELFARE FOUNDATION,7149,8225,60.0,False
ORGANIZATION FOR PEACE AND DEVELOPMENT PAKISTAN,7149,25971,68.65671641791045,False
FORKHAN RELIEF ORGANIZATION,7149,7201,69.38775510204081,False
AL-FURQAN AL-KHARIYA,7149,36636,63.63636363636363,False
AL-FURQAN KHARIA,7149,8225,63.1578947368421,False
AL-FORQAN AL-KHAIRYA,7149,15006,35.71428571428571,False
AL-FURQAN UL KHAIRA,7149,8225,54.54545454545454,False
RAIES KHILQATUL QURANIA FOUNDATION OF PAKISTAN,7149,12206,50.847457627118644,False
LAJNATUL FURQAN,7149,8225,57.14285714285714,False
HAYAT UR RAS AL-FURQAN,7149,57136,48.275862068965516,False
HIYAT ORAZ AL ISLAMIYA,7149,4694,60.60606060606061,False
JAMITO AHIA TORAS AL-ISLAMI,7149,6936,63.829787234042556,False
JAMIAT AL-HAYA AL-SARAT,7149,19679,66.66666666666667,False
AHIYAHU TURUS,7149,,0.0,False
AHYA UTRAS,7149,,0.0,False
HAYATUTRAS,7149,57136,60.0,False
HAYATURAS,7149,57136,63.1578947368421,False
AL-TURAZ TRUST,7149,36017,17.391304347826086,False
AL-TURAZ ORGANIZATION,7149,7201,75.0,False
AL FORQAN CHARITY,7149,54171,64.51612903225806,False
EAST AND WEST ENTERPRISES,7149,19308,78.04878048780488,False
OASIS BEACH RESORT & CONVENTION CENTER,7154,13155,55.88235294117647,False
OASIS BEACH RESORT AND CONVENTION CENTER,7154,13155,55.88235294117647,False
DISTRIBUIDORA IMPERIAL,7156,13362,80.95238095238095,False
DIBC,7156,,0.0,False
FARMACIAS VIDA,7157,7157,80.0,True
FARMACIA VIDA,7157,7157,76.47058823529412,True
AL-HARAMAIN,7199,10495,66.66666666666667,False
AL-HARAMEIN,7199,10495,66.66666666666667,False
AL-HARAMAYN,7199,10495,66.66666666666667,False
ALHARAMAIN FOUNDATION,7199,,0.0,False
ALHARAMEIN FOUNDATION,7199,,0.0,False
ALHARAMAYN FOUNDATION,7199,,0.0,False
AL-HARAMEIN ISLAMIC FOUNDATION,7199,7199,93.75,True
AL-HARAMAYN ISLAMIC FOUNDATION,7199,7199,93.75,True
ALHARAMAIN ISLAMIC FOUNDATION,7199,10932,94.11764705882352,False
ALHARAMEIN ISLAMIC FOUNDATION,7199,10932,88.23529411764706,False
ALHARAMAYN ISLAMIC FOUNDATION,7199,10932,88.23529411764706,False
AL-HARAMAIN HUMANITARIAN FOUNDATION,7199,10932,64.86486486486487,False
AL-HARAMEIN HUMANITARIAN FOUNDATION,7199,10932,59.45945945945945,False
AL-HARAMAYN HUMANITARIAN FOUNDATION,7199,10932,59.45945945945945,False
MU'ASSASAT AL-HARAMAIN AL-KHAYRIYYA,7199,8109,56.00000000000001,False
MU'ASSASAT AL-HARAMEIN AL-KHAYRIYYA,7199,8109,52.0,False
MU'ASSASAT AL-HARAMAYN AL-KHAYRIYYA,7199,8109,52.0,False
ALHARAMAIN,7199,,0.0,False
ALHARAMEIN,7199,,0.0,False
ALHARAMAYN,7199,,0.0,False
ALHARAMAIN HUMANITARIAN FOUNDATION,7199,53912,54.28571428571429,False
ALHARAMEIN HUMANITARIAN FOUNDATION,7199,29049,54.83870967741935,False
ALHARAMAYN HUMANITARIAN FOUNDATION,7199,29049,51.61290322580645,False
AL-HARAMAIN FOUNDATION,7199,10495,66.66666666666667,False
AL-HARAMEIN FOUNDATION,7199,10495,66.66666666666667,False
AL-HARAMAYN FOUNDATION,7199,10495,66.66666666666667,False
VAZIR,7199,,0.0,False
VEZIR,7199,,0.0,False
AL-AQSA MARTYRS BATTALION,7200,7200,71.42857142857143,True
AL RASHID TRUST,7201,6912,100.0,False
AL RASHEED TRUST,7201,6912,76.92307692307692,False
AL-RASHEED TRUST,7201,6912,76.92307692307692,False
AL-RASHID TRUST,7201,6912,100.0,False
GESTORAS PRO-AMNISTIA,7219,12379,47.82608695652174,False
NPA,7234,,0.0,False
NEW PEOPLE'S ARMY,7234,22284,78.78787878787878,False
COMMUNIST PARTY OF THE PHILIPPINES,7234,7234,77.14285714285715,True
EASTERN TURKISTAN ISLAMIC PARTY,7262,7262,83.07692307692307,True
ETIM,7262,,0.0,False
ETIP,7262,,0.0,False
GCT,7268,,0.0,False
GROUPE COMBATTANT TUNISIEN,7268,7268,85.1063829787234,True
JAMA'A COMBATTANTE TUNISIEN,7268,7268,65.21739130434783,True
TUNISIAN COMBATANT GROUP,7268,7268,93.33333333333333,True
FONDATION SECOURS MONDIAL A.S.B.L.,7270,7911,59.64912280701755,False
FONDATION SECOURS MONDIAL-BELGIQUE A.S.B.L.,7270,7911,51.515151515151516,False
FONDATION SECOURS MONDIAL-KOSOVA,7270,7911,56.25,False
FONDATION SECOURS MONDIAL VZW,7270,7911,55.73770491803278,False
FONDATION SECOURS MONDIAL 'WORLD RELIEF',7270,55999,60.60606060606061,False
"STICHTING WERELDHULP-BELGIE, V.Z.W.",7270,7639,48.78048780487805,False
SECOURS MONDIAL DE FRANCE,7270,50300,62.06896551724138,False
JEMA'A ISLAMIYAH,7280,7280,96.55172413793103,True
JEMA'A ISLAMIYYA,7280,7280,89.65517241379311,True
JEMA'A ISLAMIYYAH,7280,7280,93.33333333333333,True
JEMA'AH ISLAMIYAH,7280,7280,87.5,True
JEMA'AH ISLAMIYYAH,7280,7280,84.84848484848484,True
JEMAA ISLAMIYA,7280,7280,96.55172413793103,True
JEMAA ISLAMIYYA,7280,7280,93.33333333333333,True
JEMAA ISLAMIYYAH,7280,7280,96.7741935483871,True
JEMAAH ISLAMIAH,7280,7280,93.33333333333333,True
JEMAAH ISLAMIYAH,7280,7280,96.7741935483871,True
JEMAAH ISLAMIYYAH,7280,7280,93.75,True
VIZCAYA LTDA.,7295,7295,91.66666666666666,True
AL BIR AL DAWALIA,7321,19949,36.36363636363637,False
BIF-USA,7321,,0.0,False
MEZHDUNARODNYJ BLAGOTVORITEL'NYJ FOND,7321,48656,47.5,False
BENEVOLENT INTERNATIONAL FUND,7322,7322,94.91525423728814,True
BIF-CANADA,7322,8124,58.33333333333333,False
BECF CHARITABLE EDUCATIONAL CENTER,7323,46512,65.51724137931035,False
BENEVOLENCE EDUCATIONAL CENTER,7323,7321,83.63636363636364,False
BIF-BOSNIA,7323,8224,36.36363636363637,False
BOSNIAN IDEAL FUTURE,7323,7323,79.06976744186046,True
GICM,7324,,0.0,False
GROUPE ISLAMIQUE COMBATTANT MAROCAIN,7324,7324,85.29411764705883,True
ISLAMIC CALL COMMITTEE,7325,6897,58.33333333333333,False
LAJNA ALDAWA ALISALMIAH,7325,7325,75.55555555555556,True
LAJNA ALDAWA ALISLAMIA,7325,7325,81.81818181818181,True
LAJNA ALDAWA ALISLAMIYA,7325,7325,84.44444444444444,True
LAJNAT AL D'AWA AL ISLAMIAK,7325,7325,87.8048780487805,True
LAJNAT AL DAAWA AL ISLAMIYA,7325,7325,97.67441860465115,True
LAJNAT AL DAWA,7325,7325,66.66666666666667,True
LAJNAT AL DAWA AL ISLAMIA,7325,7325,92.6829268292683,True
LAJNAT ALDAWA AL ISLAMIAH,7325,7325,86.36363636363636,True
LAJNAT ALDAWA ALISLAMIA,7325,7325,84.44444444444444,True
BENEVOLENCE INTERNATIONAL NEDERLAND,7330,7330,87.5,True
STG.BENEVOLENCE INTERNATIONAL NEDERLAND,7330,7330,92.85714285714286,True
LASHKAR E JHANGVI,7331,7331,100.0,True
LASHKAR-I-JHANGVI,7331,7331,100.0,True
LASHKAR E JHANGVI AL-ALAMI,7331,7331,83.33333333333334,True
LASHKAR E JHANGVI AL-ALMI,7331,7331,85.71428571428572,True
LEJ AL-ALAMI,7331,27237,45.45454545454546,False
JUND AL-ISLAM,7472,20620,73.6842105263158,False
ANSAR AL-SUNNA,7472,7472,72.72727272727273,True
ANSAR AL-SUNNA ARMY,7472,6896,66.66666666666667,False
JAISH ANSAR AL-SUNNA,7472,17289,69.76744186046511,False
RIYADH-AS-SALIHEEN,7473,42747,42.42424242424242,False
RIYADUS-SALIKHIN RECONNAISSANCE AND SABOTAGE BATTALION OF SHAHIDS (MARTYRS),7473,7473,87.87878787878788,True
RIYADUS-SALIKHIN RECONNAISSANCE AND SABOTAGE BATTALION,7473,7473,86.20689655172413,True
THE SABOTAGE AND MILITARY SURVEILLANCE GROUP OF THE RIYADH AL-SALIHIN MARTYRS,7473,7473,56.00000000000001,True
ISLAMIC REGIMENT OF SPECIAL MEANING,7474,7474,81.25,True
THE AL-JIHAD-FISI-SABILILAH SPECIAL ISLAMIC REGIMENT,7474,7474,64.93506493506493,True
THE ISLAMIC SPECIAL PURPOSE REGIMENT,7474,7474,100.0,True
INTERNATIONAL BATTALION,7475,8420,80.95238095238095,False
ISLAMIC PEACEKEEPING INTERNATIONAL BRIGADE,7475,7475,81.69014084507043,True
PEACEKEEPING BATTALION,7475,41035,63.1578947368421,False
THE INTERNATIONAL BRIGADE,7475,8247,84.21052631578947,False
THE ISLAMIC PEACEKEEPING ARMY,7475,6900,57.14285714285714,False
THE ISLAMIC PEACEKEEPING BRIGADE,7475,44620,57.14285714285714,False
BANAGRICOLA S.A.,7576,7576,57.14285714285714,True
CONPUERTO S.A.,7581,,0.0,False
COMERCIALIZADORA AUTOMOTRIZ S.A.,7583,9387,83.33333333333334,False
INDUSTRIA AGROPECUARIA SANTA ELENA LTDA.,7584,11903,71.23287671232876,False
OCCIPAPEL LTDA.,7595,7595,75.67567567567568,True
S.A.S. E.U.,7598,,0.0,False
RODRIGUEZ CARRENO LTDA. TODO BOLSAS Y COLSOBRES,7631,11784,51.162790697674424,False
AL-AQSA SPANMAL STIFTELSE,7637,7114,51.28205128205128,False
AL-AQSA ASBL,7637,11911,62.5,False
AL-AQSA CHARITABLE FOUNDATION,7637,22257,62.06896551724138,False
AL-AQSA CHARITABLE ORGANIZATION,7637,20981,79.3103448275862,False
AL-AQSA E.V.,7637,7637,100.0,True
AL-AQSA INTERNATIONAL FOUNDATION,7637,54567,88.88888888888889,False
AL-AQSA ISLAMIC CHARITABLE SOCIETY,7637,7149,69.84126984126983,False
AL-AQSA SINABIL ESTABLISHMENT,7637,42997,64.28571428571428,False
AL-AQSA SPANM I STIFTELSE,7637,7114,54.054054054054056,False
AQSSA SOCIETY,7637,7642,81.25,False
AQSSA SOCIETY YEMEN,7637,7642,100.0,False
CHARITABLE AL-AQSA ESTABLISHMENT,7637,50040,64.40677966101696,False
CHARITABLE SOCIETY TO HELP THE NOBLE AL-AQSA,7637,53915,63.33333333333333,False
FORENINGEN AL-AQSA,7637,7640,100.0,False
ISLAMIC CHARITABLE SOCIETY FOR AL-AQSA,7637,7149,69.84126984126983,False
MU' ASA AL-AQSA AL-KHAYRIYYA,7637,7114,52.63157894736843,False
MU' ASSA SANABIL AL-AQSA AL-KHAYRIYYA,7637,51300,52.83018867924528,False
SANABIL AL-AQSA CHARITABLE FOUNDATION,7637,51300,60.86956521739131,False
STICHTING AL-AQSA,7637,7639,100.0,False
SWEDISH CHARITABLE AQSA EST.,7637,53915,64.0,False
NUSRAT AL-AQSA AL-SHARIF,7637,48682,70.27027027027026,False
AL-AQSA SPANMAL STIFTELSE,7638,7114,51.28205128205128,False
AL-AQSA ASBL,7638,11911,62.5,False
AL-AQSA FOUNDATION,7638,7637,100.0,False
AL-AQSA CHARITABLE FOUNDATION,7638,22257,62.06896551724138,False
AL-AQSA CHARITABLE ORGANIZATION,7638,20981,79.3103448275862,False
AL-AQSA INTERNATIONAL FOUNDATION,7638,54567,88.88888888888889,False
AL-AQSA ISLAMIC CHARITABLE SOCIETY,7638,7149,69.84126984126983,False
AL-AQSA SINABIL ESTABLISHMENT,7638,42997,64.28571428571428,False
AL-AQSA SPANM I STIFTELSE,7638,7114,54.054054054054056,False
AQSSA SOCIETY,7638,7642,81.25,False
AQSSA SOCIETY YEMEN,7638,7642,100.0,False
CHARITABLE AL-AQSA ESTABLISHMENT,7638,50040,64.40677966101696,False
CHARITABLE SOCIETY TO HELP THE NOBLE AL-AQSA,7638,53915,63.33333333333333,False
FORENINGEN AL-AQSA,7638,7640,100.0,False
ISLAMIC CHARITABLE SOCIETY FOR AL-AQSA,7638,7149,69.84126984126983,False
MU' ASA AL-AQSA AL-KHAYRIYYA,7638,7114,52.63157894736843,False
MU' ASSA SANABIL AL-AQSA AL-KHAYRIYYA,7638,51300,52.83018867924528,False
SANABIL AL-AQSA CHARITABLE FOUNDATION,7638,51300,60.86956521739131,False
STICHTING AL-AQSA,7638,7639,100.0,False
SWEDISH CHARITABLE AQSA EST.,7638,53915,64.0,False
NUSRAT AL-AQSA AL-SHARIF,7638,48682,70.27027027027026,False
AL-AQSA SPANMAL STIFTELSE,7639,7114,51.28205128205128,False
AL-AQSA ASBL,7639,11911,62.5,False
AL-AQSA CHARITABLE FOUNDATION,7639,22257,62.06896551724138,False
AL-AQSA CHARITABLE ORGANIZATION,7639,20981,79.3103448275862,False
AL-AQSA E.V.,7639,7637,100.0,False
AL-AQSA FOUNDATION,7639,7637,100.0,False
AL-AQSA INTERNATIONAL FOUNDATION,7639,54567,88.88888888888889,False
AL-AQSA ISLAMIC CHARITABLE SOCIETY,7639,7149,69.84126984126983,False
AL-AQSA SINABIL ESTABLISHMENT,7639,42997,64.28571428571428,False
AL-AQSA SPANM I STIFTELSE,7639,7114,54.054054054054056,False
AQSSA SOCIETY,7639,7642,81.25,False
AQSSA SOCIETY YEMEN,7639,7642,100.0,False
CHARITABLE AL-AQSA ESTABLISHMENT,7639,50040,64.40677966101696,False
CHARITABLE SOCIETY TO HELP THE NOBLE AL-AQSA,7639,53915,63.33333333333333,False
FORENINGEN AL-AQSA,7639,7640,100.0,False
ISLAMIC CHARITABLE SOCIETY FOR AL-AQSA,7639,7149,69.84126984126983,False
MU' ASA AL-AQSA AL-KHAYRIYYA,7639,7114,52.63157894736843,False
MU' ASSA SANABIL AL-AQSA AL-KHAYRIYYA,7639,51300,52.83018867924528,False
SANABIL AL-AQSA CHARITABLE FOUNDATION,7639,51300,60.86956521739131,False
SWEDISH CHARITABLE AQSA EST.,7639,53915,64.0,False
NUSRAT AL-AQSA AL-SHARIF,7639,48682,70.27027027027026,False
AL-AQSA SPANMAL STIFTELSE,7640,7114,51.28205128205128,False
AL-AQSA ASBL,7640,11911,62.5,False
AL-AQSA CHARITABLE FOUNDATION,7640,22257,62.06896551724138,False
AL-AQSA CHARITABLE ORGANIZATION,7640,20981,79.3103448275862,False
AL-AQSA E.V.,7640,7637,100.0,False
AL-AQSA FOUNDATION,7640,7637,100.0,False
AL-AQSA INTERNATIONAL FOUNDATION,7640,54567,88.88888888888889,False
AL-AQSA ISLAMIC CHARITABLE SOCIETY,7640,7149,69.84126984126983,False
AL-AQSA SINABIL ESTABLISHMENT,7640,42997,64.28571428571428,False
AL-AQSA SPANM I STIFTELSE,7640,7114,54.054054054054056,False
AQSSA SOCIETY,7640,7642,81.25,False
AQSSA SOCIETY YEMEN,7640,7642,100.0,False
CHARITABLE AL-AQSA ESTABLISHMENT,7640,50040,64.40677966101696,False
CHARITABLE SOCIETY TO HELP THE NOBLE AL-AQSA,7640,53915,63.33333333333333,False
ISLAMIC CHARITABLE SOCIETY FOR AL-AQSA,7640,7149,69.84126984126983,False
MU' ASA AL-AQSA AL-KHAYRIYYA,7640,7114,52.63157894736843,False
MU' ASSA SANABIL AL-AQSA AL-KHAYRIYYA,7640,51300,52.83018867924528,False
SANABIL AL-AQSA CHARITABLE FOUNDATION,7640,51300,60.86956521739131,False
STICHTING AL-AQSA,7640,7639,100.0,False
SWEDISH CHARITABLE AQSA EST.,7640,53915,64.0,False
NUSRAT AL-AQSA AL-SHARIF,7640,48682,70.27027027027026,False
AL-AQSA SPANMAL STIFTELSE,7641,7114,51.28205128205128,False
AL-AQSA CHARITABLE FOUNDATION,7641,22257,62.06896551724138,False
AL-AQSA CHARITABLE ORGANIZATION,7641,20981,79.3103448275862,False
AL-AQSA E.V.,7641,7637,100.0,False
AL-AQSA FOUNDATION,7641,7637,100.0,False
AL-AQSA INTERNATIONAL FOUNDATION,7641,54567,88.88888888888889,False
AL-AQSA ISLAMIC CHARITABLE SOCIETY,7641,7149,69.84126984126983,False
AL-AQSA SINABIL ESTABLISHMENT,7641,42997,64.28571428571428,False
AL-AQSA SPANM I STIFTELSE,7641,7114,54.054054054054056,False
AQSSA SOCIETY,7641,7642,81.25,False
AQSSA SOCIETY YEMEN,7641,7642,100.0,False
CHARITABLE AL-AQSA ESTABLISHMENT,7641,50040,64.40677966101696,False
CHARITABLE SOCIETY TO HELP THE NOBLE AL-AQSA,7641,53915,63.33333333333333,False
FORENINGEN AL-AQSA,7641,7640,100.0,False
ISLAMIC CHARITABLE SOCIETY FOR AL-AQSA,7641,7149,69.84126984126983,False
MU' ASA AL-AQSA AL-KHAYRIYYA,7641,7114,52.63157894736843,False
MU' ASSA SANABIL AL-AQSA AL-KHAYRIYYA,7641,51300,52.83018867924528,False
SANABIL AL-AQSA CHARITABLE FOUNDATION,7641,51300,60.86956521739131,False
STICHTING AL-AQSA,7641,7639,100.0,False
SWEDISH CHARITABLE AQSA EST.,7641,53915,64.0,False
NUSRAT AL-AQSA AL-SHARIF,7641,48682,70.27027027027026,False
AL-AQSA SPANMAL STIFTELSE,7642,7114,51.28205128205128,False
AL-AQSA ASBL,7642,11911,62.5,False
AL-AQSA CHARITABLE FOUNDATION,7642,22257,62.06896551724138,False
AL-AQSA CHARITABLE ORGANIZATION,7642,20981,79.3103448275862,False
AL-AQSA E.V.,7642,7637,100.0,False
AL-AQSA FOUNDATION,7642,7637,100.0,False
AL-AQSA INTERNATIONAL FOUNDATION,7642,54567,88.88888888888889,False
AL-AQSA ISLAMIC CHARITABLE SOCIETY,7642,7149,69.84126984126983,False
AL-AQSA SINABIL ESTABLISHMENT,7642,42997,64.28571428571428,False
AL-AQSA SPANM I STIFTELSE,7642,7114,54.054054054054056,False
AQSSA SOCIETY,7642,7642,81.25,True
CHARITABLE AL-AQSA ESTABLISHMENT,7642,50040,64.40677966101696,False
CHARITABLE SOCIETY TO HELP THE NOBLE AL-AQSA,7642,53915,63.33333333333333,False
FORENINGEN AL-AQSA,7642,7640,100.0,False
ISLAMIC CHARITABLE SOCIETY FOR AL-AQSA,7642,7149,69.84126984126983,False
MU' ASA AL-AQSA AL-KHAYRIYYA,7642,7114,52.63157894736843,False
MU' ASSA SANABIL AL-AQSA AL-KHAYRIYYA,7642,51300,52.83018867924528,False
SANABIL AL-AQSA CHARITABLE FOUNDATION,7642,51300,60.86956521739131,False
STICHTING AL-AQSA,7642,7639,100.0,False
SWEDISH CHARITABLE AQSA EST.,7642,53915,64.0,False
NUSRAT AL-AQSA AL-SHARIF,7642,48682,70.27027027027026,False
AL-AQSA SPANMAL STIFTELSE,7643,7114,51.28205128205128,False
AL-AQSA ASBL,7643,11911,62.5,False
AL-AQSA CHARITABLE FOUNDATION,7643,22257,62.06896551724138,False
AL-AQSA CHARITABLE ORGANIZATION,7643,20981,79.3103448275862,False
AL-AQSA E.V.,7643,7637,100.0,False
AL-AQSA INTERNATIONAL FOUNDATION,7643,54567,88.88888888888889,False
AL-AQSA ISLAMIC CHARITABLE SOCIETY,7643,7149,69.84126984126983,False
AL-AQSA SINABIL ESTABLISHMENT,7643,42997,64.28571428571428,False
AL-AQSA SPANM I STIFTELSE,7643,7114,54.054054054054056,False
AQSSA SOCIETY,7643,7642,81.25,False
AQSSA SOCIETY YEMEN,7643,7642,100.0,False
CHARITABLE AL-AQSA ESTABLISHMENT,7643,50040,64.40677966101696,False
CHARITABLE SOCIETY TO HELP THE NOBLE AL-AQSA,7643,53915,63.33333333333333,False
FORENINGEN AL-AQSA,7643,7640,100.0,False
ISLAMIC CHARITABLE SOCIETY FOR AL-AQSA,7643,7149,69.84126984126983,False
MU' ASA AL-AQSA AL-KHAYRIYYA,7643,7114,52.63157894736843,False
MU' ASSA SANABIL AL-AQSA AL-KHAYRIYYA,7643,51300,52.83018867924528,False
SANABIL AL-AQSA CHARITABLE FOUNDATION,7643,51300,60.86956521739131,False
STICHTING AL-AQSA,7643,7639,100.0,False
SWEDISH CHARITABLE AQSA EST.,7643,53915,64.0,False
NUSRAT AL-AQSA AL-SHARIF,7643,48682,70.27027027027026,False
AL-AQSA SPANMAL STIFTELSE,7644,7114,51.28205128205128,False
AL-AQSA ASBL,7644,11911,62.5,False
AL-AQSA CHARITABLE FOUNDATION,7644,22257,62.06896551724138,False
AL-AQSA CHARITABLE ORGANIZATION,7644,20981,79.3103448275862,False
AL-AQSA E.V.,7644,7637,100.0,False
AL-AQSA INTERNATIONAL FOUNDATION,7644,54567,88.88888888888889,False
AL-AQSA ISLAMIC CHARITABLE SOCIETY,7644,7149,69.84126984126983,False
AL-AQSA SINABIL ESTABLISHMENT,7644,42997,64.28571428571428,False
AL-AQSA SPANM I STIFTELSE,7644,7114,54.054054054054056,False
AQSSA SOCIETY,7644,7642,81.25,False
AQSSA SOCIETY YEMEN,7644,7642,100.0,False
CHARITABLE AL-AQSA ESTABLISHMENT,7644,50040,64.40677966101696,False
CHARITABLE SOCIETY TO HELP THE NOBLE AL-AQSA,7644,53915,63.33333333333333,False
FORENINGEN AL-AQSA,7644,7640,100.0,False
ISLAMIC CHARITABLE SOCIETY FOR AL-AQSA,7644,7149,69.84126984126983,False
MU' ASA AL-AQSA AL-KHAYRIYYA,7644,7114,52.63157894736843,False
MU' ASSA SANABIL AL-AQSA AL-KHAYRIYYA,7644,51300,52.83018867924528,False
SANABIL AL-AQSA CHARITABLE FOUNDATION,7644,51300,60.86956521739131,False
STICHTING AL-AQSA,7644,7639,100.0,False
SWEDISH CHARITABLE AQSA EST.,7644,53915,64.0,False
NUSRAT AL-AQSA AL-SHARIF,7644,48682,70.27027027027026,False
AL-AQSA SPANMAL STIFTELSE,7645,7114,51.28205128205128,False
AL-AQSA ASBL,7645,11911,62.5,False
AL-AQSA CHARITABLE FOUNDATION,7645,22257,62.06896551724138,False
AL-AQSA CHARITABLE ORGANIZATION,7645,20981,79.3103448275862,False
AL-AQSA E.V.,7645,7637,100.0,False
AL-AQSA INTERNATIONAL FOUNDATION,7645,54567,88.88888888888889,False
AL-AQSA ISLAMIC CHARITABLE SOCIETY,7645,7149,69.84126984126983,False
AL-AQSA SINABIL ESTABLISHMENT,7645,42997,64.28571428571428,False
AL-AQSA SPANM I STIFTELSE,7645,7114,54.054054054054056,False
AQSSA SOCIETY,7645,7642,81.25,False
AQSSA SOCIETY YEMEN,7645,7642,100.0,False
CHARITABLE AL-AQSA ESTABLISHMENT,7645,50040,64.40677966101696,False
CHARITABLE SOCIETY TO HELP THE NOBLE AL-AQSA,7645,53915,63.33333333333333,False
FORENINGEN AL-AQSA,7645,7640,100.0,False
ISLAMIC CHARITABLE SOCIETY FOR AL-AQSA,7645,7149,69.84126984126983,False
MU' ASA AL-AQSA AL-KHAYRIYYA,7645,7114,52.63157894736843,False
MU' ASSA SANABIL AL-AQSA AL-KHAYRIYYA,7645,51300,52.83018867924528,False
SANABIL AL-AQSA CHARITABLE FOUNDATION,7645,51300,60.86956521739131,False
STICHTING AL-AQSA,7645,7639,100.0,False
SWEDISH CHARITABLE AQSA EST.,7645,53915,64.0,False
NUSRAT AL-AQSA AL-SHARIF,7645,48682,70.27027027027026,False
AKSH,7649,,0.0,False
BOSNIAN INVESTMENT ORGANIZATION,7658,26383,69.0909090909091,False
CRP,7671,,0.0,False
FBKSH,7679,,0.0,False
UCPMB,7720,,0.0,False
KKCMTSH,7754,,0.0,False
NLA,7755,,0.0,False
UCK,7755,,0.0,False
LKCK,7756,,0.0,False
PCPMB,7769,,0.0,False
LPK,7771,,0.0,False
PUMA SECURITY SERVICE,7774,21344,80.0,False
PUMA SECURITY AGENCY,7774,7774,78.78787878787878,True
UWSA,7825,,0.0,False
UNITED WA STATE PARTY,7825,7825,92.6829268292683,True
UWSP,7825,,0.0,False
ASSOCIATION FOR PALESTINIAN AID,7911,57716,77.96610169491525,False
ASSOCIATION SECOUR PALESTINIEN,7911,7911,96.7741935483871,True
HUMANITARE HILFSORGANISATION FUR PALASTINA,7911,49721,50.0,False
LAJNA AL-IGHATHA AL-FILISTINI,7911,53918,54.054054054054056,False
PALESTINE RELIEF COMMITTEE,7911,20284,71.69811320754718,False
PALESTINIAN AID COUNCIL,7911,58105,66.66666666666667,False
PALESTINIAN AID ORGANIZATION,7911,7201,80.0,False
PALESTINIAN RELIEF SOCIETY,7911,56269,57.14285714285714,False
RELIEF ASSOCIATION FOR PALESTINE,7911,7911,76.66666666666666,True
AL AQSA ASSISTANCE CHARITABLE COUNCIL,7916,27143,60.37735849056604,False
AL-LAJNA AL-KHAYRIYYA LIL MUNASARA AL-AQSA,7916,7325,50.90909090909091,False
BENEVOLENCE COMMITTEE FOR SOLIDARITY WITH PALESTINE,7916,57133,59.61538461538461,False
BENEVOLENT COMMITTEE FOR SUPPORT OF PALESTINE,7916,7916,61.1764705882353,True
CHARITABLE COMMITTEE FOR PALESTINE,7916,58196,68.75,False
CHARITABLE COMMITTEE FOR SOLIDARITY WITH PALESTINE,7916,58196,70.0,False
CHARITABLE COMMITTEE FOR SUPPORTING PALESTINE,7916,58196,69.33333333333334,False
CHARITABLE ORGANIZATION IN SUPPORT OF PALESTINE,7916,9949,72.28915662650603,False
COMITE' DE BIENFAISANCE POUR LA SOLIDARITE' AVEC LA PALESTINE,7916,7916,74.22680412371135,True
COMMITTEE FOR AID AND SOLIDARITY WITH PALESTINE,7916,57133,62.5,False
COMMITTEE FOR ASSISTANCE AND SOLIDARITY WITH PALESTINE,7916,57133,73.7864077669903,False
COMMITTEE FOR CHARITY AND SOLIDARITY WITH PALESTINE,7916,58196,62.33766233766234,False
COMPANIE BENIFICENT DE SOLIDARITE AVEC PALESTINE,7916,50723,63.55140186915889,False
COUNCIL OF CHARITY AND SOLIDARITY,7916,31937,55.55555555555556,False
DE BIENFAISANCE ET DE COMMITE LE SOLIDARITE AVEC LA PALESTINE,7916,7916,79.16666666666666,True
RELIEF COMMITTEE FOR SOLIDARITY WITH PALESTINE,7916,57133,58.58585858585859,False
HUMANI'TERRE,7916,40493,60.0,False
HUMANITERRE,7916,40386,51.85185185185186,False
SOUTIEN HUMANI'TERRE,7916,15116,56.52173913043479,False
AL-SANDUQ AL-FILISTINI LIL-IGHATHA,7917,53918,52.38095238095239,False
AL-SANDUQ AL-FILISTINI LIL-IGHATHA WA AL-TANMIYA,7917,15492,51.85185185185186,False
PALESTINE DEVELOPMENT AND RELIEF FUND,7917,7116,72.1311475409836,False
PALESTINE RELIEF AND DEVELOPMENT FUND,7917,7116,72.1311475409836,False
PALESTINE RELIEF FUND,7917,58105,59.45945945945945,False
PALESTINIAN AID AND SUPPORT FUND,7917,56272,63.63636363636363,False
PALESTINIAN RELIEF AND DEVELOPMENT FUND,7917,7116,73.01587301587303,False
PALESTINIAN RELIEF FUND,7917,55415,62.96296296296296,False
PALESTINE AND LEBANON RELIEF FUND,7917,4709,63.49206349206349,False
PRDF,7917,,0.0,False
RELIEF AND DEVELOPMENT FUND FOR PALESTINE,7917,7116,72.1311475409836,False
WELFARE AND DEVELOPMENT FUND FOR PALESTINE,7917,27445,68.75,False
WELFARE AND DEVELOPMENT FUND OF PALESTINE,7917,27445,68.75,False
PALAESTINAENSER VEREIN,7918,34059,55.55555555555556,False
PALAESTINAENSERVEREIN OESTERREICH,7918,56828,45.614035087719294,False
PALAESTINENSISCH VERBAND OESTERREICH,7918,56828,46.666666666666664,False
PALAESTINENSISCHE VEREINIGUNG,7918,34059,46.51162790697675,False
PALAESTININIENSISCHE BEREINIGUNG,7918,51348,43.99999999999999,False
PALESTINE LEAGUE,7918,58105,68.75,False
PALESTINE UNION,7918,10412,58.82352941176471,False
PALESTINENSISCHE VER IN STERREICH,7918,7911,58.46153846153845,False
PALESTINIAN ASSOCIATION,7918,57716,83.63636363636364,False
PALESTINIAN ISLAMIC ASSOCIATION IN AUSTRIA,7918,7918,89.47368421052632,True
PALESTINIAN ISLAMIC LEAGUE IN AUSTRIA,7918,4707,63.1578947368421,False
PALESTINIAN LEAGUE IN AUSTRIA,7918,7918,69.84126984126983,True
PALESTINIAN ORGANIZATION,7918,21805,70.58823529411764,False
PALESTINIAN UNION IN AUSTRIA,7918,7918,70.96774193548387,True
PALESTINISCHE VEREINIGUNG,7918,55415,46.42857142857143,False
PVOE,7918,,0.0,False
PALESTINIAN UNION,7918,10412,61.111111111111114,False
AL SANABIL,7919,16443,47.05882352941176,False
AL-SANBAL,7919,,0.0,False
ASANABIL,7919,15136,31.25,False
JA'MIA SANBLE LLAGHATHA WA ALTINMIA,7919,56631,42.25352112676056,False
JAMI'A SANABIL,7919,55288,57.14285714285714,False
JAMI'A SANABIL LIL IGATHA WA AL-TANMIYZ,7919,16223,50.66666666666666,False
SANABAL,7919,16443,47.05882352941176,False
SANABEL,7919,9603,50.0,False
SANABIL,7919,16443,47.05882352941176,False
SANABIL AL-AQSA,7919,7114,62.06896551724138,False
SANABIL FOR AID AND DEVELOPMENT,7919,50762,75.0,False
SANABIL FOR RELIEF AND DEVELOPMENT,7919,7919,81.25,True
SANABIL GROUP FOR RELIEF AND DEVELOPMENT,7919,7919,74.28571428571429,True
SANIBAL,7919,28534,35.71428571428571,False
SANNABIL,7919,,0.0,False
SANNIBIL,7919,,0.0,False
SINABUL,7919,25067,50.0,False
AKHTARABAD MEDICAL CAMP,7946,23330,54.54545454545454,False
AL-AKHTAR MEDICAL CENTRE,7946,7946,63.41463414634146,True
PAKISTAN RELIEF FOUNDATION,7946,7269,57.14285714285714,False
PAKISTANI RELIEF FOUNDATION,7946,12206,55.81395348837209,False
AZMAT-E-PAKISTAN TRUST,7946,8107,63.1578947368421,False
AZMAT PAKISTAN TRUST,7946,8107,63.1578947368421,False
FAITHFUL TO THE OATH,8083,,0.0,False
DJAMAAT HOUMAT ED DAWA ESSALAFIA,8085,8085,67.79661016949152,True
DJAMAAT HOUMAT ED DAAWA ES SALAFIYA,8085,8085,80.64516129032258,True
DJAMAATT HOUMAT ED DAAWA ES SALAFIYA,8085,8085,79.36507936507937,True
EL-AHOUAL BATTALION,8085,33951,63.1578947368421,False
GROUP PROTECTORS OF SALAFIST PREACHING,8085,30106,60.31746031746032,False
GROUP OF SUPPORTERS OF THE SALAFIST TREND,8085,41189,60.0,False
GROUP OF SUPPORTERS OF THE SALAFISTE TREND,8085,41189,58.82352941176471,False
THE HORROR SQUADRON,8085,40935,37.2093023255814,False
HOUMAT ED DAAWA ES SALIFIYA,8085,8085,74.07407407407408,True
HOUMAT ED-DAAOUA ES-SALAFIA,8085,8085,74.07407407407408,True
HOUMATE ED-DAAWA ES-SALAFIA,8085,8085,77.77777777777779,True
HOUMATE EL DA'AWAA ES-SALAFIYYA,8085,8085,72.72727272727273,True
KATIBAT EL AHOUAL,8085,23965,58.82352941176471,False
KATIBAT EL AHOUEL,8085,23965,52.94117647058824,False
PROTECTORS OF THE SALAFIST CALL,8085,6897,68.0,False
PROTECTORS OF THE SALAFIST PREDICATION,8085,31211,63.1578947368421,False
SALAFIST CALL PROTECTORS,8085,6897,68.0,False
AL-HARAMAIN FOUNDATION,8107,10495,66.66666666666667,False
AL-HARAMAIN HUMANITARIAN FOUNDATION,8107,10932,64.86486486486487,False
AL-HARAMAIN ISLAMIC FOUNDATION,8107,7199,100.0,False
AL-HARAMAYN,8107,10495,66.66666666666667,False
AL-HARAMAYN FOUNDATION,8107,10495,66.66666666666667,False
AL-HARAMAYN HUMANITARIAN FOUNDATION,8107,10932,59.45945945945945,False
AL-HARAMAYN ISLAMIC FOUNDATION,8107,7199,93.75,False
AL-HARAMEIN,8107,10495,66.66666666666667,False
AL-HARAMEIN FOUNDATION,8107,10495,66.66666666666667,False
AL-HARAMEIN HUMANITARIAN FOUNDATION,8107,10932,59.45945945945945,False
AL-HARAMEIN ISLAMIC FOUNDATION,8107,7199,93.75,False
ALHARAMAIN,8107,,0.0,False
ALHARAMAIN FOUNDATION,8107,,0.0,False
ALHARAMAIN HUMANITARIAN FOUNDATION,8107,53912,54.28571428571429,False
ALHARAMAIN ISLAMIC FOUNDATION,8107,10932,94.11764705882352,False
ALHARAMAYN,8107,,0.0,False
ALHARAMAYN FOUNDATION,8107,,0.0,False
ALHARAMAYN HUMANITARIAN FOUNDATION,8107,29049,51.61290322580645,False
ALHARAMAYN ISLAMIC FOUNDATION,8107,10932,88.23529411764706,False
ALHARAMEIN,8107,,0.0,False
ALHARAMEIN FOUNDATION,8107,,0.0,False
ALHARAMEIN HUMANITARIAN FOUNDATION,8107,29049,54.83870967741935,False
ALHARAMEIN ISLAMIC FOUNDATION,8107,10932,88.23529411764706,False
MU'ASSASAT AL-HARAMAIN AL-KHAYRIYYA,8107,8109,56.00000000000001,False
MU'ASSASAT AL-HARAMAYN AL-KHAYRIYYA,8107,8109,52.0,False
MU'ASSASAT AL-HARAMEIN AL-KHAYRIYYA,8107,8109,52.0,False
VAZIR,8107,,0.0,False
VEZIR,8107,,0.0,False
AL HARAMAIN,8108,10495,66.66666666666667,False
AL-HARAMAIN FOUNDATION,8108,10495,66.66666666666667,False
YAYASAN AL HARAMAINI,8108,10932,66.66666666666667,False
YAYASAN AL HARAMAIN,8108,10932,68.75,False
YAYASAN AL-MANAHIL-INDONESIA,8108,22484,61.53846153846154,False
AL-HARAMAIN FOUNDATION,8109,10495,66.66666666666667,False
AL-HARAMAIN ISLAMIC FOUNDATION,8109,7199,100.0,False
AL-HARAMAIN HUMANITARIAN FOUNDATION,8109,10932,64.86486486486487,False
AL-HARAMAYN,8109,10495,66.66666666666667,False
AL-HARAMAYN FOUNDATION,8109,10495,66.66666666666667,False
AL-HARAMAYN HUMANITARIAN FOUNDATION,8109,10932,59.45945945945945,False
AL-HARAMAYN ISLAMIC FOUNDATION,8109,7199,93.75,False
AL-HARAMEIN,8109,10495,66.66666666666667,False
AL-HARAMEIN FOUNDATION,8109,10495,66.66666666666667,False
AL-HARAMEIN HUMANITARIAN FOUNDATION,8109,10932,59.45945945945945,False
AL-HARAMEIN ISLAMIC FOUNDATION,8109,7199,93.75,False
ALHARAMAIN,8109,,0.0,False
ALHARAMAIN FOUNDATION,8109,,0.0,False
ALHARAMAIN HUMANITARIAN FOUNDATION,8109,53912,54.28571428571429,False
ALHARAMAIN ISLAMIC FOUNDATION,8109,10932,94.11764705882352,False
ALHARAMAYN,8109,,0.0,False
ALHARAMAYN FOUNDATION,8109,,0.0,False
ALHARAMAYN HUMANITARIAN FOUNDATION,8109,29049,51.61290322580645,False
ALHARAMAYN ISLAMIC FOUNDATION,8109,10932,88.23529411764706,False
ALHARAMEIN,8109,,0.0,False
ALHARAMEIN FOUNDATION,8109,,0.0,False
ALHARAMEIN HUMANITARIAN FOUNDATION,8109,29049,54.83870967741935,False
ALHARAMEIN ISLAMIC FOUNDATION,8109,10932,88.23529411764706,False
MU'ASSASAT AL-HARAMAIN AL-KHAYRIYYA,8109,8109,56.00000000000001,True
MU'ASSASAT AL-HARAMAYN AL-KHAYRIYYA,8109,8109,52.0,True
MU'ASSASAT AL-HARAMEIN AL-KHAYRIYYA,8109,8109,52.0,True
VAZIR,8109,,0.0,False
VEZIR,8109,,0.0,False
AL-HARAMAIN FOUNDATION,8110,10495,66.66666666666667,False
AL-HARAMAIN ISLAMIC FOUNDATION,8110,7199,100.0,False
AL-HARAMAIN HUMANITARIAN FOUNDATION,8110,10932,64.86486486486487,False
AL-HARAMAYN,8110,10495,66.66666666666667,False
AL-HARAMAYN FOUNDATION,8110,10495,66.66666666666667,False
AL-HARAMAYN HUMANITARIAN FOUNDATION,8110,10932,59.45945945945945,False
AL-HARAMAYN ISLAMIC FOUNDATION,8110,7199,93.75,False
AL-HARAMEIN,8110,10495,66.66666666666667,False
AL-HARAMEIN FOUNDATION,8110,10495,66.66666666666667,False
AL-HARAMEIN HUMANITARIAN FOUNDATION,8110,10932,59.45945945945945,False
AL-HARAMEIN ISLAMIC FOUNDATION,8110,7199,93.75,False
ALHARAMAIN,8110,,0.0,False
ALHARAMAIN FOUNDATION,8110,,0.0,False
ALHARAMAIN HUMANITARIAN FOUNDATION,8110,53912,54.28571428571429,False
ALHARAMAIN ISLAMIC FOUNDATION,8110,10932,94.11764705882352,False
ALHARAMAYN,8110,,0.0,False
ALHARAMAYN FOUNDATION,8110,,0.0,False
ALHARAMAYN HUMANITARIAN FOUNDATION,8110,29049,51.61290322580645,False
ALHARAMAYN ISLAMIC FOUNDATION,8110,10932,88.23529411764706,False
ALHARAMEIN,8110,,0.0,False
ALHARAMEIN FOUNDATION,8110,,0.0,False
ALHARAMEIN HUMANITARIAN FOUNDATION,8110,29049,54.83870967741935,False
ALHARAMEIN ISLAMIC FOUNDATION,8110,10932,88.23529411764706,False
MU'ASSASAT AL-HARAMAIN AL-KHAYRIYYA,8110,8109,56.00000000000001,False
MU'ASSASAT AL-HARAMAYN AL-KHAYRIYYA,8110,8109,52.0,False
MU'ASSASAT AL-HARAMEIN AL-KHAYRIYYA,8110,8109,52.0,False
VAZIR,8110,,0.0,False
VEZIR,8110,,0.0,False
CARIBE SOL,8124,8865,68.96551724137932,False
HAVANTUR CANADA INC.,8124,8131,75.0,False
CIMEX,8125,535,100.0,False
CIMEX CUBA,8125,536,69.56521739130434,False
"COMERCIO INTERIOR, MERCADO EXTERIOR",8125,58051,66.66666666666667,False
CUBANACAN,8126,8128,100.0,False
EL GRUPO CUBANACAN,8126,8126,93.33333333333333,True
"HAVANATUR, S.A.",8129,907,100.0,False
GUAMATUR S.A.,8132,2184,50.0,False
WWW.CUBA-SHOP.NET,8133,8126,50.0,False
FUNDACION POR LA PAS DE CORDOBA,8134,8134,86.27450980392157,True
FUNDAZCOR,8134,15857,64.0,False
FUNPAZCOR,8134,,0.0,False
"AL-BASHAAIR TRADING COMPANY, LTD",8211,8211,96.7741935483871,True
"AL-BASHAER TRADING COMPANY, LTD",8211,8211,93.33333333333333,True
"AL-BASHA'IR TRADING COMPANY, LTD",8211,8211,96.7741935483871,True
"AL-BASHIR TRADING COMPANY, LTD",8211,8211,96.55172413793103,True
AL-HODA FOR RELIGIOUS TOURISM COMPANY,8212,8212,84.0,True
AL-HODA STATE COMPANY FOR RELIGIOUS TOURISM,8212,8212,96.42857142857143,True
AL-HUDA FOR RELIGIOUS TOURISM COMPANY,8212,8212,88.0,True
AVIATRANS ESTABLISHMENT,8213,50040,67.9245283018868,False
LOGARCHEO AG,8214,8214,100.0,True
AL HARAMAIN AL MASJED AL AQSA,8223,8223,64.51612903225806,True
AL HARAMAYN AL MASJID AL AQSA,8223,8223,58.06451612903225,True
AL-HARAMAYN AND AL MASJID AL AQSA CHARITABLE FOUNDATION,8223,8223,68.49315068493152,True
TAIBAH INTERNATIONAL AID AGENCY,8224,8224,73.84615384615385,True
TAIBAH INTERNATIONAL AID ASSOCIATION,8224,8734,74.28571428571429,False
"AL TAIBAH, INTL.",8224,8224,48.88888888888889,True
TAIBAH INTERNATIONAL AIDE ASSOCIATION,8224,8734,73.23943661971832,False
DZEMILIJATI FURKAN,8225,,0.0,False
DZEM'IJJETUL FURQAN,8225,8225,48.0,True
ASSOCIATION FOR CITIZENS RIGHTS AND RESISTANCE TO LIES,8225,47400,60.67415730337078,False
DZEMIJETUL FURKAN,8225,,0.0,False
ASSOCIATION OF CITIZENS FOR THE SUPPORT OF TRUTH AND SUPPRESSION OF LIES,8225,7911,57.831325301204814,False
SIRAT,8225,,0.0,False
"ASSOCIATION FOR EDUCATION, CULTURE AND BUILDING SOCIETY - SIRAT",8225,49283,66.08695652173913,False
"ASSOCIATION FOR EDUCATION, CULTURAL, AND TO CREATE SOCIETY - SIRAT",8225,39160,61.702127659574465,False
ISTIKAMET,8225,,0.0,False
IN SIRATEL,8225,,0.0,False
AFO,8236,,0.0,False
TIJUANA CARTEL,8236,8237,74.07407407407408,False
CARTEL DE JUAREZ,8237,8237,100.0,True
AEROCONTINENTE S.A.,8244,11422,96.55172413793103,False
AERO CONTINENT S.A.,8244,11422,96.55172413793103,False
NUEVO CONTINENTE S.A.,8244,8254,68.57142857142857,False
NUEVOCONTINENTE S.A.,8244,15674,52.94117647058824,False
WWW.AEROCONTINENTE.COM,8244,11422,75.67567567567568,False
WWW.AEROCONTINENTE.COM.PE,8244,11422,70.0,False
WWW.NUEVOCONTINENTE.COM.PE,8244,15674,40.0,False
I A C INTERNATIONAL INC.,8247,15709,92.3076923076923,False
INTERNATIONAL AIRLINE CONSULTING,8247,52052,71.42857142857143,False
WORLD DISTRIBUTION SYSTEM,8250,32027,72.0,False
"AERO CONTINENTE, INC.",8254,11422,100.0,False
STICHTING AL HARAMAIN HUMANITARIAN AID,8262,8262,54.83870967741935,True
ABU SHANAB METALS ESTABLISHMENT,8407,29863,64.28571428571428,False
AMIN ABU SHANAB & SONS CO.,8407,50936,55.81395348837209,False
SHANAB METALS ESTABLISHMENT,8407,29863,69.23076923076923,False
TARIQ ABU SHANAB EST.,8407,8407,72.72727272727273,True
TARIQ ABU SHANAB METALS ESTABLISHMENT,8407,47269,66.66666666666667,False
TARIQ ABU SHANAB EST. FOR TRADE AND COMMERCE,8407,8407,100.0,True
AMIN ABU SHANAB AND SONS CO.,8407,50936,55.81395348837209,False
T.D.G.,8408,,0.0,False
"BLOTO INTERNATIONAL, LTD.",8420,8420,100.0,True
BLUTO INTERNATIONAL,8420,8420,94.73684210526316,True
"PLUTO-DUBAI TRADING COMPANY, LLC",8420,10603,81.25,False
MELFI MARINE S.A.,8422,8422,100.0,True
IARA,8593,,0.0,False
ISLAMIC RELIEF AGENCY,8593,8593,84.0,True
AL-WAKALA AL-ISLAMIYA L'IL-IGHATHA,8593,4694,60.0,False
ISLAMIC AMERICAN RELIEF AGENCY,8593,8593,71.1864406779661,True
AL-WAKALA AL-ISLAMIYA AL-AFRIKIA L'IL-IGHATHA,8593,11913,56.666666666666664,False
AEROATLANTICO LTDA.,8733,8733,87.8048780487805,True
LUIS A. HERNANDEZ Z Y CIA. S.C.S.,8734,7584,62.5,False
COSUR LTDA.,8735,11480,66.66666666666667,False
HOTEL PALACE,8735,34156,78.26086956521739,False
INTERFIAR S.A.,8740,7917,70.58823529411764,False
CONSTRUCTORA HENA LTDA.,8741,24665,80.0,False
THE MONOTHEISM AND JIHAD GROUP,8759,16859,63.41463414634146,False
AL-ZARQAWI NETWORK,8759,52433,46.666666666666664,False
AL-TAWHID,8759,35335,40.0,False
TANZIM QA'IDAT AL-JIHAD FI BILAD AL-RAFIDAYN,8759,8110,48.38709677419355,False
THE ORGANIZATION OF AL-JIHAD'S BASE IN IRAQ,8759,11502,68.96551724137932,False
THE ORGANIZATION OF AL-JIHAD'S BASE OF OPERATIONS IN IRAQ,8759,9348,61.33333333333333,False
AL-QAIDA OF JIHAD IN IRAQ,8759,10053,62.06896551724138,False
AL-QAIDA IN IRAQ,8759,19890,44.89795918367348,False
AL-QAIDA IN MESOPOTAMIA,8759,,0.0,False
AL-QAIDA IN THE LAND OF THE TWO RIVERS,8759,16181,52.83018867924528,False
AL-QAIDA OF THE JIHAD IN THE LAND OF THE TWO RIVERS,8759,16181,50.847457627118644,False
AL-QAIDA OF JIHAD ORGANIZATION IN THE LAND OF THE TWO RIVERS,8759,27967,59.74025974025974,False
AL-QAIDA GROUP OF JIHAD IN IRAQ,8759,9334,63.63636363636363,False
AL-QAIDA GROUP OF JIHAD IN THE LAND OF THE TWO RIVERS,8759,18219,55.73770491803278,False
THE ORGANIZATION OF JIHAD'S BASE IN THE COUNTRY OF THE TWO RIVERS,8759,30166,59.57446808510638,False
THE ORGANIZATION BASE OF JIHAD/COUNTRY OF THE TWO RIVERS,8759,33536,61.33333333333333,False
THE ORGANIZATION OF AL-JIHAD'S BASE IN THE LAND OF THE TWO RIVERS,8759,33536,61.33333333333333,False
THE ORGANIZATION BASE OF JIHAD/MESOPOTAMIA,8759,9348,64.70588235294117,False
THE ORGANIZATION OF AL-JIHAD'S BASE OF OPERATIONS IN THE LAND OF THE TWO RIVERS,8759,17223,61.05263157894737,False
TANZEEM QA'IDAT AL JIHAD/BILAD AL RAAFIDAINI,8759,8110,48.38709677419355,False
ISLAMIC STATE OF IRAQ,8759,8759,83.72093023255813,True
JAM'AT AL TAWHID WA'AL-JIHAD,8759,35335,65.21739130434783,False
ISLAMIC STATE OF IRAQ AND AL-SHAM,8759,8759,83.33333333333334,True
ISLAMIC STATE OF IRAQ AND SYRIA,8759,31372,81.35593220338984,False
AD-DAWLA AL-ISLAMIYYA FI AL-'IRAQ WA-SH-SHAM,8759,19890,65.75342465753424,False
DAESH,8759,12312,34.78260869565217,False
DAWLA AL ISLAMIYA,8759,4694,78.57142857142857,False
AL-FURQAN ESTABLISHMENT FOR MEDIA PRODUCTION,8759,25637,61.53846153846154,False
ISLAMIC STATE,8759,55472,74.07407407407408,False
ISIL,8759,19892,57.14285714285714,False
ISIS,8759,23850,57.14285714285714,False
AMAQ NEWS AGENCY,8759,45049,81.25,False
AL HAYAT MEDIA CENTER,8759,18092,72.72727272727273,False
AL-HAYAT MEDIA CENTER,8759,18092,72.72727272727273,False
WWW.SERCUBA.COM,8761,8761,63.63636363636363,True
SRPSKA DEMOKRATSKA STRANKA,8811,8811,55.319148936170215,True
ISLAMIC MOVEMENT FOR REFORM,8859,8859,82.14285714285714,True
AL-HARAKAT AL-ISLAMIYAH LIL-ISLAH,8859,17299,71.11111111111111,False
AL-ISLAH,8859,12733,53.333333333333336,False
MOVEMENT FOR REFORM IN ARABIA,8859,8859,86.20689655172413,True
FLAMINGO CLUB,8865,21264,66.66666666666667,False
SES GROUP,8882,41125,77.77777777777779,False
SES AUTOMOBILE,8882,51096,52.94117647058824,False
ELEHSSAN SOCIETY,9333,10408,68.96551724137932,False
ELEHSSAN SOCIETY AND BIRR,9333,10408,58.82352941176471,False
ELEHSSAN SOCIETY WA BIRR,9333,53915,59.57446808510638,False
BIRR AND ELEHSSAN SOCIETY,9333,10408,58.82352941176471,False
BIR WA ELEHSSAN SOCIETY,9333,53915,60.86956521739131,False
IHSAN CHARITY,9333,53923,53.65853658536586,False
JAMI'A AL-AHSAN AL-KHAYRIYYAH,9333,19679,55.81395348837209,False
AL-AHSAN CHARITABLE ORGANIZATION,9333,20981,77.96610169491525,False
AL-IHSAN CHARITABLE SOCIETY,9333,53915,76.59574468085107,False
AL-BIR AND AL-IHSAN ORGANIZATION,9333,11502,73.46938775510203,False
AL-BAR AND AL-IHSAN SOCIETIES,9333,7642,57.89473684210527,False
AL-BAR AND AL-IHSAN SOCIETY,9333,10408,66.66666666666667,False
AL-BIRR WA AL-IHSAN WA AL-NAQA,9333,,0.0,False
AL-BIRR WA AL-IHSAN CHARITY ASSOCIATION,9333,12686,70.96774193548387,False
THE BENEVOLENT CHARITABLE ORGANIZATION,9333,20981,71.875,False
JAMA'AT AL-JIHAD,9334,12148,61.111111111111114,False
THE LIBYAN SOCIETY,9334,10408,74.07407407407408,False
THE KAZAKH JAMA'AT,9334,19949,50.0,False
THE JAMAAT MOJAHEDIN,9334,16278,47.36842105263158,False
JAMIYAT,9334,19679,34.48275862068966,False
JAMIAT AL-JIHAD AL-ISLAMI,9334,6899,74.28571428571429,False
ISLAMIC JIHAD GROUP OF UZBEKISTAN,9334,9334,77.55102040816327,True
AL-DJIHAD AL-ISLAMI,9334,10932,62.06896551724138,False
DZHAMAAT MODZHAKHEDOV,9334,,0.0,False
ISLAMIC JIHAD UNION (IJU),9334,9334,71.42857142857143,True
ISLOMIY JIHOD ITTIHODI,9334,,0.0,False
ITTIHAD AL-JIHAD AL-ISLAMI,9334,6899,77.77777777777779,False
NORTH KOREAN MINING DEVELOPMENT TRADING CORPORATION,9345,9345,90.14084507042254,True
CHANGGWANG SINYONG CORPORATION,9345,51307,62.857142857142854,False
EXTERNAL TECHNOLOGY GENERAL CORPORATION,9345,45716,80.0,False
KOREA KUMRYONG TRADING COMPANY,9345,23183,88.37209302325581,False
DPRKN MINING DEVELOPMENT TRADING COOPERATION,9345,9345,73.6842105263158,True
KOREAN MINING AND INDUSTRIAL DEVELOPMENT CORPORATION,9345,30373,78.94736842105263,False
KOREA CHANGGWANG CREDIT BANK,9346,48219,65.38461538461539,False
CHANGGWANG CREDIT BANK,9346,22985,71.7948717948718,False
KOREA YONBONG GENERAL CORPORATION,9347,9347,97.67441860465115,True
LYONGAKSAN GENERAL TRADING CORPORATION,9347,11304,82.35294117647058,False
SAZMANE SANAYE HAVA FAZA,9348,40317,62.22222222222222,False
SAHAND ALUMINUM PARTS INDUSTRIAL COMPANY,9349,46919,62.96296296296296,False
ARDALAN MACHINERIES COMPANY,9349,11644,66.66666666666667,False
CENTRE D'ETUDES ET RECHERCHES,9352,39179,62.295081967213115,False
KONTROLES,9386,36330,66.66666666666667,False
KOREA RYENGWANG TRADING CORPORATION,9525,9525,95.65217391304348,True
CHOSON INTERNATIONAL CHEMICALS JOINT OPERATION COMPANY,9526,9526,75.0,True
CHOSUN INTERNATIONAL CHEMICALS JOINT OPERATION COMPANY,9526,9526,75.0,True
INTERNATIONAL CHEMICAL JOINT VENTURE CORPORATION,9526,9526,92.3076923076923,True
CHOSUN YUNHA MACHINERY JOINT OPERATION COMPANY,9527,43282,62.7906976744186,False
KOREA RYENHA MACHINERY J/V CORPORATION,9527,9527,72.41379310344827,True
RYONHA MACHINERY JOINT VENTURE CORPORATION,9527,9527,90.9090909090909,True
BORISAT WI. A. FRUT CHAMKAT,9540,21244,52.38095238095239,False
BORISAT SAKO KHOMMOESIAN CHAMKAT,9542,21244,47.05882352941176,False
BORISAT RUNGRIN CHAMKAT,9543,21244,52.38095238095239,False
BORISAT RATTANA WICHAI CHAMKAT,9544,9544,59.09090909090908,True
BORISAT PROKRET SURAWI CHAMKAT,9545,11167,49.122807017543856,False
PLOYDAENG GEM SHOP,9547,9547,80.0,True
PLYDAENG JEWELRY SHOP,9547,9547,97.67441860465115,True
MAE SAI K.D.P. COMPANY LTD.,9548,,0.0,False
BORISAT MAE SAI KHE. DI. PHI. CHAMKAT,9548,30606,48.38709677419355,False
HAD KAEW COMPANY LTD.,9550,,0.0,False
BORISAT HAT KAEO CHAMKAT,9550,30606,46.15384615384615,False
HANG HUN SUAN CHAMKAT KRIN KHA REN,9551,54339,49.18032786885246,False
HANG HUN SUAN CHAMKAT BANG KOK ATHI-FLORA DISAIN,9553,9553,56.470588235294116,True
SARA PROPERTIES,9600,9600,100.0,True
SANABEL RELIEF AGENCY,9603,9603,100.0,True
SANABEL L'IL-IGATHA,9603,9603,57.89473684210527,True
AL-RAHAMA RELIEF FOUNDATION LIMITED,9603,7269,61.53846153846154,False
LEBANESE COMMUNICATION GROUP,9610,53833,67.79661016949152,False
AL NOUR BROADCASTING STATION,9611,37185,67.9245283018868,False
RADIO ANNOUR,9611,9611,90.9090909090909,True
AL NUR RADIO,9611,9611,94.73684210526316,True
"LIMMT (DALIAN) METALLURGY AND MINERALS CO., LTD.",9749,46642,61.53846153846154,False
"LIMMT (DALIAN FTZ) MINMETALS AND METALLURGY CO., LTD.",9749,52631,57.14285714285714,False
"LIMMT (DALIAN FTZ) METALLURGY AND MINERALS CO., LTD.",9749,52631,57.89473684210527,False
"DALIAN SUNNY INDUSTRY & TRADE CO., LTD.",9749,52264,71.42857142857143,False
"SC (DALIAN) INDUSTRY & TRADE CO., LTD.",9749,34484,70.58823529411764,False
WEALTHY OCEAN ENTERPRISES LTD.,9749,31692,69.38775510204081,False
ANSI METALLURGY INDUSTRY CO. LTD.,9749,11444,72.0,False
"SINO METALLURGY & MINMETALS INDUSTRY CO., LTD.",9749,11444,66.66666666666667,False
DALIAN CARBON CO. LTD.,9749,44988,68.96551724137932,False
"LIAONING INDUSTRY & TRADE CO., LTD.",9749,52264,88.46153846153845,False
BLUE SKY INDUSTRY CORPORATION,9749,57773,66.66666666666667,False
"DALIAN SUNNY INDUSTRY AND TRADE CO., LTD.",9749,52264,71.42857142857143,False
"SC (DALIAN) INDUSTRY AND TRADE CO., LTD.",9749,34484,70.58823529411764,False
"SINO METALLURGY AND MINMETALS INDUSTRY CO., LTD.",9749,11444,66.66666666666667,False
"LIAONING INDUSTRY AND TRADE CO., LTD.",9749,52264,88.46153846153845,False
ALCO,9750,45746,23.529411764705888,False
BEIJING HAILI LIANHE KEJI YOUXIAN GONGSI,9750,16849,52.63157894736843,False
CPMIEC,9753,11750,42.85714285714286,False
CHINA NATIONAL PRECISION MACHINERY I/E CORP.,9753,9753,82.92682926829268,True
ZHONGGUO JINGMI JIXIE JINCHUKOU ZONGGONGSI,9753,16847,47.887323943661976,False
CHINA PRECISION MACHINERY IMPORT/EXPORT CORPORATION,9753,9753,89.65517241379311,True
SANAM INDUSTRIES GROUP,9763,9763,90.9090909090909,True
YA MAHDI INDUSTRIAL RESEARCH COMPLEX,9764,52501,71.23287671232876,False
YA MAHDI INDUSTRIAL COMPLEX,9764,9764,76.92307692307692,True
HAYAT AL-DAM LIL-MUQAWAMA AL-ISLAMIYA,9949,7325,64.15094339622642,False
ISLAMIC RESISTANCE SUPPORT ASSOCIATION,9949,9949,70.12987012987013,True
BAYT AL-MAL LIL MUSLIMEEN,9965,24879,58.18181818181818,False
CODECAFE,10002,43439,55.55555555555556,False
MOTEL CAMPO AMOR,10004,37270,47.82608695652174,False
HOTEL SIN PECADOS,10004,23245,64.28571428571428,False
KOREA HYOKSIN EXPORT AND IMPORT CORPORATION,10012,15648,68.18181818181819,False
GALERIA PAGE I,10052,10052,100.0,True
JIHAD AL BINAA,10053,10053,95.23809523809523,True
JIHADU-I-BINAA,10053,10053,90.9090909090909,True
CONSTRUCTION FOR THE SAKE OF THE HOLY STRUGGLE,10053,11306,69.23076923076923,False
CONSTRUCTION JIHAD,10053,44459,81.08108108108108,False
STRUGGLE FOR RECONSTRUCTION,10053,11496,75.55555555555556,False
JIHAD CONSTRUCTION INSTITUTION,10053,55927,67.74193548387098,False
JIHAD CONSTRUCTION FOUNDATION,10053,44459,81.08108108108108,False
JIHAD-AL-BINAA ASSOCIATION,10053,10416,73.91304347826086,False
HOLY CONSTRUCTION FOUNDATION,10053,31333,81.08108108108108,False
JIHAD CONSTRUCTION,10053,44459,81.08108108108108,False
"CARGO FRET INTERNATIONAL, SPRL",10116,10116,85.71428571428572,True
CAGL,10117,,0.0,False
GLBC,10118,,0.0,False
KALA ELECTRIC COMPANY,10122,10122,92.85714285714286,True
HIAST,10128,,0.0,False
INSTITUT SUPERIEUR DES SCIENCES APPLIQUEES ET DE TECHNOLOGIE,10128,10128,72.0,True
INSTITUT DES SCIENCES APPLIQUEES ET DE TECHNOLOGIE,10128,10128,80.0,True
ISSAT,10128,15857,38.095238095238095,False
ISAT,10128,47358,27.586206896551722,False
NSCL,10130,,0.0,False
NATIONAL CALIBRATION CENTRE,10130,4706,74.50980392156863,False
SNIPER OUTDOOR CC,10133,10133,53.333333333333336,True
SNIPER OUTDOORS CC,10133,10133,51.61290322580645,True
TRUE MOTIVES 1236 CC,10133,51301,33.333333333333336,False
AIR BUTEMBO,10143,10143,81.4814814814815,True
DIO,10153,,0.0,False
DEFENCE INDUSTRIES ORGANISATION,10153,10153,93.5483870967742,True
SAZEMANE SANAYE DEFA,10153,40317,58.53658536585367,False
SASEMAN SANAJE DEFA,10153,40317,60.0,False
GASOLINERA ROSARIO,10361,13405,64.0,False
ESTABLO LECHERO PUERTO RICO,10364,10364,82.6086956521739,True
LECHERIA SANTA MONICA,10366,55322,60.46511627906976,False
DORA PASTEURIZA DE LECHE SANTA MONICA,10366,11903,52.94117647058824,False
INDUSTRIAS DE GANADEROS S.A. DE C.V.,10366,47592,72.22222222222221,False
SANTA MONICA DAIRY,10366,55322,60.0,False
IRAN EXPORT BANK,10368,25681,73.6842105263158,False
AZZA TRANSPORT,10369,10369,87.5,True
AZZA AVIATION COMPANY,10369,24877,75.0,False
FARAYAND TECHNIC,10371,10371,88.23529411764706,True
CARTEL DEL GOLFO,10386,10386,86.95652173913044,True
OSIEL CARDENAS-GUILLEN ORGANIZATION,10386,20123,65.67164179104478,False
INSTRUMENTATION FACTORY PLANT,10388,50011,61.81818181818181,False
IFP,10388,,0.0,False
FADJR INDUSTRIES GROUP,10388,10388,97.67441860465115,True
INSTRUMENTATION FACTORIES OF PRECISION MACHINERY,10388,52602,58.42696629213483,False
INDUSTRIAL FACTORIES OF PRECISION-MACHINERY,10388,54944,64.93506493506493,False
MOJTAME SANTY AJZAE DAGHIGH,10388,55291,66.66666666666667,False
NASR INDUSTRIES GROUP,10388,15631,80.95238095238095,False
IRGC,10391,26720,61.53846153846154,False
THE IRANIAN REVOLUTIONARY GUARDS,10391,10391,75.40983606557377,True
IRG,10391,,0.0,False
THE ARMY OF THE GUARDIANS OF THE ISLAMIC REVOLUTION,10391,10391,78.78787878787878,True
AGIR,10391,,0.0,False
SEPAH-E PASDARAN-E ENQELAB-E ESLAMI,10391,23432,62.06896551724138,False
PASDARN-E ENGHELAB-E ISLAMI,10391,4694,54.054054054054056,False
PASDARAN-E INQILAB,10391,,0.0,False
REVOLUTIONARY GUARDS,10391,10391,75.47169811320755,True
REVOLUTIONARY GUARD,10391,10391,73.07692307692308,True
SEPAH,10391,25580,66.66666666666667,False
PASDARAN,10391,,0.0,False
SEPAH PASDARAN,10391,25580,66.66666666666667,False
ISLAMIC REVOLUTIONARY CORPS,10391,10391,90.0,True
ISLAMIC REVOLUTIONARY GUARDS CORPS,10391,10391,98.50746268656717,True
ISLAMIC REVOLUTION GUARDS CORPS,10391,10391,93.75,True
IRAN'S REVOLUTIONARY GUARD CORPS,10391,10391,88.88888888888889,True
ISLAMIC REVOLUTIONARY GUARDS,10391,10391,88.52459016393442,True
IRAN'S REVOLUTIONARY GUARDS,10391,10391,75.86206896551724,True
ARMY OF THE GUARDIANS OF THE ISLAMIC REVOLUTION,10391,10391,78.78787878787878,True
SEPAH-E PASDARAN-E ENGHELAB-E ESLAMI,10391,23432,61.01694915254237,False
SEPAH-E PASDARAN ENGHELAB ISLAMI,10391,49681,57.14285714285714,False
MINISTRY OF DEFENSE AND SUPPORT FOR ARMED FORCES LOGISTICS,10392,10392,90.69767441860466,True
MODAFL,10392,16008,61.53846153846154,False
MODSAF,10392,,0.0,False
MINISTRY OF DEFENSE FOR ARMED FORCES LOGISTICS,10392,10392,100.0,True
MINISTRY OF DEFENSE ARMED FORCES LOGISTICS,10392,10392,100.0,True
VEZARAT-E DEFA VA POSHTYBANI-E NIRU-HAYE MOSALLAH,10392,26567,44.11764705882353,False
MINISTRY OF DEFENCE & ARMED FORCES LOGISTICS,10392,10392,97.43589743589743,True
GOVERNMENT OF IRAN DEPARTMENT OF DEFENSE,10392,24837,60.60606060606061,False
VEZARATE DEFA,10392,,0.0,False
AL-SALAH ASSOCIATION,10408,10416,75.0,False
AL-SALAH ISLAMIC FOUNDATION,10408,7280,64.28571428571428,False
AL-SALAH,10408,10408,55.55555555555556,True
AL-SALAH ISLAMIC SOCIETY,10408,10408,76.47058823529412,True
AL-SALAH ISLAMIC ASSOCIATION,10408,49529,66.66666666666667,False
AL-SALAH ISLAMIC COMMITTEE,10408,20284,64.0,False
AL-SALAH ORGANIZATION,10408,7201,75.0,False
ISLAMIC SALAH FOUNDATION,10408,7280,64.28571428571428,False
ISLAMIC SALAH SOCIETY,10408,10408,76.47058823529412,True
ISLAMIC SALVATION SOCIETY,10408,7149,63.1578947368421,False
ISLAMIC RIGHTEOUSNESS SOCIETY,10408,7149,59.01639344262295,False
ISLAMIC AL SALAH SOCIETY,10408,10408,76.47058823529412,True
JAMI'AT AL-SALAH AL-ISLAMI,10408,6936,74.4186046511628,False
JAMI'A AL-SALAH,10408,55988,46.666666666666664,False
JAMMEAT EL-SALAH,10408,27189,50.0,False
SALAH ISLAMIC ASSOCIATION,10408,49529,66.66666666666667,False
SALAH WELFARE ORGANIZATION,10408,19682,90.56603773584906,False
SALAH CHARITABLE ASSOCIATION,10408,12686,73.6842105263158,False
AL-SHAHID CORPORATION,10410,55874,80.0,False
BONYAD-E SHAHID VA ISARGARAN,10410,30397,58.33333333333333,False
BONYAD-E SHAHID,10410,48730,66.66666666666667,False
BONYAD SHAHID,10410,48730,66.66666666666667,False
IRANIAN MARTYRS FUND,10410,10411,68.42105263157895,False
SHAHID FOUNDATION OF THE ISLAMIC REVOLUTION,10410,30346,66.66666666666667,False
SHAHID FOUNDATION,10410,55874,80.0,False
AL-SHAHID ASSOCIATION FOR MARTYRS AND INTERNEES FAMILIES,10410,7911,62.33766233766234,False
ES-SHAHID,10410,30562,62.06896551724138,False
HIZBALLAH MARTYRS FOUNDATION,10411,11462,70.58823529411764,False
LEBANESE MARTYR FOUNDATION,10411,10411,72.72727272727273,True
AL-MUA'ASSAT AL-SHAHID,10411,26553,66.66666666666667,False
AL-SHAHID FOUNDATION,10411,55874,80.0,False
AL-SHAHID CHARITABLE AND SOCIAL ORGANIZATION,10411,20981,80.59701492537313,False
AL-SHAHID ORGANIZATION,10411,21805,69.56521739130434,False
LEBANESE MARTYR ASSOCIATION,10411,10416,68.0,False
ISLAMIC REVOLUTION MARTYRS FOUNDATION,10411,30346,76.36363636363637,False
MARTYRS INSTITUTE,10411,11790,75.0,False
AL-SHAHID FOUNDATION- PALESTINIAN BRANCH,10412,8261,65.3061224489796,False
MUASSASAT SHAHID FILISTIN,10412,10858,60.0,False
PALESTINIAN MARTYRS INSTITUTION GROUP,10412,10412,67.85714285714286,True
SHAHID FUND,10412,26553,57.14285714285714,False
EDUCATIONAL DEVELOPMENT ASSOCIATION,10413,7919,79.45205479452055,False
AL-SHAHID SOCIAL ASSOCIATION,10413,49529,66.66666666666667,False
AL-QUARDH AL-HASSAN ASSOCIATION,10416,10416,95.83333333333334,True
AL-QUARD AL-HASSAN ASSOCIATION,10416,10416,97.87234042553192,True
KARADH AL-HASSAN,10416,41698,58.82352941176471,False
PASDARAN-E ENGHELAB-E ISLAMI (PASDARAN),10465,8759,48.275862068965516,False
SEPAH-E QODS (JERUSALEM FORCE),10465,49681,53.333333333333336,False
IRGC-QF,10465,26720,62.5,False
IRGC-QUDS FORCE,10465,38665,62.5,False
ISLAMIC REVOLUTIONARY GUARD CORPS-QODS FORCE,10465,10465,94.6236559139785,True
QODS FORCE,10465,26719,57.14285714285714,False
QUDS FORCE,10465,38665,59.25925925925925,False
JERUSALEM FORCE,10465,11478,68.75,False
AL QODS,10465,16418,28.57142857142857,False
SEPAH-E QODS,10465,25580,60.0,False
QODS (JERUSALEM) FORCE OF THE IRGC,10465,11478,57.14285714285714,False
TAMILS REHABILITATION ORGANIZATION,10486,10486,97.05882352941177,True
TAMIL REHABILITATION ORGANIZATION,10486,10486,95.52238805970148,True
WHITE PIGEON,10486,19048,58.06451612903225,False
WHITEPIGEON,10486,42322,47.61904761904761,False
ORGANISATION DE REHABILITATION TAMOULE,10486,10486,92.7536231884058,True
ORGANIZZAZIONE PER LA RIABILITAZIONE DEI TAMIL,10486,10486,72.72727272727273,True
ORGANISATION PRE LA REHABILITATION TAMIL,10486,10486,92.95774647887323,True
TAMIL REHABILITERINGS ORGANISASJONEN,10486,10486,80.0,True
TAMILSK REHABILITERINGS ORGANISASJON,10486,10486,82.85714285714285,True
TAMILISCHE REHABILITATION ORGANISATION,10486,10486,94.44444444444444,True
ORT FRANCE,10486,27345,51.61290322580645,False
TRO ITALIA,10486,56369,66.66666666666667,False
TRO NORGE,10486,50284,23.880597014925375,False
TRO DANMARK,10486,,0.0,False
TRO SCHWEIZ,10486,,0.0,False
"TSUNAMI RELIEF FUND -- COLOMBO, SRI LANKA",10486,15715,53.333333333333336,False
KHATAM AL-ANBYA,10488,10488,42.307692307692314,True
KHATAM OL AMBIA,10488,10488,50.90909090909091,True
GHORB KHATAM,10488,10490,72.0,False
GHARARGAH SAZANDEGI KARBALA-MOASSESEH TAHA,10490,10488,63.41463414634146,False
GHARARGAH KARBALA,10490,10490,73.33333333333334,True
HARA INSTITUTE,10495,34020,63.1578947368421,False
GHARARGAH GHAEM,10496,10496,73.17073170731707,True
BELNEFTEKHIM CONCERN,10574,10574,75.0,True
CONCERN BELNEFTEKHIM,10574,10574,75.0,True
BELARUSIAN STATE PETROLEUM AND CHEMICALS CONCERN,10574,40963,60.97560975609756,False
BELARUSIAN STATE CONCERN FOR OIL AND CHEMISTRY,10574,10762,68.75,False
KHAN AND SCHIRINDEL GMBH,10601,10601,100.0,True
ZULEIKHA GENERAL TRADING,10604,10604,97.87234042553192,True
ZULIKHA GENERAL TRADING,10604,10604,95.65217391304348,True
AL SHAHBOZ KHAN GENERAL TRADING LLC.,10608,10608,96.42857142857143,True
BOUTIQUE PATRACA,10640,25760,68.75,False
AGBA CONSULTORES CASA DE CAMBIO,10647,10647,75.55555555555556,True
"COCINA ANTIGUA, S. DE R.L. DE C.V.",10649,27238,64.28571428571428,False
"LA HACIENDA DE TIJUANA, S. DE R.L. DE C.V.",10649,10648,80.0,False
CHIKA'S ACCESORIOS Y COSMETICOS,10650,7151,59.57446808510638,False
CHIKA'S,10650,,0.0,False
IMPORTCLUB,10650,57358,75.0,False
CHIKA'S COSMETICS AND ACCESSORIES,10653,7151,55.319148936170215,False
"COMERCIALIZADORA JALZIN, S.A. DE C.V.",10654,10654,95.65217391304348,True
CHIKA'S ACCESORIOS Y COSMETICOS,10654,7151,59.57446808510638,False
CHIKA'S,10654,,0.0,False
AL-ZAWRAA TV,10658,10658,48.484848484848484,True
EL-ZAWRA SATELLITE STATION,10658,10658,68.08510638297872,True
ZORAH CHANNEL,10658,37197,51.162790697674424,False
AL ZOURA TV STATION,10658,10658,70.0,True
AL-ZAWARA SATELLITE TELEVISION STATION,10658,10658,81.35593220338984,True
ZAWRAH TV STATION,10658,10658,78.04878048780488,True
AL ZAOURA NETWORK,10658,57868,48.64864864864865,False
ALZAWRAA TV,10658,57935,40.90909090909091,False
AL ZAWRAH TELEVISION,10658,10658,78.04878048780488,True
KURDISTAN FREEDOM HAWKS,10665,25941,61.53846153846154,False
THE FREEDOM HAWKS OF KURDISTAN,10665,25941,61.53846153846154,False
HUJI-B,10742,,0.0,False
ISLAMI DAWAT-E-KAFELA,10742,7325,68.29268292682926,False
IDEK,10742,,0.0,False
HARAKAT UL-JIHAD E ISLAMI BANGLADESH,10742,10742,100.0,True
HARKATUL JIHAD AL ISLAM,10742,12148,83.72093023255813,False
HARKATUL JIHAD,10742,12148,70.27027027027026,False
HARAKAT UL JIHAD AL ISLAMI,10742,12148,100.0,False
HARKAT UL JIHAD AL ISLAMI,10742,12148,97.77777777777777,False
HARKAT-UL-JEHAD-AL-ISLAMI,10742,12148,93.33333333333333,False
HARAKAT UL JIHAD ISLAMI BANGLADESH,10742,10742,100.0,True
POLOTZK STEKLOVOLOKNO OAO,10755,10755,95.23809523809523,True
STEKLOVOLOKNO,10755,10755,76.47058823529412,True
POLOTSKOE STEKLOVOLOKNO OAO,10755,10755,95.45454545454545,True
POLOTSK-STEKLOVOLOKNO OPEN JOINT-STOCK COMPANY,10755,46679,71.875,False
POLOTSK-STEKLOVOLOKNO,10755,10755,100.0,True
POLOTSK-STEKLOVOLOKNO JSC SD STEKLOKOMPOZIT,10755,10755,70.0,True
POLOTSK-STEKLOVOLOKNO JSC,10755,10755,100.0,True
POLOTSK PRODUCTION ASSOCIATION STEKLOVOLOKNO,10755,39160,73.80952380952381,False
LAKOKRASKA OPEN JOINT-STOCK COMPANY,10756,49946,78.43137254901961,False
AL-SHABAB,10761,10761,92.3076923076923,True
MUJAHIDIN AL-SHABAAB MOVEMENT,10761,10928,60.37735849056604,False
MUJAHIDIN YOUTH MOVEMENT,10761,17468,60.46511627906976,False
MUJAHIDEEN YOUTH MOVEMENT,10761,4696,60.86956521739131,False
HARAKAT SHABAB AL-MUJAHIDIN,10761,4696,75.55555555555556,False
HIZBUL SHABAAB,10761,10761,66.66666666666667,True
HISB'UL SHABAAB,10761,10761,63.63636363636363,True
AL-SHABAAB AL-ISLAMIYA,10761,6899,75.0,False
AL-SHABAAB AL-ISLAAM,10761,10761,66.66666666666667,True
AL-SHABAAB AL-JIHAAD,10761,10761,66.66666666666667,True
HARAKAT AL-SHABAAB AL-MUJAAHIDIIN,10761,4696,70.83333333333333,False
HARAKATUL-SHABAAB AL MUJAAHIDIIN,10761,4696,68.0,False
SHABAAB,10761,10761,100.0,True
MUJAAHIDIIN YOUTH MOVEMENT,10761,17468,57.77777777777777,False
PUMWANI MUSLIM YOUTH,10761,17759,65.0,False
PUMWANI ISLAMIST MUSLIM YOUTH CENTER,10761,47816,55.172413793103445,False
UE BELARUSIAN OIL TRADE HOUSE,10762,10762,94.54545454545455,True
BELARUSIAN OIL TRADING HOUSE,10762,10762,92.5925925925926,True
BELARUSIAN OIL TRADING HOUSE REPUBLICAN UNITARY SUBSIDIARY,10762,10762,59.523809523809526,True
BELARUSIAN OIL TRADING HOUSE REPUBLICAN SUBSIDIARY UNITARY ENTERPRISE,10762,46478,68.42105263157895,False
AMIG,10862,47932,66.66666666666667,False
AMMUNITION INDUSTRIES GROUP,10862,11168,84.61538461538461,False
AMMUNITION AND METALLURGY INDUSTRY GROUP,10862,10862,94.5945945945946,True
SANAYE MOHEMATSAZI,10862,48734,68.29268292682926,False
7TH OF TIR INDUSTRIAL COMPLEX,10863,11443,77.55102040816327,False
7TH OF TIR INDUSTRIES,10863,27195,72.22222222222221,False
MOJTAMAE SANATE HAFTOME TIR,10863,55288,55.81395348837209,False
SANAYE HAFTOME TIR,10863,55288,64.70588235294117,False
7TH OF TIR INDUSTRIES OF ISFAHAN/ESFAHAN,10863,22785,66.66666666666667,False
7TH OF TIR COMPLEX,10863,30753,60.60606060606061,False
SEVENTH OF TIR,10863,31353,58.33333333333333,False
PARCHIN CHEMICAL FACTORIES,10887,10887,83.01886792452831,True
PARCHIN CHEMICAL INDUSTRIES GROUP,10887,10887,90.0,True
PARA CHEMICAL INDUSTRIES,10887,10887,90.19607843137256,True
PCF,10887,,0.0,False
BIBLIOS TRAVEL,10893,10893,76.47058823529412,True
BIBLOS TRAVEL CA,10893,10893,72.22222222222221,True
"BIBLOS TRAVEL, C.A.",10893,10893,78.78787878787878,True
HILAL TRAVEL C.A.,10894,10894,77.41935483870968,True
KANAAN TRAVEL,10894,57189,76.92307692307692,False
RIHS,10923,,0.0,False
RIHS HEADQUARTERS-KUWAIT,10923,49961,45.45454545454546,False
REVIVAL OF ISLAMIC HERITAGE FOUNDATION,10923,10923,85.71428571428572,True
RIHF,10923,,0.0,False
SOCIETY FOR THE REVIVAL OF ISLAMIC HERITAGE,10923,7149,100.0,False
ISLAMIC HERITAGE REVIVAL PARTY,10923,7149,77.41935483870968,False
ISLAMIC HERITAGE RESTORATION SOCIETY,10923,7149,82.35294117647058,False
IHRS,10923,,0.0,False
KUWAITI HERITAGE,10923,55464,66.66666666666667,False
IHYA TURAS AL-ISLAMI,10923,4694,58.06451612903225,False
IJHA TURATH  AL-ISLAMI,10923,8759,60.46511627906976,False
JAMIA IHYA UL TURATH,10923,19679,57.14285714285714,False
JAMIAT IHIA AL-TURATH AL-ISLAMIYA,10923,6936,68.0,False
JAM'IYAT IHYA' AL-TURATH AL-ISLAMI,10923,6936,68.0,False
JAMI'AT IHY'A AL-TIRATH AL-ISLAMIA,10923,6936,69.38775510204081,False
JAMIATUL IHYA UL TURATH,10923,19679,53.333333333333336,False
"JAMIYAT IKHYA AT-TURAZ AL-ISLAMI, SOCIETY OF THE REBIRTH OF THE ISLAMIC PEOPLE",10923,25797,51.85185185185186,False
JAMIATUL-YAHYA UT TURAZ,10923,54480,52.38095238095239,False
JOMIATUL EHYA-UT TURAJ,10923,36017,38.095238095238095,False
JOMIYATU-EHYA-UT TURAS AL ISLAMI,10923,7262,60.31746031746032,False
JAMA'AH IHYA AL-TURAZ AL-ISLAMI,10923,6936,62.5,False
JAMI'AH AL-HIYA AL-TURATH AL ISLAMIYAH,10923,6936,65.38461538461539,False
LAJNAT IHYA AL-TURATH AL-ISLAMI,10923,8759,72.0,False
LAJNAT AL-IHYA AL-TURATH AL-ISLAMI,10923,8759,72.0,False
RIHS ADMINISTRATION FOR THE BUILDING OF MOSQUES AND ISLAMIC PROJECTS,10923,34542,58.42696629213483,False
RIHS MOSQUES COMMITTEE,10923,57901,58.82352941176471,False
ADMINISTRATION OF THE REVIVAL OF ISLAMIC HERITAGE SOCIETY COMMITTEE,10923,7149,71.91011235955057,False
RIHS ARAB WORLD COMMITTEE,10923,12213,56.00000000000001,False
RIHS COMMITTEE FOR THE ARAB WORLD,10923,12213,56.00000000000001,False
RIHS COMMITTEE FOR WEST ASIA,10923,23845,60.0,False
RIHS CENTRAL ASIA COMMITTEE,10923,45691,63.33333333333333,False
COMMITTEE FOR EUROPE AND THE AMERICAS,10923,11246,63.41463414634146,False
RIHS EUROPE AND THE AMERICAS COMMITTEE,10923,17100,57.6271186440678,False
RIHS TWO AMERICAS AND EUROPEAN MUSLIM COMMITTEE,10923,32275,57.14285714285714,False
RIHS EUROPE AMERICA MUSLIMS COMMITTEE,10923,32275,56.41025641025641,False
RIHS SOUTHEAST ASIA COMMITTEE,10923,50115,61.53846153846154,False
RIHS COMMITTEE FOR SOUTH EAST ASIA,10923,57901,57.6271186440678,False
RIHS INDIAN CONTINENT COMMITTEE,10923,15989,65.0,False
RIHS INDIAN SUBCONTINENT COMMITTEE,10923,20159,69.84126984126983,False
RIHS COMMITTEE FOR INDIA,10923,20284,63.829787234042556,False
RIHS AFRICAN CONTINENT COMMITTEE,10923,52163,61.33333333333333,False
REVIVAL OF ISLAMIC SOCIETY HERITAGE ON THE AFRICAN CONTINENT,10923,7149,75.29411764705883,False
RIHS PUBLIC RELATIONS COMMITTEE,10923,20284,65.51724137931035,False
RIHS CULTURAL COMMITTEE,10923,20284,64.0,False
RIHS PRINCIPLE COMMITTEE FOR THE CENTER FOR PRESERVATION OF THE HOLY QU'ARAN,10923,52163,60.0,False
RIHS GENERAL COMMITTEE FOR DONATIONS,10923,20284,64.40677966101696,False
RIHS YOUTH CENTER COMMITTEE,10923,22323,62.5,False
RIHS SCIENTIFIC COMMITTEE-BRANCH OF SABAH AL-NASIR,10923,12115,60.67415730337078,False
RIHS FATWAS COMMITTEE,10923,20284,62.5,False
RIHS CENTER FOR MANUSCRIPTS COMMITTEE,10923,55414,58.62068965517242,False
"RIHS EDUCATING COMMITTEES, AL-JAHRA'",10923,20284,62.06896551724138,False
RIHS AUDIO RECORDINGS COMMITTEE,10923,12213,57.14285714285714,False
RIHS PROJECT OF ASSIGNING PREACHERS COMMITTEE,10923,7754,53.608247422680414,False
RIHS OFFICE OF PRINTING AND PUBLISHING,10923,31999,56.60377358490566,False
RIHS COMMITTEE FOR WOMEN,10923,26542,63.1578947368421,False
"RIHS COMMITTEE FOR WOMEN, ADMINISTRATION FOR THE BUILDING OF MOSQUES",10923,25460,56.790123456790134,False
RIHS ADMINISTRATION FOR THE COMMITTEES OF ALMSGIVING,10923,25462,60.86956521739131,False
RIHS WOMEN'S BRANCH FOR THE PROJECT OF ENDOWMENT,10923,54409,55.072463768115945,False
RIHS COMMITTEE FOR ALMSGIVING AND CHARITIES,10923,54897,51.72413793103448,False
RIHS COMMITTEE FOR THE CALL AND GUIDANCE,10923,52163,56.33802816901409,False
RIHS-CAMBODIA,10923,55871,72.0,False
THE KUWAITI-CAMBODIAN ORPHANAGE CENTER,10923,25644,54.83870967741935,False
RIHS CAMBODIA-KUWAIT ORPHANAGE CENTER,10923,55843,58.82352941176471,False
RIHS CHAOM CHAU CENTER,10923,55414,68.08510638297872,False
THE KUWAIT-CAMBODIA ISLAMIC CULTURAL TRAINING CENTER,10923,47288,55.55555555555556,False
NARA WELFARE AND EDUCATION ASSOCIATION,10923,50003,69.44444444444444,False
RIHS-BOSNIA AND HERZEGOVINA,10923,17352,61.76470588235294,False
"KUWAITI JOINT RELIEF COMMITTEE, BOSNIA AND HERZEGOVINA",10923,12115,59.57446808510638,False
KJRC-BOSNIA AND HERZEGOVINA,10923,17352,58.82352941176471,False
"PLANDISTE SCHOOL, BOSNIA AND HERZEGOVINA",10923,17352,60.0,False
ORGANIZACIJA PREPORODA ISLAMSKE TRADICIJE KUVAJT,10923,26140,57.14285714285714,False
KUWAIT GENERAL COMMITTEE FOR AID,10923,57901,59.64912280701755,False
GENERAL KUWAIT COMMITTEE,10923,57901,64.15094339622642,False
RIHS-ALBANIA,10923,45709,60.0,False
CENTER OF CALL FOR WISDOM,10923,57223,62.857142857142854,False
CCFW,10923,,0.0,False
THIRRJA PER UTESI,10923,50783,37.83783783783784,False
NGO TURATH,10923,36017,27.450980392156865,False
RIHS-KOSOVO,10923,7771,47.05882352941176,False
DORA E MIRESISE,10923,9408,54.54545454545454,False
HAND OF MERCY,10923,23408,66.66666666666667,False
RIHS-AZERBAIJAN,10923,25890,68.42105263157895,False
RIHS-RUSSIA,10923,24229,66.66666666666667,False
RIHS-LEBANON,10923,10411,66.66666666666667,False
RIHS-BANGLADESH,10923,23843,86.66666666666667,False
RIHS-SOMALIA,10923,23848,83.33333333333334,False
RIHS-GHANA,10923,23667,53.84615384615385,False
RIHS-TANZANIA,10923,8110,59.45945945945945,False
RIHS-BENIN,10923,12469,57.14285714285714,False
RIHS-CAMEROON,10923,21073,48.0,False
RIHS-SENEGAL,10923,,0.0,False
RIHS-NIGERIA,10923,,0.0,False
RIHS-LIBERIA,10923,54338,56.00000000000001,False
RIHS-IVORY COAST,10923,30208,56.25,False
RIHS COMMITTEE FOR AFRICA,10923,10133,58.82352941176471,False
JOZA INDUSTRIES COMPANY,10927,10927,86.66666666666667,True
RAJAH SOLAIMAN REVOLUTIONARY MOVEMENT (RSRM),10928,10928,78.26086956521739,True
RAJAH SOLAIMAN GROUP,10928,10928,68.08510638297872,True
RAJAH SOLAIMAN ISLAMIC MOVEMENT (RSIM),10928,10928,85.71428571428572,True
RAJAH SULAYMAN MOVEMENT,10928,10928,84.0,True
RAJAH SULAIMAN MOVEMENT,10928,10928,88.0,True
RAJA SOLEIMAN MOVEMENT,10928,10928,85.71428571428572,True
MADYVA,10999,,0.0,False
DISTRIBUIDORA DE MUEBLES GAXIOLA HERMANOS,11003,10999,83.54430379746836,False
INMOBILIARIA GAXIOLA,11003,11003,81.63265306122449,True
CORPORATIVO GAXIOLA HERMANOS S.A. DE C.V.,11005,57234,68.0,False
MADYVA,11008,,0.0,False
GRUPO INDUSTRIAL GAXIOLA,11008,11008,84.21052631578947,True
SORAQIA FOR MEDIA AND BROADCASTING,11167,11167,94.33962264150944,True
SORAQIYA FOR MEDIA AND BROADCASTING,11167,11167,96.2962962962963,True
SBC TELEVISION,11167,10658,63.1578947368421,False
SBC TV,11167,,0.0,False
ICI,11181,,0.0,False
IRAN COMMUNICATIONS INDUSTRIES GROUP,11181,11181,89.23076923076923,True
SANAYE MOKHABERAT IRAN,11181,48734,62.22222222222222,False
SHIRAZ ELECTRONIC INDUSTRIES,11183,11183,98.24561403508771,True
SANAYE ELECTRONIC IRAN,11184,44782,73.91304347826086,False
SASAD IRAN ELECTRONICS INDUSTRIES,11184,11184,90.0,True
SHERKAT SANAYEH ELECTRONICS IRAN,11184,11183,68.85245901639344,False
SAIRAN,11184,45356,32.432432432432435,False
HESA TRADE CENTER,11195,57524,70.58823529411764,False
IRAN AIRCRAFT MANUFACTURING INDUSTRIES,11195,11195,94.73684210526316,True
IRAN AIRCRAFT MANUFACTURING COMPANY,11195,11195,83.07692307692307,True
KARKHANEJATE SANAYE HAVAPAYMAIE IRAN,11195,30375,49.23076923076923,False
TRANS SCIENTIFIC CORP.,11225,58037,62.5,False
"FARMACIA JARLYNE, S.A. DE C.V.",11245,11245,93.75,True
"FARMACIA JARLINE, S.A. DE C.V.",11245,11245,87.5,True
"FARMACIAS JERLYNE, S.A. DE C.V.",11245,11245,96.96969696969697,True
CHARITY COALITION,11256,20981,59.57446808510638,False
COALITION OF GOOD,11256,30403,51.61290322580645,False
ETILAFU EL-KHAIR,11256,15006,32.72727272727273,False
I'TILAF AL-KHAIR,11256,15006,30.188679245283023,False
I'TILAF AL-KHAYR,11256,25471,55.55555555555556,False
101 DAYS CAMPAIGN,11256,37270,38.297872340425535,False
ETELAF AL-KHAIR,11256,15006,33.333333333333336,False
PO YING JEWELLERY (HK) CO. LIMITED,11297,11297,72.34042553191489,True
HONG PANG GEMS AND JEWELLERY COMPANY LIMITED,11299,11299,100.0,True
"HONG KONG HONG PANG GEMS & JEWELLERY CO., LTD.",11300,11300,85.24590163934427,True
HONG PANG GEMS AND JEWELLERY (HK) CO. LIMITED,11300,11300,100.0,True
"HONG KONG HONG PANG GEMS AND JEWELLERY CO., LTD.",11300,11300,85.24590163934427,True
HONG PANG IMPORT EXPORT GENERAL TRADING COMPANY LIMITED,11304,11304,78.125,True
GOLD MOUNT INDUSTRIAL COMPANY LIMITED,11305,46919,74.4186046511628,False
HONG PANG ELECTRONIC INDUSTRIES LIMITED,11305,11305,93.33333333333333,True
TAI LONG HOTEL,11307,34156,64.0,False
DEHONG TAILONG INDUSTRY COMPANY LIMITED,11307,28364,76.0,False
THAILONG HOTEL,11307,11307,80.0,True
THAI LONG HOTEL,11307,34156,61.53846153846154,False
TAI LUNG HOTEL,11307,34156,64.0,False
YANGON AIRWAYS,11308,11308,100.0,True
CRUISE MISSILE INDUSTRY GROUP,11314,11314,76.92307692307692,True
CRUISE SYSTEMS INDUSTRY GROUP,11314,10388,68.0,False
8TH IMAM INDUSTRIES GROUP,11314,10388,73.91304347826086,False
SAMEN AL-A'EMMEH INDUSTRIES GROUP,11314,46919,76.0,False
NIOC,11317,11639,21.62162162162162,False
NAFT IRAN INTERTRADE COMPANY LTD,11318,11318,76.92307692307692,True
NAFTIRAN INTERTRADE COMPANY,11318,11318,100.0,True
NAFTIRAN INTERTRADE COMPANY LTD,11318,11318,100.0,True
WA'ID COMPANY,11346,,0.0,False
WA'ED ORGANIZATION,11346,7201,80.0,False
WAAD,11346,11346,50.0,True
WAED,11346,55987,22.857142857142854,False
WA'D PROJECT,11346,11346,90.9090909090909,True
AL-WAAD AL-SADIQ,11346,11346,45.45454545454546,True
WAAD COMPANY,11346,11346,50.0,True
WAAD FOR REBUILDING THE SOUTHERN SUBURB,11346,55464,50.0,False
'MASHURA WAAD LAADAT AL-AAMAR,11346,43137,40.74074074074075,False
WAAD PROJECT FOR RECONSTRUCTION,11346,11346,61.53846153846154,True
WA'AD AS SADIQ,11346,22943,30.76923076923077,False
KURDISTAN FREE LIFE PARTY,11351,11351,100.0,True
PARTY OF FREE LIFE OF KURDISTAN,11351,11351,100.0,True
PARTIYA JIYANA AZAD A KURDISTANE,11351,10665,72.41379310344827,False
PEJAK,11351,,0.0,False
PEZHAK,11351,56772,41.379310344827594,False
PJAK,11351,,0.0,False
TRAPSA,11417,50892,14.492753623188403,False
TAUSA S.A.,11418,,0.0,False
TRANSPORTES AEREAS UCHIZA S.A.,11418,11409,65.21739130434783,False
CARTEL DE SINALOA,11440,11440,100.0,True
KHORASAN METALOGY INDUSTRIES,11441,11441,93.10344827586206,True
SANAYE METOLOGIE IRAN,11441,48734,63.63636363636363,False
KHORASAN AMMUNITION AND METALLURGY INDUSTRIES,11441,11441,84.50704225352112,True
THE METALLURGY INDUSTRIES OF KHORASAN,11441,11441,100.0,True
KAVEH CUTTING TOOLS,11442,11442,100.0,True
KAVEH CUTTING TOOLS COMPLEX,11442,11442,82.6086956521739,True
KAVEH CUTTING TOOLS FACTORIES,11442,11442,79.16666666666666,True
AMIN INDUSTRIAL COMPOUND,11443,11443,85.1063829787234,True
AMIN INDUSTRIAL COMPANY,11443,11443,78.94736842105263,True
YAZD METALLURGICAL INDUSTRIES,11444,11444,90.9090909090909,True
YAZD METALLURGICAL IND'S CO.,11444,11444,75.0,True
SHAHID SAYYAD SHIRAZI INDUSTRIES,11445,11445,98.46153846153847,True
SHAHID SAYYED SHIRAZI IND.,11445,11445,82.75862068965517,True
NIRU CO. LTD.,11446,16041,33.333333333333336,False
SHERKAT BATTERY SAZI NIRU SAHAMI KHASS,11446,55013,52.3076923076923,False
NIROU BATTERY MANUFACTURING SABA BATTERY COMPANY,11446,11446,78.78787878787878,True
THE NIRU BATTERY COMPANY,11446,11446,63.1578947368421,True
KATA'IB HEZBOLLAH,11462,11462,88.23529411764706,True
KHATA'IB HEZBOLLAH,11462,24588,54.54545454545454,False
KHATTAB HEZBALLAH,11462,24588,50.0,False
HIZBALLAH BRIGADES,11462,4697,66.66666666666667,False
HIZBALLAH BRIGADES IN IRAQ,11462,11462,60.46511627906976,True
HIZBALLAH BRIGADES-IRAQ,11462,44620,63.63636363636363,False
KHATA'IB HIZBALLAH,11462,11462,97.14285714285714,True
TAN S.A.,11479,,0.0,False
HOSTERIA LLANOGRANDE,11480,11878,45.833333333333336,False
AEROCONDOR S.A. DE C.V.,11483,11483,71.42857142857143,True
EPANASTATIKOS AGHONAS,11496,,0.0,False
NAMCHONGANG TRADING,11532,11532,100.0,True
NAM CHON GANG CORPORATION,11532,19569,58.06451612903225,False
NOMCHONGANG TRADING CO.,11532,11532,94.73684210526316,True
KOREA NAMHUNG TRADING CORPORATION,11532,27383,90.47619047619048,False
NAMHUNG,11532,,0.0,False
KOREA TAERYONGGANG TRADING CORPORATION,11532,9525,89.79591836734694,False
HONG KONG ELECTRONICS KISH CO,11533,11533,89.36170212765957,True
CANALVE LTDA.,11558,11558,68.75,True
HOSTERIA LAS DOS PALMAS,11560,12446,57.14285714285714,False
KKBC,11581,,0.0,False
BORDER TRADE SETTLEMENT BANK,11581,42796,64.15094339622642,False
DPRK BORDER TRADE SETTLEMENT BANK,11581,42796,58.62068965517242,False
GBAE,11598,,0.0,False
GENERAL DEPARTMENT OF ATOMIC ENERGY,11598,11598,80.0,True
RYUNGSENG TRADING CORPORATION,11599,36297,76.47058823529412,False
RYUNG SENG TRADING CORPORATION,11599,48722,75.67567567567568,False
RYUNGSONG TRADING CORPORATION,11599,22324,80.0,False
KOREA KURYONGGANG TRADING CORPORATION,11599,9525,91.66666666666666,False
SECOND ACADEMY OF NATURAL SCIENCES FOREIGN AFFAIRS BUREAU,11599,12215,72.94117647058825,False
KOREA KUWOLSAN TRADING CORPORATION,11599,20603,90.47619047619048,False
KOREA RYENHAP 2 TRADING CORPORATION,11599,53817,82.92682926829268,False
IMIDRO,11607,,0.0,False
IRAN MINING INDUSTRIES DEVELOPMENT AND RENOVATION ORGANIZATION,11607,11607,92.80000000000001,True
IRANIAN MINES AND MINERAL INDUSTRIES DEVELOPMENT AND RENOVATION,11607,11607,81.9672131147541,True
ASCOTEC GMBH,11608,11609,70.0,False
AHWAZ STEEL COMMERCIAL & TECHNICAL SERVICE GMBH  ASCOTEC,11608,44020,62.65060240963856,False
AHWAZ STEEL COMMERCIAL AND TECHNICAL SERVICE GMBH ASCOTEC,11608,44020,62.65060240963856,False
METAL & MINERAL TRADE (MMT),11610,11610,90.47619047619048,True
MMT LUXEMBURG,11610,40478,70.96774193548387,False
MMT SARL,11610,,0.0,False
METAL AND MINERAL TRADE S.A.R.L.,11610,11610,100.0,True
METAL AND MINERAL TRADE (MMT),11610,11610,90.47619047619048,True
IRASCO ITALY,11611,11611,66.66666666666667,True
ASCOTEC STEEL,11613,11613,76.47058823529412,True
BREYELLER KALTBAND GMBH,11614,11616,63.63636363636363,False
ASCOTEC MINERAL AND MACHINERY GMBH,11614,11614,100.0,True
ASCOTEC SCIENCE AND TECHNOLOGY GMBH,11615,11615,100.0,True
ROETZEL-STAHL GMBH & CO. KG,11616,11616,51.28205128205128,True
BREYELLER STAHL TECHNOLOGY GMBH AND CO. KG,11616,11616,100.0,True
ROETZEL-STAHL GMBH AND CO. KG,11616,11616,51.28205128205128,True
THE NATIONAL PETROCHEMICAL COMPANY,11618,11618,100.0,True
SHERKATE BAZARGANI PETRCHEMIE,11619,34103,61.53846153846154,False
SHERKATE BASARGANI PETROCHEMIE (SAHAMI KHASS),11619,16029,56.41025641025641,False
PETROCHEMICAL COMMERCIAL COMPANY,11619,11625,100.0,False
NPC INTERNATIONAL COMPANY,11620,11620,100.0,True
N P C INTERNATIONAL LTD,11620,15709,92.3076923076923,False
NPC INTERNATIONAL LIMITED,11620,11620,100.0,True
INTRA-CHEM TRADING CO. (GMBH),11621,11621,100.0,True
PETROCHEMICAL COMMERCIAL COMPANY INTERNATIONAL LTD,11622,11622,100.0,True
PETROCHEMICAL TRADING COMPANY LIMITED,11622,54606,91.30434782608697,False
PETROCHEMICAL COMMERCIAL COMPANY INTERNATIONAL LIMITED,11622,11622,100.0,True
PCC SINGAPORE PTE LTD,11623,54168,88.88888888888889,False
P.C.C. SINGAPORE BRANCH,11623,54168,73.33333333333334,False
PCC FZE,11625,,0.0,False
PCC (UK),11626,,0.0,False
PCC UK,11626,,0.0,False
PCC UK LTD,11626,,0.0,False
IFIC,11627,11628,50.0,False
IHAG,11628,11629,50.0,False
BIMEH IRAN,11631,25237,66.66666666666667,False
BIUK,11632,,0.0,False
PETROPARS LIMITED,11633,11633,100.0,True
PPI FZE,11634,,0.0,False
KALA NAFT LONDON LTD,11636,57882,62.06896551724138,False
IOC UK LTD,11638,,0.0,False
PETRO IRAN DEVELOPMENT COMPANY,11641,23274,80.0,False
IRAN DEVELOPMENT & RENOVATION ORGANIZATION COMPANY,11643,11643,87.91208791208791,True
IDRO,11643,50498,66.66666666666667,False
SAWZEMANE GOSTARESH VA NOWSAZI SANAYE IRAN,11643,39646,61.76470588235294,False
IRAN DEVELOPMENT AND RENOVATION ORGANIZATION COMPANY,11643,11643,87.91208791208791,True
MASHIN SAZI ARAK,11644,11644,90.9090909090909,True
MACHINE SAZI ARAK SSA,11644,11644,89.47368421052632,True
MACHINE SAZI ARAK COMPANY P J S C,11644,11644,100.0,True
WEST SUN TRADE,11645,11645,100.0,True
AMNOKKANG DEVELOPMENT BANK,11647,11647,88.46153846153845,True
AL-QA'IDA ORGANIZATION IN THE ARABIAN PENINSULA,11695,11695,80.59701492537313,True
TANZIM QA'IDAT AL-JIHAD FI JAZIRAT AL-ARAB,11695,11695,53.968253968253975,True
AL-QA'IDA OF JIHAD ORGANIZATION IN THE ARABIAN PENINSULA,11695,11695,73.97260273972603,True
AL-QA'IDA IN YEMEN,11695,19892,64.0,False
AL-QA'IDA IN THE SOUTH ARABIAN PENINSULA,11695,11695,90.0,True
ANSAR AL-SHARI'A,11695,7472,72.72727272727273,False
ANSAR AL-SHARIA,11695,27763,76.92307692307692,False
ANSAR AL-SHARIAH,11695,27763,74.07407407407408,False
ANSAR AL SHARIAH,11695,27763,74.07407407407408,False
PARTISANS OF ISLAMIC LAW,11695,33575,64.86486486486487,False
"ESTETIC CAR WASH, S.A. DE C.V.",11701,11701,96.96969696969697,True
GRUPO ILC,11730,40384,73.6842105263158,False
"ILC CONSULTORES ADMINISTRATIVOS, S. DE R.L. DE C.V.",11730,18828,69.23076923076923,False
"RESTAURANTE EL HABANERO, S.A. DE C.V.",11730,11774,65.21739130434783,False
ARMED MEN OF THE NAQSHABANDI ORDER,11749,11749,57.14285714285714,True
NAQSHABANDI ARMY,11749,11749,62.22222222222222,True
ARMY OF THE MEN OF THE NAQSHBANDI ORDER,11749,11749,59.25925925925925,True
NAQSHBANDI ARMY,11749,11749,59.09090909090908,True
MEN OF THE ARMY OF AL-NAQSHBANDIA WAY,11749,11749,60.37735849056604,True
JAYSH RAJAL AL-TARIQAH AL-NAQSHBANDIA,11749,11749,90.0,True
CHINA JMM IMPORT & EXPORT SHANGHAI PUDONG CORPORATION,11750,51098,65.67164179104478,False
CHINA JMM IMPORT AND EXPORT SHANGHAI PUDONG CORPORATION,11750,51098,65.67164179104478,False
RAHSAZ INSTITUTE,11789,11789,90.32258064516128,True
MAKIN COMPANY,11790,11790,50.0,True
FATER ENGINEERING COMPANY,11792,50112,87.5,False
FAATER INSTITUTE,11792,11792,69.76744186046511,True
GHARARGAH GHAEM FAATER INSTITUTE,11792,10496,62.06896551724138,False
GRUPO MBS LDA,11794,11794,83.87096774193549,True
PUREPECHA TRUCKING CO.,11805,11805,61.904761904761905,True
KUARZO DISCOTECA,11854,26153,53.65853658536586,False
GANAPALMAS S.A.,11857,11857,50.0,True
INAGRO LTDA.,11859,13355,58.33333333333333,False
CARNES CUERNAVACA,11862,20209,52.17391304347826,False
ERPAC,11868,,0.0,False
PEOPLE'S REVOLUTIONARY ANTI-TERRORIST ARMY OF COLOMBIA,11868,33983,75.0,False
TRANSCIBA,11875,33916,73.6842105263158,False
WISMOTOS S.A.,11877,11842,59.25925925925925,False
SIRAJ AL-AQSA TV,11911,11911,70.0,True
HAMAS TV,11911,4695,76.92307692307692,False
THE AQSA LAMP,11911,11911,62.5,True
AL-AQSA SATELLITE TELEVISION,11911,37196,72.0,False
PALESTINE ISLAMIC NATIONAL BANK,11913,11913,73.6842105263158,True
ISLAMIC NATIONAL BANK COMPANY,11913,11913,89.36170212765957,True
ONER-BANK,12028,12481,77.77777777777779,False
HONORBANK,12028,57576,36.8421052631579,False
ONERBANK,12028,12028,100.0,True
EFTEKHAR BANK,12028,12481,72.72727272727273,False
HONORBANK ZAO,12028,57576,36.8421052631579,False
HONOR BANK,12028,12481,73.6842105263158,False
ONER BANK,12028,12481,77.77777777777779,False
MANUFACTURING SUPPORT & PROCUREMENT CO.-KALA NAFT,12032,25041,63.76811594202898,False
M.S.P.-KALA,12032,11636,100.0,False
KALA NAFT CO SSK,12032,12032,60.60606060606061,True
KALA NAFT COMPANY LTD,12032,12032,62.06896551724138,True
KALA NAFT TEHRAN,12032,12032,88.88888888888889,True
SHERKAT SAHAMI KHASS KALA NAFT,12032,12032,60.0,True
SHERKATE POSHTIBANI SAKHT VA TAHEIH KALAIE NAFTE TEHRAN,12032,16026,47.19101123595506,False
MSP KALANAFT,12032,12032,56.25,True
KALA NAFT TEHRAN COMPANY,12032,12032,88.88888888888889,True
SHERKAT SAHAMI KHASS POSHTIBANI VA TEHIYEH KALAYE NAFT TEHRAN,12032,16026,48.421052631578945,False
KALAYEH NAFT CO,12032,12032,56.25,True
MANUFACTURING SUPPORT AND PROCUREMENT (M.S.P.) KALA NAFT CO. TEHRAN,12032,25041,57.89473684210527,False
MSP KALA NAFT TEHRAN COMPANY,12032,12032,100.0,True
"MANUFACTURING, SUPPORT AND PROCUREMENT KALA NAFT COMPANY",12032,25041,63.76811594202898,False
MSP-KALANAFT COMPANY,12032,12032,56.25,True
SEPAH PASDARAN AIR FORCE,12055,45612,61.81818181818181,False
IRGC AIR FORCE,12055,26719,62.5,False
ISLAMIC REVOLUTION GUARDS CORPS AIR FORCE,12055,12055,95.23809523809523,True
ISLAMIC REVOLUTIONARY GUARDS CORPS AIR FORCE,12055,12055,98.85057471264368,True
IRGCAF,12055,26720,66.66666666666667,False
"AIR FORCE, IRGC (PASDARAN)",12055,45612,59.25925925925925,False
ISLAMIC REVOLUTIONARY GUARDS CORPS AEROSPACE FORCE,12055,12055,90.32258064516128,True
AEROSPACE FORCE OF THE ARMY OF THE GUARDIANS OF THE ISLAMIC REVOLUTION,12055,12055,76.08695652173914,True
AFAGIR,12055,57173,32.25806451612904,False
AEROSPACE DIVISION OF IRGC,12055,9348,57.14285714285714,False
IRGC AEROSPACE FORCE,12055,40191,77.27272727272727,False
IRGCASF,12055,26720,62.5,False
IRGC MISSILE COMMAND,12056,23085,57.77777777777777,False
IRGC AIR FORCE AL-GHADIR MISSILE COMMAND,12056,12056,60.215053763440864,True
SEPANIR,12059,25913,47.61904761904761,False
SEPANIR ESTABLISHMENT,12059,41699,66.66666666666667,False
MAHAB GHODSS CONSULTING ENGINEERS SSK,12081,12081,88.88888888888889,True
MAHAB GHODSS CONSULTING ENGINEERING CO.,12081,12081,100.0,True
MAHAB QODS ENGINEERING CONSULTING CO.,12081,12081,82.35294117647058,True
GANARECA S.A.,12101,11856,43.75,False
VEZARAT-E ETTELA'AT VA AMNIAT-E KESHVAR,12111,4639,47.27272727272728,False
IMAM KHOMEINI RELIEF ORGANIZATION,12115,11502,66.66666666666667,False
ISLAMIC CHARITY EMDAD,12115,7199,70.27027027027026,False
ISLAMIC EMDAD CHARITABLE COMMITTEE,12115,53915,63.1578947368421,False
COMITE ISLAMIQUE DAIDES ET DE BIEM LIBAN,12115,25802,51.515151515151516,False
IMAM KHOMEINY AID COMMITTEE,12115,12115,66.66666666666667,True
IMDAD ISLAMIC ASSOCIATION COMMITTEE FOR CHARITY,12115,12686,66.66666666666667,False
ISLAMIC CHARITY EMDAD COMMITTEE,12115,7199,55.319148936170215,False
EMDAD ASSISTANCE FOUNDATION,12115,27143,74.28571428571429,False
EMDAD COMMITTEE FOR ISLAMIC CHARITY,12115,7199,55.319148936170215,False
IMDAD COMMITTEE FOR ISLAMIC CHARITY,12115,7199,55.319148936170215,False
IMDAD ASSOCIATION OF THE ISLAMIC PHILANTHROPIC COMMITTEE,12115,47400,58.69565217391304,False
IMAM KHOMEINI SUPPORT COMMITTEE,12115,12115,68.42105263157895,True
IMAM KHOMEINI EMDAD COMMITTEE,12115,12115,62.16216216216216,True
IMAM KHOMEINI IMDAD COMMITTEE,12115,12115,62.16216216216216,True
KOMITE EMDAD EMAM,12115,47483,54.054054054054056,False
IMAM KHOMEINI FOUNDATION,12115,16004,61.904761904761905,False
KHOMEINI SOCIAL HELP COMMITTEE,12115,12213,61.81818181818181,False
KHOMEINI CHARITABLE FOUNDATION,12115,53915,61.904761904761905,False
IRANIAN HEADQUARTERS FOR THE RECONSTRUCTION OF LEBANON,12120,12120,79.51807228915662,True
IRAN'S HEADQUARTERS FOR THE RECONSTRUCTION OF LEBANON,12120,12120,75.0,True
IRANIAN COMMITTEE FOR THE CONTRIBUTION IN THE RECONSTRUCTION OF LEBANON,12120,12120,83.33333333333334,True
IRANIAN ORGANIZATION FOR RECONSTRUCTION IN LEBANON,12120,12120,74.4186046511628,True
IRANIAN COMMITTEE FOR REBUILDING LEBANON,12120,12120,81.57894736842105,True
IRANIAN ORGANIZATION FOR REBUILDING LEBANON,12120,49721,65.75342465753424,False
IRANIAN CONTRIBUTORY ORGANIZATION FOR RECONSTRUCTING LEBANON,12120,12120,70.83333333333333,True
IRANIAN COMMISSION FOR REBUILDING SOUTHERN LEBANON,12120,12120,67.44186046511628,True
IRANIAN COMMISSION IN LEBANON,12120,40656,66.66666666666667,False
IRANIAN COMMITTEE TO RECONSTRUCT LEBANON,12120,12120,95.0,True
MOVEMENT OF ISLAMIC HOLY WAR,12148,6725,69.23076923076923,False
HARKAT-UL-JIHAD-AL ISLAMI,12148,12148,97.77777777777777,True
HARKAT-AL-JIHAD-UL ISLAMI,12148,12148,97.77777777777777,True
HARKAT-UL-JEHAD-AL-ISLAMI,12148,12148,93.33333333333333,True
HARAKAT UL JIHAD-E-ISLAMI,12148,12148,100.0,True
M.A.T.S.A. S.A. DE C.V.,12193,,0.0,False
TEHRIK-I-TALIBAN PAKISTAN,12206,12206,92.0,True
TEHRIK-E-TALIBAN,12206,12206,68.29268292682926,True
PAKISTANI TALIBAN,12206,12206,72.72727272727273,True
TEHREEK-E-TALIBAN,12206,6636,63.63636363636363,False
OFFICE #39,12209,12209,100.0,True
OFFICE NO. 39,12209,12209,85.71428571428572,True
BUREAU 39,12209,15486,51.85185185185186,False
CENTRAL COMMITTEE BUREAU 39,12209,12210,60.71428571428572,False
DIVISION 39,12209,44623,64.0,False
CHONGCH'AL CH'ONGGUK,12210,17067,56.41025641025641,False
KPA UNIT 586,12210,44989,48.0,False
CHONGSONG YONHAP,12212,19569,64.70588235294117,False
CH'O'NGSONG YO'NHAP,12212,,0.0,False
CHO'NGSONG UNITED TRADING COMPANY,12212,50140,69.38775510204081,False
JINDALLAE,12212,,0.0,False
SAENGP'IL COMPANY,12212,53817,41.379310344827594,False
KU'MHAERYONG COMPANY LTD,12212,,0.0,False
NATURAL RESOURCES DEVELOPMENT AND INVESTMENT CORPORATION,12212,44243,66.66666666666667,False
CHOSUN CHAWO'N KAEBAL T'UJA HOESA,12212,,0.0,False
MILITARY SUPPLIES INDUSTRY DEPARTMENT,12214,12214,75.75757575757575,True
2ND ACADEMY OF NATURAL SCIENCES,12215,12215,81.35593220338984,True
CHE 2 CHAYON KWAHAK-WON,12215,,0.0,False
ACADEMY OF NATURAL SCIENCES,12215,12215,87.27272727272728,True
CHAYON KWAHAK-WON,12215,,0.0,False
NATIONAL DEFENSE ACADEMY,12215,19492,85.71428571428572,False
KUKPANG KWAHAK-WON,12215,,0.0,False
SECOND ACADEMY OF NATURAL SCIENCES RESEARCH INSTITUTE,12215,44263,76.76767676767678,False
SANSRI,12215,48840,43.47826086956522,False
HUNJIN TRADING CO.,12220,19711,80.0,False
AL-RAHMAT TRUST,12294,19682,30.303030303030297,False
AL-REHMAN TRUST,12294,12294,83.33333333333334,True
UR-RAHMAN TRUST,12294,19682,38.888888888888886,False
AR-RAHMAN TRUST,12294,20981,41.02564102564102,False
UR-RAMAT TRUST,12294,30411,61.53846153846154,False
PEOPLE'S RESISTANCE MOVEMENT OF IRAN (PMRI),12299,49260,74.19354838709677,False
JONBESH-I MOQAVEMAT-I-MARDOM-I IRAN,12299,30387,48.97959183673469,False
THE POPULAR RESISTANCE MOVEMENT OF IRAN,12299,49260,75.86206896551724,False
SOLDIERS OF GOD,12299,50748,50.0,False
FEDAYEEN-E-ISLAM,12299,12733,66.66666666666667,False
FORMER JUNDALLAH OF IRAN,12299,18644,57.77777777777777,False
JUNDULLAH,12299,20620,44.44444444444444,False
JONDULLAH,12299,,0.0,False
JUNDOLLAH,12299,20620,44.44444444444444,False
JONDOLLAH,12299,,0.0,False
JONDALLAH,12299,,0.0,False
ARMY OF GOD (GOD'S ARMY),12299,12733,51.85185185185186,False
BALOCH PEOPLES RESISTANCE MOVEMENT (BPRM),12299,49260,64.61538461538461,False
JUNDALLAH,12299,20620,44.44444444444444,False
JEYSH AL-ADL,12299,,0.0,False
ARMY OF JUSTICE,12299,56425,59.45945945945945,False
JAISH UL-ADL,12299,17289,52.63157894736843,False
JAISH AL-ADL,12299,6935,43.47826086956522,False
JAISH ALADL,12299,48503,47.61904761904761,False
JEISH AL-ADL,12299,,0.0,False
TAESONG BANK,12312,12312,73.33333333333334,True
CHOSON TAESONG UNHAENG,12312,12219,60.46511627906976,False
DAESONG TRADING COMPANY,12313,9519,89.65517241379311,False
KOREA DAESONG TRADING COMPANY,12313,12313,84.0,True
KOREA DAESONG TRADING CORPORATION,12313,12313,84.0,True
DAESONG TRADING,12313,9519,89.65517241379311,False
FUSION PIZZA & PARRILLA,12426,12425,42.10526315789473,False
RICA'S PIZZA,12426,12426,80.0,True
OSERMACA,12437,,0.0,False
AGROINDUPALMA S.A.,12446,20207,68.75,False
TAJCO LTD,12452,12452,100.0,True
TAJCO SARL,12452,12452,100.0,True
TAJCO COMPANY,12452,12452,100.0,True
TAJCO COMPANY LLC,12452,12452,100.0,True
TRADEX CO,12452,41129,66.66666666666667,False
GRAND STORES (THE GAMBIA LOCATION ONLY),12452,28047,60.31746031746032,False
GOLFRATE AFRICA,12453,32791,66.66666666666667,False
GOLFRATE,12453,51602,58.82352941176471,False
GOLFRATE DISTRIBUTION,12453,13010,71.7948717948718,False
GOLFRATE FOOD INDUSTRIES,12453,20579,68.29268292682926,False
GOLFRATE HPC INDUSTRIES,12453,11198,69.76744186046511,False
GOLFRATE PAINTS,12453,41009,57.14285714285714,False
CONGO FUTURE,12454,12454,95.65217391304348,True
GROUPE CONGO FUTUR,12454,12454,75.86206896551724,True
CONGO FUTUR IMPORT,12454,12454,75.86206896551724,True
KAIRABA SHOPPING CENTER,12455,11796,71.11111111111111,False
OVLAS TRADING S.A.L.,12456,12456,100.0,True
GRUPO AROSFRAN,12457,11486,69.23076923076923,False
GRUPO AROSFRAM,12457,50228,69.23076923076923,False
AROSFRAN,12457,12457,30.76923076923077,True
AFRI BELG,12458,10133,54.54545454545454,False
AFRI-BELG,12458,10133,54.54545454545454,False
AFRI-BELG SUPERMERCADOS,12458,12458,57.14285714285714,True
CASH & CARRY RETAIL STORES,12458,11702,52.17391304347826,False
AFRI-BELG CONTRUCTION,12458,12458,62.96296296296296,True
AFRI-BELG AGRICULTURE,12458,22983,56.00000000000001,False
ELLISSA SAL (HOLDING),12464,12464,100.0,True
AGRO-PHEN,12467,12467,94.11764705882352,True
ELLISSA MEGA STORE,12471,12471,97.14285714285714,True
ELLISSA PARC CONGO,12475,12470,89.47368421052632,False
ELLISSA GROUP SA CONGO,12475,12475,82.6086956521739,True
ELLISSA GROUP CONGO,12475,12475,82.6086956521739,True
POGC,12476,,0.0,False
BONYAD-E TA'AVON-E,12477,25017,66.66666666666667,False
IRGC COOPERATIVE FOUNDATION,12477,13146,53.06122448979591,False
SEPAH COOPERATIVE FOUNDATION,12477,25913,58.06451612903225,False
ANSAR FINANCE AND CREDIT FUND,12478,13143,65.38461538461539,False
ANSAR FINANCIAL AND CREDIT INSTITUTE,12478,45808,63.63636363636363,False
BANK-E ANSAR,12478,12478,100.0,True
BANK ANSAR,12478,12478,100.0,True
MEHR INTEREST-FREE BANK,12481,25018,70.0,False
MEHR FINANCE AND CREDIT INSTITUTE,12481,45691,61.29032258064516,False
SHAHID BABAIE INDUSTRIES,12524,12524,82.92682926829268,True
SHAHID BABAIE INDUSTRIES COMPLEX,12524,23064,73.33333333333334,False
SHAHID BABAII INDUSTRIES CO.,12524,22785,80.0,False
ELESSA EXCHANGE,12544,12544,90.32258064516128,True
ELISSA EXCHANGE,12544,12544,96.7741935483871,True
HASSAN AYAS PARTNER EXCHANGE CO,12545,12545,81.63265306122449,True
AYASH XCHANGE CO.,12545,12545,76.47058823529412,True
AYASH EXCHANGE COMPANY SARL,12545,26536,85.71428571428572,False
MAKDESSI SAYRAFI COMPANY,12545,,0.0,False
HASSANE AYASH EXCHANGE CO. SARL,12545,12545,97.67441860465115,True
HASSAN AYACH EXCHANGE,12545,12545,95.23809523809523,True
MACPAR MAKINA,12550,12550,70.27027027027026,True
STEP ISTANBUL,12551,12551,47.05882352941176,True
STANDART TEKNIK PARCA SAN VE TIC A.S.,12551,48800,62.857142857142854,False
STEP STANDARD TECHNICAL COMPONENTS INDUSTRY AND TRADING CORPORATION,12551,46810,59.74025974025974,False
STANDARD TECHNICAL COMPONENT INDUSTRY AND TRADE COMPANY,12551,19630,63.29113924050633,False
STEP S.A.,12551,12551,100.0,True
MULTIMAT DOMESTIC AND FOREIGN TRADE MARKETING LTD.,12552,37450,60.97560975609756,False
MULTIMAT TEHRAN,12552,30380,64.28571428571428,False
MACHINE PARDAZAN LTD.,12554,12554,100.0,True
MACHINE PARDAZAN CO. LTD.,12554,12554,100.0,True
GREEN LEAF TRADING LLC,12580,12580,81.81818181818181,True
NEW ANSARI MONEY SERVICES PROVIDER,12581,52938,65.45454545454545,False
NAWI ANSARI LTD,12581,12582,85.71428571428572,False
NEW ANSARI COMPANY,12581,12582,100.0,False
INTERCONTINENTAL BAUMASCHINEN,12602,12602,69.04761904761905,True
SEKHTA EPANASTATON,12605,,0.0,False
SEKTA EPANASTATON,12605,,0.0,False
SECTA EPANASTATON,12605,12605,48.64864864864865,True
REVOLUTIONARIES SECT,12605,12605,100.0,True
REBEL SECT,12605,12605,53.333333333333336,True
ARMED STRUGGLE FOR REVOLUTIONARY INDEPENDENCE SECT OF REVOLUTIONARIES,12605,4714,61.53846153846154,False
GADDAFI INTERNATIONAL FOUNDATION FOR CHARITY ORGANISATIONS,12685,12685,69.04761904761905,True
TONGBANG U'NHAENG,12696,23723,55.00000000000001,False
TONGBANG BANK,12696,20571,72.0,False
DONGBANG BANK,12696,20571,72.0,False
SAZMAN-E MOGHAVEMAT-E BASIJ,12727,25017,57.14285714285714,False
BASIJ-E MELLI,12727,25420,76.19047619047619,False
BASEEJ,12727,49679,38.095238095238095,False
MOBILIZATION OF THE OPPRESSED ORGANIZATION,12727,26383,67.79661016949152,False
SAZMAN BASIJ MELLI,12727,30413,66.66666666666667,False
VAHED-E BASIJ-E MOSTAZAFEEN,12727,30346,53.84615384615385,False
BASIJ,12727,24224,44.44444444444444,False
ISLAMIC REVOLUTION GUARDS CORPS RESISTANCE FORCE,12727,12055,79.12087912087912,False
SAZEMAN-E BASIJ-E MOSTAZAFAN,12727,30346,60.37735849056604,False
VAHED-E BASIJ MOSTAZA'FEEN,12727,12727,56.52173913043479,True
NIROOYE MOGHAVEMATE BASIJ,12727,24224,47.36842105263158,False
NIRUYEH MOGHAVEMAT BASIJ,12727,11446,48.0,False
BASIJ RESISTANCE FORCES,12727,12727,97.77777777777777,True
JAISH AL-ISLAM,12733,7280,61.53846153846154,False
JAYSH AL-ISLAM,12733,12299,70.0,False
CHAM INVESTMENT GROUP,12744,15866,81.08108108108108,False
AL SHAM COMPANY,12744,40398,50.0,False
SHAM HOLDING COMPANY SAL,12744,46726,81.4814814814815,False
AL-SHAM COMPANY,12744,40398,50.0,False
BENA,12745,12745,42.10526315789473,True
BANNA PROPERTIES,12745,12745,90.32258064516128,True
AL MASHREK FUND,12746,12746,62.857142857142854,True
AL MASHREK HOLDING,12746,26206,78.57142857142857,False
AL MASHRIQ INVESTMENT FUND,12746,12746,95.65217391304348,True
AL MASHRIQ HOLDING,12746,26206,78.57142857142857,False
IMIRAT KAVKAZ,12756,47908,43.24324324324324,False
IMARAT KAVKAZ,12756,47908,43.24324324324324,False
ISLAMIC EMIRATE OF THE CAUCASUS,12756,12756,80.0,True
IRAN'S LAW ENFORCEMENT FORCES,12763,34099,79.41176470588236,False
NIRUYIH INTIZAMIYEH JUMHURIYIH ISLAMIYIH IRAN,12763,4632,58.97435897435898,False
NAJA,12763,47452,25.806451612903224,False
IRANIAN POLICE,12763,15766,82.35294117647058,False
MEHR EGHTESAD IRANIAN INVESTMENT COMPANY,12802,12802,95.23809523809523,True
MEHR IRANIAN ECONOMY COMPANY,12802,12802,62.745098039215684,True
MEHR IRANIAN ECONOMY INVESTMENTS,12802,12802,79.36507936507937,True
TEJARAT TOSE'E EQTESADI IRANIAN,12802,27446,65.3061224489796,False
MEHR EQTESAD IRANIAN INVESTMENT COMPANY,12802,12802,100.0,True
TIDE WATER MIDDLE EAST MARINE SERVICE,12803,12803,72.41379310344827,True
TIDEWATER CO. (MIDDLE EAST MARINE SERVICES),12803,12803,72.41379310344827,True
TIDE WATER COMPANY,12803,12803,64.51612903225806,True
FARAZ ROYAL QESHM LLC,12803,16027,66.66666666666667,False
BORYOKUDAN,12816,,0.0,False
GOKUDO,12816,,0.0,False
HAMSHO GROUP INTERNATIONAL,12846,12846,100.0,True
HAMSHO GROUP,12846,22695,78.26086956521739,False
HAMSHO INTERNATIONAL,12846,12846,86.95652173913044,True
HAMCHO INTERNATIONAL,12846,8247,86.48648648648648,False
NAFTAN OJSC,12860,12860,100.0,True
NAFTAN,12860,12860,100.0,True
NAFTAN PROIZVODSTVENNOYE OBYEDINENYE,12860,49944,80.51948051948052,False
NAFTAN PRODUCTION ASSOCIATION,12860,35343,75.75757575757575,False
GRODNO AZOT,12861,12861,100.0,True
GPO AZOT OJSC,12861,12861,73.6842105263158,True
GRODNESKOYE PROZVODSTVENNOYE OBYEDINENYE AZOT,12861,49177,73.33333333333334,False
RUP GRODNENSKOYE PO AZOT,12861,12861,62.857142857142854,True
RUP GPO AZOT,12861,12861,60.86956521739131,True
JSC GRODNO KHIMVOLOKNO,12862,12862,100.0,True
GRODNO KHIMVOLOKNO JSC,12862,12862,100.0,True
GRODNO CHEMICAL FIBRE OJSC,12862,10887,62.5,False
BELSHINA OJSC,12863,12863,100.0,True
BELSHINA TYRE WORKS OAO,12863,12863,59.25925925925925,True
JSC BELSHINA,12863,12863,100.0,True
RUP BELORUSSKY SHINNY KOMBINAT BELSHINA,12863,49169,55.55555555555556,False
INDIAN MUJAHEDEEN,12914,12914,94.11764705882352,True
INDIAN MUJAHIDIN,12914,12914,90.9090909090909,True
ISLAMIC SECURITY FORCE-INDIAN MUJAHIDEEN (ISF-IM),12914,17187,56.52173913043479,False
MAHAN AIR CO.,12927,12927,100.0,True
CONSPIRACY OF THE NUCLEI OF FIRE,12928,12928,100.0,True
CONSPIRACY OF CELLS OF FIRE,12928,12928,69.76744186046511,True
SYNOMOSIA PYRINON TIS FOTIAS,12928,54316,46.15384615384615,False
THESSALONIKI-ATHENS FIRE NUCLEI CONSPIRACY,12928,12928,68.75,True
NIKSA NIROU,12951,,0.0,False
KIA NIROU,12951,,0.0,False
BLOCK NIROU SUN CO,12951,43273,43.47826086956522,False
BNSA CO,12951,,0.0,False
NEKU NIROU TAVAN CO,12951,,0.0,False
FULMEN COMPANY,12954,12954,66.66666666666667,True
ARFA PAINT COMPANY,12956,28289,64.0,False
ARFEH COMPANY,12956,35277,20.512820512820518,False
FARASEPEHR ENGINEERING COMPANY,12956,10491,73.17073170731707,False
HOSSEINI NEJAD TRADING CO.,12956,10012,74.4186046511628,False
IRAN SAFFRON COMPANY,12956,16020,69.56521739130434,False
IRANSAFFRON CO,12956,16020,63.63636363636363,False
SHETAB G,12956,,0.0,False
SHETAB GAMAN,12956,4694,53.84615384615385,False
SHETAB TRADING,12956,54617,81.4814814814815,False
Y.A.S. CO LTD.,12956,,0.0,False
JUNIOR INTERNACIONAL S.A.,12976,12976,95.0,True
DISDA,13009,,0.0,False
KURDISTAN BRIGADES,13041,26061,72.22222222222221,False
KURDISTAN BATTALION OF ISLAMIC STATE IN IRAQ,13041,19890,70.12987012987013,False
KURDISTAN BRIGADE OF AL-QAEDA IN IRAQ,13041,13041,60.71428571428572,True
SIXTH YAMAGUCHI-GUMI,13071,13071,82.35294117647058,True
ROKUDAIME YAMAGUCHI-GUMI,13071,20379,79.06976744186046,False
JEMMAH ANSHARUT TAUHID,13098,13098,95.45454545454545,True
JEM'MAH ANSHARUT TAUHID,13098,13098,93.33333333333333,True
JAMAAH ANSHARUT TAUHID,13098,13098,86.36363636363636,True
JAMA'AH ANSHARUT TAUHID,13098,13098,80.0,True
LASKAR 99,13098,,0.0,False
YAS AIR KISH,13109,43115,74.07407407407408,False
YASAIR CARGO AIRLINE,13109,58529,70.27027027027026,False
POUYA AIRLINES,13109,48388,78.57142857142857,False
YAS AIR,13109,,0.0,False
PARS AVIATION SERVICES COMPANY,13109,38976,72.34042553191489,False
IRAN MARINE INDUSTRIAL COMPANY SSA,13115,13115,92.5925925925926,True
IRAN SADRA,13115,16020,76.19047619047619,False
SHERKATE SANATI DARYAI IRAN,13115,55013,62.96296296296296,False
IRAN SHIP BUILDING CO.,13115,25441,64.86486486486487,False
SADRA,13115,35998,88.88888888888889,False
NEW AHMADI COMPANY LTD,13128,13128,100.0,True
NEW AHMADY LTD,13128,13128,90.0,True
NEW AHMADY LTD. KANDAHAR,13129,13128,62.06896551724138,False
BANK-E EGHTESAD NOVIN,13131,13131,100.0,True
EN BANK PJSC,13131,51654,80.0,False
BANK EGHTESAD NOVIN,13131,13131,100.0,True
BANK-E PASARGAD,13133,13133,100.0,True
BANK PASARGAD,13133,13133,100.0,True
BANK-E KARAFARIN,13134,13134,100.0,True
BANK-E SAMAN,13135,13135,100.0,True
BANK-E SARMAYEH,13136,13136,100.0,True
BANK SARMAYEH,13136,13136,100.0,True
BANK-E TAT,13137,13137,100.0,True
BANK-E HEKMAT IRANIAN,13140,13140,100.0,True
BANK HEKMAT IRANIAN,13140,13140,100.0,True
BANK-E GARDESHGARI,13141,13138,69.23076923076923,False
GARDESHGARI BANK,13141,13138,69.23076923076923,False
BANK-E IRAN ZAMIN,13142,13142,100.0,True
BANK-E GHARZOLHASANEH MEHR IRAN,13143,17156,78.57142857142857,False
GHARZOLHASANEH MEHR IRAN BANK,13143,17156,78.57142857142857,False
BANK-E TOSE'E TA'AVON,13145,13145,70.58823529411764,True
COOPERATIVE DEVELOPMENT BANK,13145,20569,70.17543859649122,False
TOSE'E TA'AVON BANK,13145,13145,70.58823529411764,True
BANK-E TAAWON MANTAGHEEY-E ESLAMI,13146,11913,58.18181818181818,False
REGIONAL COOPERATION OF THE ISLAMIC BANK FOR DEVELOPMENT AND INVESTMENT,13146,13146,74.15730337078652,True
DANESHGAH-E SANA'TI-YE MALEK-E ASHTAR,13152,52354,60.0,False
MALEK ASHTAR UNIVERSITY,13152,13152,80.70175438596492,True
MALEK-E ASHTAR UNIVERSITY,13152,13152,80.70175438596492,True
MALEK ASHTAR INDUSTRIAL UNIVERSITY,13152,13152,67.64705882352942,True
MALEK-E ASHTAR TECHNICAL UNIVERSITY,13152,13152,89.55223880597015,True
MALEK ASHTAR AVIATION UNIVERSTIY COMPLEX,13152,13152,59.45945945945945,True
MALEK ASHTAR UNIVERSITY OF DEFENSE TECHNOLOGY,13152,13152,89.47368421052632,True
MINISTRY OF DEFENSE LEGION EXPORT,13156,13156,73.33333333333334,True
MINISTRY OF DEFENSE LOGISTICS EXPORT,13156,10392,80.55555555555556,False
ABDULLAH AZZAM BRIGADES,13168,13168,95.65217391304348,True
ZIYAD AL-JARRAH BATTALIONS OF THE ABDULLAH AZZAM BRIGADES,13168,13168,62.857142857142854,True
YUSUF AL-'UYAYRI BATTALIONS OF THE ABDULLAH AZZAM BRIGADES,13168,13168,62.857142857142854,True
MARWAN HADID BRIGADES,13168,58058,68.18181818181819,False
MARWAN HADID BRIGADE,13168,44620,68.29268292682926,False
"I AND S HOLDING COMPANY, S.A.",13356,50520,100.0,False
"COMBUSERVICIOS LOS TRES RIOS, S.A. DE C.V.",13365,16637,58.33333333333333,False
SYRIAN ARAB CO. FOR ELECTRONIC INDUSTRIES,13374,11184,83.33333333333334,False
COMERCIALIZADORA INTERNACIONAL DEL ITSMO S.A.,13378,16469,90.14084507042254,False
C.I. DEL ISTMO S.A.,13378,13378,100.0,True
ORGANIZATION FOR ENGINEERING INDUSTRIES,13387,10153,81.81818181818181,False
"GASOLINERAS LA VILLA, S.A. DE C.V.",13405,13405,69.38775510204081,True
PROVENZA RESIDENCIAL,13419,19172,66.66666666666667,False
LA TIJERA PARQUE INDUSTRIAL,13420,48638,72.34042553191489,False
PROVENZA CENTER,13420,22323,66.66666666666667,False
"SERVICIOS Y GASOLINERAS BARRANCOS, S.A. DE C.V.",13421,13465,75.86206896551724,False
SERVICENTRO LA GRAN VIA,13430,56833,68.57142857142857,False
GASOLINERA JESUS MARIA,13431,13405,62.96296296296296,False
TRANSPORTES LC,13431,57513,100.0,False
OBRA CIVIL Y CARRETERAS,13432,21071,61.904761904761905,False
HOTEL REGENTE,13434,23245,66.66666666666667,False
ESTACION GUADALUPE,13434,11489,60.0,False
"IMPORTADORA LORENZANA, S.A.",13435,12894,78.04878048780488,False
SERVICENTRO DEL LAGO,13436,46794,70.58823529411764,False
SERVIFIESTAS ELEGANCE,13436,52170,63.1578947368421,False
PENTANE CHEMISTRY INDUSTRIES COMPANY,13439,13439,100.0,True
PENTANE CHEMISTRY INDUSTRY COMPANY,13439,13439,92.5925925925926,True
PENTANE CHEMISTRY,13439,13439,75.55555555555556,True
"GASOLINERA MULTILOMAS, S.A. DE C.V.",13446,57169,66.66666666666667,False
"GASOLINERA LA CANADA, S.A. DE C.V.",13465,9404,68.29268292682926,False
"GASOLINERA RECURSOS HIDRAULICOS, S.A. DE C.V.",13466,56820,59.375,False
ROSHAN SHIRKAT,15005,40883,58.82352941176471,False
ROSHAN SARAFI,15005,9600,57.14285714285714,False
ROSHAN TRADING COMPANY,15005,18299,82.75862068965517,False
RUSHAAN TRADING COMPANY,15005,56691,78.57142857142857,False
MAULAWI AHMED SHAH HAWALA,15005,17150,48.0,False
MULLAH AHMED SHAH HAWALA,15005,17150,48.97959183673469,False
HAJI AHMAD SHAH HAWALA,15005,17150,63.829787234042556,False
AHMAD SHAH HAWALA,15005,17150,57.14285714285714,False
HAJI KHAIRULLAH-HAJI SATTAR SARAFI,15006,15006,73.6842105263158,True
HAJI KHAIRULLAH AND ABDUL SATTAR AND COMPANY,15006,15006,68.57142857142857,True
HAJI KHAIRULLAH MONEY EXCHANGE,15006,15006,83.33333333333334,True
HAJI KHAIR ULLAH MONEY SERVICE,15006,49849,59.64912280701755,False
HAJI SALAM HAWALA,15006,17150,66.66666666666667,False
HAJI HAKIM HAWALA,15006,17150,61.904761904761905,False
HAJI ALIM HAWALA,15006,17150,68.29268292682926,False
"GASOLINERA EL CRUCERO LAS TORRES, S.A. DE C.V.",15014,9404,64.15094339622642,False
ISIRAN,15096,,0.0,False
AICTC,15098,,0.0,False
ADVANCED INFORMATION AND COMMUNICATION TECHNOLOGY RESEARCH INSTITUTE,15098,55014,79.38931297709924,False
DML,15099,,0.0,False
VALUE-ADDED SERVICES LABORATORY VASL,15100,15100,83.78378378378379,True
D'S SUPERSTORE,15113,15113,66.66666666666667,True
NITC,15117,,0.0,False
NATIONAL IRANIAN TANKER COMPANY LLC SHARJAH BRANCH,15118,15117,75.40983606557377,False
NITC SHARJAH,15118,16020,60.86956521739131,False
NATIONAL IRANIAN TANKER COMPANY,15119,15117,100.0,False
PROTON SHIPPING CO,15122,54881,83.87096774193549,False
MIGHAT SHIPPING COMPANY LIMITED,15142,54404,85.71428571428572,False
TECHNOLOGY COOPERATION OFFICE,15148,15148,72.46376811594203,True
OFFICE OF SCIENTIFIC AND TECHNICAL COOPERATION,15148,45999,70.73170731707317,False
PRESIDENCY OFFICE OF SCIENTIFIC AND INDUSTRIAL STUDIES,15148,9352,69.1358024691358,False
OFFICE OF SCIENTIFIC AND INDUSTRIAL STUDIES,15148,45029,71.05263157894737,False
CENTER FOR PROGRESS AND DEVELOPMENT OF IRAN,15148,39179,69.6969696969697,False
SUPERTIENDAS & AUTO PARTES HANDAL,15182,15184,76.0,False
APH S. DE R.L. DE C.V.,15182,,0.0,False
SUPERTIENDAS & AUTO PARTES HANDAL,15184,15184,76.0,True
CLEOPATRA'S,15187,,0.0,False
RANCHO LA HERADURA,15188,15188,96.7741935483871,True
TERRAZA 9140,15342,40493,60.0,False
MARA SALVATRUCHA,15412,20284,46.51162790697675,False
WAQFIYA RI'AYA AL-ISRA AL-LIBNANIYA WA AL-FALASTINIYA,15492,15492,79.06976744186046,True
AL WAQFIYA AL USRAH AL FILASTINIA,15492,15492,63.63636363636363,True
AL-WAQFIYYAH FOR THE FAMILIES OF THE MARTYRS AND DETAINEES IN LEBANON,15492,15492,56.17977528089888,True
AL-WAQFIYA ASSOCIATION,15492,10416,71.42857142857143,False
WAKFIA RAAIA ALASRA ALFALESTINIA WALLBANANIA,15492,37770,40.0,False
WELFARE OF THE PALESTINIAN AND LEBANESE FAMILY CARE,15492,55415,59.154929577464785,False
THE ASSOCIATION FOR THE WELFARE OF PALESTINIAN AND LEBANESE FAMILIES,15492,7918,67.46987951807229,False
PALESTINIAN AND LEBANESE FAMILIES WELFARE TRUST,15492,56272,58.666666666666664,False
THE PALESTINIAN AND LEBANESE FAMILIES WELFARE ASSOCIATION,15492,7918,67.46987951807229,False
WELFARE ASSOCIATION FOR PALESTINIAN AND LEBANESE FAMILIES,15492,7918,67.46987951807229,False
THE ASSOCIATION TO DEAL WITH PALESTINIAN AND LEBANESE PRISONERS,15492,57716,64.36781609195403,False
ENDOWMENT FOR CARE OF LEBANESE AND PALESTINIAN FAMILIES,15492,7918,53.84615384615385,False
LEBANESE AND PALESTINIAN FAMILIES ENTITLEMENT,15492,55415,55.55555555555556,False
AL QUDS INTERNATIONAL INSTITUTION,15493,37427,75.40983606557377,False
AL QUDS INSTITUTE,15493,11789,68.96551724137932,False
AL-QUDS FOUNDATION,15493,30842,38.095238095238095,False
INTERNATIONAL AL QUDS INSTITUTE,15493,15493,78.26086956521739,True
THE INTERNATIONAL AL QUDS FOUNDATION,15493,15493,100.0,True
MU'ASSASAT AL-QUDS,15493,30842,50.0,False
JERUSALEM INTERNATIONAL FOUNDATION,15493,8882,80.0,False
JERUSALEM INTERNATIONAL ESTABLISHMENT,15493,42997,71.64179104477613,False
INTERNATIONAL JERUSALEM FOUNDATION,15493,8882,80.0,False
RESIDENCIAL DEL LAGO,15521,19172,68.42105263157895,False
BAGHYATOLLAH MEDICAL SCIENCES UNIVERSITY,15536,15536,91.35802469135803,True
BAGIATOLLAH MEDICAL SCIENCES UNIVERSITY,15536,15536,92.5,True
BAGHIATOLLAH MEDICAL SCIENCES UNIVERSITY,15536,15536,91.35802469135803,True
BAQYATOLLAH MEDICAL SCIENCES UNIVERSITY,15536,15536,95.0,True
BAQIYATALLAH MEDICAL SCIENCES UNIVERSITY,15536,15536,98.76543209876543,True
BAQIYATALLAH UNIVERSITY OF MEDICAL SCIENCES,15536,15536,98.76543209876543,True
BAQIATOLLAH MEDICAL SCIENCES UNIVERSITY,15536,15536,95.0,True
IMAM HUSSEIN UNIVERSITY,15537,15537,95.65217391304348,True
IHU,15537,,0.0,False
IMAAM HOSSEIN UNIVERSITY,15537,15537,97.87234042553192,True
IMAM HOSEYN UNIVERSITY,15537,15537,93.33333333333333,True
IMAM HOSSEIN UNIVERSITY COMPLEX,15537,15537,85.18518518518519,True
EMAM HOSEYN COMPREHENSIVE UNIVERSITY,15537,15537,61.01694915254237,True
UNIVERSITY OF IMAM HOSEYN,15537,15537,93.33333333333333,True
IRANIAN PRESS SUPERVISORY BOARD,15543,15543,85.18518518518519,True
AMNAFZAR,15544,15544,53.333333333333336,True
AMNAFZAR CORPORATION,15544,15544,53.333333333333336,True
SHARIF SECUREWARE,15544,48682,61.111111111111114,False
PEYKASA MESSAGE-WARE CO.,15547,15547,51.85185185185186,True
CENTER FOR INSPECTING ORGANISED CRIMES,15555,15555,78.87323943661973,True
CENTER FOR THE STUDY OF ORGANIZED CRIME,15555,15555,73.84615384615385,True
CYBER CRIME OFFICE,15555,52712,53.333333333333336,False
IRAN POUYA,15564,15564,90.0,True
IRAN PUYA,15564,15564,84.21052631578947,True
RAHAT LTD. SARAFI,15580,15580,58.82352941176471,True
RAHAT TRADING COMPANY,15580,56691,84.61538461538461,False
HAJI MUHAMMAD QASIM SARAFI,15580,11502,52.83018867924528,False
HAJI MOHAMMED QASIM HAWALA,15580,52304,60.37735849056604,False
NEW CHAGAI TRADING COMPANY,15580,48948,73.6842105263158,False
MUSA KALIM HAWALA,15580,25924,51.28205128205128,False
ARIA NIKAN,15583,25417,70.0,False
PERGAS ARIA MOVALLED LTD.,15583,19716,48.88888888888889,False
MOUVEMENT DU 23 MARS,15585,56916,48.484848484848484,False
MARCH 23 MOVEMENT,15585,17468,55.55555555555556,False
CONGOLESE REVOLUTIONARY ARMY,15585,33983,66.66666666666667,False
ARMEE REVOLUTIONAIRE CONGOLAISE,15585,57898,64.7887323943662,False
JAYSH AL-SHAAB,15588,15588,78.26086956521739,True
JISH SHAABI,15588,52725,43.90243902439024,False
AL-SHA'BI COMMITTEES,15588,47440,62.857142857142854,False
SHA'BI COMMITTEES,15588,47440,62.857142857142854,False
SHA'BI FORCE,15588,12727,64.70588235294117,False
SYRIAN NATIONAL DEFENSE FORCE,15588,19492,65.57377049180329,False
SYRIAN NATIONAL DEFENSE FORCES,15588,19492,64.51612903225806,False
SHABBIHAH,15592,15592,87.5,True
SHABBIHA,15592,15592,93.33333333333333,True
SHABEEHA,15592,15592,80.0,True
AL-SHABBIHAH,15592,15592,87.5,True
NORTH KOREA'S FOREIGN TRADE BANK,15603,42796,76.36363636363637,False
MOOYOKBANK,15603,,0.0,False
KOREA TRADE BANK,15603,42796,73.17073170731707,False
NAM-AVARAN-E POUYA CONTROL,15605,15605,70.27027027027026,True
TEJERAT GOSTAR NIKAN IRANIAN COMPANY,15605,28295,67.9245283018868,False
MOVEMENT FOR ONENESS AND JIHAD IN WEST AFRICA,15609,15609,86.11111111111111,True
UNITY MOVEMENT FOR JIHAD IN WEST AFRICA,15609,15609,100.0,True
JAMAT TAWHID WAL JIHAD FI GARBI AFRIQQIYA,15609,35335,55.38461538461539,False
TAWHID WAL JIHAD IN WEST AFRICA,15609,15609,69.6969696969697,True
LEADER INTERNATIONAL TRADING LIMITED,15616,50424,88.88888888888889,False
TABA,15632,46222,50.0,False
TABA COMPANY,15632,46222,50.0,False
IRAN CUTTING TOOLS COMPANY,15632,11442,81.08108108108108,False
FARATECH COMPANY,15636,15636,100.0,True
FDLR,15638,,0.0,False
FORCE COMBATTANTE ABACUNGUZI,15638,58046,47.76119402985075,False
COMBATANT FORCE FOR THE LIBERATION OF RWANDA,15638,15638,72.97297297297297,True
DEMOCRATIC FORCES FOR THE LIBERATION OF RWANDA,15638,15638,89.47368421052632,True
CIDMG,15644,,0.0,False
CHEMICAL INDUSTRIES GROUP,15644,10388,78.26086956521739,False
CHEMICAL GROUP,15644,33271,71.42857142857143,False
EL VIEJO LUIS,15664,15664,51.28205128205128,True
TEQUILA EL VIEJO LUIS,15664,58074,51.06382978723405,False
CASA EL VIEJO LUIS,15664,15664,68.18181818181819,True
CASA VIEJO LUIS,15664,15664,68.18181818181819,True
DPRK COMMITTEE FOR SPACE TECHNOLOGY,15666,15666,87.5,True
DEPARTMENT OF SPACE TECHNOLOGY OF NORTH KOREA,15666,15666,72.22222222222221,True
COMMITTEE FOR SPACE TECHNOLOGY,15666,15666,88.13559322033898,True
KCST,15666,,0.0,False
EL VIEJO LUIS,15673,15664,51.28205128205128,False
TEQUILA VALENTON,15673,45314,55.172413793103445,False
FRESCOS EL PACHON,15674,30269,64.0,False
SIMA GENERAL TRADING & INDUSTRIALS FOR BUILDING MATERIAL CO FZE,15694,42023,69.76744186046511,False
SEBASTIANO,15709,,0.0,False
G Y G INTERNACIONAL S.A.S.,15709,15709,100.0,True
ISSA E.U.,15711,15857,40.0,False
SARA GRIMBERG DE GUBEREK EMPRESA UNIPERSONAL,15711,15711,70.76923076923076,True
COINTERANDINA,15712,57963,34.48275862068966,False
PROFUTCOL S.A.,15714,54248,71.42857142857143,False
COPETE S.A.,15715,49701,41.666666666666664,False
IMPIRE SHIPPING LIMITED,15720,15720,100.0,True
IMPIRE SHIPPING,15720,15720,100.0,True
ISLAMIC REPUBLIC OF IRAN BROADCASTING ORG.,15764,15764,94.44444444444444,True
NATIONAL IRANIAN RADIO AND TELEVISION,15764,11630,71.69811320754718,False
FATA POLICE,15766,39258,58.06451612903225,False
MULLAH NAZIR GROUP,15830,20090,64.51612903225806,False
ANSAR DINE,15852,15852,100.0,True
ANSAR AL-DIN,15852,15852,94.73684210526316,True
ANCAR DINE,15852,15852,90.0,True
ANSAR UL-DINE,15852,15852,86.95652173913044,True
ANSAR EDDINE,15852,15852,90.9090909090909,True
DEFENDERS OF THE FAITH,15852,7145,66.66666666666667,False
"COMPANIA GANADERA 5 MANANTIALES, SOCIEDAD DE PRODUCCION RURAL DE RESPONSABILIDAD LIMITADA",15864,26470,67.1875,False
COMPANIA GANADERA 5 MANANTIALES,15864,15864,100.0,True
GANADERAS 5 MANANTIALES S. DE P.R. DE R.L.,15864,15864,80.0,True
BANDA CRIMINAL DE URABA,15871,11909,57.77777777777777,False
LOS AUTODEFENSAS GAITANISTAS DE COLOMBIA,15871,8732,49.27536231884058,False
CLAN USUGA,15871,15871,60.0,True
LOS URABENOS,15871,11909,37.83783783783784,False
GULF CLAN,15871,15871,84.21052631578947,True
ALUMINAT PRODUCTION AND INDUSTRIAL COMPANY,15909,13372,68.0,False
PASK,15910,34673,80.0,False
VACUUMKARAN,15910,,0.0,False
VACUUM KARAN,15910,16525,66.66666666666667,False
VACUUM KARAN CO.,15910,16525,66.66666666666667,False
TAGHTIRAN P.J.S.,15912,15912,72.0,True
PISHRO COMPANY,15914,46329,48.0,False
ADVANCED SYSTEMS RESEARCH COMPANY,15914,36376,80.95238095238095,False
ASRC,15914,,0.0,False
CENTER FOR ADVANCED SYSTEMS RESEARCH,15914,36376,69.38775510204081,False
CRAS,15914,,0.0,False
"FENG SHENG CO., LTD.",15922,57252,72.0,False
BANDAR IMAM PETROCHEMICAL,15950,15950,100.0,True
BANDAR IMAM PETROCHEMICAL COMPANY LTD,15950,15950,100.0,True
BANDAR IMAM PETROCHEMICAL CO,15950,15950,100.0,True
BUALI SINA PETROCHEMICAL COMPANY,15951,15951,89.79591836734694,True
BOU ALI SINA PETROCHEMICAL COMPANY,15951,15951,98.0392156862745,True
MOBIN PETROCHEMICAL,15952,15952,100.0,True
BORZUYEH PETROCHEMICAL COMPANY,15953,40880,83.72093023255813,False
NOURI PETROCHEMICAL COMPLEX,15953,15953,82.6086956521739,True
BORZOUYEH PETROCHEMICAL COMPANY,15953,40880,81.81818181818181,False
NOURI PETROCHEMICAL CO,15953,15953,100.0,True
NOURI PETROCHEMICAL,15953,15953,100.0,True
NOURI PETROCHEMICAL COMPANY (LLP),15953,15953,100.0,True
ASALOUYEH PETROCHEMICAL COMPANY,15954,40762,85.71428571428572,False
PARS PETROCHEMICAL CO.,15954,15954,100.0,True
SHAHID TONDGUYAN PETROCHEMICAL COMPANY,15955,15955,96.66666666666667,True
SHAHID TANDGOOYAN PETROCHEMICAL CO.,15955,15955,95.08196721311475,True
SHAHID TONDGOOYAN PETROCHEMICAL CO.,15955,15955,98.36065573770492,True
AR.P.C.,15956,,0.0,False
SHAZAND PETROCHEMICAL CORPORATION,15956,15956,100.0,True
ARAK PETROCHEMICAL COMPANY,15956,16033,89.47368421052632,False
PETROGREEN,15966,37917,66.66666666666667,False
PETRO DIAMOND,15966,28604,75.0,False
KYRGYZTRANSAVIA AIRLINES,15981,15981,68.29268292682926,True
COMMISSION TO DETERMINE INSTANCES OF CRIMINAL CONTENT,15989,15989,90.9090909090909,True
WORKING GROUP TO DETERMINE INSTANCES OF CRIMINAL CONTENT,15989,15989,76.47058823529412,True
COMMITTEE IN CHARGE OF DETERMINING UNAUTHORIZED WEBSITES,15989,32714,53.76344086021505,False
COMMITTEE FOR DETERMINING EXAMPLES OF CRIMINAL WEB CONTENT,15989,15989,82.0,True
WORKING GROUP FOR DETERMINING OFFENSIVE CONTENT,15989,48513,54.117647058823536,False
WORKING GROUP TO DETERMINE INSTANCES ON ONLINE CRIMINAL CONTENT,15989,15989,69.64285714285714,True
OFOGH TOSE-EH SABERIN ENGINEERING,15990,15990,77.14285714285715,True
SETAD-E EJRAEI-E FARMAN-E HAZRAT-E EMAM,16004,30523,47.05882352941176,False
SETAD-E FARMAN-EJRAEI-YE EMAM,16004,48920,47.27272727272728,False
SETAD EJRAEI EMAM,16004,53381,39.02439024390244,False
TEACO,16005,,0.0,False
TOSEE EGHTESAD AYANDEHSAZAN COMPANY,16005,16005,94.33962264150944,True
TADBIR GROUP,16006,51099,75.0,False
TADBIR INDUSTRIAL HOLDING COMPANY,16008,25963,76.0,False
MODABER INVESTMENT COMPANY,16008,56379,84.84848484848484,False
TADBIR HOUSING DEVELOPMENT GROUP,16009,48827,79.36507936507937,False
GORUH-E TOSE-E SAKHTEMAN-E TADBIR,16009,25635,57.14285714285714,False
TADBIR BUILDING EXPANSION GROUP,16009,16006,59.375,False
REYCO GMBH GERMANY,16012,16012,55.55555555555556,True
MANNESMAN CYLINDER SYSTEMS,16013,16016,73.17073170731707,False
MCS TECHNOLOGIES GMBH,16013,40914,87.5,False
EFFICIENT PROVIDER SERVICES GMBH,16014,53095,69.38775510204081,False
CILINDER SISTEM D.O.O.,16016,50984,61.53846153846154,False
CILINDER SISTEM D.O.O. ZA PROIZVODNJU I USLUGE,16016,35079,54.54545454545454,False
AMINIB,16017,16017,38.46153846153846,True
SHERKAT-E SARMAYEGOZARI-E PARDIS,16018,55013,61.81818181818181,False
IRANOSHARGH COMPANY,16020,16020,90.9090909090909,True
SHERKAT-E IRAN VA SHARGH,16020,16020,66.66666666666667,True
IRAN AND EAST COMPANY,16020,25237,70.58823529411764,False
IRAN AND SHARGH COMPANY,16020,16020,100.0,True
IRAN AND EAST LEASING COMPANY,16021,16021,66.66666666666667,True
SHERKAT-E LIZING-E IRAN VA SHARGH,16021,16021,66.66666666666667,True
IRAN AND SHARGH LEASING COMPANY,16021,16021,100.0,True
TADBIRGARAN FARDA BROKERAGE COMPANY,16022,16022,74.4186046511628,True
TADBIRGARANE FARDA MERCANTILE EXCHANGE CO.,16022,43416,65.67164179104478,False
SHERKAT-E KARGOZARI-E TADBIRGARAN-E FARDA,16022,25633,53.57142857142857,False
TADBIRGARAN-E FARDA BROKERAGE COMPANY,16022,16022,74.4186046511628,True
RAFSANJAN CEMENT COMPANY,16023,16023,84.21052631578947,True
ZARRIN RAFSANJAN CEMENT COMPANY,16023,16023,97.77777777777777,True
RISHMAK COMPANY,16024,57771,45.45454545454546,False
SHERKAT-E TOLID VA SADERAT-E RISHMAK,16024,55013,50.847457627118644,False
RISHMAK PRODUCTION AND EXPORT COMPANY,16024,16024,90.19607843137256,True
RISHMAK EXPORT AND MANUFACTURING P.J.S.,16024,16024,70.37037037037037,True
RISHMAK PRODUCTIVE AND EXPORTS COMPANY,16024,16024,100.0,True
OMID DEVELOPMENT AND CONSTRUCTION,16025,16009,86.66666666666667,False
OMID REY RENOVATION AND DEVELOPMENT CO.,16025,32031,73.07692307692308,False
OMID REY CIVIL AND CONSTRUCTION COMPANY,16025,16025,100.0,True
BEHSAZ KASHANEH CO.,16026,16026,61.224489795918366,True
ARIA ROYAL CONSTRUCTION COMPANY,16027,40497,79.16666666666666,False
GHAED BASSIR,16029,49364,54.054054054054056,False
TOSE SANAT-E NAFT VA GAS PERSIA,16030,25177,60.0,False
PERSIA OIL AND GAS INDUSTRY DEVELOPMENT CO.,16030,16030,100.0,True
PARS OIL,16031,16031,100.0,True
SHERKAT NAFT PARS SAHAMI AAM,16031,55013,61.81818181818181,False
MARJAN METHANOL COMPANY,16033,54454,68.96551724137932,False
SADAF ASALUYEH CO.,16035,16035,65.11627906976744,True
SADAF CHEMICAL ASALUYEH COMPANY,16035,16035,88.46153846153845,True
SADAF PETROCHEMICAL ASSALUYEH INVESTMENT SERVICE,16035,16035,75.32467532467533,True
ONE CLASS INCORPORATED,16037,48436,61.53846153846154,False
ONE VISION 5,16038,19194,63.63636363636363,False
PARS MCS COMPANY,16039,16039,100.0,True
PARS MCS CO.,16039,16039,100.0,True
REY NIROO ENGINEERING COMPANY,16041,16041,92.6829268292683,True
DAE-DONG CREDIT BANK,16085,16085,97.43589743589743,True
TAEDONG CREDIT BANK,16085,16085,94.73684210526316,True
FIRST FURAT TRADING LLC,16135,54607,70.96774193548387,False
PALBASA,16179,,0.0,False
PALMAS DEL BAJO AGUAN,16179,16179,96.96969696969697,True
INRIMAR,16181,,0.0,False
GANJ MADRASSA,16223,19679,62.857142857142854,False
JAMIA MADRASSA DUR UL KORAN WASUNA,16223,16223,58.666666666666664,True
MADRASA TALEEMUL QURAN WAL HADITH,16223,16223,89.1891891891892,True
MADRASA TALEEMUL QURAN WAL SUNNAH,16223,16223,70.27027027027026,True
TALALIM QURAN MADRASSA,16223,16223,63.49206349206349,True
TALEEM UL-QURAN MADRASSA,16223,16223,73.84615384615385,True
MAWIYA MADRASSA,16223,19679,43.24324324324324,False
TASIN AL-QURAN ABU HAMZA,16223,29862,46.666666666666664,False
MOW-YA MADRASSA,16223,19679,43.24324324324324,False
GANJOO MADRASSA,16223,19679,59.45945945945945,False
JAMAL NETWORK,16278,16278,74.28571428571429,True
MUHAMMAD JAMAL GROUP,16278,16278,66.66666666666667,True
ABU AHMED GROUP,16278,25068,74.07407407407408,False
AL-QA'IDA IN EGYPT,16278,23850,64.0,False
CEC LTD.,16319,,0.0,False
CHINA ENRICHING CHEMISTRY,16319,11621,60.46511627906976,False
"CEC CHEMICAL CO., LTD.",16319,16907,76.92307692307692,False
SHANGHAI CANHE PHARMTECH CO LTD,16319,11750,60.86956521739131,False
IAN LIMITED,16319,,0.0,False
CEC PHARM CO LTD,16319,28535,70.0,False
CEC PHARMATECH LTD,16319,28535,64.0,False
"HANGZHOU HONGYAN TRADING CO., LTD",16319,54494,75.0,False
NIGERIAN TALIBAN,16363,6636,60.86956521739131,False
JAMA'ATU AHLUS-SUNNAH LIDDA'AWATI WAL JIHAD,16363,19949,52.3076923076923,False
JAMA'ATU AHLIS SUNNA LIDDA'AWATI WAL-JIHAD,16363,19949,53.125,False
PEOPLE COMMITTED TO THE PROPHET'S TEACHINGS FOR PROPAGATION AND JIHAD,16363,7754,54.54545454545454,False
SUNNI GROUP FOR PREACHING AND JIHAD,16363,30106,65.45454545454545,False
JAMA'ATU ANSARUL MUSLIMINA FI BILADIS-SUDAN,16364,24879,60.526315789473685,False
ANSARUL MUSLIMINA FI BILADIS SUDAN,16364,24879,53.73134328358209,False
VANGUARDS FOR THE PROTECTION OF MUSLIMS IN BLACK AFRICA,16364,31211,57.14285714285714,False
JAMA'ATU ANSARIL MUSLIMINA FI BILADIS SUDAN,16364,24879,60.526315789473685,False
QODS RESEARCH CENTER,16418,26564,73.17073170731707,False
GHODS AVIATION INDUSTRIES,16418,16418,77.55102040816327,True
LIGHT AIRPLANES DESIGN AND MANUFACTURING INDUSTRIES,16418,39039,68.35443037974683,False
SAZMANE SANAYE HAVAI,16436,40317,63.41463414634146,False
EYVAZ TECHNIC,16441,41491,69.23076923076923,False
EYVAZ TECHNIC INDUSTRIAL COMPANY LTD.,16441,16441,74.50980392156863,True
MAROU SANAT ENGINEERING COMPANY,16443,16014,73.6842105263158,False
MOHANDESI TARH VA TOSEH MARO SANAT COMPANY,16443,54326,59.70149253731343,False
MARO SANAT DEVELOPMENT AND DESIGN ENGINEERING COMPANY,16443,15990,74.35897435897436,False
MARO SANAT ENGINEERING,16443,16014,75.67567567567568,False
NAVID COMPOSITE,16444,16444,76.92307692307692,True
NEGIN PARTO KHAVAR CO. LTD.,16445,16445,100.0,True
NEGIN PARTO,16445,16445,75.86206896551724,True
PAYAN AVARAN OMRAN,16445,30387,63.1578947368421,False
ERTEBATE EGHTESSADE MONIR,16445,23065,51.85185185185186,False
AL-MULATHAMUN BRIGADE,16446,26061,72.22222222222221,False
AL-MUWAQQI'UN BIL-DIMA,16446,54402,40.0,False
THOSE SIGNED IN BLOOD BATTALION,16446,13041,53.57142857142857,False
SIGNATORIES IN BLOOD,16446,45040,58.53658536585367,False
THOSE WHO SIGN IN BLOOD,16446,45040,54.54545454545454,False
SIGNED-IN-BLOOD BATTALION,16446,13041,56.00000000000001,False
KHALED ABU AL-ABBAS BRIGADE,16446,55423,63.829787234042556,False
AL-MULATHAMUN MASKED ONES BRIGADE,16446,26061,58.33333333333333,False
AL-MURABITOUN,16446,42337,37.5,False
HAJI LAL MOHAMMAD MONEY SERVICE PROVIDER,16451,55413,60.60606060606061,False
ALI SHER SHINWARY LTD.,16451,49849,54.54545454545454,False
ANSAR AL-SHARIA IN LIBYA,16475,16476,71.42857142857143,False
ANSAR AL-SHARIAH BRIGADE,16475,24723,72.22222222222221,False
ANSAR AL-SHARI'A BRIGADE,16475,24723,76.47058823529412,False
KATIBAT ANSAR AL-SHARIA IN BENGHAZI,16475,16475,83.63636363636364,True
ANSAR AL-SHARIAH-BENGHAZI,16475,16475,88.88888888888889,True
AL-RAYA ESTABLISHMENT FOR MEDIA PRODUCTION,16475,41699,70.58823529411764,False
ANSAR AL-SHARIA,16475,27763,76.92307692307692,False
SOLDIERS OF THE SHARIA,16475,49833,47.36842105263158,False
ANSAR AL-SHARIAH,16475,27763,74.07407407407408,False
ANSAR AL-SHARIA IN DERNA,16476,16476,90.47619047619048,True
ANSAR AL-SHARIA IN LIBYA,16476,16476,71.42857142857143,True
ANSAR AL-SHARIA,16476,27763,76.92307692307692,False
ANSAR AL-SHARIA BRIGADE IN DARNAH,16476,16476,82.35294117647058,True
AL-QAYRAWAN MEDIA FOUNDATION,16477,36321,64.28571428571428,False
ANSAR AL-SHARIA IN TUNISIA,16477,16477,97.77777777777777,True
ANSAR AL-SHARI'AH,16477,27763,71.42857142857143,False
ANSAR AL-SHARI'AH IN TUNISIA,16477,16477,93.61702127659575,True
ANSAR AL-SHARIA,16477,27763,76.92307692307692,False
CLEAR TRADE LINK SL,16520,41985,64.51612903225806,False
TIVA GROUP INDUSTRIES,16524,9764,82.6086956521739,False
TIVA GROUP,16524,40965,77.77777777777779,False
TIVA SANAT SHIPBUILDING COMPANY,16524,26509,67.9245283018868,False
TIVA KARA GROUP,16525,16524,83.87096774193549,False
KUDOKAI,16604,16604,53.333333333333336,True
FIFTH KUDO-KAI,16604,16604,72.72727272727273,True
GODAIME KUDO-KAI,16604,16604,66.66666666666667,True
VALLE VALLE DRUG TRAFFICKING ORGANIZATION,16622,16622,86.41975308641976,True
AKTSIONERNY BANK RUSSIAN FEDERATION,16681,37176,64.19753086419753,False
"AB ROSSIYA, OAO",16681,16681,73.6842105263158,True
OTKRYTOE AKTSIONERNOE OBSHCHESTVO AKTSIONERNY BANK ROSSIYA,16681,33398,75.24752475247524,False
FORCES DEMOCRATIQUES ALLIEES-ARMEE NATIONALE DE LIBERATION DE L'OUGANDA,16696,15638,69.23076923076923,False
ISLAMIC ALLIANCE OF DEMOCRATIC FORCES,16696,23015,58.22784810126582,False
MADINA AT TAUHEED WAU MUJAHEDEEN,16696,4696,56.60377358490566,False
CITY OF MONOTHEISM AND HOLY WARRIORS,16696,44462,58.18181818181818,False
ISLAMIC STATE CENTRAL AFRICA PROVINCE,16696,18636,72.5,False
WILAYAT CENTRAL AFRICA,16696,26176,60.86956521739131,False
WILAYAH CENTRAL AFRICA MEDIA OFFICE,16696,23325,57.14285714285714,False
WILAYAT WASAT IFRIQIYAH,16696,,0.0,False
ISIS-CENTRAL AFRICA,16696,26176,65.11627906976744,False
WILAYAH CENTRAL AFRICA,16696,26176,60.86956521739131,False
ALLIED DEMOCRATIC FORCES,16696,55508,60.71428571428572,False
CHORNOMORNAFTOGAZ,16736,,0.0,False
NJSC CHORNOMORNAFTOGAZ,16736,,0.0,False
ANSAR BAYT AL-MAQDES,16763,6896,64.28571428571428,False
ANSAR BEIT AL-MAQDIS,16763,16475,60.0,False
JAMAAT ANSAR BEIT AL-MAQDIS FI SINAA,16763,16477,54.54545454545454,False
ANSAR BAYT AL-MAQDIS,16763,6896,64.28571428571428,False
ISLAMIC STATE-SINAI PROVINCE,16763,16763,76.59574468085107,True
WILAYAT SINAI,16763,15140,46.15384615384615,False
ISLAMIC STATE IN THE SINAI,16763,8759,72.34042553191489,False
ISIL SINAI PROVINCE,16763,16763,94.73684210526316,True
ISLAMIC STATE OF IRAQ AND ASH-SHAM - SINAI PROVINCE,16763,19890,74.35897435897436,False
ISLAMIC STATE OF IRAQ AND THE SHAM - SINAI PROVINCE,16763,8759,69.84126984126983,False
WILAYAT SAYNA,16763,,0.0,False
JAIME EDERY C. & CIA. S. EN C.,16800,11853,55.00000000000001,False
LILIANA ESQUENAZI M. AND CIA. S. C. S.,16800,16800,100.0,True
VOLGA GROUP HOLDING LIMITED LIABILITY COMPANY,16806,36365,76.36363636363637,False
TRANSOIL SNG LIMITED COMPANY,16807,16807,80.0,True
AQUANIKA LLC,16809,16809,100.0,True
RUSSKOYE VREMYA LLC,16809,47211,50.0,False
LLC RUSSKOYE VREMYA,16809,47211,50.0,False
RUSSKOE VREMYA OOO,16809,47211,51.42857142857142,False
OBSHCHESTVO S OGRANICHENNOI OTVETSTVENNOSTYU RUSSKOE VREMYA,16809,35892,88.88888888888889,False
OPEN JOINT STOCK COMPANY INVESTCAPITALBANK,16810,34681,78.68852459016394,False
OJSC INVESTCAPITALBANK,16810,16810,100.0,True
INVESTKAPITALBANK,16810,16810,94.11764705882352,True
ZEST LEASING,16811,40804,88.0,False
SOBINBANK,16812,16812,81.81818181818181,True
SAKHATRANS OOO,16824,16824,100.0,True
OBSHCHESTVO S OGRANICHENNOI OTVETSTVENNOSTYU SAKHA (YAKUTSKAYA) TRANSPORTNAYA KOMPANIYA,16824,50160,84.472049689441,False
AVIA GROUP LTD,16825,16825,100.0,True
LIMITED LIABILITY COMPANY STROYGAZMONTAZH,16828,16828,75.0,True
STROYGAZMONTAZH CORPORATION,16828,16828,100.0,True
SMP BANK OPEN JOINT STOCK COMPANY,16829,51825,86.36363636363636,False
AKTSIONERNOYE OBSHCHESTVO BANK SEVERNY MORSKOY PUT,16829,49200,72.0,False
AO SMP BANK,16829,22507,85.71428571428572,False
"SMP BANK, AO",16829,22507,85.71428571428572,False
STG HOLDINGS LIMITED,16830,44210,86.95652173913044,False
STROYTRANSGAZ HOLDING LIMITED,16830,16830,100.0,True
STG HOLDING LIMITED,16830,47691,85.71428571428572,False
STROYTRANSGAZ,16831,16832,100.0,False
OAO STROYTRANSGAZ,16832,16832,100.0,True
OOO STROYTRANSGAZ,16834,16832,100.0,False
LLC IC ABROS,16835,16835,41.17647058823529,True
SYNERGY CONSULTANTS LIMITED,16837,16905,71.42857142857143,False
NIPL D.O.O.,16840,,0.0,False
PALEA LTD.,16842,16842,100.0,True
"DALIAN ZENGHUA TRADING CO., LTD.",16849,39779,75.0,False
FSUE SRPE BAZALT,16862,52030,37.5,False
JOINT STOCK COMPANY SCIENTIFIC PRODUCTION ASSOCIATION BAZALT,16862,49211,90.38461538461539,False
AO NPO BAZALT,16862,52030,29.508196721311474,False
INSTRUMENT DESIGN BUREAU,16864,50917,70.0,False
KBP INSTRUMENT DESIGN BUREAU,16864,36055,67.74193548387098,False
JSC KBP INSTRUMENT DESIGN BUREAU,16864,36055,67.74193548387098,False
KBP INSTRUMENT DESIGN BUREAU JOINT STOCK COMPANY,16864,47720,76.47058823529412,False
OAO CONCERN PVO ALMAZ-ANTEY,16865,16865,58.33333333333333,True
OPEN JOINT STOCK COMPANY CONCERN PVO ALMAZ-ANTEY,16865,16865,69.6629213483146,True
JSC CONCERN VKO ALMAZ-ANTEY,16865,16865,58.33333333333333,True
JOINT STOCK COMPANY AIR AND SPACE DEFENSE CONCERN ALMAZ-ANTEY,16865,16865,85.71428571428572,True
AKTSIONERNOE OBSHCHESTVO KONTSERN VOZDUSHNO-KOSMICHESKOI OBORONY ALMAZ-ANTEI,16865,50055,63.74999999999999,False
AO KONTSERN VKO ALMAZ-ANTEI,16865,26512,56.00000000000001,False
JOINT-STOCK COMPANY CONCERN ALMAZ-ANTEY,16865,37771,78.68852459016394,False
CONCERN RADIO ELECTRONIC TECHNOLOGIES,16868,16868,86.04651162790698,True
JOINT STOCK COMPANY CONCERN OF RADIO ELECTRONIC TECHNOLOGIES,16868,16868,100.0,True
JSC CONCERN SOZVEZDIE,16869,16869,73.91304347826086,True
MIC NPO MASHINOSTROYENIYA JSC,16884,16884,59.74025974025974,True
MILITARY INDUSTRIAL CORPORATION NPO MASHINOSTROENIA OAO,16884,16884,85.71428571428572,True
VOENNO-PROMYSHLENNAYA KORPORATSIYA NAUCHNO-PROIZVODSTVENNOE OBEDINENIE MASHINOSTROENIYA OAO,16884,37521,64.38356164383562,False
JSC MIC NPO MASHINOSTROYENIA,16884,16884,60.526315789473685,True
VPK NPO MASHINOSTROENIYA,16884,16884,55.263157894736835,True
OPEN JOINT STOCK COMPANY MILITARY INDUSTRIAL CORPORATION SCIENTIFIC AND PRODUCTION MACHINE BUILDING ASSOCIATION,16884,49283,76.0,False
MIC NPO MASHINOSTROYENIA JSC,16884,16884,60.526315789473685,True
JOINT STOCK COMPANY MILITARY INDUSTRIAL CONSORTIUM NPO MASHINOSTROYENIA,16884,16884,90.43478260869566,True
OJSC RESEARCH AND PRODUCTION CORPORATION URALVAGONZAVOD,16885,48941,64.70588235294117,False
URALVAGONZAVOD CORPORATION,16885,49954,59.45945945945945,False
JOINT STOCK COMPANY RESEARCH AND PRODUCTION CORPORATION URALVAGONZAVOD,16885,49174,76.08695652173914,False
RESEARCH AND PRODUCTION CORPORATION URALVAGONZAVOD OAO,16885,48941,64.70588235294117,False
NAUCHNO-PROIZVODSTVENNAYA KORPORATSIYA URALVAGONZAVOD OAO,16885,48659,68.81720430107528,False
NPK URALVAGONZAVOD OAO,16885,48941,65.38461538461539,False
AKTSIONERNOE OBSHCHESTVO NAUCHNO PROIZVODSTVENNAIA KORPORATSIIA URALVAGONZAVOD IMENI F E DZERZHINSKOGO,16885,35855,64.48087431693989,False
JSC UNITED SHIPBUILDING CORPORATION,16886,16886,76.0,True
UNITED SHIPBUILDING CORPORATION,16886,16886,76.0,True
SOURCE1WELLNESS,16906,16904,66.66666666666667,False
"SHANGHAI BOYLE CHEMICAL CO., LTD.",16907,16907,75.67567567567568,True
CONCERN KALASHNIKOV,16911,16911,76.0,True
IZHEVSKIY MASHINOSTROITEL'NYI ZAVOD OAO,16911,18317,66.66666666666667,False
OJSC KALASHNIKOV CONCERN,16911,16911,76.0,True
KALASHNIKOV CONCERN,16911,16911,76.0,True
JSC KALASHNIKOV CONCERN,16911,16911,76.0,True
FEODOSIYA ENTERPRISE ON PROVIDING OIL PRODUCTS,16957,18321,68.18181818181819,False
FEODOSIYSKE COMPANY FOR THE OIL,16957,20202,50.0,False
THEODOSIYA OIL TERMINAL,16957,54406,73.6842105263158,False
FEODOSIA OIL PRODUCTS SUPPLY CO.,16957,20202,66.66666666666667,False
EXPERTS PARTNERS,16996,16996,96.7741935483871,True
JSC VTB BANK,17013,25419,80.0,False
BANK VTB OPEN JOINT STOCK COMPANY,17013,17013,84.61538461538461,True
BANK VNESHNEY TORGOVLI OPEN JOINT STOCK COMPANY,17013,46746,72.22222222222221,False
BANK VNESHNEY TORGOVLI JOINT STOCK COMPANY,17013,50371,63.1578947368421,False
BANK VNESHNEI TORGOVLI RSFSR,17013,47524,54.54545454545454,False
BANK VNESHNEY TORGOVLI ROSSIYSKOY FEDERATSII CLOSED JOINT STOCK COMPANY,17013,41068,59.183673469387756,False
VNESHTORGBANK ROSSII CLOSED JOINT STOCK COMPANY,17013,41066,78.26086956521739,False
BANK VTB OAO,17013,25419,80.0,False
VTB BANK PAO,17013,13137,70.0,False
VTB BANK OAO,17013,25419,80.0,False
VTB BANK PJSC,17013,25419,80.0,False
BANK VTB PUBLICHNOE AKTSIONERNOE OBSHCHESTVO,17013,46470,84.33734939759037,False
VTB BANK,17013,25419,80.0,False
OAO BANK VTB,17013,25419,80.0,False
VTB BANK OPEN JOINT STOCK COMPANY,17013,17013,84.61538461538461,True
BANK VNESHEI TORGOVLI OAO,17013,25418,61.111111111111114,False
BANK VNESHNEI TORGOVLI ROSSISKOI FEDERATSII AS A PRIVATE JOINT STOCK COMPANY,17013,49216,58.252427184466015,False
OAO VNESHTORGBANK,17013,23575,64.28571428571428,False
BANK OF FOREIGN TRADE OF THE RUSSIAN FEDERATION,17013,42717,69.04761904761905,False
BANK FOR FOREIGN TRADE OF RSFSR,17013,42796,77.55102040816327,False
VNESHTORGBANK OF RSFSR,17013,23575,52.94117647058824,False
CJSC BANK FOR FOREIGN TRADE OF THE RUSSIAN FEDERATION,17013,42717,69.04761904761905,False
RUSSIAN VNESHTORGBANK,17013,51656,55.81395348837209,False
VNESHTORGBANK,17013,23575,64.28571428571428,False
OJSC CJSC BANK FOR FOREIGN TRADE,17013,42796,83.72093023255813,False
BANK VTB PAO,17013,13137,70.0,False
VTB BANK PJSC SHANGHAI BRANCH,17013,22245,66.66666666666667,False
GOSUDARSTVENNAYA KORPORATSIYA RAZVITIYA VEB.RF,17015,44033,55.670103092783506,False
STATE DEVELOPMENT CORPORATION VEB.RF,17015,44243,76.0,False
GK VEB.RF,17015,,0.0,False
VEB.RF,17015,,0.0,False
VNESHECONOMBANK,17015,44821,51.85185185185186,False
VNESHEKONOMBANK SSSR,17015,44821,50.0,False
VNESHEKONOMBANK GK,17015,44821,53.333333333333336,False
BANK FOR FOREIGN TRADE OF THE U.S.S.R.,17015,42796,83.72093023255813,False
GAZPROMBANK OPEN JOINT STOCK COMPANY,17016,17016,90.19607843137256,True
BANK GPB JSC,17016,25419,80.0,False
JOINT STOCK BANK OF THE GAS INDUSTRY GAZPROMBANK,17016,51652,76.05633802816901,False
JOINT STOCK COMMERCIAL BANK - BANK OF MOSCOW OPEN JOINT STOCK COMPANY,17017,51706,82.35294117647058,False
AKTSIONERNY KOMMERCHESKI BANK BANK MOSKVY OTKRYTOE AKTSIONERNOE OBSCHCHESTVO,17017,45787,67.10526315789474,False
BANK MOSKVY PAO,17017,4633,69.23076923076923,False
BANK OF MOSCOW,17017,51464,84.61538461538461,False
BM BANK PUBLIC JOINT STOCK COMPANY,17017,51832,93.87755102040816,False
PAO BM BANK,17017,17017,77.77777777777779,True
BM BANK AO,17017,51664,85.71428571428572,False
SBERBANK ROSSII,17018,18716,73.33333333333334,False
SBERBANK ROSSII OAO,17018,18716,73.33333333333334,False
OTKRYTOE AKTSIONERNOE OBSHCHESTVO SBERBANK ROSSII,17018,18795,76.59574468085107,False
SBERBANK OF RUSSIA,17018,18716,66.66666666666667,False
PJSC SBERBANK,17018,18716,69.56521739130434,False
OPEN JOINT STOCK COMPANY SBERBANK OF RUSSIA,17018,17018,87.87878787878788,True
OJSC SBERBANK OF RUSSIA,17018,18716,66.66666666666667,False
JOINT STOCK COMMERCIAL SAVINGS BANK OF THE RUSSIAN FEDERATION,17018,51839,72.16494845360825,False
JOINT STOCK COMMERCIAL SAVINGS BANK OF THE RUSSIAN SOVIET FEDERATIVE SOCIALIST REPUBLIC,17018,51722,65.625,False
SBERBANK OF RSFSR,17018,18716,68.96551724137932,False
PEOPLE'S MILITIA OF DONBASS,17019,17019,100.0,True
OJSC ROSNEFT OIL COMPANY,17022,51835,57.14285714285714,False
ROSNEFT OIL COMPANY,17022,51835,57.14285714285714,False
OAO ROSNEFT OIL COMPANY,17022,51835,57.14285714285714,False
OIL COMPANY ROSNEFT,17022,51835,57.14285714285714,False
ROSNEFT,17022,18299,63.63636363636363,False
LUGANSK PEOPLE'S REPUBLIC,17023,17023,95.65217391304348,True
PEOPLE'S REPUBLIC OF LUHANSK,17023,17023,100.0,True
STARS GROUP SAL (HOLDING),17039,17039,100.0,True
STARS GROUP HOLDING SAL,17039,17039,100.0,True
UNIQUE STARS LLC,17040,55477,64.70588235294117,False
STARS INTERNATIONAL CO. LTD,17041,17041,100.0,True
STARS COMMUNICATIONS LTD SARL,17042,17042,100.0,True
STARS COMMUNICATIONS LLC,17042,17042,100.0,True
STARS COMMUNICATIONS,17042,17042,100.0,True
TELESERVEPLUS,17043,17043,66.66666666666667,True
STARS COMMUNICATIONS OFFSHORE,17044,17044,100.0,True
STARS COMMUNICATION SAL OFF-SHORE,17044,17044,96.55172413793103,True
STARS OFFSHORE,17044,47330,81.4814814814815,False
FAST LINK SAL,17045,17045,94.11764705882352,True
DONETSKAYA NARODNAYA RESPUBLIKA,17065,17065,62.96296296296296,True
CHONGCHONGANG SHIPPING CO LTD,17067,17067,100.0,True
CHONG CHON GANG SHIPPING CO. LTD,17067,17067,91.30434782608697,True
EAST SEA SHIPPING COMPANY,17068,58103,88.23529411764706,False
KOREA MIRAE SHIPPING CO. LTD.,17068,19579,80.95238095238095,False
HAEYANG CREW MANAGEMENT COMPANY,17068,51068,71.7948717948718,False
PUBLICHNOE AKTSIONERNOE OBSHCHESTVO GAZPROM NEFT,17143,47683,84.44444444444444,False
GAZPROM NEFT PJSC,17143,19640,84.61538461538461,False
GAZPROM NEFT PAO,17143,52124,76.47058823529412,False
GAZPROM NEFT JOINT STOCK COMPANY,17143,17143,87.27272727272728,True
OPEN JOINT STOCK COMPANY SURGUTNEFTEGAS,17145,23577,85.24590163934427,False
SURGUTNEFTEGAZ OAO,17145,17145,92.85714285714286,True
OTKRYTOE AKTSIONERNOE OBSHCHESTVO SURGUTNEFTEGAZ,17145,51473,78.65168539325843,False
SURGUTNEFTEGAS PJSC,17145,17145,100.0,True
PAO SURGUTNEFTEGAS,17145,17145,87.5,True
SURGUTNEFTEGAS PUBLIC JOINT STOCK COMPANY,17145,23577,82.53968253968253,False
PUBLICHNOE AKTSIONERNOE OBSCHESTVO SURGUTNEFTEGAS,17145,44880,83.51648351648352,False
HAJI BASHIR AND ZARJMIL HAWALA COMPANY,17150,17150,98.0392156862745,True
HAJI ABDUL BASIR AND ZAR JAMEEL HAWALA,17150,17150,71.1864406779661,True
HAJI BASIR HAWALA,17150,17150,80.95238095238095,True
HAJI BASEER HAWALA,17150,17150,74.4186046511628,True
HAJI ABDUL BASIR EXCHANGE SHOP,17150,12545,62.745098039215684,False
HAJI BASIR AND ZARJAMIL CURRENCY EXCHANGE,17150,30389,67.79661016949152,False
"HAJI ZAR JAMIL, HAJI ABDUL BASEER MONEY CHANGER",17150,15006,68.18181818181819,False
MIDDLE EAST BANK,17154,12696,73.33333333333334,False
BANK-E GHARZOLHASANEH RESALAT,17156,17156,100.0,True
KISH INTERNATIONAL BANK OFFSHORE COMPANY PJS,17157,17157,83.63636363636364,True
CJSC KAFOLATBANK,17158,17158,100.0,True
ASMA AUTHORISED MONEY EXCHANGERS,17165,17165,79.24528301886792,True
ASMA MONEY CHANGERS,17165,17165,95.0,True
ASMA MONEY EXCHANGER'S,17165,17165,97.5609756097561,True
MUJAHIDEEN SHURA COUNCIL IN THE ENVIRONS OF JERUSALEM,17187,17187,96.7032967032967,True
MUJAHIDEEN SHURA COUNCIL,17187,17187,63.76811594202898,True
MAJLIS SHURA AL-MUJAHEDIN FI AKNAF BAYT AL-MAQDIS,17187,17187,52.27272727272727,True
MAJLIS SHURA AL-MUJAHIDIN,17187,22484,65.3061224489796,False
MAJLIS SHURA AL-MUJAHIDEEN,17187,4696,63.63636363636363,False
MAGLES SHOURA AL-MUJAHDDIN,17187,26061,58.53658536585367,False
CASPIAN AIR,17226,17226,81.4814814814815,True
PIONEER LOGISTICS HAVACILIK,17229,17229,77.27272727272727,True
JAHAN TECH PARS COMPANY,17237,17237,81.08108108108108,True
JAHAN TECH,17237,10602,66.66666666666667,False
MANDEGAR BASPAR FAJR ASIA,17238,17238,72.34042553191489,True
BARDIYA TEJARAT JAVID,17238,25633,66.66666666666667,False
"PROFAKTOR, LLC",17247,17247,81.81818181818181,True
LUKOIL OIL COMPANY,17248,17248,75.0,True
LUKOIL,17248,17248,100.0,True
NK LUKOIL OAO,17248,17248,80.0,True
NEFTYANAYA KOMPANIYA LUKOIL OOO,17248,45061,71.42857142857143,False
PUBLIC JOINT-STOCK COMPANY OIL COMPANY LUKOIL,17248,49192,77.77777777777779,False
OTKRYTOE AKTSIONERNOE OBSHCHESTVO DOIGOPRUDNENSKOE NAUCHNO PROIZVODSTVENNOE PREDPRIYATIE,17249,35855,82.08092485549133,False
DOLGOPRUDNY RESEARCH PRODUCTION ENTERPRISE,17249,17249,100.0,True
DOLGOPRUDNY,17249,17249,41.509433962264154,True
DOLGOPRUDNENSKOYE NPP OAO,17249,17249,50.79365079365079,True
JSC NIIP,17251,,0.0,False
OTKRYTOE AKTSIONERNOE OBSHCHESTVO NAUCHNO ISSLEDOVATELSKI INSTITUT PRIBOROSTROENIYA IMENI V.V. TIKHOMIROVA,17251,37797,73.57512953367875,False
OTKRYTOE AKTSIONERNOE OBSHCHESTVO 'MYTISHCHINSKI MASHINOSTROITELNY ZAVOD',17255,50993,80.55555555555556,False
JSC MYTISHCHINSKI MACHINE-BUILDING PLANT,17255,17255,94.11764705882352,True
"MYTISHCHINSKI MACHINOSTROITELNY ZAVOD, OAO",17255,37670,65.82278481012658,False
A.A. RASPLETIN MAIN SYSTEM DESIGN BUREAU,17258,50150,74.35897435897436,False
JSC 'ALMAZ-ANTEY' MSDB,17258,47317,51.28205128205128,False
ALMAZ-ANTEY MSDB,17258,47317,51.28205128205128,False
GOLOVNOYE SISTEMNOYE KONSTRUKTORSKOYE BYURO OPEN JOINT-STOCK COMPANY OF ALMAZ-ANTEY PVO CONCERN IMENI ACADEMICIAN A.A. RASPLETIN,17258,17258,64.15094339622642,True
ALMAZ-ANTEY PVO 'AIR DEFENSE' CONCERN LEAD SYSTEMS DESIGN BUREAU OAO 'OPEN JOINT-STOCK COMPANY' IMENI ACADEMICIAN A.A. RASPLETIN,17258,17258,86.95652173913044,True
ALMAZ-ANTEY GSKB IMENI ACADEMICIAN A.A. RASPLETIN,17258,17258,54.16666666666667,True
ALMAZ-ANTEY GSKB,17258,47317,51.28205128205128,False
OTKRYTOE AKTSIONERNOE OBSHCHESTVO NAUCHNO PROIZVODSTVENNOE OBEDINENIE ALMAZ IMENI AKADEMIKA A.A. RASPLETINA,17258,35855,67.37967914438502,False
KALININ MACHINE-BUILDING PLANT OPEN JOINT-STOCK COMPANY,17259,44038,82.97872340425532,False
OPEN-END JOINT-STOCK COMPANY 'KALININ MACHINERY PLANT. YEKATERINBURG',17259,44038,64.76190476190476,False
"MASHINOSTROITEL'NYI ZAVOD IM. M.I. KALININA, G. YEKATERINBURG OAO",17259,37670,60.215053763440864,False
MZIK OAO,17259,,0.0,False
KALININ MACHINERY PLANT-BRD,17259,17259,87.5,True
"OTKRYTOE AKTSIONERNOE OBSHCHESTVO MASHINOSTROITELNY ZAVOD IM.M.I.KALININA, G.EKATERINBURG",17259,50993,78.70967741935485,False
"STATE CORPORATION FOR THE PROMOTION OF THE DEVELOPMENT, MANUFACTURE, AND EXPORT OF HIGH TECH PRODUCTS ROSTEC",17260,39161,55.73770491803278,False
HILAL AHMAR SOCIETY OF INDONESIA,17269,17269,100.0,True
YAYASAN HILAL AHMAR,17269,17269,58.33333333333333,True
INDONESIA HILAL AHMAR SOCIETY FOR SYRIA,17269,17269,90.625,True
ABDUL HAMEED SHAHAB-U-DIN,17271,17271,93.87755102040816,True
ABDUL HAMEED SHAHABUDDIN,17271,17271,84.0,True
ABDUL HAMEED SHAHABUDDAIN,17271,17271,82.35294117647058,True
KATIBA AL-MUHAJIREEN,17289,17289,60.46511627906976,True
JAISH AL-MUHAJIREEN WA ANSAR,17289,17289,98.0392156862745,True
KATEEB AL MUHAJIREEN WAL ANSAR,17289,17289,83.01886792452831,True
BRIGADE OF THE EMIGRANTS AND HELPERS,17289,58058,58.33333333333333,False
ARMY OF THE EMIGRANTS AND HELPERS,17289,22284,60.0,False
JAYSH AL-MUHAJIRIN WAL-ANSAR,17289,17289,90.19607843137256,True
JAYSH AL-MUHAJIRIN AND AL-ANSAR ARMY,17289,17289,73.07692307692308,True
AL-MUAJIRIN BRIGADE,17289,26061,82.35294117647058,False
MUHAJIRIN AND ANSAR ARMY,17289,17289,69.56521739130434,True
ARMY OF FOREIGN FIGHTERS AND SUPPORTERS,17289,25967,55.55555555555556,False
HARAKET SHAM AL-ISLAM,17299,17299,94.44444444444444,True
SHAM AL-ISLAM MOVEMENT,17299,6725,73.91304347826086,False
MOLODEZHNAYA AVTONOMNAYA NEKOMMERCHESKAYA ORGANIZATSIYA NOCHNYE VOLKI,17317,52179,61.53846153846154,False
NOCHNIYE VOLKI,17317,,0.0,False
NOCHNYE VOLKI,17317,,0.0,False
MARSHALL CAPITAL,17449,17449,78.04878048780488,True
SOUTHEAST MOVEMENT,17468,17468,75.67567567567568,True
YUGO-VOSTOK MOVEMENT,17468,17468,61.53846153846154,True
NEW RUSSIA PARTY,17471,35003,70.27027027027026,False
AJNAD MASR,17567,17567,90.0,True
DONASHELL,17626,17626,94.73684210526316,True
DONNA SHELL,17626,17626,95.23809523809523,True
NEW GENERATION CARTEL OF JALISCO,17671,17671,90.0,True
CJNG,17671,,0.0,False
JALISCO NEW GENERATION CARTEL,17671,17671,90.0,True
LOS CUINIS DRUG TRAFFICKING ORGANIZATION,17672,21023,86.8421052631579,False
LOS QUINIS,17672,7291,37.83783783783784,False
ROSSISKI NATSIONALNY KOMMERCHESKI BANK OTKRYTOE AKTSIONERNOE OBSHCHESTVO,17755,45787,70.27027027027026,False
RNKB OAO,17755,,0.0,False
AMIGO SUPERMARKET,17768,17768,100.0,True
WONDERLAND AMUSEMENT PARK,17769,17769,87.71929824561404,True
KODOKAI,17787,17787,53.333333333333336,True
KOUDOU-KAI,17787,,0.0,False
THIRD KODO-KAI,17787,17787,72.72727272727273,True
SANDAIME KODO-KAI,17787,17787,64.0,True
STATE ENTERPRISE KERCH COMMERCIAL SEA PORT,18027,18027,100.0,True
KERCH COMMERCIAL SEAPORT,18027,18994,74.4186046511628,False
KERCH MERCHANT SEA PORT,18027,33676,61.53846153846154,False
KERCH SEA PORT,18027,58403,58.06451612903225,False
PORT OF KERCH,18027,56319,54.54545454545454,False
SEAPORT OF KERCH,18027,18319,51.162790697674424,False
PLAZA VIRREYES,18091,55848,62.5,False
PLAZA XAMAN HA,18092,35068,61.53846153846154,False
"W AND G ARQUITECTOS, S.A. DE C.V.",18130,25977,100.0,False
ALNASER AIRLINES,18133,18133,93.33333333333333,True
AL NASER WINGS,18133,29052,62.5,False
AL NASER WINGS AIRLINES,18133,18133,82.35294117647058,True
SKY BLUE BIRD FZE,18134,18134,74.28571428571429,True
SKY BLUE AIRLINES,18134,58532,80.0,False
"AL-INMAA GROUP FOR TOURISM WORK, LLC",18219,18219,97.95918367346938,True
AL-INMAA GROUP,18219,13065,76.19047619047619,False
"AL-INMAA GROUP, LLC",18219,13065,76.19047619047619,False
AL-INMAA GROUP FOR ENGINEERING AND CONTRACTING,18220,18220,90.625,True
INMAA 'AL' FOR ENGINEERING AND CONTRACTING SARL,18220,18220,100.0,True
AL-INMAA GROUP FOR ENTERTAINMENT AND LEISURE PROJECTS,18221,18221,92.3076923076923,True
AL-INMAA FOR ENTERTAINMENTS AND LEISURE PROJECTS,18221,18221,98.63013698630137,True
CAR CARE CENTER CCC,18222,18222,88.23529411764706,True
CAR CARE CENTER COMPANY,18222,18222,100.0,True
ORENBURGNEFT,18267,18267,100.0,True
OAO JSC ORENBURGNEFT,18267,18267,100.0,True
"ROSEKSIMBANK, ZAO",18268,52269,56.00000000000001,False
RUSSIAN EXPORT-IMPORT BANK,18268,15648,74.4186046511628,False
GOSUDARSTVENNY SPETSIALIZIROVANNY ROSSISKI EKSPORTNO-IMPORTNY BANK (ZAKRYTOE AKTSIONERNOE OBSHCHESTVO),18268,51434,73.25581395348837,False
STATE SPECIALIZED RUSSIAN EXPORT-IMPORT BANK JOINT-STOCK COMPANY,18268,45896,65.1685393258427,False
EXIMBANK OF RUSSIA ZAO,18268,18268,100.0,True
EXIMBANK OF RUSSIA,18268,18268,100.0,True
AO ROSEKSIMBANK,18268,52269,50.0,False
SAMOTLORNEFTEGAZ JSC,18269,18269,100.0,True
SAMOTLORNEFTEGAZ,18269,18269,100.0,True
VERKHNECHONSKNEFTEGAZ,18271,18271,100.0,True
OJSC VERKHNECHONSKNEFTEGAZ,18271,18271,100.0,True
AO VCHNG,18271,,0.0,False
EKSAR OAO,18272,,0.0,False
ROSSISKOE AGENTSTVO PO STRAKHOVANIYU EKSPORTNYKH KREDITOV I INVESTITSI OTKRYTOE AKTSIONERNOE OBSHCHESTVO,18272,16864,63.2183908045977,False
RUSSIAN AGENCY FOR EXPORT CREDIT AND INVESTMENT INSURANCE JSC,18272,18272,100.0,True
EXIAR OJSC,18272,,0.0,False
EXIAR,18272,,0.0,False
EXIAR JSC,18272,,0.0,False
JSC FAR EAST AND ARCTIC REGION DEVELOPMENT FUND,18273,47882,79.48717948717949,False
OJSC THE FAR EAST AND BAIKAL REGION DEVELOPMENT FUND,18273,47882,69.23076923076923,False
AO VEB.DV,18273,,0.0,False
FAR EAST AND BAIKAL REGION DEVELOPMENT FUND OJSC,18273,47882,69.23076923076923,False
VANKORNEFT,18274,18274,100.0,True
ZAO VANKORNEFT,18274,18274,100.0,True
YUGANSKNEFTEGAZ,18276,18276,90.9090909090909,True
RN-YUGANSKNEFTEGAZ OOO,18276,18276,100.0,True
LLC RESAD,18281,30207,40.0,False
RESAD LLC,18281,30207,40.0,False
INFRASTRUKTURA MOLZHANINOVO,18281,18281,92.5925925925926,True
NOVOKUIBYSHEVSK REFINERY,18282,18282,91.30434782608697,True
OJSC NOVOKUYBYSHEV REFINERY,18282,18282,100.0,True
RN-KOMSOMOLSKI NPZ OOO,18284,18284,76.19047619047619,True
KOMSOMOLSK REFINERY,18284,18284,88.37209302325581,True
LLC RN-KOMSOMOLSK REFINERY,18284,18284,95.65217391304348,True
LLC RN KOMSOMOLSKIY NPZ,18284,18284,79.06976744186046,True
OOO VEB KAPITAL,18286,25678,56.25,False
OBSHCHESTVO S OGRANICHENNOI OTVETSTVENNOSTYU INVESTITSIONNA YA KOMPANIYA VNESHEKONOMBANKA,18286,45035,84.27672955974843,False
LLC VEB CAPITAL,18286,18286,100.0,True
OOO VEB INZHINIRING,18287,36596,82.75862068965517,False
OBSHCHESTVO S OGRANICHENNOI OTVETSTVENNOSTYU VEB INZHINIRING,18287,47435,93.33333333333333,False
VEB ENGINEERING LIMITED LIABILITY COMPANY,18287,46824,86.27450980392157,False
OOO VEB ENGINEERING,18287,18287,100.0,True
OAO VEB LIZING,18288,34939,80.0,False
OTKRYTOE AKTSIONERNOE OBSHCHESTVO VEB LIZING,18288,18795,83.14606741573034,False
OPEN JOINT STOCK COMPANY VEB LEASING,18288,18739,86.27450980392157,False
OJSC VEB LEASING,18288,18288,100.0,True
SYZRAN REFINERY,18290,18290,100.0,True
OPEN JOINT-STOCK OIL AND GAS COMPANY SYZRAN,18290,53661,68.75,False
BELVNESHECONOMBANK OPEN JOINT STOCK COMPANY,18291,48524,66.66666666666667,False
BELVESHECONOMBANK OAO,18291,15487,50.0,False
BANK BELVEB OPEN JOINT STOCK COMPANY,18291,51662,79.16666666666666,False
ACHINSK REFINERY,18292,18292,100.0,True
OAO ACHINSK OIL REFINERY VNK,18292,18292,80.0,True
JOINT STOCK COMPANY ACHINSK REFINERY OF EASTERN PETROLEUM COMPANY,18292,52126,67.46987951807229,False
JSC ACHINSK OIL REFINERY VNK,18292,18292,80.0,True
ACHINSK OIL REFINERY OF THE EASTERN OIL COMPANY,18292,18292,66.66666666666667,True
SOUTHEAST TRADING LTD,18305,18305,100.0,True
YALTA SEA PORT,18315,52600,61.53846153846154,False
YALTA MERCHANT SEA PORT,18315,33676,61.53846153846154,False
PORT OF YALTA,18315,52600,63.63636363636363,False
YALTA COMMERCIAL SEAPORT,18315,9542,70.0,False
SEAPORT OF YALTA,18315,18315,46.15384615384615,True
BAIKAL,18317,35021,63.1578947368421,False
OJSC KONTSERN IZHMASH,18318,18318,65.3061224489796,True
STATE FERRY ENTERPRISE KERCH FERRY,18319,46713,68.42105263157895,False
YEVPATORIA COMMERCIAL SEAPORT,18320,1641,67.6923076923077,False
YEVPATORIYA COMMERCIAL SEA PORT,18320,1641,65.67164179104478,False
YEVPATORIYA SEA PORT,18320,52600,56.25,False
YEVPATORIA SEA PORT,18320,52600,58.06451612903225,False
YEVPATORIA MERCHANT SEA PORT,18320,33676,59.09090909090908,False
PORT OF YEVPATORIA,18320,52600,59.25925925925925,False
PORT OF EVPATORIA,18320,21040,59.25925925925925,False
SEAPORT OF YEVPATORIYA,18320,53328,40.0,False
THEODOSIA MERCHANT SEA PORT,18321,33676,60.46511627906976,False
THEODOSIA COMMERCIAL SEAPORT,18321,9542,68.18181818181819,False
THEODOSIA SEA PORT,18321,52600,53.333333333333336,False
PORT OF FEODOSIA,18321,56319,56.00000000000001,False
SEAPORT OF FEODOSIYA,18321,20202,52.17391304347826,False
SEVASTOPOL SEA TRADE PORT,18322,18322,69.56521739130434,True
SEVASTOPOL MERCHANT SEA PORT,18322,18322,63.888888888888886,True
STATE ENTERPRISE SEVASTOPOL COMMERCIAL SEAPORT,18322,18027,84.0909090909091,False
SEVASTOPOL COMMERCIAL SEAPORT,18322,9542,66.66666666666667,False
SEVASTOPOL SEA PORT,18322,18322,60.31746031746032,True
PORT OF SEVASTOPOL,18322,39359,54.054054054054056,False
SEAPORT OF SEVASTOPOL,18322,18322,54.83870967741935,True
MAKO HOLDING,18325,20258,80.0,False
SENAT SHIPPING AND TRADING PRIVATE LIMITED,18345,51894,86.36363636363636,False
SENAT SHIPPING & TRADING PTE LTD,18345,51894,86.36363636363636,False
SENAT SHIPPING AND TRADING LTD,18345,51894,86.36363636363636,False
SENAT SHIPPING AGENCY LTD,18345,42316,80.95238095238095,False
"J AND P ADVERTISING, S.A. DE C.V.",18367,18367,100.0,True
CABANAS LAS FLORES,18369,18369,100.0,True
CABANAS LA LOMA,18369,18369,73.33333333333334,True
CABANAS LA LOMA EN RENTA,18369,18369,66.66666666666667,True
CABANAS LA LOMA TAPALPA,18369,18369,68.42105263157895,True
TEQUILA ONZE BLACK,18371,18371,71.42857142857143,True
BUREAU D'ACHAT DE DIAMANT EN CENTRAFRIQUE,18430,35858,57.49999999999999,False
KARDIAM BVBA,18431,18431,73.6842105263158,True
CARDIAM,18431,27593,51.85185185185186,False
ASYAF INTERNATIONAL HOLDING GROUP FOR TRADING & INVESTMENT,18536,18536,100.0,True
ASYAF INTERNATIONAL HOLDING GROUP,18536,54743,81.81818181818181,False
ASYAF GROUP,18536,48665,80.0,False
AL-OSAMA TRADING CO. LTD.,18536,30282,80.0,False
OSAMA TRADING COMPANY LTD,18536,30282,80.0,False
AL-'USAMA TRADING COMPANY,18536,20253,81.4814814814815,False
M/S OSAMA KHAIRY HAFEZ TRADING EST.,18536,41190,62.745098039215684,False
DAN ISDICO,18536,,0.0,False
ALZROONI EXCHANGE,18539,12583,73.33333333333334,False
M/S. AL ZAROONI EXCHANGE,18539,18539,100.0,True
EKO IMPORT AND EXPORT COMPANY,18553,28044,86.66666666666667,False
EKO DEVELOPMENT & INVESTMENT FOOD COMPANY,18553,18553,91.22807017543859,True
STRATEGIC ROCKET FORCE,18568,18568,69.84126984126983,True
THE STRATEGIC ROCKET FORCE COMMAND OF KPA,18568,18568,72.0,True
MUJAHIDEEN INDONESIA TIMOR,18631,18631,90.19607843137256,True
MUJAHIDIN OF EASTERN INDONESIA,18631,18631,73.07692307692308,True
MUJAHIDIN INDONESIA BARAT,18631,18631,76.0,True
MUJAHIDIN INDONESIA TIMOR,18631,18631,96.0,True
MUJAHIDIN OF WESTERN INDONESIA,18631,18631,84.61538461538461,True
VILAYAT KAVKAZ,18636,47908,42.10526315789473,False
WILAYAT QAWQAZ,18636,,0.0,False
WILAYAH QAWKAZ,18636,,0.0,False
CAUCASUS WILAYAH,18636,12756,68.75,False
JUND AL-KHALIFA FI ARD AL-JAZAYER,18644,18644,58.82352941176471,True
JUND AL-KHILAFAH FI ARD AL-JAZA' IR,18644,18644,73.07692307692308,True
SOLDIERS OF THE CALIPHATE IN ALGERIA,18644,18644,49.056603773584904,True
CALIPHATE SOLDIERS OF ALGERIA,18644,18644,48.0,True
SOLDIERS OF THE CALIPHATE IN THE LAND OF ALGERIA,18644,18644,51.72413793103448,True
JUND AL KHALIFA-ALGERIA,18644,18644,81.81818181818181,True
JUND AL-KHALIFA,18644,18644,55.55555555555556,True
JUND AL-KHILAFA GROUP,18644,18644,71.42857142857143,True
ISLAMIC STATE'S KHORASAN PROVINCE,18647,18636,67.56756756756756,False
ISIS WILAYAT KHORASAN,18647,18647,70.58823529411764,True
ISIL'S SOUTH ASIA BRANCH,18647,20568,66.66666666666667,False
SOUTH ASIAN CHAPTER OF ISIL,18647,50115,68.08510638297872,False
THE ISLAMIC STATE OF IRAQ AND ASH-SHAM - KHORASAN PROVINCE,18647,18636,75.0,False
THE ISLAMIC STATE OF IRAQ AND SYRIA - KHORASAN,18647,31372,79.41176470588236,False
ISLAMIC STATE OF IRAQ AND LEVANT IN KHORASAN PROVINCE,18647,18636,78.65168539325843,False
ISLAMIC STATE KHURASAN,18647,8759,68.08510638297872,False
ISISK,18647,23850,53.333333333333336,False
ISIS-K,18647,23850,57.14285714285714,False
IS-KHORASAN,18647,18647,91.66666666666666,True
JOINT STOCK COMPANY YALTA FILM STUDIO,18654,49228,69.56521739130434,False
OAO YALTINSKAYA KINOSTUDIYA,18654,18654,64.7887323943662,True
JSC YALTA FILM STUDIO,18654,47671,57.14285714285714,False
YALTA FILM STUDIO,18654,47671,57.14285714285714,False
YALTA FILM STUDIOS,18654,47671,55.172413793103445,False
CJSC YALTA-FILM,18654,35073,57.14285714285714,False
KINOSTUDIYA YALTA-FILM,18654,18654,54.28571428571429,True
FILM STUDIO YALTA-FILM,18654,47671,48.484848484848484,False
"NANJING KAIKAI TECHNOLOGY CO., LTD.",18661,18661,80.95238095238095,True
"NANJING KAIKAI POLYURETHANE CO., LTD.",18661,54998,51.162790697674424,False
"EASTNINE CHEMICALS CO., LTD.",18661,9554,75.0,False
"EASTNINE INTERNATIONAL TRADING CO., LTD.",18661,56791,86.20689655172413,False
SBERBANK CAPITAL LLC,18669,18669,76.19047619047619,True
SBERBANK KAPITAL OOO,18669,18669,71.42857142857143,True
OBSHCHESTVO S OGRANICHENNOI OTVETSTVENNOSTYU SBERBANK KAPITAL,18669,45866,89.47368421052632,False
SBERBANK CAPITAL LIMITED LIABILITY COMPANY,18669,18669,100.0,True
SBERBANK INVESTMENTS LLC,18708,18708,80.0,True
SBERBANK INVESTMENTS OOO,18708,18708,80.0,True
CJSC SBERBANK LEASING,18709,18288,74.07407407407408,False
SBERBANK LEASING ZAO,18709,18288,74.07407407407408,False
SBERBANK LIZING ZAKRYTOE AKTSIONERNOE OBSHCHESTVO,18709,45788,77.41935483870968,False
SBERBANK LEASING JSC,18709,18288,74.07407407407408,False
RUSSKO-GERMANSKAYA LIZINGOVAYA KOMPANIYA ZAO,18709,37025,69.56521739130434,False
CETELEM BANK LLC,18710,18291,69.56521739130434,False
SETELEM BANK OOO,18710,18710,70.58823529411764,True
SETELEM BANK OBSHCHESTVO S OGRANICHENNOI OTVETSTVENNOSTYU,18710,52257,89.10891089108911,False
KOMMERCHESKI BANK UKRSIBBANK OBSHCHESTVO S OGRANICHENNOI OTVETSTVENNOSTYU,18710,44758,91.54929577464789,False
CETELEM BANK LIMITED LIABILITY COMPANY,18710,41013,78.94736842105263,False
BPS SBERBANK OJSC,18714,18716,74.07407407407408,False
BPS-SBERBANK OAO,18714,18716,74.07407407407408,False
SBER BANK,18714,12481,77.77777777777779,False
SUBSIDIARY BANK SBERBANK OF RUSSIA PUBLIC JOINT STOCK COMPANY,18715,17018,80.95238095238095,False
SBERBANK OF RUSSIA SUBSIDIARY BANK PUBLIC JOINT STOCK COMPANY,18715,17018,80.95238095238095,False
PUBLICHNE AKTSIONERNE TOVARYSTVO DOCHIRNII BANK SBERBANKU ROSII,18715,50048,58.18181818181818,False
JSC SBERBANK OF RUSSIA,18715,18716,66.66666666666667,False
SBERBANK OF RUSSIA SUBSIDIARY BANK PRIVATE JOINT STOCK COMPANY,18715,45896,71.05263157894737,False
JSC SBERBANK,18715,18716,69.56521739130434,False
AKTSIONERNE TOVARYSTVO SBERBANK,18715,51792,64.70588235294117,False
VTB BANK BELARUS,18721,18291,74.07407407407408,False
CJSC VTB BANK BELARUS,18721,18291,74.07407407407408,False
CJSC SLAVNEFTEBANK,18721,35016,55.55555555555556,False
VTB BANK BELARUS CJSC,18721,18291,74.07407407407408,False
SAVINGS BANK OF THE REPUBLIC OF ARMENIA,18722,6853,62.96296296296296,False
VTB BANK ARMENIA CJSC,18722,25417,69.23076923076923,False
BANK VTB KAZAKHSTAN JSC,18723,18723,76.0,True
SUBSIDIARY JSC BANK VTB KAZAKHSTAN,18723,18723,68.85245901639344,True
JOINT STOCK COMPANY VTB BANK KAZAKHSTAN,18723,18723,100.0,True
BANK VTB AZERBAIJAN OJSC,18724,18724,69.0909090909091,True
JSC VTB BANK AZERBAIJAN,18724,18724,69.0909090909091,True
OJSC AF BANK,18724,44259,72.72727272727273,False
VTB AFRICA,18725,18725,76.92307692307692,True
JSC VTB BANK GEORGIA,18726,18726,72.72727272727273,True
VTB BANK GEORGIA JSC,18726,18726,72.72727272727273,True
KHOLDING VTB KAPITAL ZAKRYTOE AKTSIONERNOE OBSHCHESTVO,18729,34768,79.12087912087912,False
HOLDING VTB CAPITAL CJSC,18729,48960,89.47368421052632,False
VTB CAPITAL HOLDING ZAO,18729,48960,89.47368421052632,False
VTB CAPITAL HOLDING CJSC,18729,48960,89.47368421052632,False
VTB CAPITAL JSC,18729,18286,90.9090909090909,False
VTB CAPITAL HONG KONG LIMITED,18729,55453,74.28571428571429,False
VTB PENSION ADMINISTRATOR LTD,18730,18730,100.0,True
OBSHCHESTVO S OGRANICHENNOI OTVETSTVENNOSTYU VTB PENSIONNY ADMINISTRATOR,18730,48121,82.8125,False
VTB PENSIONNY ADMINISTRATOR OOO,18730,18730,96.15384615384616,True
LLC VTB DC,18731,,0.0,False
VTB DC LIMITED,18731,,0.0,False
VTB DC LTD,18731,,0.0,False
OBSHCHESTVO S OGRANICHENNOI OTVETSTVENNOSTYU VTB FAKTORING,18733,47250,94.44444444444444,False
VTB FAKTORING OOO,18733,34761,75.86206896551724,False
VTB FACTORING LIMITED,18733,18733,100.0,True
NONPROFIT ORGANIZATION NON-STATE PENSION FUND VTB PENSION FUND,18734,47255,64.56692913385827,False
"NPF VTB PENSIONNY FOND, AO",18734,18734,66.66666666666667,True
AKTSIONERNOE OBSHCHESTVO NEGOSUDARSTVENNY PENSIONNY FOND VTB PENSIONNY FOND,18734,48501,62.68656716417911,False
"NON-STATE PENSION FUND VTB PENSION FUND, JSC",18734,18734,67.6056338028169,True
NEKOMMERCHESKAYA ORGANIZATSIYA NEGOSUDARSTVENNY PENSIONNY FOND VTB PENSIONNY FOND,18734,52179,64.7887323943662,False
NPF VTB PENSION FUND JSC,18734,18734,76.92307692307692,True
"VTB NEDVIZHIMOST, OOO",18735,35328,84.84848484848484,False
"VTB REAL ESTATE, LLC",18735,54713,86.66666666666667,False
CJS VTB SPECIALIZED DEPOSITORY,18736,18736,77.33333333333333,True
VTB SPECIALIZED DEPOSITORY CJSC,18736,18736,73.23943661971832,True
VTB REGISTRAR,18737,51468,88.0,False
VTB REGISTRAR CJSC,18737,51468,88.0,False
JOINT STOCK COMPANY VTB REGISTRAR,18737,18737,87.71929824561404,True
JSC VTB REGISTRAR,18737,51468,88.0,False
JSC VTB LEASING,18739,18288,90.9090909090909,False
AO VTB LIZING,18739,34939,69.56521739130434,False
VTB LEASING JSC,18739,18288,90.9090909090909,False
PUBLIC JOINT STOCK COMPANY HALS-DEVELOPMENT,18740,40199,74.19354838709677,False
PUBLIC JOINT STOCK COMPANY SG-DEVELOPMENT,18740,40199,76.66666666666666,False
GALS-DEVELOPMENT PAO,18740,41503,76.92307692307692,False
HAS-DEVELOPMENT JSC,18740,27428,84.84848484848484,False
JOINT STOCK COMPANY HALS-DEVELOPMENT,18740,40199,83.63636363636364,False
"SG-DEVELOPMENT, AO",18740,46031,84.84848484848484,False
LLC AUKCION,18741,,0.0,False
AUKTSION OOO,18741,,0.0,False
OBSHCHESTVO S OGRANICHENNOI OTVETSTVENNOSTYU AUKTSION,18741,46432,92.78350515463917,False
AUKCION LIMITED LIABILITY COMPANY,18741,18741,94.11764705882352,True
SBERBANK-AUTOMATED TRADING SYSTEM CLOSED JOINT STOCK COMPANY,18743,18743,88.42105263157895,True
SBERBANK-AST ZAO,18743,18716,66.66666666666667,False
ZAKRYTOE AKTSIONERNOE OBSHCHESTVO SBERBANK AVTOMATIZIROVANNAYA SISTEMA TORGOV,18743,45620,64.42953020134227,False
JOINT STOCK COMPANY SBERBANK-AUTOMATED SYSTEM FOR TRADING,18743,18743,95.45454545454545,True
SBERBANK-AST JSC,18743,18716,66.66666666666667,False
JSC SBERBANK-AUTOMATED SYSTEM FOR TRADING,18743,18743,78.94736842105263,True
LLC SBERBANK FINANCIAL COMPANY,18744,18744,78.26086956521739,True
SBERBANK-FINANS OOO,18744,18744,65.11627906976744,True
OBSHCHESTVO S OGRANICHENNOI OTVETSTVENNOSTYU FINANSOVAYA KOMPANIYA SBERBANKA,18744,41919,85.71428571428572,False
SBERBANK FINANCE LLC,18744,40802,68.96551724137932,False
SBERBANK-FINANCE,18744,40802,68.96551724137932,False
SBERBANK FINANCE COMPANY LIMITED LIABILITY COMPANY,18744,18744,92.5925925925926,True
LLC ACTIVEBUSINESSCOLLECTION,18748,18748,66.66666666666667,True
"AKTIVBIZNESKOLLEKSHN, OOO",18748,40781,58.06451612903225,False
OBSHCHESTVO S OGRANICHENNOI OTVETSTVENNOSTYU AKTIVBIZNESKOLLEKSHN,18748,50181,83.47826086956522,False
LIMITED LIABILITY COMPANY ACTIVEBUSINESSCOLLECTION,18748,18748,83.5820895522388,True
CJSC NON-STATE PENSION FUND OF SBERBANK,18749,18749,84.375,True
NPF SBERBANKA ZAO,18749,18716,71.42857142857143,False
ZAKRYTOE AKTSIONERNOE OBSHCHESTVO NEGOSUDARSTVENNY PENSIONNY FOND SBERBANKA,18749,51434,66.66666666666667,False
SBERBANK PRIVATE PENSION FUND CLOSED JOINT STOCK COMPANY,18749,18749,90.41095890410959,True
NEGOSUDARSTVENNY PENSIONNY FOND SBERBANKA,18749,18749,62.16216216216216,True
SBERBANK PPF JSC,18749,18716,74.07407407407408,False
LLC INSURANCE COMPANY SBERBANK INSURANCE,18750,18750,84.84848484848484,True
SBERBANK STRAHOVANIE OOO SK,18750,36410,60.71428571428572,False
OBSHCHESTVO S OGRANICHENNOI OTVETSTVENNOSTYU STRAKHOVAYA KOMPANIYA SBERBANK STRAKHOVANIE,18750,50124,80.50314465408806,False
SK SBERBANK STRAHOVANIE LLC,18750,36410,60.71428571428572,False
OBSHCHESTVO S OGRANICHENNOI OTVETSTVENNOSTYU STRAKHOVAYA KOMPANIYA SBERBANK OBSHCHEE STRAKHOVANIE,18750,50124,76.19047619047619,False
SBERBANK INSURANCE IC LLC,18750,11631,74.28571428571429,False
STRAKHOVAYA KOMPANIYA SBERBANK STRAKHOVANIE,18750,50790,61.33333333333333,False
SBERBANK INSURANCE COMPANY LTD,18750,11631,81.25,False
LLC INSURANCE BROKER OF SBERBANK,18751,18751,83.33333333333334,True
SBERBANK INSURANCE BROKER LLC,18751,18751,83.33333333333334,True
OBSHCHESTVO S OGRANICHENNOI OTVETSTVENNOSTYU STRAKHOVOI BROKER SBERBANKA,18751,52257,79.3103448275862,False
OOO STRAKHOVOI BROKER SBERBANKA,18751,36410,60.0,False
AKTSIONERNOE OBSHCHESTVO NPO VYSOKOTOCHNYE KOMPLEKSY,18769,41964,73.6842105263158,False
HIGH PRECISION WEAPONS JOINT STOCK COMPANY SCIENTIFIC PRODUCTION ASSOCIATION,18769,50259,84.03361344537815,False
"NPO VYSOKOTOCHNYE KOMPLEKSY, AO",18769,51598,56.14035087719298,False
JSC NPO VYSOKOTOCHNYE KOMPLEKSY,18769,51598,59.25925925925925,False
JSC RUSELECTRONICS,18770,,0.0,False
AO ROSELEKTRONIKA,18770,56333,51.61290322580645,False
JSC RUSSIAN ELECTRONICS,18770,38641,83.33333333333334,False
OJSC MACHINE ENGINEERING TECHNOLOGIES,18772,45706,75.67567567567568,False
SCIENTIFIC INDUSTRIAL CONCERN MANUFACTURING ENGINEERING OJSC,18772,38167,61.53846153846154,False
JOINT STOCK COMPANY SCIENTIFIC INDUSTRIAL CONCERN MANUFACTURING ENGINEERING,18772,37804,72.34042553191489,False
JSC SPC TECHMASH,18772,10602,60.0,False
AKTSIONERNOE OBSHCHESTVO NAUCHNO-PROIZVODSTVENNY KONTSERN TEKHNOLOGII MASHINOSTROENIYA,18772,35855,69.00584795321637,False
JSC TEKHNODINAMIKA,18774,18774,70.0,True
AKTSIONERNOE OBSCHESTVO TEKHNODINAMIKA,18774,44822,81.15942028985508,False
AO TEKHNODINAMIKA,18774,18774,74.4186046511628,True
TEKNODINAMIKA JSC,18774,48800,27.450980392156865,False
JOINT STOCK COMPANY AVIATION EQUIPMENT,18774,48583,86.15384615384616,False
AKTSIONERNOE OBSHCHESTVO SHVABE,18779,49241,87.09677419354838,False
AO SHVABE,18779,18779,59.25925925925925,True
SHVABE PAO,18779,18779,57.14285714285714,True
RUSSIAN DEFENSE EXPORT ROSOBORONEXPORT,18782,35003,64.40677966101696,False
ROSOBORONEXPORT JSC,18782,18782,90.32258064516128,True
ROSOBORONEKSPORT OJSC,18782,18782,100.0,True
AKTSIONERNY KOMMERCHESKI BANK NOVIKOMBANK AKTSIONERNOE OBSHCHESTVO,18784,50054,67.15328467153286,False
AO AKB NOVIKOMBANK,18784,18784,59.64912280701755,True
JOINT STOCK COMMERCIAL BANK NOVIKOMBANK JOINT STOCK COMPANY,18784,51749,88.65979381443299,False
NOVIKOMBANK JCSB,18784,18784,47.27272727272728,True
NOVIKOMBANK AO,18784,12951,58.33333333333333,False
RT-INFORM LLC,18788,18788,64.28571428571428,True
NOVO VYATKA OPEN JOINT STOCK COMPANY,18795,49946,69.23076923076923,False
RUSSIAN HELICOPTERS JOINT STOCK COMPANY,18820,44990,87.71929824561404,False
OPEN JOINT STOCK COMPANY RUSSIAN HELICOPTERS,18820,18770,86.11111111111111,False
JSC RUSSIAN HELICOPTERS,18820,50196,71.42857142857143,False
JOINT STOCK COMPANY RUSSIAN HELICOPTERS,18820,44990,87.71929824561404,False
AKTSIONERNOE OBSHCHESTVO VERTOLETY ROSSII,18820,41976,80.55555555555556,False
AGRICULTURA TAVO S.P.R. DE R.L.,18822,18822,82.75862068965517,True
"DESARROLLO AGRICULTURA ORGANICO, S.P.R. DE R.L.",18824,18824,91.52542372881356,True
"DESARROLLO AGRICULTURA VERDE DE SAYULA, S.P.R. DE R.L.",18825,18825,92.53731343283582,True
STATUS ADMINISTRATIVO S. DE R.L. DE C.V.,18828,18828,100.0,True
STATE CONCERN NATIONAL ASSOCIATION OF PRODUCERS MASSANDRA,18868,18868,83.60655737704919,True
NACIONALNOYE PROIZ-VODSTVENNO AGRARNOYE OBYEDINENYE MASSANDRA,18868,49944,72.54901960784314,False
"MASSANDRA STATE CONCERN, NATIONAL PRODUCTION AND AGRARIAN UNION, OJSC",18868,18868,80.95238095238095,True
MASSANDRA NATIONAL INDUSTRIAL AGRARIAN ASSOCIATON OF WINE INDUSTRY,18868,18868,65.64885496183206,True
STATE ENTERPRISE AGRICULTURAL COMPANY MAGARACH NATIONAL INSTITUTE OF VINE AND WINE MAGARACH,18888,18888,78.4,True
GOSUDARSTVENOYE PREDPRIYATIYE AGRO-FIRMA MAGARACH NACIONALNOGO INSTITUTA VINOGRADA I VINA MAGARACH,18888,50250,53.46534653465347,False
MAGARACH AGRICULTURAL COMPANY OF NATIONAL INSTITUTE OF WINE AND GRAPES MAGARACH,18888,18888,67.27272727272727,True
DERZHAVNE PIDPRYEMSTVO AGROFIRMA MAGARACH NATSIONALNOGO INSTYTUTU VYNOGRADU I VYNA MAGARACH,18888,18888,50.72463768115942,True
"AGROFIRMA MAGARACH NATSIONALNOGO INSTYTUTU VYNOGRADU I VYNA MAGARACH, DP",18888,18888,54.23728813559322,True
LABICO SAL (OFF SHORE),18928,18928,96.7741935483871,True
AEROSKYONE CO. LTD,18929,18929,95.23809523809523,True
AERO SKY ONE LTD,18929,18929,69.56521739130434,True
LE-HUA ELEC F CO. LTD,18931,18931,57.14285714285714,True
LA RIVIERA,18951,19184,66.66666666666667,False
FEDERALNOE GOSUDARSTVENNOE BYUDZHETNOE UCHREZHDENIE SANATORI NIZHNYAYA OREANDA UPRAVLENIYA DELAMI PREZIDENTA ROSSISKOI FE,18961,35855,49.51456310679612,False
FGBU SANATORI NIZHNYAYA OREANDA,18961,18961,76.36363636363637,True
SANATORIUM NIZHNYAYA OREANDA,18961,18961,80.76923076923077,True
FEDERALNOE GOSUDARSTVENNOE BYUDZHETNOE UCHREZHDENIE SANATORI NIZHNYAYA OREANDA UPRAVLENIYA,18961,35855,52.57142857142857,False
JOINT STOCK COMPANY FOREIGN ECONOMIC ASSOCIATION TECHNOPROMEXPORT,18962,23565,85.71428571428572,False
JOINT STOCK COMPANY FOREIGN ECONOMIC ASSOCIATION TEKHNOPROMEXPORT,18962,23565,83.92857142857143,False
"VO TEKHNOPROMEKSPORT, OAO",18962,34679,60.0,False
OJSC TECHNOPROMEXPORT,18962,40320,69.23076923076923,False
JSC TEKHNOPROMEXPORT,18962,34679,61.53846153846154,False
OPEN JOINT STOCK COMPANY FOREIGN ECONOMIC ASSOCIATION TEKHNOPROMEXPORT,18962,23565,80.34188034188034,False
JSC VO TEKHNOPROMEXPORT,18962,34679,55.172413793103445,False
GOSUDARSTVENOYE PREDPRIYATIYE ZAVOD SHAMPANSKYKH VIN NOVY SVET,18964,44033,56.63716814159292,False
DERZHAVNE PIDPRYEMSTVO ZAVOD SHAMPANSKYKH VYN NOVY SVIT,18964,45739,53.333333333333336,False
"ZAVOD SHAMPANSKYKH VYN NOVY SVIT, DP",18964,45694,58.06451612903225,False
STATE ENTERPRISE FACTORY OF SPARKLING WINES NEW WORLD,18964,18964,82.82828282828282,True
NOVY SVET WINERY,18964,26517,55.172413793103445,False
NOVY SVET WINERY STATE ENTERPRISE,18964,18964,75.60975609756098,True
CRIMEAN STATE AVIATION ENTERPRISE UNIVERSAL-AVIA,18965,18965,78.48101265822784,True
"UNIVERSAL-AVIA, GUP RK",18965,18965,65.38461538461539,True
"UNIVERSAL-AVIA, CRIMEA STATE AVIATION ENTERPRISE",18965,18965,79.48717948717949,True
GOSUDARSTVENOYE PREDPRIYATIYE UNIVERSAL-AVIA,18965,18965,66.66666666666667,True
GOSUDARSTVENNOE UNITARNOE PREDPRIYATIE RESPUBLIKI KRYM UNIVERSAL-AVIA,18965,18965,56.00000000000001,True
GOSUDARSTVENNOE UNITARNOE PREDPRIYATIE RESPUBLIKI KRYM UNIVERSAL,18965,18965,52.63157894736843,True
CRIMEAN REPUBLICAN ENTERPRISE AZOV DISTILLERY,18966,18966,91.76470588235294,True
AZOVSKY LIKEROVO-DOCHNY ZAVOD,18966,35867,61.33333333333333,False
CRIMEAN REPUBLICAN ENTERPRISE AZOVSKY LIKEROVODOCHNY ZAVOD,18966,46478,58.156028368794324,False
KRYMSKE RESPUBLIKANSKE PIDPRYEMSTVO AZOVSKY LIKEROGORILCHANY ZAVOD,18966,50052,50.48543689320388,False
"AZOVSKY LIKEROGORILCHANY ZAVOD, KRYMSKE RESPUBLIKANSKE PIDPRYEMSTVO",18966,50052,50.48543689320388,False
KREMSONT ALLIANCE CORP.,18994,57596,75.0,False
HESCO ENGINEERING AND CONSTRUCTION COMPANY LIMITED,18997,18997,100.0,True
HESCO ENG & CON. CO,18997,18997,60.46511627906976,True
OOO TRANSSERVIS,19028,19028,86.95652173913044,True
LIMITED LIABILITY COMPANY TRANSSERVIS,19028,31928,86.95652173913044,False
OBSCHESTVO S OGRANICHENNOI OTVETSTVENNOSTYU TRANSSERVIS,19028,46525,90.19607843137256,False
JSC GENBANK,19031,19031,53.84615384615385,True
"GENBANK, AO",19031,19031,48.275862068965516,True
AKTSIONERNOE OBSHCHESTVO GENBANK,19031,31611,86.66666666666667,False
CLOSED JOINT STOCK COMPANY GENBANK,19031,19031,84.44444444444444,True
OJSC KRAYINVESTBANK,19032,,0.0,False
OAO KRAYINVESTBANK,19032,,0.0,False
OTKRYTOE AKTSIONERNOE OBSHCHESTVO KRASNODARSKIY KRAEVOY INVESTITSIONNIY BANK,19032,46513,68.61313868613139,False
OJSC CB VERKHNEVOLZHSKY,19033,48885,52.0,False
OAO KB VERKHNEVOLZHSKIY,19033,48885,54.90196078431373,False
OTKRYTOE AKTSIONERNOE OBSHCHESTVO KOMMERCHESKIY BANK VERKHNEVOLZHSKIY,19033,45787,73.10344827586206,False
COMMERCIAL JOINT-STOCK BANK VERHNEVOLGSKY,19033,19033,89.8876404494382,True
PUBLIC COMMERCIAL JOINT-STOCK BANK VERHNEVOLZHSKY,19033,19033,90.72164948453609,True
JSC SEVASTOPOLSKY MORSKOY BANK,19034,19034,81.25,True
AO SEVASTOPOLSKIY MORSKOY BANK,19034,19034,76.47058823529412,True
AKTSIONERNOE OBSHCHESTVO SEVASTOPOLSKIY MORSKOY BANK,19034,51546,70.83333333333333,False
PUBLIC JOINT STOCK COMPANY MOSCOW REGIONAL BANK,19036,35163,78.94736842105263,False
AKB MOSOBLBANK OAO,19036,19036,71.42857142857143,True
AKTSIONERNY KOMMERCHESKI BANK MOSKOVSKI OBLASTNOI BANK OTKRYTOE AKTSIONERNOE OBSHCHESTVO,19036,46435,64.83516483516483,False
INVESTITSIONNY RESPUBLIKANSKI BANK OBSHCHESTVO S OGRANICHENNOI OTVETSTVENNOSTYU,19037,46088,79.69924812030075,False
INVESTMENT REPUBLIC BANK LLC,19037,22486,75.55555555555556,False
INRESBANK LTD,19037,19037,100.0,True
OOO KBK BANK,19037,25419,80.0,False
AG TERMINAL OOO,19038,54406,69.56521739130434,False
OBSHCHESTVO S OGRANICHENNOI OTVETSTVENNOSTYU AVIA GRUPP TERMINAL,19038,45857,87.71929824561404,False
LLC AG TERMINAL,19038,54406,69.56521739130434,False
OTKRYTOE AKTSIONERNOE OBSHCHESTVO VOLGOGRADNEFTEMASH,19040,18795,78.35051546391753,False
JSC VOLGOGRADNEFTEMASH,19040,19040,100.0,True
DOCHERNEE AKTSIONERNOE OBSHCHESTVO OTKRYTOGO TIPA VOLGOGRADNEFTEMASH ROSSIISKOGO AKTSIONERNOGO OBSHCHESTVA GAZPROM,19040,49242,55.55555555555556,False
IPP-INTERNATIONAL PETROLEUM PRODUCTS LTD.,19045,11634,74.57627118644068,False
LORD'S RESISTANCE MOVEMENT,19100,49260,76.0,False
LORD'S RESISTANCE MOVEMENT/ARMY,19100,19100,81.63265306122449,True
LAREDO DTO,19134,19134,34.78260869565217,True
SEGOVIA IMPORT AND EXPORT CORP.,19161,19161,100.0,True
"MILLENNIUM PLAZA, S.A.",19165,19165,82.75862068965517,True
INMOBILIARIA J AND M CORP,19174,19174,100.0,True
CANDID TRADING LLC,19253,57934,80.0,False
MABROOKA TRADING COMPANY,19254,19254,100.0,True
SPECTRUM INVESTMENT GROUP SAL HOLDING,19276,19276,100.0,True
SPECTRUM INVESTMENT GROUP HOLDING,19276,19276,100.0,True
SPECTRUM INVESTMENT HOLDING,19276,19276,90.0,True
SPECTRUM INTERNATIONAL INVESTMENT HOLDING SAL,19276,28228,89.1891891891892,False
HASSAN DTO,19429,41698,58.06451612903225,False
SHKUBA DTO,19429,,0.0,False
"PROPAGANDA AND AGITATION DEPARTMENT, WORKERS PARTY OF KOREA",19528,19528,99.02912621359224,True
PROPAGANDA AND AGITATION DEPARTMENT,19528,19528,74.69879518072288,True
KOREA BUYON SHIPPING CO,19587,19587,97.5609756097561,True
KOREAN BUYON SHIPPING COMPANY LIMITED,19587,19587,100.0,True
KOREA GENERAL COMPANY FOR EXTERNAL CONSTRUCTION,19611,19611,100.0,True
KOREA GENERAL CONSTRUCTION,19611,19611,85.24590163934427,True
RUNGRADO TRADE COMPANY,19613,54625,72.0,False
RYNRADO GENERAL TRADING CORPORATION,19613,26551,86.36363636363636,False
RYNRADO,19613,,0.0,False
GAZPROM INVEST,19640,19640,100.0,True
OBSHCHESTVO S OGRANICHENNOI OTVETSTVENNOSTYU 'GAZPROM INVEST',19640,50181,95.41284403669725,False
LIMITED LIABILITY COMPANY GAZPROM INVEST,19640,45996,86.95652173913044,False
GAZPROM VNIIGAZ,19653,19653,100.0,True
OBSHCHESTVO S OGRANICHENNOI OTVETSTVENNOSTYU 'NAUCHNO-ISSLEDOVATELSKI INSTITUT PRIRODNYKH GAZOV I GAZOVYKH TEKHNOLOGI - GAZPROM VNIIGAZ',19653,45614,64.73429951690821,False
LLC VNIIGAZ,19653,19653,63.63636363636363,True
AL JAMIA AL ASARIA,19679,19679,70.58823529411764,True
JAMIYYA ASRIYYA,19679,19679,64.86486486486487,True
JAMIA ASSARIA MADRASSA,19679,19679,95.45454545454545,True
JAMIA AL-ASSARIA MADRASSA,19679,19679,95.45454545454545,True
JAMEAT-UL ASRYA MADRASSA,19679,19679,82.6086956521739,True
JAMAH-YE SARYA MADRASSA,19679,19679,57.77777777777777,True
AL JAMATUL ASARYAH MADRASSA,19679,19679,86.95652173913044,True
JAMEHA-E-AL AHSERYA MADRASSA,19679,19679,84.44444444444444,True
AL JAMIAH AL ASARIA MADRASSA,19679,19679,95.45454545454545,True
JAMIA ASRIYA MADRASSA,19679,19679,97.67441860465115,True
AL-JAMAHATUL ASREYA MADRASSA,19679,19679,80.85106382978724,True
AL-JAMIA AL-ASARIA MADRASSA,19679,19679,97.67441860465115,True
JAMA'AT UL-SARIA MOSQUE,19679,19949,71.11111111111111,False
JAMIAE HAZAREA MADRASSA,19679,19679,84.44444444444444,True
MADRASSA JAMIA AL-ASRIA,19679,19679,95.23809523809523,True
MADRASSA TALIM QURAN USONA,19679,16223,65.67164179104478,False
AR RAHMAH WELFARE ORGANIZATION,19682,19682,94.73684210526316,True
AL RAHMAH WELFARE ORGANISATION,19682,19682,96.2962962962963,True
ALRAHMAH WELFARE ORGANISATION,19682,27967,69.84126984126983,False
AR-RAHMAH WELFARE ORGANISATION,19682,19682,91.22807017543859,True
AL RAHMAN WELFARE ORGANISATION,19682,19682,92.5925925925926,True
AR RAHMA WELFARE TRUST,19682,19682,69.76744186046511,True
AR-RAHMA WELFARE ORGANISATION,19682,19682,89.28571428571429,True
AR RAMMA WELFARE ORGANISATION,19682,19682,85.71428571428572,True
AR-RAHNA WELFARE ORGANISATION,19682,19682,85.71428571428572,True
AL-REHMAH WELFARE ORGANIZATION,19682,19682,96.2962962962963,True
ALRAHMAH WELFARE ORG,19682,19682,63.829787234042556,True
AR-RAHMAN WELFARE ORGANIZATION,19682,19682,91.22807017543859,True
SCOTPAK BUILD PVT LTD,19682,25887,57.14285714285714,False
AIRCRAFT AVIONICS PARTS AND SUPPORT LTD.,19709,19709,100.0,True
SHAHID NURI INDUSTRY,19715,19715,90.47619047619048,True
SHAHID MOVAHED INDUSTRY,19716,19716,91.66666666666666,True
SHIG DEPARTMENT 7500,19716,12214,53.06122448979591,False
SHAHID HAJ ALI MOVAHED RESEARCH CENTER,19716,23432,74.62686567164178,False
AYDAH TRADING AL AIN,19733,19733,86.66666666666667,True
MINISTRY OF STATE SECURITY FARM BUREAU,19789,19789,82.1917808219178,True
MINISTRY OF STATE SECURITY FARMING BUREAU,19789,19789,78.94736842105263,True
MINISTRY OF STATE SECURITY FARM GUIDANCE BUREAU,19789,40135,75.78947368421053,False
STATE SECURITY DEPARTMENT PRISONS BUREAU,19789,19789,84.61538461538461,True
MINISTRY OF PEOPLE'S SECURITY CORRECTIONAL MANAGEMENT BUREAU,19790,19790,88.88888888888889,True
MINISTRY OF PEOPLE'S SECURITY PRISON BUREAU,19790,19789,81.57894736842105,False
ISLAMIC STATE OF IRAQ AND THE LEVANT-SAUDI ARABIA,19889,8759,79.36507936507937,False
ISLAMIC STATE OF IRAQ AND THE LEVANT IN SAUDI ARABIA,19889,8759,75.75757575757575,False
ISIS IN SAUDI ARABIA,19889,19889,86.48648648648648,True
WILAYAT AL-HARAMAYN,19889,10932,68.75,False
MUJAHIDEEN OF THE ARABIAN PENINSULA,19889,11695,76.36363636363637,False
HIJAZ PROVINCE OF THE ISLAMIC STATE,19889,8759,71.69811320754718,False
ISLAMIC STATE OF IRAQ AND THE LEVANT-LIBYA,19890,8759,89.28571428571429,False
ISLAMIC STATE OF IRAQ AND THE LEVANT IN LIBYA,19890,8759,84.7457627118644,False
ISIL-LIBYA,19890,19892,60.0,False
ISIS-LIBYA,19890,23848,72.72727272727273,False
ISLAMIC STATE OF IRAQ AND THE LEVANT-YEMEN,19892,8759,89.28571428571429,False
ISLAMIC STATE OF IRAQ AND THE LEVANT IN YEMEN,19892,8759,84.7457627118644,False
ISLAMIC STATE IN YEMEN,19892,8759,63.829787234042556,False
ISIS IN YEMEN,19892,19892,78.26086956521739,True
INVERSIONES LA PLATA M Y M,19937,19937,91.89189189189189,True
JAMAAT AL DAWA ILA AL SUNNAH,19949,20360,59.45945945945945,False
JAMAAT UD DAWA IL AL QURAN AL SUNNAH,19949,19949,65.38461538461539,True
JAMAAT UL DAWA AL QURAN,19949,19949,85.71428571428572,True
JAMAAT-UD-DAWA AL QURAN WAL SUNNAH,19949,19949,67.9245283018868,True
JAMA'AT DA'WA AL-SUNNAT,19949,24879,67.9245283018868,False
JAMA'AT AL-DA'WA ALA-L-QURAN WA-L-SUNNA,19949,19949,66.66666666666667,True
SOCIETY FOR THE CALL/INVITATION TO THE QURAN AND THE SUNNA,19949,55987,55.072463768115945,False
JAMA'AT AD-DA'WA AS-SALAFIYA WA-L-QITAL,19949,8085,55.73770491803278,False
JAMIAT AL-DAWA AL-QURAN WAL-SUNNA,19949,19949,73.46938775510203,True
ASSEMBLY FOR THE CALL OF THE KORAN AND THE SUNNAH,19949,35845,52.77777777777778,False
TEHRIK-E-TALIBAN-TARIQ GIDAR GROUP,19950,19950,69.38775510204081,True
TTP-TARIQ GIDAR GROUP,19950,19950,89.47368421052632,True
TEHREEK-I-TALIBAN PAKISTAN GEEDAR GROUP,19950,12206,68.75,False
TTP GEEDAR GROUP,19950,19950,72.72727272727273,True
TARIQ GEEDAR GROUP,19950,19950,91.42857142857143,True
COMMANDER TARIQ AFRIDI GROUP,19950,15830,73.46938775510203,False
TARIQ AFRIDI GROUP,19950,19950,80.0,True
TARIQ GIDAR AFRIDI GROUP,19950,19950,82.92682926829268,True
KAY ZONE BUILDERS AND DEVELOPERS,19973,19973,100.0,True
KATIBAH SHUHADA' AL-YARMOUK,20010,46348,53.333333333333336,False
LIWA' SHUHADA' AL-YARMOUK,20010,23630,51.61290322580645,False
YARMOUK BRIGADE,20010,26348,70.58823529411764,False
BRIGADE OF THE YARMOUK MARTYRS,20010,7200,69.76744186046511,False
MARTYRS OF YARMOUK,20010,10410,63.63636363636363,False
AL YARMUK BRIGADE,20010,26348,66.66666666666667,False
SHUHDA AL-YARMOUK,20010,46348,33.333333333333336,False
SHOHADAA AL-YARMOUK BRIGADE,20010,26348,60.46511627906976,False
SUHADA'A AL-YARMOUK BRIGADE,20010,26348,63.41463414634146,False
SHUHADA AL YARMOUK BRIGADE,20010,26348,61.904761904761905,False
YARMOUK MARTYRS BRIGADE,20010,7200,69.76744186046511,False
KHALID IBN AL-WALID ARMY,20010,20010,95.23809523809523,True
KHALID BIN-AL-WALID ARMY,20010,20010,100.0,True
KHALID BIN AL-WALEED ARMY,20010,20010,93.02325581395348,True
JAYSH KHALID BIN-AL-WALID,20010,20010,74.4186046511628,True
JAISH KHALED BIN ALWALEED,20010,20010,52.17391304347826,True
JAYSH KHALED BIN AL WALID,20010,20010,69.76744186046511,True
ARMY OF KHALED BIN ALWALEED,20010,20010,62.22222222222222,True
MOSTOTREST,20029,20029,100.0,True
OPEN JOINT STOCK COMPANY 'MOSTOTREST',20029,49946,86.27450980392157,False
"MOSTOTREST, PAO",20029,20029,83.33333333333334,True
PUBLIC JOINT STOCK COMPANY MOSTOTREST,20029,40718,78.57142857142857,False
OBSHCHESTVO S OGRANICHENNOI OTVETSTVENNOSTYU 'SGM-MOST',20030,52176,92.78350515463917,False
OBSHCHESTVO S OGRANICHENNOI OTVETSTVENNOSTYU SGM MOST,20030,52176,92.78350515463917,False
SGM-MOST LLC,20030,20030,100.0,True
SGM-BRIDGE,20030,45705,60.86956521739131,False
MAHRUS TRADING FZE,20089,20089,96.55172413793103,True
MAHRUS GROUP,20090,20090,96.0,True
AL MAHRUS GROUP TRADING COMPANY,20090,20089,80.0,False
MAHROUS TRADING INSTITUTE,20090,20089,75.0,False
MAHRUS TRADING ESTABLISHMENT,20090,42997,68.96551724137932,False
MAHROUS TRADING ESTABLISHMENT,20090,27589,70.58823529411764,False
MINISTRY OF PUBLIC SECURITY,20118,20118,83.33333333333334,True
STATE SECURITY DEPARTMENT,20129,20129,75.0,True
AL-QAEDA IN THE INDIAN SUBCONTINENT,20159,20159,87.71929824561404,True
QAEDAT AL-JIHAD IN THE INDIAN SUBCONTINENT,20159,20159,78.125,True
ZALIV SHIPYARD LLC,20199,20199,100.0,True
LLC SHIPYARD 'ZALIV',20199,20199,100.0,True
JSC SHIPYARD 'ZALIV',20199,20199,100.0,True
JSC ZALIV SHIPYARD,20199,20199,100.0,True
OJSC ZALIV SHIPYARD,20199,20199,100.0,True
AO SHIPYARD 'ZALIV',20199,20199,90.32258064516128,True
FSUE SZ 'MORYE',20200,20200,51.28205128205128,True
FEDERAL STATE UNITARY ENTERPRISE SZ MORYE,20200,43257,81.3953488372093,False
MORYE SHIPYARD,20200,36029,72.0,False
AO SHIP REPAIR CENTER 'ZVEZDOCHKA',20201,20201,95.08196721311475,True
JOINT STOCK COMPANY SHIP REPAIR CENTER 'ZVEZDOCHKA',20201,20201,82.85714285714285,True
SHIP REPAIR CENTER ZVEZDOCHKA,20201,20201,100.0,True
'ZVEZDOCHKA' SHIPYARD,20201,20199,66.66666666666667,False
JOINT STOCK COMPANY SHIPREPAIRING CENTER ZVYOZDOCHKA,20201,20201,68.49315068493152,True
JSC CENTER SUDOREMONTA ZVEZDOCHKA,20201,20201,72.41379310344827,True
FEODOSIA STATE OPTICAL PLANT,20202,20202,87.71929824561404,True
STATE OPTICAL PLANT - FEODOSIA,20202,20202,87.71929824561404,True
OJSC 'URANIS RADIO SYSTEMS',20203,20203,87.17948717948718,True
URANIS-RADIOSISTEMY OAO,20203,20203,100.0,True
OJSC URANIS-RADIOSISTEMY,20203,20203,100.0,True
AGROPECUARIA MAIS S.A.S.,20208,7284,82.05128205128204,False
CLAUDIA MERCEDES VARGAS GIRALDO SOCIEDAD POR ACCIONES SIMPLIFICADA,20209,20208,72.88135593220339,False
FEDERAL STATE INSTITUTION MANAGEMENT OF FEDERAL ROADS 'TAMAN',20210,31929,65.48672566371681,False
FEDERAL AUTONOMOUS INSTITUTION 'MAIN DIRECTORATE OF STATE EXAMINATION',20211,52641,77.94117647058823,False
GLAVGOSEKSPERTIZA,20211,20211,75.55555555555556,True
GENERAL BOARD OF STATE EXPERT REVIEW,20211,12210,58.06451612903225,False
YONA STAR TRADING INTERNATIONAL CO. LTD.,20219,50424,91.22807017543859,False
YONA HOLDING,20219,56334,80.0,False
YONA STAR,20219,55507,63.1578947368421,False
YONA STAR COMPANY,20219,55507,63.1578947368421,False
YONA STAR SHIPPING,20219,53930,83.33333333333334,False
UNISTAR COMPANY,20219,44266,37.5,False
T-RUBBER LTD,20223,20223,100.0,True
T-RUBBER COMPANY,20223,20223,100.0,True
ABR MANAGEMENT AO,20283,20283,100.0,True
AO ABR MENEDZHMENT,20283,24204,77.77777777777779,False
AKTSIONERNOE OBSHCHESTVO ABR MENEDZHMENT,20283,44965,79.48717948717949,False
JOINT STOCK COMPANY ABR MANAGEMENT,20283,46408,84.21052631578947,False
COMMITTEE FOR THE RESCUE OF UKRAINE,20284,20284,74.50980392156863,True
SAVIOR OF UKRAINE COMMITTEE,20284,20284,90.19607843137256,True
UKRAINE SALVATION COMMITTEE,20284,20284,100.0,True
AO 'INSTITUTE GIPROSTROYMOST-SANKT-PETERBURG',20285,20285,96.55172413793103,True
JSC 'INSTITUTE GIPROSTROYMOST-SAINT-PETERSBURG',20285,20285,96.47058823529412,True
JSC 'INSTITUTE GIPROSTROYMOST-SANKT-PETERBURG',20285,20285,92.85714285714286,True
"INSTITUT GIPROSTROIMOST-SANKT-PETERBURG, ZAO",20285,20285,89.1566265060241,True
ZAO 'INSTITUTE GIPROSTROYMOST SAINT-PETERSBURG',20285,20285,96.47058823529412,True
'STG-EKO' LLC,20286,,0.0,False
OOO 'DOROZHNAYA STROITELNAYA KOMPANIA',20287,50386,69.1358024691358,False
SOVFRACHT-SOVMORTRANS,20288,20288,87.5,True
SOVFRAKHT-SOVMORTRANS,20288,20288,83.33333333333334,True
SMT-CRIMEA,20289,21040,69.56521739130434,False
OOO 'SMT-K',20289,,0.0,False
OOO 'CMT-K',20289,,0.0,False
SOVMORTRANS-CRIMEA,20289,20293,75.86206896551724,False
KRYM SMT OOO LLC,20289,25118,52.63157894736843,False
LLC CMT CRIMEA,20289,21040,52.17391304347826,False
KOKSOKHIMTRANS LTD.,20290,20290,100.0,True
KOKSOKHIMTRANS OOO,20290,20290,100.0,True
SOVFRACHT MANAGEMENT COMPANY LLC,20291,20291,84.21052631578947,True
SOVFRACHT MANAGEMENT COMPANY,20291,20291,84.21052631578947,True
LLC SOVFRACHT MANAGEMENT COMPANY,20291,20291,84.21052631578947,True
MANAGEMENT COMPANY SOVFRAKHT LTD,20291,20291,78.94736842105263,True
SOVFRACHT JSC,20292,20292,100.0,True
PJSC 'SOVFRACHT',20292,20292,100.0,True
SOVFRAKHT,20292,20292,88.88888888888889,True
SOVMORTRANS CJSC,20293,20293,100.0,True
CRYOGENMASH,20306,49328,43.75,False
OPEN JOINT-STOCK COMPANY KRIOGENNOGO MASHINOSTROYENIA,20306,16884,65.97938144329896,False
PUBLICHNOE AKTSIONERNOE OBSCHESTVO KRIOGENNOGO MASHINOSTROENIYA,20306,45530,74.78260869565217,False
CRYOGENMASH JOINT STOCK COMPANY,20306,50393,82.92682926829268,False
OPEN JOINT STOCK COMPANY CRYOGENMASH,20306,46655,76.0,False
GAZPROMBANK SCHWEIZ AG,20312,20312,76.19047619047619,True
RUSSISCHE KOMMERZIAL BANK AG,20312,44266,72.0,False
SIRITIA VENTURES LTD,20314,30876,70.96774193548387,False
JAMAATUL AHRAR,20360,20360,96.55172413793103,True
JAMAATUL-AHRAR,20360,20360,96.55172413793103,True
JAMAT-UL-AHRAR,20360,20360,96.55172413793103,True
AAFIA SIDDIQUE BRIGADE,20360,24723,59.45945945945945,False
JAMAAT-E-AHRAR,20360,20360,88.88888888888889,True
JAMATUL AHRAR,20360,20360,92.85714285714286,True
TEHREEK-I-TALIBAN JAMAAT-UL-AHRAR,20360,20360,65.21739130434783,True
TEHRIK-E-TALIBAN PAKISTAN JAMAAT-E-AHRAR,20360,12206,73.01587301587303,False
JAMAAT-UL-AHRAR TTP,20360,20360,88.23529411764706,True
FOURTH GENERATION YAMAKEN-GUMI,20380,25929,60.86956521739131,False
YONDAIME YAMAKEN-GUMI,20380,20380,72.72727272727273,True
AIRKORYO,20520,,0.0,False
"GLOBAL CLEANERS, INC.",20560,20560,100.0,True
KORYO GLOBAL TRUST BANK,20569,20572,74.07407407407408,False
KORYO GLOBAL CREDIT BANK,20569,20569,75.47169811320755,True
DAESONG CREDIT DEVELOPMENT BANK,20569,20569,76.66666666666666,True
KOREA NATIONAL INSURANCE COMPANY,20573,20573,100.0,True
KOREA FOREIGN INSURANCE COMPANY,20573,11627,65.21739130434783,False
KOREA RIMYONGSU TRADING CORPORATION,20574,9525,82.6086956521739,False
HAEGU'MGANG TRADING COMPANY,20574,20574,83.72093023255813,True
NAEGU'NGANG TRADING COMPANY,20574,11532,78.94736842105263,False
MANSUDAE ART STUDIO,20578,34023,66.66666666666667,False
DAEWON INDUSTRY COMPANY,20579,20579,87.5,True
TAEWO'N INDUSTRIES,20579,10607,70.27027027027026,False
KOREA OIL EXPLORATION COMPANY,20581,20581,100.0,True
CHOSUN OIL EXPLORATION COMPANY,20581,20581,69.76744186046511,True
THE SOLDIERS OF AQSA,20620,7640,57.14285714285714,False
SOLDIERS OF AL-AQSA,20620,7640,57.14285714285714,False
SARAYAT AL-QUDS,20620,30650,61.53846153846154,False
AL-OMGY COMPANY FOR MONEY EXCHANGE,20820,20820,80.85106382978724,True
AL-OMGY & BROS. MONEY EXCHANGE,20820,20820,92.3076923076923,True
AL-OMGY EXCHANGE COMPANY,20820,48257,84.61538461538461,False
ALOMGY AND BROS. EXCHANGE,20820,26536,70.58823529411764,False
ALOMGY AND BROS MONEY EXCHANGE,20820,17165,72.34042553191489,False
AL-OMQY AND BROS COMPANY FOR MONEY EXCHANGE,20820,20820,88.46153846153845,True
AL-OMQY FOR EXCHANGING CO.,20820,48257,71.42857142857143,False
ALOMQY & BROS. FOR MONEY EXCHANGE,20820,17165,72.34042553191489,False
AL-OMAQY EXCHANGE CORPORATION,20820,48257,88.88888888888889,False
AL-OMAGI & BRO. MONEY EXCHANGE COMPANY,20820,20820,84.61538461538461,True
AL OMGI AND BROS COMPANY,20820,23900,54.54545454545454,False
AL-OMGI EXCHANGE COMPANY,20820,48257,76.92307692307692,False
AL-'UMQI MONEY EXCHANGE COMPANY,20820,27971,78.04878048780488,False
AL-OMQI FOR EXCHANGE,20820,48257,76.92307692307692,False
OMQI COMPANY,20820,,0.0,False
AL-UMQI CURRENCY EXCHANGE COMPANY,20820,30389,86.36363636363636,False
AL-'UMQI GROUP FOR TRADE AND INVESTMENT,20820,52102,80.0,False
UMQI EXCHANGE,20820,48257,76.92307692307692,False
AL OMGE AND BROS COMPANY MONEY EXCHANGE,20820,20820,88.46153846153845,True
AL OMGE AND BROS FOR EXCHANGE COMPANY,20820,20820,73.91304347826086,True
ALOMGE AND BROS FOR EXCHANGE COMPANY,20820,26536,70.58823529411764,False
AL-UMGY AND BROS MONEY EXCHANGE,20820,20820,88.46153846153845,True
ALUMGY AND BROS MONEY EXCHANGE,20820,17165,72.34042553191489,False
AL-OMAG AND BROS EXCHANGE,20820,20820,73.91304347826086,True
AL-AMQI MONEY EXCHANGE,20820,17165,85.0,False
AL-AMQI EXCHANGE,20820,43420,81.4814814814815,False
AL-UMQI HAWALA,20820,17150,50.0,False
AL-AMAQI LIL-SARAFAH COMPANY,20820,30650,51.61290322580645,False
AL-'UMQI BUREAUX DE CHANGE,20820,57972,71.42857142857143,False
AL-OMAKI EXCHANGE COMPANY,20820,48257,81.4814814814815,False
AL-RAHMAH CHARITABLE ASSOCIATION,20981,12686,72.41379310344827,False
AL-RAHMA CHARITY FOUNDATION,20981,20981,55.81395348837209,True
AL-RAHMAH CHARITY FOUNDATION,20981,20981,59.09090909090908,True
EL RAHMAH CHARITY FOUNDATION,20981,20981,59.09090909090908,True
AR RAHMAH CHARITY FOUNDATION,20981,58351,58.06451612903225,False
AL-RAHMAH CHARITY ORGANIZATION,20981,20981,91.22807017543859,True
AL-RAHMAH WELFARE ORGANIZATION,20981,19682,100.0,False
MUASSASSAT AL-RAHMAH AL-KHAYRIYYAH,20981,20981,55.172413793103445,True
AL-RAHMAN WELFARE ORGANIZATION,20981,19682,96.2962962962963,False
RAHMA WELFARE FOUNDATION,20981,19682,65.0,False
RAHMA WELFARE ASSOCIATION,20981,19682,80.76923076923077,False
AL-RAHMA FOUNDATION,20981,19682,31.25,False
AL-RAHMAH FOUNDATION,20981,19682,36.36363636363637,False
EL RAHMAH FOUNDATION,20981,19682,36.36363636363637,False
AR RAHMAH FOUNDATION,20981,20981,46.15384615384615,True
AL-RAHMAH ORGANIZATION,20981,19682,82.6086956521739,False
MUASSASSAT AL-RAHMAH,20981,20981,46.808510638297875,True
RAHMA CHARITABLE ORGANIZATION,20981,20981,98.30508474576271,True
AKTSIONERNOE OBSHCESTVO INSTITUT STROIPROEKT,21003,45788,77.27272727272727,False
STROYPROEKT,21003,50607,66.66666666666667,False
AO INSTITUT STROIPROEKT,21003,21003,100.0,True
AO INSTITUTE STROYPROEKT,21003,21003,93.61702127659575,True
STROYPROEKT ENGINEERING GROUP,21003,57487,69.56521739130434,False
INSTITUTE STROYPROECT,21003,21003,81.81818181818181,True
INSTITUT STROIPROEKT ZAKRYTOE AKTSIONERNOE OBSHCHESTVO,21003,45788,81.63265306122449,False
FLORES DTO,21023,18369,50.0,False
OBSHCESTVO S OGRANICHENNOI OTVETSTVENNOSTYU KARST,21038,46432,94.6236559139785,False
CONSTRUCTION HOLDING COMPANY OLD CITY - KARST,21038,16025,64.51612903225806,False
FEDERAL STATE UNITARY ENTERPRISE 'CRIMEAN RAILWAY',21039,43257,77.41935483870968,False
KRYMZHD,21039,25118,44.44444444444444,False
THE RAILWAYS OF CRIMEA,21039,21039,93.33333333333333,True
STATE UNITARY ENTERPRISE OF THE REPUBLIC OF CRIMEA 'CRIMEAN PORTS',21040,46388,68.0,False
SUE RK 'CRIMEAN PORTS',21040,21040,78.78787878787878,True
"A Y S CARRIER INTERNACIONAL, S.A. DE C.V.",21071,21071,100.0,True
CAMELIAS BAR,21073,21073,100.0,True
LA CAMELIA RESTAURANTE & CANTINA,21073,21114,67.9245283018868,False
RESTAURANTE BAR LA CAMELIA,21073,56354,74.50980392156863,False
"CLUB DEPORTIVO MORUMBI, A.C.",21074,21074,72.1311475409836,True
CLUB DEPORTIVO MORUMBI,21074,21074,72.1311475409836,True
CLUB DEPORTIVO AUTLAN,21074,21074,60.0,True
GUERREROS DE AUTLAN,21074,34182,56.25,False
PROMOTORA CULTURAL Y DEPORTIVA MORUMBI,21074,12194,58.06451612903225,False
"CONSORCIO NUJOMA, S.C.",21079,23893,75.86206896551724,False
"CORPORATIVO ARZACA, SOCIEDAD CIVIL",21083,21083,70.58823529411764,True
GRAND CASINO ZAPOPAN,21088,21088,75.0,True
EVENTOS LA MORA,21090,21090,100.0,True
"GRUPO COJIM, S.A. DE C.V.",21096,11486,69.56521739130434,False
"GRUPO PRODUCSIL, S. DE P.R. DE R.L. DE C.V.",21098,21098,100.0,True
"INMOVILIARIA FLORES CASTRO, S. DE R.L. DE C.V.",21101,21101,96.15384615384616,True
"LOLALOLITA 1110, S. DE R.L. DE C.V.",21103,21103,96.7741935483871,True
OOO SOLID,21105,21105,100.0,True
JSC TRANS-FLOT,21110,21110,100.0,True
RESTAURANTE FOLKLOR Y CANTINA,21114,21114,98.11320754716981,True
HANIFEH EXCHANGE,21124,34953,80.0,False
HANIFA EXCHANGE,21124,34953,82.75862068965517,False
HANIFAH CURRENCY EXCHANGE,21124,30389,85.1063829787234,False
HUNAIFA OFFICE,21124,21124,61.904761904761905,True
HANIFAH EXCHANGE COMPANY,21124,34953,80.0,False
GOLDEN CHAIN,21125,55471,64.28571428571428,False
SILSILET AL THAHAB,21125,21125,80.0,True
SELSELAT AL THAHAB FOR MONEY EXCHANGE,21125,15005,70.58823529411764,False
SILSILAT MONEY EXCHANGE COMPANY,21125,27971,80.0,False
SILSILAH MONEY EXCHANGE COMPANY,21125,27971,80.0,False
AL SILSILAH AL DHAHABA,21125,11407,38.70967741935484,False
SILSALAT AL DHAB,21125,11407,42.85714285714286,False
AL-HISN FIRM FOR SECURITY PROTECTION AND GUARD SERVICES,21206,29856,62.857142857142854,False
AL-HISN FIRM,21206,18095,63.63636363636363,False
AL-HUSN,21206,,0.0,False
AL-QASIUN SECURITY SERVICES LLC,21207,21344,75.0,False
AL-QASIUN FIRM,21207,21207,70.58823529411764,True
QASIYUN SECURITY COMPANY,21207,7774,68.96551724137932,False
QASIYUN,21207,21207,92.3076923076923,True
AJNEHAT AL SHAM,21244,17299,53.333333333333336,False
SHAM WING AIRLINES,21244,21244,91.89189189189189,True
CHAM WINGS,21244,12744,72.72727272727273,False
AL-SHAM WINGS,21244,21244,68.96551724137932,True
CENTRE DE LOISIR SAFARI CLUB,21264,57239,61.53846153846154,False
"STC, LTD",21332,,0.0,False
ESAGE LAB,21333,,0.0,False
TSOR SECURITY,21333,39618,62.857142857142854,False
ANO PO KSI,21334,,0.0,False
GLAVNOE RAZVEDYVATEL'NOE UPRAVLENIE,21343,51986,51.06382978723405,False
GRU,21343,,0.0,False
MAIN INTELLIGENCE DEPARTMENT,21343,21343,80.70175438596492,True
MAIN DIRECTORATE OF THE GENERAL STAFF,21343,39443,87.27272727272728,False
FEDERALNAYA SLUZHBA BEZOPASNOSTI,21344,46685,50.79365079365079,False
WELFARE AND DEVELOPMENT ORGANIZATION OF JAMA'AT AL-DA'WAH ILA AL-QUR'AN WA-AL-SUNNAH,21391,21391,84.61538461538461,True
WELFARE AND DEVELOPMENT ORGANIZATION OF JAMA'AT AL-DA'WAH LI-L-QUR'AN WA-L-SUNNA,21391,21391,84.375,True
WELFARE AND DEVELOPMENT ORGANIZATION OF ADVOCACY GROUP TO THE KORAN AND SUNNAH,21391,21391,73.6,True
WELFARE AND DEVELOPMENT ORGANIZATION OF THE GROUP FOR THE CALL TO QUR'AN AND SUNNAH,21391,21391,81.9672131147541,True
M/S WELFARE & DEVELOPMENT ORGANIZATION,21391,27967,69.6969696969697,False
WELFARE AND DEVELOPMENT ORGANIZATION IN PAKISTAN,21391,25886,68.35443037974683,False
WELFARE AND DEVELOPMENT ORGANIZATION IN AFGHANISTAN,21391,21391,67.88990825688073,True
AL-MUNADDAMA AL-KAIRYIA LIL-TANMIYA OF JAMA'AT AL-DA'WAH ILA AL-QUR'AN WA-AL-SUNNAH,21391,21391,51.96850393700787,True
AL-MUNADAMA AL-KHAYRIA LILTANMIA,21391,23051,41.860465116279066,False
MASHARIA AL-KHAYRIA,21391,23051,54.54545454545454,False
MASHARYA AL-KHAIRYA,21391,42733,48.484848484848484,False
JEMAAH ANSHORUT DAULAH,21405,21405,90.9090909090909,True
JAMAAH ANSHARUT DAULAT,21405,21405,95.45454545454545,True
THE ORGANIZATION FOR TECHNICAL INDUSTRIES,21424,21424,94.28571428571428,True
GRUPO SEGTAC INMOBILIARIA,21524,9406,67.9245283018868,False
GRUPO INMOBILIARIO SEGTAC,21524,18088,66.66666666666667,False
SETAREH SHARGH CO.,21545,49833,64.86486486486487,False
"SATEREH SHARGH SAMIN CO., LTD.",21545,49833,69.76744186046511,False
SATEREH SHARGH MOBIN CO.,21545,49833,65.11627906976744,False
NEW CENTURY IMPORT AND EXPORT CO. LTD,21548,21548,87.71929824561404,True
MKS INTERNATIONAL GROUP,21553,21553,85.0,True
MKS INTERNATIONAL,21553,21553,100.0,True
ROYAL PEARLS,21554,16136,78.26086956521739,False
ROYAL PEARL CHEMICAL,21554,21554,76.92307692307692,True
ROYAL PEARLS GENERAL TRADING,21554,21554,80.85106382978724,True
ERVIN DANESH,21557,21557,80.0,True
ZIEST TAJHIEZ POOYESH,21559,21559,95.0,True
POOYESH ENVIRONMENTAL INSTRUMENTS,21559,52605,64.86486486486487,False
MAHER TRADING AND ENGINEERING,21562,21565,90.19607843137256,False
"REEM PHARMACEUTICAL, S.A.R.L.",21564,21564,100.0,True
"REEM PHARMACEUTICAL, LLC",21564,21564,100.0,True
"REEM PHARMACEUTICAL, SAL",21564,21564,100.0,True
"'ALONDRA PRODUCE', SOCIEDAD DE PRODUCCION RURAL DE RESPONSABILIDAD ILIMITADA",21570,26470,67.82608695652175,False
"COMERCIALIZADORA GAEL 4, SOCIEDAD ANONIMA DE CAPITAL VARIABLE",21571,48984,77.89473684210526,False
NOVEDADES CRUZITA,21574,21574,100.0,True
"'AGRICOLA RUELAS', SOCIEDAD DE PRODUCCION RURAL DE RESPONSABILIDAD ILIMITADA",21577,26470,69.56521739130434,False
KENZO SUSHI,21664,18370,57.14285714285714,False
"OPERADORA LOS FAMOSOS, S.A.P.I. DE C.V.",21664,21664,100.0,True
BAKE AND KITCHEN,21666,6932,41.17647058823529,False
KOREA PAEK SOL TRADING,21724,39499,90.47619047619048,False
BAEKSUL TRADING,21724,21724,86.66666666666667,True
BAEKSOL TRADING,21724,21724,93.33333333333333,True
PAEKSO'L CORPORATION,21724,21724,57.14285714285714,True
PAEK SOL TRADING CORPORATION,21724,21724,96.7741935483871,True
PAEKSO'L TRADING CORPORATION,21724,21724,96.55172413793103,True
TEHRAN PRISONS AND SECURITY CORRECTIVE MEASURES DEPARTMENT,21805,19789,58.69565217391304,False
TEHRAN PROVINCE PRISONS,21805,16763,66.66666666666667,False
TEHRAN PROVINCE PRISONS DEPARTMENT,21805,21805,59.01639344262295,True
TEHRAN PRISONS,21805,34142,71.42857142857143,False
SHANGHAI BINGZHI GUOJI MAOYI YOUXIAN GONGSI,22244,16849,58.22784810126582,False
IRANIAN NOVIN SYSTEMS MANAGEMENT,22251,25903,74.57627118644068,False
JAMIAT AL-BUSTAN AL-KHAYRIYAH CHARITY,22257,22257,62.22222222222222,True
AL-BUSTAN CHARITY ASSOCIATION,22257,45890,74.50980392156863,False
AL-BUSTAN CHARITY FOUNDATION,22257,22257,100.0,True
AL-BUSTAN CHARITY SOCIETY,22257,22257,77.77777777777779,True
AL-BUSTAN ORGANIZATION,22257,10900,75.55555555555556,False
AL-BUSTAN ASSOCIATION,22257,10416,73.17073170731707,False
AL JAMAIYAH AL BUSTAN,22257,22257,68.96551724137932,True
BARLY OFF-SHORE S.A.L.,22264,22264,100.0,True
KOREA COMPUTER COMPANY,22323,22323,80.0,True
CHOSON COMPUTER CENTER,22323,22323,69.76744186046511,True
CHUNG SUN COMPUTER CENTER,22323,22323,69.56521739130434,True
KOREA ZINC INDUSTRY GROUP,22325,22325,92.3076923076923,True
NORTH KOREAN ZINC INDUSTRY GROUP,22325,22325,81.35593220338984,True
KOREA ZINC INDUSTRY GENERAL CORPORATION,22325,22325,77.77777777777779,True
OBSHCHESTVO S OGRANICHENNOI OTVETSTVENNOSTYU 'KRYMSKAYA PERVAYA STRAKHOVAYA KOMPANIYA',22403,50124,80.0,False
OOO 'KRYMSKAYA PERVAYA STRAKHOVAYA KOMPANIYA',22403,51439,67.5,False
OBSHCHESTVO S OGRANICHENNOI OTVETSTVENNOSTYU 'MOLOT-ORUZHIE',22406,52176,88.23529411764706,False
OBSHCHESTVO S OGRANICHENNOI OTVETSTVENNOSTYU PROIZVODSTVENNO INSTRUMENT KACHESTVO,22406,49187,76.2589928057554,False
OBSHCHESTVO S OGRANICHENNOI OTVETSTVENNOSTYU OBORONLOGISTIKA,22407,51453,91.22807017543859,False
OBORONLOGISTICS LIMITED LIABILITY COMPANY,22407,48313,80.85106382978724,False
OBORONLOGISTICS LLC,22407,22407,86.66666666666667,True
OBORONLOGISTIKA LLC,22407,22407,100.0,True
RIVIERA SUNRISE RESORT AND SPA,22415,22415,100.0,True
IFD KAPITAL GROUP,22416,26558,68.57142857142857,False
IFD-KAPITAL,22416,25678,50.0,False
IFD KAPITAL,22416,25678,50.0,False
IFD-CAPITAL,22416,54169,77.77777777777779,False
ZAKRYTOE AKTSIONERNOE OBSHCHESTVO 'IFD KAPITAL',22416,45788,80.89887640449437,False
CLOSED JOINT STOCK COMPANY 'IFD KAPITAL',22416,49465,77.96610169491525,False
ZAKRYTOE AKTSIONERNOE OBSHCHESTVO IFD KARITAL,22416,45788,83.14606741573034,False
AL-KAWTHAR HAWALA,22464,28533,66.66666666666667,False
INDONESIAN MUJAHIDEEN COUNCIL,22484,12914,73.91304347826086,False
INDONESIAN MUJAHIDIN COUNCIL,22484,18631,71.69811320754718,False
INDONESIAN MUJAHEDEEN COUNCIL,22484,12914,69.56521739130434,False
INDONESIAN ISLAMIC WARRIORS' COUNCIL,22484,57876,61.53846153846154,False
MAJILIS MUJAHIDIN INDONESIA,22484,22484,96.2962962962963,True
MAJELIS MUJAHIDIN COUNCIL,22484,22484,80.76923076923077,True
LASKAR MUJAHIDIN,22484,26061,70.58823529411764,False
LASKAR MUJAHIDIN INDONESIA,22484,22484,83.01886792452831,True
LASKAR MUJAHIDIN MAJELIS MUJAHIDIN,22484,22484,65.57377049180329,True
RIGHTEOUS DECISION-MAKERS,22484,45960,54.16666666666667,False
CENTRAL NATIONAL BANK OF THE DONETSK PEOPLE'S REPUBLIC,22486,23015,80.0,False
BANK TSENTR MEZHDUNARODNYKH RASCHETOV OBSHCHESTVO S OGRANICHENNOI OTVETSTVENNOSTYU,22488,43123,78.98089171974523,False
LLC TSMRBANK,22488,22488,100.0,True
BANK CENTER FOR INTERNATIONAL SETTLEMENTS LLC,22488,41917,75.75757575757575,False
JOINT STOCK COMPANY TAATTA BANK,22503,19031,76.19047619047619,False
JSC TAATTA BANK,22503,13137,84.21052631578947,False
BANK TAATTA,22503,13137,84.21052631578947,False
BANK TAATTA AKTSIONERNOE OBSHCHESTVO,22503,31412,81.81818181818181,False
"BANK CHBRR, AO",22504,51664,75.0,False
JSC 'BLACK SEA BANK FOR DEVELOPMENT & RECONSTRUCTION',22504,22504,87.2340425531915,True
OPEN JOINT STOCK COMPANY BLACK SEA DEVELOPMENT AND RECONSTRUCTION BANK,22504,22504,95.4954954954955,True
"BANK CHBRR, PAO",22504,25618,64.28571428571428,False
"'CHERNOMORSKI BANK RAZVITIYA I REKONSTRUKTSII, OTKRYTOE AKTSIONERNOE OBSHCHESTVO'",22504,18795,71.07438016528927,False
AKTSIONERNOE OBSHCHESTVO CHERNOMORSKI BANK RAZVITIYA I REKONSTRUKTSII,22504,45787,67.13286713286713,False
BANK RUBLEV,22505,50604,73.6842105263158,False
RUBLEV BANK,22505,50604,73.6842105263158,False
JSC CB 'RUBLEV',22505,22505,37.2093023255814,True
AKTSIONERNOE OBSHCHESTVO KOMMERCHESKI BANK RUBLEV,22505,47683,76.92307692307692,False
JSC CB NORTH CREDIT,22506,36471,62.06896551724138,False
NORTH CREDIT BANK,22506,16085,72.22222222222221,False
JOINT-STOCK COMPANY COMMERCIAL BANK 'INDUSTRIAL SAVINGS BANK',22507,51458,79.54545454545455,False
JSC CB 'IS BANK',22507,25419,70.58823529411764,False
CLOSED JOINT STOCK COMPANY COMMERCIAL BANK 'INDUSTRIAL SAVINGS BANK',22507,51458,73.6842105263158,False
AKTSIONERNOE OBSHCHESTVO KOMMERCHESKI BANK INDUSTRIALNY SBEREGATELNY BANK,22507,45787,76.51006711409396,False
PUBLIC JOINT-STOCK COMPANY BANK VVB,22508,17013,96.2962962962963,False
PUBLICHNOYE JOINT-STOCK COMPANY BANK VVB,22508,17013,88.13559322033898,False
PJSC BANK VVB,22508,25419,80.0,False
COMMERCIAL JOINT-STOCK INCORPORATION BANK YAROSLAVICH,22508,51698,70.83333333333333,False
"KOMMERCHESKI BANK YAROSLAVICH, PAO",22508,9346,60.71428571428572,False
PUBLICHNOE AKTSIONERNOE OBSHCHESTVO BANK VVB,22508,46470,84.33734939759037,False
LLC CONCORD MANAGEMENT AND CONSULTING,22526,22526,85.29411764705883,True
"KONKORD MENEDZHMENT I KONSALTING, OOO",22526,37221,65.3061224489796,False
OBSHCHESTVO S OGRANNICHENNOI OTVETSTVENNOSTYU KONKORD MENEDZHMENT I KONSALTING,22526,50157,80.0,False
PMC WAGNER,22543,22543,64.0,True
CHASTNAYA VOENNAYA KOMPANIYA 'VAGNER',22543,37025,68.75,False
CHVK VAGNER,22543,,0.0,False
WAGNER GROUP,22543,50135,72.72727272727273,False
BAIK. V. TSENTR,22553,44824,81.81818181818181,False
BIKE V. CENTER,22553,22553,100.0,True
"BAIK. V. TSENTR, OOO",22553,44824,81.81818181818181,False
KHOLDING OKHRANNYKH STRUKTUR VOLK,22554,22554,64.61538461538461,True
HOLDING SECURITY STRUCTURE WOLF,22554,22554,98.41269841269842,True
DEFENSE HOLDING STRUCTURE 'WOLF',22554,22554,70.96774193548387,True
WOLF HOLDING COMPANY,22554,28058,80.0,False
"DANDONG ZHICHENG METAL MATERIALS CO., LTD",22603,22603,93.93939393939394,True
DANDONG CHENGTAI,22603,57654,64.0,False
"DANDONG ZHICHENG METALLIC MINERAL CO., LIMITED",22603,22603,77.61194029850746,True
DANDONG CHISONG METAL MATERIALS COMPANY,22603,22603,67.6923076923077,True
DALIAN GLOBAL UNITY SHIPPING AGENCY,22624,22624,88.88888888888889,True
RAYAN ROSHD COMPANY,22688,22688,78.57142857142857,True
ARIOTEK,22688,,0.0,False
ISLAMIC REVOLUTIONARY GUARD CORPS AEROSPACE FORCE RESEARCH AND SELF SUFFICIENCY JEHAD ORGANIZATION,22692,22692,93.85474860335195,True
ISLAMIC REVOLUTIONARY GUARD CORPS AEROSPACE FORCE SELF-SUFFICIENCY JEHAD ORGANIZATION,22692,22692,98.82352941176471,True
ISLAMIC REVOLUTIONARY GUARD CORPS RESEARCH AND SELF-SUFFICIENCY JIHAD ORGANIZATION,22693,22693,98.71794871794873,True
ISLAMIC REVOLUTIONARY GUARD CORPS SELF-SUFFICIENCY JEHAD ORGANIZATION,22693,22693,93.87755102040816,True
MADKANDALOU COMPANY,22694,22694,41.509433962264154,True
MAD KANDALU SHIPBUILDING COOPERATIVE QESHM,22694,22694,88.09523809523809,True
MAD KANDALU COMPANY,22694,,0.0,False
MAD KANDALU SHIPBUILDING COOPERATIVE,22694,22694,84.61538461538461,True
RAMOR DIS TICARET VE INSAAT YATIRIM ANONIM SIRKETI,22695,47272,75.29411764705883,False
AMIROLMOMENIN FACTORIES,22788,54645,60.46511627906976,False
AMIROLMOMENIN INDUSTRIES,22788,47592,70.0,False
AMIR-AL-MO'MENIN COMPLEX,22788,22788,66.66666666666667,True
HIZB-UL-MUJAHIDEEN,22812,22812,85.71428571428572,True
MAK INTERNATIONAL SERVICE CO LTD,22906,22906,98.0392156862745,True
SADID CARAN SABA COMPANY,22943,22943,72.72727272727273,True
SADID CARAN SABA ENG. CO.,22943,22943,83.33333333333334,True
KHORS AIR,22944,22944,72.0,True
"AVIAKOMPANIYA KHORS, TOV",22944,50221,75.55555555555556,False
TOVARYSTVO Z OBMEZHENOYU VIDPOVIDALNISTYU 'AVIAKOMPANIYA 'KHORS',22944,38060,56.310679611650485,False
DART UKRAINIAN AIRLINES,22945,22945,72.22222222222221,True
DART AIRCOMPANY,22945,22944,77.41935483870968,False
TOVARYSTVO Z OBMEZHENOYU VIDPOVIDALNISTYU 'DART',22945,40200,38.26086956521739,False
AIR ALANNA,22945,36075,22.95081967213115,False
AMN PARDAZESH KHARAZMI,22950,23479,57.14285714285714,False
FIRST CREDIT BANK,22985,56037,72.22222222222221,False
HUALI BANK,22986,906,80.0,False
HWARYO BANK,22986,20572,76.19047619047619,False
GORGEOUS BANK OF NORTH KOREA,22986,48219,61.224489795918366,False
"BRILLIANCE BANKING CORPORATION, LTD.",22986,55939,68.96551724137932,False
CHAMS MLO,23024,12744,57.14285714285714,False
CHAMS EXCHANGE,23025,23025,100.0,True
ALI MOHAMED CHAMS & PARTNER,23025,52304,69.23076923076923,False
ALI MOHAMED CHAMS AND PARTNER,23025,52304,69.23076923076923,False
AL-KHAIR MARKET,23051,36216,75.0,False
WUHAN SANJIANG IMP. & EXP. CO. LTD.,23063,23063,88.0,True
"WUHAN LONGHUA WEIYE INDUSTRY AND TRADE CO., LTD",23063,49541,62.68656716417911,False
SHAHID ALAMOLHODA INDUSTRY,23064,23064,92.5925925925926,True
SHAHID ALAMOLHODA,23064,23064,75.55555555555556,True
RASTAFANN,23065,23065,47.36842105263158,True
RASTAFAN,23065,23065,43.24324324324324,True
RASSTAFANN CO,23065,50989,47.61904761904761,False
FANAVARI MOUDJ KHAVAR GROUP,23066,26575,57.77777777777777,False
FANA MOJ,23066,23066,93.33333333333333,True
FANAMOJ COMPANY,23066,23066,100.0,True
FANAVARI MOJ KHAVAR CO.,23066,56673,57.77777777777777,False
FANAVARI MOWJ KHAVAR,23066,56673,56.52173913043479,False
FANA MOWJ,23066,23066,87.5,True
FANAVARI MODJ KHAVAR,23066,56673,56.52173913043479,False
EXTERNAL CONSTRUCTION GENERAL COMPANY,23083,19611,90.625,False
EXTERNAL CONSTRUCTION GUIDANCE BUREAU,23083,23083,86.15384615384616,True
MILITARY SECURITY BUREAU,23085,23085,77.55102040816327,True
KOREAN PEOPLE'S ARMY SECURITY BUREAU,23085,19790,71.7948717948718,False
RAYAN PRINTING,23144,23146,62.857142857142854,False
RAYAN IMAGE PROCESSING CORPORATION,23144,49185,74.4186046511628,False
PTC GMBH,23146,,0.0,False
ALMAS MOBIN TRADING,23148,27237,81.25,False
"DANDONG DONGYUAN INDUSTRY CO., LTD.",23171,23171,92.3076923076923,True
DANDONG DONGYUAN INDUSTRIAL CO.,23171,23171,100.0,True
MARITIME ADMINISTRATION BUREAU,23173,13434,69.23076923076923,False
MINISTRY OF LAND AND MARINE TRANSPORT,23174,40193,70.76923076923076,False
DANDONG KEHUA ECONOMIC AND TRADE CO. LTD.,23175,23175,94.54545454545455,True
DANDONG XIANGHE TRADING LTD. CO,23176,23176,100.0,True
"XIANGHE TRADE CO., LTD.",23176,49682,70.0,False
DANDONG XIANGHE TRADING CORPORATION,23176,23176,100.0,True
NAM NAM GENERAL CORPORATION,23178,50097,66.66666666666667,False
NAM-NAM (SOUTH-SOUTH) COOPERATIVE GENERAL COMPANY,23178,23178,70.58823529411764,True
KUMBYOL TRADING,23183,23183,83.33333333333334,True
KUMBYOL TRADING COMPANY OF NORTH KOREAN WORKERS' PARTY,23183,23183,66.66666666666667,True
PETRO PLUS LIMITED,23203,23203,94.73684210526316,True
TIKO TIKO LTD.,23203,,0.0,False
SCOGLITTI RESTAURANT,23204,31331,64.86486486486487,False
THE BUSINESS CENTRE LIMITED,23205,23205,100.0,True
LEISURE HOLIDAYS LIMITED,23206,57846,68.96551724137932,False
TIUBODA OIL AND GAS SERVICES LLC,23207,23207,100.0,True
TIUBODA OIL SERVICES LIMITED,23207,23207,90.9090909090909,True
KB LINES LTD.,23208,23208,100.0,True
CRUDE OIL INDUSTRY MINISTRY,23211,23211,100.0,True
MINISTRY OF CRUDE OIL,23211,23211,80.0,True
GENERAL BUREAU OF PETROLEUM INDUSTRY,23211,19790,64.93506493506493,False
THIEVES-WITHIN-THE-LAW,23223,23223,68.75,True
THIEVES PROFESSING THE CODE,23223,44454,56.41025641025641,False
THIEF-IN-LAW,23223,23223,84.61538461538461,True
VORY V ZAKONYE,23223,,0.0,False
VORY-V-ZAKONE,23223,,0.0,False
VORY V ZAKONI,23223,,0.0,False
VOR V ZAKONYE,23223,,0.0,False
VOR-V-ZAKONE,23223,,0.0,False
VOR-ZAKONNIK,23223,,0.0,False
KANONIERI KURDEBI,23223,13041,47.61904761904761,False
KANONIERI QURDEBI,23223,,0.0,False
KANONIERI QURDI,23223,,0.0,False
RAMKIANI QURDI,23223,,0.0,False
RAMKIANI QURDEBI,23223,,0.0,False
SINIE,23223,25447,53.333333333333336,False
ZAKONNIK,23223,,0.0,False
ZAO SPA-OTEL VESNA,23245,23245,95.23809523809523,True
OAO KOTEHK VESNA,23245,23245,78.26086956521739,True
NOVY VEK-MEDIA OOO,23246,23246,96.55172413793103,True
FLEURETTE GROUP,23256,23256,74.28571428571429,True
GROUPE FLEURETTE,23256,23256,77.77777777777779,True
FLEURETTE DUTCH GROUP,23256,24667,63.829787234042556,False
KARIBU AU DEVELOPMENT DURABLE AU CONGO,23256,7919,60.526315789473685,False
VENTORA INVESTMENTS S.A.SU,23256,24672,76.19047619047619,False
LA FONDATION FAMILLE GERTLER,23258,23258,66.66666666666667,True
OIL OF DRCONGO,23259,,0.0,False
DAN GERTLER DIAMONDS LTD.,23262,52101,66.66666666666667,False
INTERNATIONAL FINANCIAL CORPORATION EMAXON INC.,23265,23265,93.10344827586206,True
ALBERTINE DRC S.A.S.U,23267,,0.0,False
PARTIZAN TECH DOO BEOGRAD,23284,28121,69.38775510204081,False
PARTIZAN TECH DOO,23284,17237,56.41025641025641,False
PARTIZAN ARMS,23284,29382,69.23076923076923,False
PARTIZAN ARMS DOO,23284,29382,66.66666666666667,False
CALIDUS TRADE DOO,23287,43976,66.66666666666667,False
CALIDUS TRADE DOO BEOGRAD,23287,28121,69.38775510204081,False
KGI INTERNATIONAL COMPANY LTD,23323,46874,91.42857142857143,False
KANILAI FAMILY FARMS,23324,23324,86.95652173913044,True
KANILAI WORNI FARMS,23324,23324,84.44444444444444,True
KANILAI FARMS LIMITED,23324,23324,66.66666666666667,True
ROYAL AFRICA HOLDING,23325,23325,83.33333333333334,True
AFRICADA FINANCIAL SERVICES & BUREAU DE CHANGE LTD,23326,23326,100.0,True
ABM CONSTRUCTION COMPANY,23336,25890,76.92307692307692,False
"THAI SOUTH SUDAN CRUSHER, AGGREGATES, AND BUILDING MATERIALS COMPANY",23336,23336,56.81818181818181,True
TSSABM,23336,,0.0,False
ABMC THAI SOUTH SUDAN CONSTRUCTION,23336,23336,100.0,True
AGGREGATE BUILDING MATERIALS CONSTRUCTION COMPANY,23336,23083,66.66666666666667,False
PAR EXCELLENCE LIMITED,23406,55406,33.333333333333336,False
IL-BRAZZOL,23410,,0.0,False
PESCA MEDITERRANEA LIMITED,23418,47273,52.38095238095239,False
ADJ TRADING,23419,23419,100.0,True
ADJ SWORDFISH LIMITED,23419,55944,50.0,False
SHAHID SHOUSHTARI,23433,23433,69.76744186046511,True
SHAHID SHUSHTARI INDUSTRIES,23433,23433,98.11320754716981,True
SHAHID SHOSHTARI INDUSTRIES,23433,23433,94.33962264150944,True
IHSRC,23463,,0.0,False
PANHA,23463,,0.0,False
IRAN'S HELICOPTER RENOVATION AND LOGISTICS COMPANY,23463,11643,64.36781609195403,False
IRANIAN HELICOPTERS' MAINTENANCE AND REPAIRS COMPANY,23463,46212,64.7887323943662,False
IRAN AIRCRAFT INDUSTRIES CO.,23464,23464,100.0,True
GREEN WAVE TELECOMMUNICATION SDN BHD,23465,23465,87.5,True
GREEN WAVE TECHNOLOGIES,23465,51563,73.91304347826086,False
GREENWAVE TELECOM,23465,47687,60.0,False
GOHARDASHT PRISON,23467,56789,73.33333333333334,False
RAJAEI SHAHR PRISON,23467,23467,94.73684210526316,True
RAJAI-SHAHR PRISON,23467,23467,91.89189189189189,True
IRGC JANGAL ORGANIZATION,23475,10902,76.59574468085107,False
IRGC-CEC,23475,26719,53.84615384615385,False
ISLAMIC REVOLUTIONARY GUARD CORPS ELECTRONIC WARFARE AND CYBER DEFENSE ORGANIZATION,23475,42600,71.01449275362319,False
DANDONG METAL COMPANY,23476,22614,60.60606060606061,False
JINXIANG TRADING COMPANY,23476,11629,78.57142857142857,False
"CHINA DANDONG KUMSANG TRADE COMPANY, LIMITED",23476,23476,69.38775510204081,True
PARDAZAN SYSTEM HOUSES ARMAN,23479,23479,80.0,True
PASNA INDUSTRY CO.,23479,16850,78.57142857142857,False
PASNA INTERNATION TRADING CO.,23479,49456,86.27450980392157,False
PASNA,23479,42456,26.315789473684216,False
SINO TRADER COMPANY,23479,49696,95.23809523809523,False
POUYAN ELECTRONIC CO.,23479,50763,77.77777777777779,False
FARAZ TEGARAT ERTEBAT COMPANY,23479,45719,69.56521739130434,False
GOORYONG SHIPPING BANGKOK,23510,23510,80.95238095238095,True
HANA ELECTRONIC JV COMPANY,23519,23519,94.73684210526316,True
HANA ELECTRONICS,23519,23519,88.88888888888889,True
KOREA MARINE AND INDUSTRIAL TRDG,23520,23520,100.0,True
INSTAR LOGISTICS,23543,23543,82.35294117647058,True
LLC LENGIPRONEFTEKHIM,23552,23552,100.0,True
LIMITED LIABILITY COMPANY OIL REFINING AND PETROCHEMICAL FACILITIES DESIGN INSTITUTE,23552,50969,56.896551724137936,False
"INSTITUT PO PROEKTIROVANIYU PREDPRIYATY NEFTEPERERABATYVAYUSCHEY I NEFTEKHIMICHESKOY PROMYSHLENNOSTI, LIMITED LIABILITY COMPANY",23552,52235,52.694610778443106,False
LIMITED LIABILITY COMPANY DESIGN AND ENGINEERING INSTITUTE FOR OIL REFINING AND PETROCHEMICAL ENTERPRISES,23552,35895,60.86956521739131,False
"AO, VAD",23553,,0.0,False
AKTSIONERNOE OBSHCHESTVO VAD,23553,31412,89.65517241379311,False
JOINT STOCK COMPANY VAD,23553,47865,84.84848484848484,False
JSC VAD,23553,,0.0,False
ZAO VAD,23553,,0.0,False
CJSC VAD,23553,,0.0,False
LIMITED LIABILITY COMPANY PSKOVNEFTEPRODUCT,23559,48431,72.72727272727273,False
LIMITED LIABILITY COMPANY MARKETING ASSOCIATION PSKOVNEFTEPRODUCT,23559,48439,68.62745098039215,False
NOVGORODNEFTEPRODUKT LLC,23562,23562,95.0,True
LIMITED LIABILITY COMPANY NOVGORODNEFTEPRODUCT,23562,23562,80.0,True
"SILOVYE MASHINY, PAO",23563,48820,48.275862068965516,False
"PUBLICHNOE AKTSIONERNOE OBSHCHESTVO SILOVYE MASHINY - ZTL, LMZ, ELEKTROSILA, ENERGOMASHEKSPORT",23563,41980,64.7887323943662,False
"OPEN JOINT STOCK COMPANY POWER MACHINES - ZTL, LMZ, ELECTROSILA, ENERGOMACHEXPORT",23563,48429,60.0,False
PJSC POWER MACHINES,23563,23563,100.0,True
"EVRO POLIS, OOO",23564,23564,100.0,True
OBSHCHESTVO S OGRANICHENNOI OTVETSTVENNOSTYU EVRO POLIS,23564,46439,90.0,False
OOO VO TPE,23565,,0.0,False
OOO VO TECHNOPROMEXPORT,23565,40320,62.06896551724138,False
OBSCHESTVO S OGRANICHENNOI OTVESTVENNOSTYU VNESHNEEKONOMICHESKOE OBEDINENIE TEKHNOPROMEKSPORT,23565,50159,76.19047619047619,False
LLC KINEF,23568,23568,100.0,True
KINEF,23568,23568,100.0,True
LIMITED LIABILITY COMPANY PRODUCTION ASSOCIATION KIRISHINEFTEORGSINTEZ,23568,47400,82.4742268041237,False
KALININGRADNEFTEPRODUKT LLC,23569,23569,100.0,True
LLC KALININGRADNEFTEPRODUCT,23569,23569,95.65217391304348,True
LIMITED LIABILITY COMPANY KALININGRADNEFTEPRODUCT,23569,23569,78.57142857142857,True
LLC MA TVERNEFTEPRODUCT,23570,23570,84.21052631578947,True
LIMITED LIABILITY COMPANY MARKETING ASSOCIATION TVERNEFTEPRODUCT,23570,48422,68.75,False
SBYTOVOE OBYEDINENIE TVERNEFTEPRODUKT,23570,23570,67.85714285714286,True
LLC KIRISHIAVTOSERVIS,23572,23572,100.0,True
LIMITED LIABILITY COMPANY KIRISHIAVTOSERVIS,23572,23572,77.27272727272727,True
OBSHCHESTVO S OGRANICHENNOI OTVETSTVENNOSTYU KOMPANIYA GAZ-ALYANS,23576,47437,88.0,False
COMPANY GAZ-ALLIANCE LLC,23576,26832,75.0,False
CLOSED JOINT STOCK COMPANY SURGUTNEFTEGASBANK,23577,23577,89.55223880597015,True
ZAO SNGB,23577,,0.0,False
JSC BANK SNGB,23577,25067,77.77777777777779,False
SNGB AO,23577,,0.0,False
OBSHCHESTVO S OGRANICHENNOI OTVETSTVENNOSTYU 'UGOLNYE TEKHNOLOGII',23580,48120,90.9090909090909,False
COAL TECHNOLOGIES,23580,29060,88.23529411764706,False
GUALILO LTDA. C.I.,23615,10004,72.0,False
SOESMA LTDA.,23618,7295,60.86956521739131,False
ZULIANA DE ESMERALDAS LTDA. C.I.,23624,23624,87.8048780487805,True
HASM MOVEMENT,23628,17468,68.75,False
HARAKAH SAWA'ID MISR,23628,17299,63.1578947368421,False
HARAKAT SAWA'D MISR,23628,17299,74.28571428571429,False
ARMS OF EGYPT MOVEMENT,23628,17468,63.1578947368421,False
MOVEMENT OF EGYPT'S ARMS,23628,17468,63.1578947368421,False
MOVEMENT OF EGYPT'S FOREARMS,23628,17468,57.14285714285714,False
LIWA AL-THAWRAH,23630,23630,95.65217391304348,True
LIWA' AL-THAWRAH,23630,23630,95.65217391304348,True
LIWAA AL-THAWRA,23630,23630,95.65217391304348,True
LEWAA AL-THAWRA,23630,23630,86.95652173913044,True
LIWA AL THOWRA,23630,23630,90.9090909090909,True
THE REVOLUTION BRIGADE,23630,26061,61.111111111111114,False
BANNER OF THE REVOLUTION,23630,29906,60.0,False
AL-SABIRIN,23632,23632,52.17391304347826,True
AL-SABIREEN,23632,23632,66.66666666666667,True
A-SABRIN ORGANIZATION,23632,21805,69.56521739130434,False
AL-SABIREEN MOVEMENT FOR SUPPORTING PALESTINE,23632,40796,53.73134328358209,False
AL-SABIREEN FOR THE VICTORY OF PALESTINE,23632,52228,58.82352941176471,False
THE SABIREEN MOVEMENT,23632,23632,60.60606060606061,True
MOVEMENT OF THOSE WHO ENDURE WITH PATIENCE,23632,49513,52.87356321839081,False
MOVEMENT OF THE PATIENT ONES,23632,40796,60.0,False
ZHAO WEI NARCOTICS TRAFFICKING GROUP,23648,26324,61.9718309859155,False
KINGS ROMANS CASINO,23648,23654,73.33333333333334,False
KINGS ROMANS GROUP,23648,23654,75.86206896551724,False
KINGS ROMANS CASINO,23652,23654,73.33333333333334,False
KINGS ROMANS GROUP,23652,23654,75.86206896551724,False
"KINGS ROMAN INTERNATIONAL COMPANY, LIMITED",23652,23652,92.5925925925926,True
DOK NGIU KHAM KING ROMAN GROUP,23652,12846,57.14285714285714,False
DOK NGIEO KHAM COMPANY,23652,11310,54.54545454545454,False
DOK NGEW KHAM CASINO CO. LTD.,23652,57225,68.57142857142857,False
DOKNGIEWKHAM COMPANY,23652,,0.0,False
GOLDEN KAPOK,23652,58556,70.0,False
JIN MU MIAN,23652,,0.0,False
JING MU MIANG COMPANY,23652,55954,66.66666666666667,False
MYANMAR MACAU LUNDUN,23652,31516,61.111111111111114,False
WEI TA LEE COMPANY,23652,,0.0,False
KINGS ROMAN RESORT AND CASINO,23652,50601,60.0,False
DOK NGIU KHAM KING ROMAN CASINO,23652,57225,52.17391304347826,False
KING ROMANS GROUP COMPANY LTD,23652,23654,78.57142857142857,False
DONG NGIEW KHAM GROUP,23652,29117,66.66666666666667,False
KINGS ROMANS GROUP,23653,23654,75.86206896551724,False
KINGS ROMANS CASINO,23653,23654,73.33333333333334,False
DOK NGIU KHAM KING ROMAN GROUP,23653,12846,57.14285714285714,False
DOK NGIEO KHAM COMPANY,23653,11310,54.54545454545454,False
DOK NGEW KHAM CASINO CO. LTD.,23653,57225,68.57142857142857,False
KING ROMANS GROUP COMPANY LTD,23653,23654,78.57142857142857,False
DOKNGIEWKHAM COMPANY,23653,,0.0,False
DONG NGIEW KHAM GROUP,23653,29117,66.66666666666667,False
GOLDEN KAPOK,23653,58556,70.0,False
JIN MU MIAN,23653,,0.0,False
JING MU MIANG COMPANY,23653,55954,66.66666666666667,False
MYANMAR MACAU LUNDUN,23653,31516,61.111111111111114,False
WEI TA LEE COMPANY,23653,,0.0,False
KINGS ROMAN RESORT AND CASINO,23653,50601,60.0,False
DOK NGIU KHAM KING ROMAN CASINO,23653,57225,52.17391304347826,False
BLUE LAGOON ALI KANSO GROUP LTD.,23665,23665,77.27272727272727,True
BLUE LAGOON GROUP,23665,23665,100.0,True
BLUE LAGOON ALI KANSO GROUP (S.L.) LIMITED,23665,23665,77.27272727272727,True
CHON MYONG SHIPPING COMPANY LIMITED,23705,23705,97.2972972972973,True
KOREA ANSAN SHPG CO,23708,23708,88.88888888888889,True
PROFESSIONALS ELECTRONIC TRADE IMPORT AND EXPORT LIMITED COMPANY,23709,57391,65.85365853658536,False
PROFESYONELLER ELEKTRONIK TICARET,23709,23709,86.20689655172413,True
KOREA UNPHA SHIPPING AND TRADING,23710,23710,100.0,True
KOREA SAMMA SHIPPING CO,23713,23713,88.88888888888889,True
PHYONGCHON SHIPPING AND MARINE,23717,23717,100.0,True
POCHON SHIPPING AND MANAGEMENT,23718,23718,100.0,True
SONGWON SHIPPING AND MANAGEMENT,23720,23720,100.0,True
LIIBAN TRADING,23722,51168,81.4814814814815,False
LIBAN TRADING,23722,51168,84.61538461538461,False
LIIBAAN TRADING,23722,23722,78.94736842105263,True
AL-LIIBAAN GENERAL TRADING CO.,23722,23722,100.0,True
TONGHUNG SHIPPING AND TRADING CO,23723,23723,100.0,True
CHANG AN SHIPPING AND TECHNOLOGY,23763,23763,100.0,True
ANSAROUR ISLAM,23803,23803,88.88888888888889,True
ANSAR AL-ISLAM,23803,7472,100.0,False
DEFENDERS OF ISLAM,23803,7145,66.66666666666667,False
ANSAR-UL-ISLAM LIL-ICHAD WAL JIHAD,23803,12148,63.1578947368421,False
ANSAR UL ISLAM OF MALAM BOUREIMA DICKO,23803,10742,52.17391304347826,False
CALIPHATE IN BANGLADESH,23843,23843,68.42105263157895,True
CALIPHATE'S SOLDIERS IN BANGLADESH,23843,23843,63.829787234042556,True
SOLDIERS OF THE CALIPHATE IN BANGLADESH,23843,23843,63.829787234042556,True
KHALIFAH'S SOLDIERS IN BENGAL,23843,20010,54.16666666666667,False
ISLAMIC STATE BANGLADESH,23843,23843,76.92307692307692,True
ISLAMIC STATE IN BANGLADESH,23843,23843,71.42857142857143,True
ABU JANDAL AL-BANGALI,23843,10742,46.15384615384615,False
NEO-JAMAAT-UL MUJAHIDEEN BANGLADESH,23843,4696,67.85714285714286,False
ISIS IN THE PHILIPPINES,23844,23844,91.42857142857143,True
ISIL PHILIPPINES,23844,23844,93.75,True
ISIL IN THE PHILIPPINES,23844,23844,85.71428571428572,True
IS PHILIPPINES,23844,23844,93.33333333333333,True
ISLAMIC STATE IN THE PHILIPPINES,23844,23844,68.18181818181819,True
ISLAMIC STATE IN IRAQ AND SYRIA IN SOUTH-EAST ASIA,23844,31372,66.66666666666667,False
DAWLATUL ISLAMIYAH WALIYATUL MASRIK,23844,7325,59.64912280701755,False
DAWLATUL ISLAMIYYAH WALIYATUL MASHRIQ,23844,7325,61.01694915254237,False
IS EAST ASIA DIVISION,23844,17228,66.66666666666667,False
ISIS PHILIPPINE PROVINCE,23844,23844,75.0,True
ISIS BRANCH IN THE PHILIPPINES,23844,23844,76.19047619047619,True
ISIS WEST AFRICA,23845,23845,100.0,True
ISIS WEST AFRICA PROVINCE,23845,23845,78.04878048780488,True
ISLAMIC STATE OF IRAQ AND SYRIA WEST AFRICA PROVINCE,23845,18636,70.45454545454545,False
ISLAMIC STATE OF IRAQ AND THE LEVANT-WEST AFRICA,23845,8759,80.64516129032258,False
ISLAMIC STATE WEST AFRICA PROVINCE,23845,18636,67.53246753246754,False
ISLAMIC STATE IN SOMALIA,23848,8759,73.46938775510203,False
ISIS IN EAST AFRICA,23848,24392,64.28571428571428,False
ABNAA UL-CALIPHA,23848,7156,44.44444444444444,False
IS-RANAO,23849,29848,34.285714285714285,False
ISLAMIC STATE OF LANAO,23849,8759,77.27272727272727,False
ISLAMIC STATE IN EGYPT,23850,8759,63.829787234042556,False
ISLAMIC STATE EGYPT,23850,23850,68.96551724137932,True
IS EGYPT,23850,23850,88.88888888888889,True
IS-EGYPT,23850,23850,88.88888888888889,True
ISIS-TUNISIA,23863,23848,66.66666666666667,False
ISIS-TUNISIA PROVINCE,23863,16763,85.0,False
JUND AL-KHILAFAH FI TUNIS,23863,23863,91.30434782608697,True
SOLDIERS OF THE CALIPHATE IN TUNISIA,23863,16477,62.745098039215684,False
TALA I JUND AL-KHILAFAH,23863,23863,76.19047619047619,True
DAESH TUNISIA,23863,16477,62.857142857142854,False
PLM INMOBILIARIA C.A.,23889,19146,85.71428571428572,False
MEDIASINTEZ LLC,23943,23246,53.84615384615385,False
GLAVSET LLC,23943,20211,40.0,False
MIXINFO LLC,23943,,0.0,False
AZIMUT LLC,23943,46674,21.818181818181813,False
NOVINFO LLC,23943,12951,58.82352941176471,False
"GLAVSET, OOO",23943,20211,40.0,False
"MEDIASINTEZ, OOO",23943,23246,53.84615384615385,False
"NOVINFO, OOO",23943,12951,58.82352941176471,False
LAKHTA INTERNET RESEARCH,23943,23943,70.83333333333333,True
IMAM BUKHORI JAMAAT,23965,23965,76.92307692307692,True
IMAM BUKHARI BATTALION,23965,41035,68.42105263157895,False
IMAM BUKHARI JAMAAT,23965,23965,82.05128205128204,True
IMAM AL-BUKHARI BATTALION,23965,41035,68.42105263157895,False
IMAM AL-BUKHORIY BRIGADE,23965,44620,61.904761904761905,False
KATIBATUL IMOM AL-BUXORIY,23965,23965,76.19047619047619,True
IMOM BUXORIY KATIBASI,23965,23965,73.17073170731707,True
RUSSIAN FINANCIAL CORPORATION BANK JSC,24026,24026,87.17948717948718,True
BANK ROSSISKAYA FINANSOVAYA KORPORATSIYA AKTSIONERNOE OBSHCHESTVO,24026,37760,75.2,False
AO RFK-BANK,24026,22507,76.19047619047619,False
RFC-BANK,24026,50604,75.0,False
NASIF BARAKAT ALIEN SMUGGLING ORGANIZATION,24037,54682,73.41772151898735,False
OBSHCHESTVO S OGRANICHENNOI OTVETSTVENNOSTYU GAZPROM BURENIE,24185,46432,86.53846153846155,False
LIMITED LIABILITY COMPANY GAZPROM BURENIYE,24185,45008,78.26086956521739,False
GAZPROM BURENIYE LLC,24185,24185,96.7741935483871,True
"BUROVAYA KOMPANIYA OAO GAZPROM, DOCHERNEE OBSHCHESTVO S OGRANICHENNOI OTVETSTVENNOSTYU",24185,47437,80.85106382978724,False
GAZPROM DRILLING,24185,30409,66.66666666666667,False
AKTSIONERNOE OBSHCHESTVO ENPIVI INZHINIRING,24203,49221,78.94736842105263,False
AO ENPIVI INZHINIRING,24203,45989,74.28571428571429,False
"ENPIVI INZHINIRING, AO",24203,45989,74.28571428571429,False
NPV ENGINEERING JOINT STOCK COMPANY,24203,24203,91.52542372881356,True
OJSC NPV ENGINEERING,24203,50112,86.66666666666667,False
OBSHCHESTVO S OGRANICHENNOI OTVETSTVENNOSTYU LADOGA MENEDZHMENT,24204,46641,85.71428571428572,False
OOO LADOGA MANAGEMENT,24204,27036,81.25,False
BAZOVY ELEMENT,24224,24224,74.07407407407408,True
KUBAN AGRO,24225,24225,74.07407407407408,True
KUBAN AGROHOLDING,24225,24225,100.0,True
RUSSKIE MASHINY,24229,24229,70.96774193548387,True
GAZ JSC,24230,,0.0,False
GAZ PAO,24230,,0.0,False
JOINT-STOCK COMPANY RENOVA GROUP OF COMPANIES,24303,48513,71.05263157894737,False
JSC RENOVA GROUP OF COMPANIES,24303,49266,82.6086956521739,False
GLOBAL TRADING GROUP,24390,34483,85.0,False
GLOBAL TRADING GROUP NV,24390,34483,85.0,False
PREMIER INVESTMENT GROUP SAL,24394,26201,84.44444444444444,False
PREMIER INVESTMENT GROUP SAL OFF SHORE,24394,24394,100.0,True
BLUE SKY SZE,24395,57436,60.0,False
OTIK HAVACILIK SANAYI VE TICARET LIMITED SIRKETI,24396,48800,79.48717948717949,False
LLC GUDZON SHIPPING CO,24451,24451,100.0,True
OOO GUDZON SHIPPING CO,24451,24451,100.0,True
"SK GUDZON, OOO",24451,24451,66.66666666666667,True
KOREA UNGUM COMPANY,24515,24515,100.0,True
"PROFINET, OOO",24516,24516,100.0,True
OBSHCHESTVO S OGRANICHENNOI OTVETSTVENNOSTYU PROFINET,24516,40208,96.0,False
PROFINET AGENCY,24516,24516,69.56521739130434,True
"DANDONG ZHONGSHENG INDUSTRY AND TRADE CO., LTD.",24518,24518,100.0,True
DANDONG ZHONGSHONG INDUSTRY & TRADE CORPORATION LTD.,24518,24518,96.96969696969697,True
DANDONG ZHONGSHONG INDUSTRY AND TRADE CORPORATION LTD.,24518,24518,96.96969696969697,True
DANDONG ZHONGSHONG INDUSTRY & TRADE,24518,24518,96.96969696969697,True
DANDONG ZHONGSHONG INDUSTRY AND TRADE,24518,24518,96.96969696969697,True
DANDONG ZHONGSENG INDUSTRY & TRADE,24518,24518,98.46153846153847,True
DANDONG ZHONGSENG INDUSTRY AND TRADE,24518,24518,98.46153846153847,True
TRIGRON CARGO LOGISTICS LTD.,24522,24522,75.47169811320755,True
TRIGRON KARGO LOJISTIK,24522,24522,84.61538461538461,True
TRIGRON KARGO,24522,24522,60.46511627906976,True
DENA AIRLINES,24529,22945,84.61538461538461,False
SARAFI RASHED,24537,32491,56.00000000000001,False
KHEDMATI AND COMPANY JOINT PARTNERSHIP,24538,24538,68.42105263157895,True
AL BILAD ISLAMIC BANK,24545,6900,68.57142857142857,False
AL ATTA ISLAMIC BANK FOR INVESTMENT AND FINANCE,24545,24545,84.93150684931507,True
AL ATAA ISLAMIC BANK FOR INVESTMENT AND FINANCE,24545,24545,84.93150684931507,True
AL-ATAA ISLAMIC BANK,24545,7114,88.23529411764706,False
AL-ATTA ISLAMIC BANK,24545,7114,88.23529411764706,False
AL-ATTAA ISLAMIC BANK,24545,7114,85.71428571428572,False
ISLAMIC STATE IN THE GREATER SAHARA,24546,24546,79.24528301886792,True
ISLAMIC STATE OF THE GREATER SAHEL,24546,8759,69.23076923076923,False
ISIS IN THE GREATER SAHEL,24546,24546,88.37209302325581,True
ISIS IN THE ISLAMIC SAHEL,24546,12058,60.0,False
ISIS-GS,24546,23850,70.58823529411764,False
CAR ESCORT SERVICES SAL (OFF-SHORE),24563,24563,100.0,True
"DALIAN TIANBAO INTERNATIONAL LOGISTICS CO., LTD.",24566,29524,78.26086956521739,False
SUN MOON STAR (SINGAPORE) LTD.,24567,50840,59.09090909090908,False
HANISTA DEVELOPER GROUP,24587,29685,73.91304347826086,False
ANSAR-I HEZBOLLAH,24588,24588,100.0,True
ANSAR-I HIZBULLAH,24588,24588,86.66666666666667,True
ANSAR HEZBOLLAH,24588,24588,100.0,True
ANSAR UL HEZBOLLAH,24588,24588,90.9090909090909,True
SUPPORTERS OF THE PARTY OF GOD,24588,4702,60.46511627906976,False
LLC COMMERCIAL BANK AGROSOYUZ,24606,24606,100.0,True
AGROSOYUZ,24606,27234,58.82352941176471,False
AGROSOYUZ LLC,24606,27234,58.82352941176471,False
NAUCHNO-ISSLEDOVATELSKIY INSTITUT KVANT,24646,50423,77.77777777777779,False
NII KVANT,24646,49129,62.5,False
RUSSIAN FEDERAL STATE UNITARY ENTERPRISE SCIENTIFIC RESEARCH INSTITUTE KVANT,24646,51991,79.47019867549669,False
"DAIVTEKHNOSERVIS, OOO",24647,,0.0,False
DIVE TECHNO SERVICES,24647,56589,70.0,False
DAYVTEKHNOSERVIS,24647,,0.0,False
DIGITAL SECURITY RESEARCH GROUP,24650,24650,68.08510638297872,True
OOO DIGITAL SECURITY,24650,24650,100.0,True
MOKU GOLD MINES,24664,23443,96.55172413793103,False
MOKU GOLD,24664,23443,78.26086956521739,False
MOKU GOLDMINES LTD,24664,23443,100.0,False
MOKU GOLDMINES AG,24664,23443,100.0,False
FERRO SWISS AG,24664,49905,60.86956521739131,False
IRON MOUNTAIN ENTREPRISES,24671,24671,96.0,True
ALMERINA INVESTMENTS,24673,27593,85.0,False
"KITOKOFOOD, SPRL",24675,23259,50.0,False
LA FERME KITOKO FOOD,24675,24675,90.9090909090909,True
KARIBU DRC,24676,24676,56.25,True
KARIBU WEST,24676,23845,59.25925925925925,False
MANICA DRC SPRL,24676,23259,56.25,False
SEYMEH S.R.L.,24678,24679,52.17391304347826,False
SEYMEH,24678,24679,52.17391304347826,False
SEYMEH ENGINEERING,24679,55921,81.08108108108108,False
KK YAMATERU,24683,20380,52.17391304347826,False
MAHAN TRAVEL,24706,57189,72.0,False
MIHAN TRAVEL & TOURISM SDN BHD,24706,24706,96.42857142857143,True
SARAYA AL-ASHTAR,24723,30650,81.4814814814815,False
ELECTRONIC KATRANGI GROUP,24744,46719,77.55102040816327,False
EKT ELECTRONICS,24744,39178,78.78787878787878,False
KATRANGI TRADING,24744,8314,82.75862068965517,False
KATRANJI LABS,24744,50318,60.0,False
EKT (KATRANGI BROS),24744,24744,53.333333333333336,True
KATRANGI ELECTRONICS,24744,24744,83.33333333333334,True
AL AMIR ELECTRONICS,24744,39178,82.35294117647058,False
AL-AMIR ELECTRONICS,24744,39178,82.35294117647058,False
AMIRCO ELECTRONICS,24744,7151,78.94736842105263,False
KATRANGI FOR ELECTRONICS INDUSTRIES,24744,11184,89.65517241379311,False
ALAMIR ELECTRONICS,24744,39178,77.77777777777779,False
NKTRONICS,24744,,0.0,False
SMART PEGASUS,24744,57960,64.0,False
SMART GREEN POWER,24744,55850,72.22222222222221,False
LUMIERE ELYSEES,24744,44858,45.45454545454546,False
E.K.T. (KATRANGI BROS.),24744,24744,58.53658536585367,True
EKT KATRANGI BROTHERS,24744,8864,66.66666666666667,False
GOLDEN STAR TRADING & INTERNATIONAL FREIGHT,24752,49157,81.15942028985508,False
GOLDEN STAR INTERNATIONAL FREIGHT LIMITED,24752,55878,75.47169811320755,False
SHAREKAT GOLDEN STAR,24752,24752,70.96774193548387,True
KASSOUMA FZC,24752,,0.0,False
GOLDEN STAR TRADING INTERNATIONAL FREIGHT,24752,49157,81.15942028985508,False
SMART LOGISTICS TRADING & INTERNATIONAL FREIGHT,24752,57227,78.16091954022988,False
SMART LOGISTICS OFFSHORE,24752,48021,69.76744186046511,False
SMART LOGISTICS F.S.S.A.L,24752,37677,81.4814814814815,False
GOLDEN STAR TRADING AND INTERNATIONAL FREIGHT,24752,49157,81.15942028985508,False
SMART LOGISTICS TRADING AND INTERNATIONAL FREIGHT,24752,57227,78.16091954022988,False
ALKHALEDI JEWELRY COMPANY,24760,24762,68.96551724137932,False
AL-KHALIDI MONEY EXCHANGE,24760,24760,84.21052631578947,True
AL-KHALIDI JEWELRY SHOP,24760,9547,71.42857142857143,False
KHALIDI COMPANY,24760,24760,60.86956521739131,True
KHALIDI COMPANY FOR JEWELRY,24760,24760,64.51612903225806,True
AL-KHALIDI COMPANY,24760,24760,60.86956521739131,True
AL KHALDI GOLD AND EXCHANGE COMPANY,24760,24760,83.33333333333334,True
AL-KHALIDI MONEY TRANSFER OFFICE,24760,45678,65.51724137931035,False
AL-KHALIDY JEWELRY COMPANY,24760,24760,58.06451612903225,True
AL KHALDI COMPANY LLC,24760,24760,54.54545454545454,True
AL-HABU JEWELRY AND MONEY EXCHANGE,24762,22464,73.46938775510203,False
AL-HABU MONEY EXCHANGE,24762,22464,82.92682926829268,False
AL-HABU HAWALA,24762,17150,50.0,False
AL-HABU JEWELRY,24762,24762,83.33333333333334,True
GENERAL ARMAMENT DEPARTMENT,24837,52262,57.971014492753625,False
JAMAAT NOSRAT AL-ISLAM WAL-MOUSLIMIN,24879,24879,87.87878787878788,True
GROUP FOR THE SUPPORT OF ISLAM AND MUSLIMS,24879,18219,57.692307692307686,False
GROUP TO SUPPORT ISLAM AND MUSLIMS,24879,24879,57.14285714285714,True
NUSRAT AL-ISLAM WAL-MUSLIMEEN,24879,24879,81.35593220338984,True
AL-SHAM AND AL-DARWISH COMPANY,24903,17299,60.0,False
KHATIRJI GROUP,24903,53331,74.07407407407408,False
KATERJI GROUP COMPANY,24903,57662,81.4814814814815,False
KATERJI GROUP LTD,24903,57662,81.4814814814815,False
KOREA EXPO JOINT VENTURE CORPORATION,24917,24917,100.0,True
CHOSUN EXPO,24917,51207,46.15384615384615,False
CHOSUN EXPO JOINT VENTURE,24917,24917,73.46938775510203,True
YANBIAN SILVERSTAR,24977,24977,65.45454545454545,True
YANBIAN SILVER STAR,24977,24978,68.42105263157895,False
SILVER STAR INTERNET TECHNOLOGY CORPORATION,24977,24977,73.52941176470588,True
CHINA SILVER STAR INTERNET TECHNOLOGY COMPANY,24977,24977,67.56756756756756,True
UNSONG INTERNET TECHNOLOGY CORPORATION,24977,48589,69.76744186046511,False
YANJI SILVER STAR NETWORK TECHNOLOGY CO. LTD.,24977,24977,93.15068493150685,True
SILVER STAR CHINA,24977,54909,66.66666666666667,False
SABIEDRIBA AR IEROBEZOTU ATBILDIBU 'FALON INTERNATIONAL',25000,25000,64.28571428571428,True
FALCON INTERNATIONAL SIA,25000,25000,88.88888888888889,True
SIA FALCON INTERNATIONAL TARIM VE HAYVANCILIK LIMITED SIKRETI,25000,25000,60.24096385542168,True
ATACAR OTOMOTIV DIS TICARET VE SAVUNMA SANAYI LIMITED SIRKETI,25000,46637,78.72340425531915,False
MURAT INSAAT DIS TICARET VE SAVUNMA SANAYI LIMITED SIRKETI,25000,52226,77.89473684210526,False
BASIJ COOPERATIVE FOUNDATION,25017,12727,56.41025641025641,False
MEHR INTEREST-FREE BANK,25018,25018,70.0,True
IRAN TRACTOR MANUFACTURING,25041,25041,100.0,True
NEGIN SAHEL ROYAL CO.,25042,25042,75.55555555555556,True
KALSIMIN,25044,,0.0,False
QESHM ZINC SMELTING AND REDUCTION COMPLEX,25045,25045,87.87878787878788,True
ZANJAN ACID MAKERS AND ALVAND ROUINKARAN,25047,25047,58.62068965517242,True
ZANJAN ACID MAKERS,25047,25047,65.0,True
ZANJAN ACID SAZAN,25047,25047,66.66666666666667,True
SAKSOUK EXCHANGE,25059,45783,71.42857142857143,False
SAKSOUK FINANCIAL EXCHANGE,25059,25059,63.1578947368421,True
SAKSOUK EXCHANGE COMPANY,25059,45783,71.42857142857143,False
SOKOK MONEY TRANSFER COMPANY,25059,27973,78.04878048780488,False
AL-SAKSUK COMPANY,25059,25059,32.432432432432435,True
SAKSOUK EXCHANGE AND MONEY TRANSFER COMPANY,25059,25059,100.0,True
SAKSOUK COMPANY FOR MONETARY TRANSFERS ANTIOCH,25059,25059,76.92307692307692,True
THE SAKSUK COMPANY FOR EXCHANGE AND FINANCIAL TRANSFERS,25059,25059,78.78787878787878,True
SAKSUK MONEY EXCHANGE,25059,27971,83.72093023255813,False
SAKSUK EXCHANGE AND MONEY TRANSFER COMPANY,25059,25059,98.36065573770492,True
ALHARAM FOR EXCHANGE LTD,25063,43420,86.66666666666667,False
AL HARAM TRANSFER CO.,25063,30973,69.23076923076923,False
TRADING AL-HARM COMPANY,25063,56796,86.95652173913044,False
AL HARAM COMMERCIAL COMPANY,25063,23721,76.47058823529412,False
HARAM TRADING COMPANY,25063,8314,84.61538461538461,False
AL-HARM TRADING COMPANY,25063,56796,86.95652173913044,False
ARABISC HARAM,25063,8314,61.53846153846154,False
AL-HARAM COMPANY FOR MONEY TRANSFER,25063,43416,73.46938775510203,False
SHARIKAT AL-HARAM LIL-HIWALAT AL-MALIYYAH,25063,49580,55.73770491803278,False
AL-HARAM EXCHANGE COMPANY,25063,34953,85.71428571428572,False
MOBARAKEH STEEL COMPANY,25064,25064,78.94736842105263,True
ESFAHAN'S MOBARAKEH STEEL PUBLIC JOINT STOCK COMPANY,25064,25064,70.76923076923076,True
SINA FINANCE AND CREDIT INSTITUTE,25067,13147,64.40677966101696,False
SINA BANK COMPANY,25067,25067,100.0,True
BANQUE SINA BONYAD FINANCE AND CREDIT COMPANY,25067,45808,62.68656716417911,False
SINA FINANCE AND CREDIT COMPANY,25067,45808,64.15094339622642,False
BANK SINA,25067,25067,100.0,True
AFAQ DUBAI HAWALAH,25069,25069,71.42857142857143,True
AFAQ DUBAI COMPANY,25069,25069,100.0,True
AFAK DUBAI EXCHANGE COMPANY,25069,12583,75.0,False
"AGENCIA VEHICULOS ESPECIALES RURALES Y URBANOS, C.A.",25097,56829,57.14285714285714,False
QUIANA TRADING LTD.,25099,25099,100.0,True
AKTSIONERNOE OBSHCHESTVO KRYMTEPLOELEKTROTSENTRAL,25118,35897,79.06976744186046,False
"AO, KRIMTETS",25118,,0.0,False
"KRYMTEPLOELEKTROTSENTRAL, AO",25118,25118,57.89473684210527,True
MANAGEMENT COMPANY FOR INFRASTRUCTURE PROJECTS,25119,25119,87.17948717948718,True
UPRAVLYAYUSHCHAYA KOMPANIYA INFRASTRUKTURNYKH PROEKTOV,25119,47602,68.08510638297872,False
IYARI DISENO DE COLECCION HUICHOL,25139,12086,43.99999999999999,False
IYARI ALTO DISENO HUICHOL,25139,12086,40.0,False
IYARI DISENO Y MODA ETNICO,25139,26828,38.095238095238095,False
SIRRA GAS S.A.L. OFF SHORE,25142,23904,68.75,False
LAMA FOODS INTERNATIONAL S.A.R.L.,25144,25144,84.21052631578947,True
LAMA FOOD INTERNATIONAL OFF SHORE S.A.L.,25144,25144,96.96969696969697,True
STATURA S.A.L. OFFSHORE,25145,47330,82.75862068965517,False
JSC SANATORIUM AY-PETRI,25177,25177,76.0,True
JOINT STOCK COMPANY AI-PETRI SANATORIUM,25177,25177,96.7741935483871,True
JOINT STOCK COMPANY DIULBER SANATORIUM,25178,25178,96.66666666666667,True
JSC SANATORIUM DYULBER,25178,25178,75.0,True
JSC SANATORIUM MISKHOR,25179,25179,75.0,True
GARANT-SV LIMITED LIABILITY COMPANY,25181,25181,100.0,True
GARANT-SV LLC,25181,25181,64.28571428571428,True
"GARANT-SV, OOO",25181,25181,64.28571428571428,True
OOO GARANT-SV,25181,25181,64.28571428571428,True
GARANT-SV,25181,25181,64.28571428571428,True
LLC GARANT-SV,25181,25181,64.28571428571428,True
SANATORIUM-RESORT COMPLEX MRIYA,25182,30442,62.06896551724138,False
MRIYA RESORT,25182,25182,100.0,True
MRIYA SANATORIUM RESORT COMPLEX,25182,30442,62.06896551724138,False
MRIYA SANATORIUM COMPLEX,25182,30759,60.46511627906976,False
MRIYA RESORT AND SPA,25182,25182,100.0,True
IRANAIR,25237,16020,66.66666666666667,False
IRAN AIR PJSC,25237,25237,100.0,True
THE AIRLINE OF THE ISLAMIC REPUBLIC OF IRAN,25237,45612,86.66666666666667,False
IRANAIR CARGO,25237,25237,66.66666666666667,True
HAVAPEYMAYI MELLI IRAN,25237,25578,64.86486486486487,False
IRISL,25396,25429,58.82352941176471,False
BANK MELLI IRAN ZAO,25419,25578,100.0,False
JOINT STOCK COMPANY MIR BUSINESS BANK,25419,51662,73.46938775510203,False
JSC MB BANK,25419,25419,100.0,True
"MB BANK, AO",25419,51664,85.71428571428572,False
MIR BUSINESS BANK,25419,28129,62.857142857142854,False
MIR BIZNES BANK,25419,25578,66.66666666666667,False
"MIR BIZNES BANK, AO",25419,22507,71.42857142857143,False
MIR BUSINESS BANK ZAO,25419,28129,62.857142857142854,False
BANK MELLI IRAN INVESTMENT COMPANY,25421,52750,73.33333333333334,False
IRAN MELLI BANK INVESTMENT COMPANY,25421,52750,73.33333333333334,False
NATIONAL DEVELOPMENT AND INVESTMENT GROUP,25421,45900,86.11111111111111,False
TOSE-E MELLI GROUP INVESTMENT COMPANY PUBLIC SHAREHOLDING COMPANY,25421,25421,72.97297297297297,True
TOSEE MELLI GROUP INVESTMENT COMPANY,25421,25421,98.18181818181819,True
NATIONAL DEVELOPMENT INVESTMENT COMPANY,25425,25426,78.26086956521739,False
TOSEE MELLI INVESTMENT COMPANY,25425,25425,97.67441860465115,True
IRISL MARINE SERVICES,25428,25919,82.92682926829268,False
IMSENGCO,25428,,0.0,False
IRISL MARINE SERVICES AND ENGINEERING COMPANY,25428,54979,86.56716417910448,False
IRISL MTI,25431,25430,51.42857142857142,False
ISLAMIC REPUBLIC OF IRAN SHIPPING LINES INVESTMENT COMPANY,25432,25432,100.0,True
"VALOR Y PRINCIPIO DE DAR, A.C.",25433,25433,69.0909090909091,True
SCSCO,25434,,0.0,False
KHALIJ-E FARS (PERSIAN GULF) SHIPPING LINES,25435,25435,81.81818181818181,True
KASHTIRANI-E JONOUB KHAT-E IRAN,25438,30760,55.319148936170215,False
VALFAJR SHIPPING CO.,25439,25439,100.0,True
VALFAJR 8 SHIPPING CO.,25439,25439,100.0,True
VALFAJR SHIPPING LINES,25439,25439,84.21052631578947,True
IRAN AND INDIA SHIPPING LINES,25441,25479,78.26086956521739,False
IRAN AND INDIA SHIPPING COMPANY,25441,25441,89.47368421052632,True
IRANO - MISR SHIPPING CO,25448,25448,100.0,True
IRANO MISR,25448,17567,70.0,False
IRAN AND EGYPT SHIPPING LINES,25448,25479,78.26086956521739,False
IRAN AND EGYPT SHIPPING COMPANY,25448,54317,81.25,False
NEFERTITI SHIPPING AND MARITIME SERVICES,25448,51972,72.1311475409836,False
DARYA-YE KHAZAR SHIPPING LINES,25450,25450,76.36363636363637,True
HAFEZ-E DARYAY-E ARIA SHIPPING LINES,25451,25451,84.21052631578947,True
HAFEZ DARYA ARYA SHIPPING LINE,25451,25451,90.9090909090909,True
HDASCO SHIPPING COMPANY,25451,15129,85.71428571428572,False
HAFIZ DARYA SHIPPING COMPANY,25451,25451,84.44444444444444,True
HAFIZ-E-DARYA SHIPPING LINES,25451,25451,74.50980392156863,True
NARI SHIPPING AND CHARTERING GMBH AND CO. KG,25454,25454,100.0,True
FIRST OCEAN GMBH AND CO KG,25456,25456,100.0,True
FOURTH OCEAN GMBH AND CO KG,25457,25457,100.0,True
EIGHTH OCEAN GMBH AND CO. KG,25458,25458,100.0,True
NINTH OCEAN GMBH AND CO. KG,25459,25459,100.0,True
ELEVENTH OCEAN GMBH AND CO. KG,25461,25461,100.0,True
TWELFTH OCEAN GMBH AND CO. KG,25464,25464,100.0,True
FOURTEENTH OCEAN GMBH AND CO. KG,25465,25465,100.0,True
FIFTEENTH OCEAN GMBH AND CO. KG,25466,25466,100.0,True
HTTS HANSEATIC TRADE TRUST AND SHIPPING GMBH,25467,25467,100.0,True
HOOPAD DARYA SHIPPING AGENCY COMPANY,25469,25469,86.15384615384616,True
SOUTH WAY SHIPPING AGENCY,25469,50357,73.07692307692308,False
KALAN KISH SHIPPING LINES,25470,25470,86.36363636363636,True
SHERKAT SAHAMI KHASS KHAYBAR,25471,55013,58.18181818181818,False
KHAYBARCO,25471,25471,87.5,True
KHEYBAR COMPANY,25471,,0.0,False
MOSAKHKHAR-E DARYA SHIPPING,25472,25472,95.83333333333334,True
RAHBARAN-E OMID-E DARYA SHIP MANAGEMENT,25473,25473,100.0,True
ROD SHIP MANAGEMENT CO,25473,56393,91.89189189189189,False
RODSM,25473,,0.0,False
SOROUSH SARZAMIN ASATIR SHIP MANAGEMENT CO.,25473,54151,69.6969696969697,False
SOROUSH SARZAMIN ASATIR SSA,25473,54151,62.96296296296296,False
SSA SHIP MANAGEMENT CO.,25473,25842,92.3076923076923,False
PERSIA HORMOZ SHIP REPAIRS,25475,25475,89.28571428571429,True
PERSIA HORMOZ SHIPYARD,25475,25475,84.61538461538461,True
MARINE INFORMATION TECHNOLOGY DEVELOPMENT CORPORATION,25477,25477,100.0,True
MARINE TECHNOLOGY AND INFORMATION TECHNOLOGY DEVELOPMENT,25477,25477,88.17204301075269,True
MITDCO,25477,,0.0,False
NIK QESHM FARA DARYA INVESTMENT COMPANY,25478,25478,66.66666666666667,True
IR-ITAL,25479,56369,38.095238095238095,False
IRITAL SHIPPING S.R.L.,25479,51051,92.85714285714286,False
IRINVESTSHIP LIMITED,25480,25480,75.0,True
FUTURE BANK,25577,25577,100.0,True
FUTUREBANK,25577,57833,66.66666666666667,False
BANK MELLI,25578,25420,100.0,False
MELLI BANK,25578,25420,100.0,False
NATIONAL BANK OF IRAN,25578,13142,78.78787878787878,False
POSTBANK,25618,25618,36.36363636363637,True
DEY BANK,25619,25619,87.5,True
NUCLEAR POWER PRODUCTION AND DEVELOPMENT HOLDING COMPANY,25637,25637,91.76470588235294,True
RADIATION APPLICATIONS DEVELOPMENT HOLDING COMPANY,25638,25638,89.47368421052632,True
BANK TOSEYEH SADERAT IRAN,25639,10368,80.95238095238095,False
BANK TOSEH SADERAT IRAN,25639,10368,85.0,False
BANK TOWSEEH SADERAT IRAN,25639,10368,80.95238095238095,False
BANK TOSEE SADERAT IRAN,25639,10368,85.0,False
IRANIAN EXPORT DEVELOPMENT BANK,25639,25639,94.91525423728814,True
PARSIAN TECHNOLOGY SUPPORT COMPANY,25640,58348,70.0,False
URANIUM PROCESSING AND NUCLEAR FUEL PRODUCTION COMPANY,25641,25641,84.93150684931507,True
FATSA COMPANY,25641,,0.0,False
URANIUM PROCESSING AND NUCLEAR FUEL COMPANY OF IRAN,25641,25641,92.53731343283582,True
SATNA COMPANY,25642,,0.0,False
BASIJ RESISTANCE CENTER OF THE AEOI,25644,25644,100.0,True
EDBI EXCHANGE COMPANY,25645,25623,80.0,False
IRANIAN ENRICHMENT COMPANY,25647,13140,64.86486486486487,False
GHANI SAZI ENRICHMENT,25647,48883,54.83870967741935,False
IRAN ADVANCED TECHNOLOGIES COMPANY,25647,25647,100.0,True
IRAN URANIUM ENRICHMENT COMPANY,25647,25971,62.745098039215684,False
ENERGY NOVIN COMPANY,25650,25650,100.0,True
NOVIN ENERGY CORPORATION,25650,25650,100.0,True
ENERGY NOVIN CORPORATION,25650,25650,100.0,True
NOVIN ENERGY,25650,25650,100.0,True
MATSA COMPANY,25651,23892,38.46153846153846,False
ENERGY NOVIN INDUSTRIAL DEVELOPMENT,25651,25881,78.26086956521739,False
MESBAH ENERGY,25653,25653,100.0,True
MESBAH ENERGY CO.,25653,25653,100.0,True
RAW MATERIALS AND NUCLEAR FUEL PRODUCTION COMPANY,25654,25658,77.77777777777779,False
NUCLEAR FUEL AND RAW MATERIALS PRODUCTION COMPANY,25654,25658,77.77777777777779,False
EXPLORATION AND NUCLEAR RAW MATERIALS PRODUCTION COMPANY,25658,25658,90.72164948453609,True
EXPLORATION AND NUCLEAR RAW MATERIAL PRODUCTION COMPANY,25658,25658,89.58333333333334,True
NOVIN PARS MINERAL EXPLORATION AND MINING COMPANY,25659,25659,86.04651162790698,True
NOVIN KHARA MINERAL MINING EXTRACTION COMPANY,25659,25659,67.44186046511628,True
NOVIN KHARA,25659,12951,76.19047619047619,False
NOVIN PARS MINERAL MINING COMPANY,25659,25659,67.56756756756756,True
NUCLEAR SCIENCES AND TECHNOLOGIES RESEARCH INSTITUTE,25662,25662,94.6236559139785,True
RESEARCH INSTITUTE OF NUCLEAR SCIENCE AND TECHNOLOGY,25662,25662,100.0,True
NUCLEAR SCIENCE AND TECHNOLOGY RESEARCH CENTER,25662,25662,89.65517241379311,True
NUCLEAR RESEARCH CENTER FOR AGRICULTURE AND MEDICINE,25663,25663,72.52747252747253,True
KARAJ NUCLEAR RESEARCH CENTER FOR AGRICULTURE AND MEDICINE,25663,25663,74.22680412371135,True
JABER IBN HAYAN RESEARCH LABORATORY,25664,25664,62.745098039215684,True
JABER IBN HAYAN LABORATORY,25664,25664,71.42857142857143,True
JABR IBN HAYAN MULTIPURPOSE LABORATORY,25664,25664,55.55555555555556,True
JABER IBN HAYAN,25664,25664,96.7741935483871,True
TEJARAT BANK,25677,25677,100.0,True
BANK TORGOVOY KAPITAL,25678,25678,100.0,True
BANK TORGOVY KAPITAL,25678,25678,97.5609756097561,True
TRADE CAPITAL BANK,25678,25678,71.7948717948718,True
BANK MELLAT YEREVAN,25680,25019,73.33333333333334,False
MELLAT BANK SB CJSC,25680,25019,88.0,False
MELLAT BANK ARMENIA,25680,25019,73.33333333333334,False
FEE BANK MALAYSIA,25681,4633,64.28571428571428,False
EUROPAISCH-IRANISCHE HANDELSBANK AKTIENGESELLSCHAFT,25684,25684,77.10843373493977,True
EUROPAEISCH-IRANISCHE HANDELSBANK AKTIENGESELLSCHAFT,25684,25684,76.19047619047619,True
BANK OF INDUSTRY & MINE,25685,25685,100.0,True
BANK SANAD VA MADAN,25685,4633,66.66666666666667,False
WEE TIONG S PTE LTD,25687,25687,100.0,True
LLC SOUTHERN PROJECT,25691,25691,76.19047619047619,True
"YUZHNY PROEKT, OOO",25691,26517,53.84615384615385,False
OBSHCHESTVO S OGRANICHENNOI OTVETSTVENNOSTYU YUZHNY PROEKT,25691,40208,93.33333333333333,False
BANK QAVAMIN,25758,25758,88.0,True
QAVAMIN BANK,25758,25758,88.0,True
QAVVAMIN BANK,25758,25758,84.61538461538461,True
GHAVAMIN FINANCIAL & CREDIT INS.,25758,49979,59.375,False
LUSH STYLE BOUTIQUE,25760,424,58.82352941176471,False
LUSH STYLE,25760,38676,46.15384615384615,False
ADB ARQUITECTOS Y INMOBILIARIA,25768,18088,75.55555555555556,False
ADB INMOBILIARIA,25768,19174,85.71428571428572,False
PERSIAN GULF KHATAR-PAZIR INVESTMENT COMPANY,25798,58233,64.61538461538461,False
ISLAMIC REPUBLIC OF IRAN SHIPPING LINES COMFORT SERVICES,25799,25396,80.89887640449437,False
MARITIME WELFARE SERVICES INSTITUTE,25799,25799,74.28571428571429,True
IRISL CLUB,25799,27285,73.6842105263158,False
E-SAIL SHIPPING COMPANY LTD,25800,25800,96.2962962962963,True
SANTEX LINES,25800,54790,81.81818181818181,False
HARDSEA AGENCIES,25801,54643,63.63636363636363,False
SINOSE MARITIME,25801,57666,76.92307692307692,False
KHOROSHAN MARITIME COMPANY,25803,51821,75.0,False
OGHYANOUS-E KHOROUSHAN-E KISH SHIPPING LINES,25803,25803,75.0,True
BELIZE SHIP & LOGISTIC LTD,25829,25829,100.0,True
BELIZE SHIP AND LOGISTIC LTD,25829,25829,100.0,True
BELIZE SHIPPING LINE SERV LTD,25830,25830,94.33962264150944,True
FUTURE AGE SHIPPING LTD.,25831,25831,100.0,True
GOLDEN ENTERPRISE SHIPPING LTD,25832,25832,100.0,True
INTERNATIONAL EXPERTISE GROUP LTD.,25833,25833,100.0,True
INTERNATIONAL EXPERTISE GROUP,25833,25833,100.0,True
MIRACLE TRANSPORTATION LTD,25836,25836,100.0,True
MOMENT INVESTMENT LTD,25837,25837,100.0,True
NEW AGE SHIPPING LTD-BZE,25839,25839,88.88888888888889,True
PACIFIC SHIPPING & TRANS,25840,25840,83.01886792452831,True
PACIFIC SHIPPING AND TRANS,25840,25840,83.01886792452831,True
STAR SHIP MANAGEMENT LTD-BZE,25842,25842,90.9090909090909,True
WORLDFAST INTERNATIONAL LTD,25843,25843,100.0,True
ATLANTIC SHIPPING AND TRANSPORTATION LIMITED,25844,25840,85.71428571428572,False
ATLANTIC SHIPPING AND TRANS,25844,25844,100.0,True
GLOBAL UNITED SHIPPING LTD-BZE,25850,25850,91.66666666666666,True
UNIVERSAL SHIPPING & TRANS,25855,25855,84.21052631578947,True
UNIVERSAL SHIPPING AND TRANS,25855,25855,84.21052631578947,True
WORLDWIDE SHIPPING & TRANS,25857,25857,84.21052631578947,True
WORLDWIDE SHIPPING AND TRANS,25857,25857,84.21052631578947,True
WORLDWIDE SHIPPING AND TRANSPORTATION LIMITED,25857,25857,100.0,True
AZARPAD QESHM,25858,25858,96.2962962962963,True
AZARPAD QESHM CO,25858,25858,96.2962962962963,True
ATLAS SHIPPING,25859,54543,90.32258064516128,False
ATLAS SHIPPING COMPANY,25859,54543,90.32258064516128,False
POUYA TAMIN KISH OIL & GAS CO,25860,25860,80.0,True
POUYA TAMIN KISH CO.,25860,25860,100.0,True
POUYA TAMIN KISH OIL AND GAS CO,25860,25860,80.0,True
DARYANAVARD KISH SHIPPING COMPANY,25861,25861,78.04878048780488,True
DARYANAVARD KISH SHIPPING COMPANY LTD.,25861,25861,78.04878048780488,True
SOUTH ALUMINUM,25883,25883,100.0,True
ALUMINIOM JONUB,25883,25883,68.96551724137932,True
RAAHBAR KHADAMAT INFORMATIC,25885,25885,65.45454545454545,True
KHODRO SANAT MOROJEN,25902,30850,60.60606060606061,False
SARMAYE GOZARI DAY,25911,13136,58.06451612903225,False
SIMAN SEPAHAN,25913,15139,61.53846153846154,False
SARMAYE GOZARI SIMAN SEPAHAN,25915,45696,60.37735849056604,False
FARAVARDEHAYE BOTONI SIMAN SEPAHAN,25918,45696,57.6271186440678,False
HAML VA NAGHL KALAHAYE RAHNAVARD SIMAN SEPAHAN,25920,25920,53.191489361702125,True
PAKAT SAZI SHAFAGH SIMAN SEPAHAN,25925,25925,80.0,True
SIMAN-E SHARGH,25928,15139,64.0,False
FARAVARDEHAYE SIMAN SHARGH,25931,30418,59.09090909090908,False
AHAK-E SANATI SIMAN SHARGH,25932,16476,57.77777777777777,False
SIMAN'E SEFID SHARGH,25934,30418,55.55555555555556,False
MA'ADEN-E ZOGHAL SANG SHARGH,25936,16021,62.22222222222222,False
HAML VA NAGHL SEPEHR SIMAN MASHHAD,25938,25938,54.28571428571429,True
SIMAN-E KURDISTAN,25941,56548,60.0,False
HAML VA NAGHL ETEMAAD TARABARGROUS,25944,48764,58.18181818181818,False
GHADIR TOSE-E SAAMANEHAYE BEHENGAAM,25946,25950,54.23728813559322,False
SAMANEHAYE YEKPARCHEH TAMOLAT ELECTRONIC DANA,25947,25947,59.34065934065934,True
GR ARQUITECTOS,25977,25977,88.0,True
KHATIB AI-MUJAHIDIN,26061,22812,66.66666666666667,False
HOLY WARRIORS BATTALION,26061,41035,61.53846153846154,False
AL MUJAHIDEEN BRIGADES,26061,26061,91.89189189189189,True
ANSAR AL-MUJAHIDIN MOVEMENT,26061,17468,65.11627906976744,False
AA ESTUDIO ARQUITECTONICO,26062,26062,93.61702127659575,True
TADBIR TED VA DAROYE KISH,26100,57158,64.0,False
TADBIR KISH MEDICAL AND PHARMACEUTICAL CO.,26100,26100,100.0,True
VO PROMSYRIEIMPORT FGUP,26118,26118,73.6842105263158,True
PROMSYRIOIMPORT FOREIGN ECONOMIC ASSOCIATION S.O.C.,26118,23565,74.74747474747474,False
VO PROMSYRIEIMPORT,26118,26118,84.84848484848484,True
VO PROMSYRIOIMPORT,26118,26118,90.9090909090909,True
FEDERAL STATE UNITARY ENTERPRISE FOREIGN ECONOMIC ASSOCIATION PROMSYRIOIMPORT,26118,52649,66.16541353383458,False
LIMITED LIABILITY COMPANY GLOBAL CONCEPTS GROUP,26119,41986,70.58823529411764,False
BARBARO RECORDS,26149,26149,100.0,True
LA TERRAZA DE LA KUORA,26150,40493,66.66666666666667,False
LA KUORA TERRAZA,26150,40493,66.66666666666667,False
FLOW GALLERY LOUNGE,26152,26152,100.0,True
CROWN AUTOMOBILES,26175,26175,60.60606060606061,True
CROWN AUTO TRADING,26175,26175,88.23529411764706,True
GLOBOVISION,26218,26218,81.4814814814815,True
LA VITALICIA,26219,26219,69.23076923076923,True
NEVNOV,26230,,0.0,False
NEVSKIYE NOVOSTI,26230,26230,71.42857142857143,True
EKONOMIKA SEGODNYA,26231,19161,46.15384615384615,False
FEDERALNOE AGENTSTVO NOVOSTEI OOO,26232,26232,62.5,True
"SHANGHAI QINSHENG PHARMACEUTICAL TECHNOLOGY CO., LTD.",26325,26325,88.31168831168831,True
"SHANGHAI QINSHENG PHARMACEUTICAL SCIENCE & TECHNOLOGY CO., LTD.",26325,26325,80.0,True
"SHANGHAI QINSHENG PHARMACEUTICAL SCIENCE AND TECHNOLOGY CO., LTD.",26325,26325,80.0,True
L. INMO INMOBILIARIA,26326,19174,82.75862068965517,False
"L-INMO, S.A. DE C.V.",26326,19174,50.0,False
FARS AIR QESHM,26344,26344,100.0,True
FARS QESHM AIRLINES,26344,26344,84.84848484848484,True
FARS QESHM AIR,26344,26344,100.0,True
FARS AIR CARGO AIRLINE,26344,58523,64.86486486486487,False
FRAS AIR PVT. CO.,26344,,0.0,False
FATEMIYOUN BATTALION,26347,16446,75.0,False
FATEMIOUN BRIGADE,26347,26348,72.22222222222221,False
FATEMIOUN MILITARY DIVISION,26347,26347,78.26086956521739,True
FATEMIYOUN FORCE,26347,26347,57.14285714285714,True
FATEMIYOUN,26347,26347,68.96551724137932,True
LIWA FATEMIYOUN,26347,26347,58.82352941176471,True
FATEMIYYUN,26347,26347,62.06896551724138,True
LIWA ZAYNABIYOUN,26348,26348,80.0,True
ZEYNABIYUN BRIGADE,26348,26348,91.89189189189189,True
ZEYNABIYYUN BRIGADE,26348,26348,89.47368421052632,True
ZEYNABIYYUN,26348,,0.0,False
PDVSA,26367,,0.0,False
PETROLEOS DE VENEZUELA S.A,26367,26367,100.0,True
REFINERIA EL PALITO,26367,3748,70.96774193548387,False
PETROLEOS DE VENEZUELA S A,26367,26367,100.0,True
THE INTERNATIONAL INSTITUTE OF INDEPENDENT THINKERS AND ARTISTS,26383,25957,61.53846153846154,False
NET PEYGARD SAMAVAT (IN SEC) COMPANY,26390,26390,84.44444444444444,True
GOLDPHARMA DRUG TRAFFICKING AND MONEY LAUNDERING ORGANIZATION,26413,26413,100.0,True
HARAKAT HEZBOLLAH AL-NUJABA,26446,26446,73.6842105263158,True
MOVEMENT OF THE NOBLE ONES HEZBOLLAH,26446,40796,55.172413793103445,False
GOLAN LIBERATION BRIGADE,26446,26348,65.11627906976744,False
AMMAR IBN YASIR BRIGADE,26446,24723,63.1578947368421,False
IMAM AL-HASAN AL-MUJTABA BRIGADE,26446,44620,59.57446808510638,False
AL-HAMAD BRIGADE,26446,26061,70.96774193548387,False
AL-NUJABA TV,26446,26446,52.17391304347826,True
THE MOVEMENT OF THE NOBLE ONES,26446,40796,66.66666666666667,False
SMILE WALLET LIMITED,26465,26467,95.65217391304348,False
SMILE WALLET LTD,26465,26467,95.65217391304348,False
SMILE PAYMENTS,26465,26586,59.25925925925925,False
SMILE PROPERTY AND TRAVEL LTD,26466,26466,100.0,True
QUARTIERLATINAPARTMENTS,26466,33538,39.21568627450981,False
SMILE BITCARD,26466,26468,47.36842105263158,False
SMILE WALLET,26468,26467,95.65217391304348,False
SMILEWALLET,26468,26467,100.0,False
SMILE TECHNOLOGIES CANADA LIMITED,26468,26468,100.0,True
SMILETRAVELS,26468,26466,66.66666666666667,False
SWEET APARTMENTS,26468,6932,52.63157894736843,False
BAJER SOCIEDAD DE RESPONSABILIDAD LIMITADA,26469,26470,78.16091954022988,False
HIGH NUTRITION S.R.L.,26470,55473,58.33333333333333,False
BANK EVROFINANCE,26503,47524,87.5,False
AKTSIONERNOE OBSHCHESTVO ZAVOD FIOLENT,26504,47281,90.66666666666666,False
"ZAVOD FIOLENT, PAT",26504,26504,78.78787878787878,True
JOINT STOCK COMPANY FIOLENT PLANT,26504,35889,78.43137254901961,False
JSC FIOLENT PLANT,26504,26504,62.06896551724138,True
LIMITED LIABILITY COMPANY CONSTRUCTION COMPANY CONSOL-STROI LTD,26505,50405,70.4225352112676,False
"SK KONSOL-STROI LTD, OOO",26505,26505,93.33333333333333,True
LLC CONSOL-STROI LTD,26505,26505,88.88888888888889,True
SK KONSOL-STROI LTD,26505,26505,93.33333333333333,True
STROITELNAYA KOMPANIYA KONSOL-STROI LTD,26505,36326,72.72727272727273,False
LLC CONSOL-STROI LTD CONSTRUCTION COMPANY,26505,39541,72.34042553191489,False
OBSHCHESTVO S OGRANICHENNOI OTVETSTVENNOSTYU STROITELNAYA KOMPANIYA KONSOL-STROI LTD,26505,50160,83.33333333333334,False
LIMITED LIABILITY COMPANY KONSTRUCTION COMPANY KONSOL STROI LTD,26505,50405,67.6056338028169,False
YAROSLAVL SHIPYARD OPEN JOINT-STOCK COMPANY,26509,36041,72.46376811594203,False
OJSC YAROSLAVSKY SHIPYARD,26509,20199,70.58823529411764,False
OJSC YAROSLAVSKY SHIPBUILDING PLANT,26509,26509,100.0,True
PJSC YAROSLAVSKY SHIPBUILDING PLANT,26509,26509,100.0,True
JSC ZELENODOLSK PLANT NAMED AFTER A.M. GORKY,26510,26510,88.60759493670886,True
JOINT STOCK COMPANY ZELENODOLSK PLANT NAMED AFTER A.M. GORKY,26510,26510,81.31868131868131,True
GOSUDARSTVENNOE UNITARNOE PREDPRIYATIE RESPUBLIKI KRIM KONSTRUKTORSKO-TECHNOLOGICHESKOE BYURO SUDOKOMPOZIT,26511,46434,57.31707317073172,False
SUDOKOMPOZIT DESIGN AND TECHNOLOGICAL BUREAU,26511,51112,67.3913043478261,False
"KTB SUDOKOMPOZIT, GUP",26511,26511,93.02325581395348,True
STATE UNITARY ENTERPRISE IN THE REPUBLIC OF CRIMEA DESIGN-TECHNOLOGY BUREAU SUDOKOMPOZIT,26511,47902,61.038961038961034,False
AKTSIONERNOE OBSHCHESTVO KONTSERN OKEANPRIBOR,26512,41963,80.0,False
"KONTSERN OKEANPRIBOR, PAO",26512,26512,85.1063829787234,True
JOINT STOCK COMPANY CONCERN OKEANPRIBOR,26512,16911,80.64516129032258,False
JSC CONCERN OKEANPRIBOR,26512,26512,80.95238095238095,True
PUBLICHNOE AKTSIONERNOE OBSHCHESTVO ZVEZDA,26513,44880,85.71428571428572,False
PUBLIC JOINT STOCK COMPANY ZVEZDA,26513,47865,83.72093023255813,False
PJSC ZVEZDA,26513,26513,75.0,True
NOVYE PROYEKTY,26517,26517,96.2962962962963,True
NOVYYE PROEKTY,26517,26517,96.2962962962963,True
COMPANIA GENERAL DE MINERIA DE VENEZUELA,26523,3749,77.19298245614034,False
CVG COMPANIA GENERAL DE MINERIA DE VENEZUELA CA,26523,3749,68.75,False
CORPORACION VENEZOLANA DE GUAYANA MINERVEN C.A.,26523,27993,66.66666666666667,False
CVG MINERVEN,26523,26523,80.0,True
PAR GOSTAR KHOBREH,26528,15539,58.82352941176471,False
FANAVARAN HAFIZEH SAMANEH,26529,55290,62.22222222222222,False
SARAFI ANSAR,26530,7472,69.56521739130434,False
SARAFI ANSAR COMPANY,26530,7472,69.56521739130434,False
JOINT PARTNERSHIP OF REZA SAKAN DASTGIRI AND ASSOCIATES,26535,57488,69.6629213483146,False
TAZAMONI REZA SAKAN DASTGIRI VA SHORAK,26535,26535,66.66666666666667,True
REZA SAKAN DASTGIRI AND PARTNERS LIABILITY PARTNERSHIP,26535,52587,68.29268292682926,False
ATLAS CURRENCY EXCHANGE,26536,26536,75.67567567567568,True
TAZAMONI VAKILI AND PARTNERS,26536,22605,65.21739130434783,False
VAKILI JOINT PARTNERSHIP,26536,44454,65.0,False
WILMINGTON GENERAL TRADING LLC,26544,54264,75.47169811320755,False
SHAHID BABAEI GROUP,26553,26553,94.44444444444444,True
SEYYED MOHAMMAD REZA ALE ALI CURRENCY EXCHANGE,26556,49708,61.05263157894737,False
SARAFI SEYYED MOHAMMAD REZA ALE ALI AND PARTNERS,26556,49665,57.831325301204814,False
SHAHID SHIKRI CENTER,26557,23433,65.21739130434783,False
SHAHID SHOKRI RESEARCH CENTER,26557,26564,80.0,False
HEIDAR KARRAR RESEARCH GROUP,26558,26558,78.26086956521739,True
HAYDAR KARAR CENTER,26558,18092,70.58823529411764,False
SHEIKH BAHAEI CENTER,26561,45762,62.5,False
BOALI GROUP,26562,50542,78.26086956521739,False
SADRA CENTER,26564,26564,72.72727272727273,True
SHAHID MOVAHED DANESH GROUP,26566,26566,98.18181818181819,True
PULSE NIRU INDUSTRIES,26567,19715,69.76744186046511,False
PULSENIRU INC.,26567,56793,41.379310344827594,False
PULSE NIRU CO.,26567,35260,57.14285714285714,False
PULSE NIRU,26567,35260,57.14285714285714,False
SHAHID FAKHAR MOQADAM GROUP,26574,26574,92.85714285714286,True
KIMIYA PAKHSH SHARGH GROUP,26581,26581,86.95652173913044,True
KIMIA PAKHSH SHARGH,26581,26581,97.43589743589743,True
KIMIYA PAKHSH SHARGH CO. LTD,26581,26581,100.0,True
BANDES,26587,26588,46.15384615384615,False
BANCO BANDES,26587,26588,75.0,False
FONDO DE INVERSIONES DE VENEZUELA,26587,19937,68.08510638297872,False
BANDES URUGUAY,26588,26588,82.35294117647058,True
BANCO BICENTENARIO BANCO UNIVERSAL C.A.,26589,57952,68.75,False
"BANCO BICENTENARIO DEL PUEBLO, DE LA CLASE OBRERA, MUJER Y COMUNAS, BANCO UNIVERSAL CA",26589,26589,97.14285714285714,True
BANCO BICENTENARIO DEL PUEBLO,26589,26727,62.5,False
"BANCO DE VENEZUELA, S.A.C.A.",26590,26727,78.94736842105263,False
"BANCO DE VENEZUELA SA, BANCO UNIVERSAL",26590,26590,100.0,True
BANCO DE VENEZUELA,26590,26727,78.94736842105263,False
"BANCO DE VENEZUELA, S.A.",26590,26727,78.94736842105263,False
FONDO FINANCIERO PRIVADO PRODEM S.A.,26591,49166,56.25,False
SMILE PROPERTY AND TRAVEL LTD.,26603,26466,100.0,False
BALLITO BAY SHIPPING INC,26654,26654,100.0,True
PROPER IN MANAGEMENT INC,26656,26656,100.0,True
DRIDEX GANG,26664,33275,31.999999999999996,False
OBSHCHESTVO S OGRANICHENNOI OTVETSTVENNOSTYU BIZNES-STOLITSA,26672,46088,89.47368421052632,False
OBSHCHESTVO S OGRANICHENNOI OTVETSTVENNOSTYU OPTIMA,26673,45033,89.36170212765957,False
OBSHCHESTVO S OGRANICHENNOI OTVETSTVENNOSTYU TREID-INVEST,26674,46088,91.89189189189189,False
NEW LAND MONEY EXCHANGE COMPANY,26700,12549,80.0,False
AL-ARDH AL-JADEEDA EXCHANGE COMPANY,26700,26700,76.59574468085107,True
AL ARDH AL JADIDA,26700,26700,59.45945945945945,True
JENNIFER NAVIGATION LTD.,26705,26705,100.0,True
ISLAMIC REVOLUTION GUARDS CORPS GROUND FORCE,26719,12055,82.75862068965517,False
ISLAMIC REVOLUTION GUARDS CORPS NAVAL FORCE,26720,12055,83.72093023255813,False
"SPECIAL DIVISION OF FIRST RESPONDERS, CHECHNYA (SOBR)",26725,52602,54.94505494505495,False
CENTRAL BANK OF VENEZUELA,26727,26727,93.33333333333333,True
LLC NCO RUSSIAN FINANCIAL SOCIETY,26744,24026,73.91304347826086,False
VOLTRA TRANSCOR ENERGY,26746,26746,89.79591836734694,True
PERSIAN GULF PETROCHEMICAL INDUSTRIES,26817,26817,94.44444444444444,True
PERSIAN GULF PETROCHEMICAL INDUSTRIES CO. PLC,26817,26817,94.44444444444444,True
PERSIAN GULF PETROCHEMICAL INDUSTRY,26817,26817,100.0,True
PERSIAN GULF PETROCHEMICAL INDUSTRY COMPANY,26817,26817,100.0,True
PGPIC,26817,,0.0,False
FARAVARESH BANDAR IMAM COMPANY,26822,26822,75.86206896551724,True
LORDEGAN UREA FERTILIZER CO.,26823,26823,100.0,True
KODE SHIMIYAIE OREH LORDEGAN,26823,26823,53.84615384615385,True
LORDEGAN PETROCHEMICAL CO.,26823,16033,80.95238095238095,False
MODABERAN EGHTESAD,26828,26828,88.88888888888889,True
HENGAM PETROCHEMICAL CO,26830,26830,100.0,True
NPC ALLIANCE PETROCHEMICAL CO,26832,30221,78.26086956521739,False
IRANIAN PETROCHEMICAL INVESTMENT GROUP COMPANY,26833,26833,100.0,True
GACHSARAN PETROCHEMICAL COMPANY,26834,16033,83.72093023255813,False
DAHDASHT PETROCHEMICAL INDUSTRIES,26835,26835,98.50746268656717,True
DEHDASHT PETROCHEMICAL INDUSTRIES CO.,26835,26835,95.52238805970148,True
BROUJEN PETROCHEMICAL COMPANY,26836,26836,95.23809523809523,True
ILAM PETROCHEMICAL,26837,26837,100.0,True
ILAM PETROCHEMICAL CO,26837,26837,100.0,True
ILAM PETROCHEMICAL INDUSTRIES,26837,26835,82.53968253968253,False
KAROON PETROCHEMICAL,26840,26840,95.0,True
KAROON PETROCHEMICAL CO,26840,26840,95.0,True
KRNPC,26840,,0.0,False
NON-INDUSTRIAL OPERATION SERVICES PAZARGAD,26841,26841,88.0,True
PAZARGAD NON-INDUSTRIAL OPERATIONS CO.,26841,26841,98.50746268656717,True
APADANA PERSIAN GULF PETROCHEMICAL COMPANY,26842,26842,100.0,True
PERSIAN GULF BIDBOLAND GAS TREATING COMPANY,26843,26843,87.32394366197182,True
PERSIAN GULF PETROCHEMICAL INDUSTRIES COMMERCIAL COMPANY,26844,26844,95.74468085106383,True
PERSIAN GULF PETROCHEMICAL INDUSTRY-COMMERCIAL COMPANY,26844,26844,100.0,True
PERSIAN GULF PETROCHEMICAL INDUSTRY COMMERCIAL,26844,26844,100.0,True
PGPICC,26844,,0.0,False
PETROCHEMICAL INDUSTRIES DEVELOPMENT MANAGEMENT,26846,26846,100.0,True
PIDMCO,26846,,0.0,False
NAGHMEH COMPANY,26850,26850,100.0,True
PETROCHEMICAL NON-INDUSTRIAL OPERATIONS AND SERVICES CO.,26851,26851,100.0,True
ROCKET INDUSTRY DEPARTMENT,26852,12214,76.36363636363637,False
"MANABEA THARWAT AL-JANOOB GENERAL TRADING COMPANY, LLC",26861,26551,67.79661016949152,False
SOUTH WEALTH RESOURCES LTD.,26861,26861,100.0,True
SHIRKAT MANABI' THARAWAT AL-JANUB LILTIJARAH AL-'AMMAH,26861,48901,47.5,False
BS COMPANY SAL OFFSHORE,26884,26884,100.0,True
B S COMPANY,26884,36011,60.0,False
B.S. COMPANY OFFSHORE,26884,26884,84.21052631578947,True
AMAN GROUP,26887,25068,90.9090909090909,False
AMAN HOLDING GROUP,26887,26887,80.0,True
AMAN HOLDING PRIVATE JSC,26887,26887,100.0,True
AMAN DAMASCUS JSC,26894,42334,69.56521739130434,False
FOZ TRADING,26895,26895,100.0,True
"JUI CHENG SHIPPING CO., LIMITED",26930,26930,100.0,True
JUI CHENG SHIPPING CO LTD,26930,26930,100.0,True
JUI ZONG SHIP MANAGEMENT CO,26931,26931,100.0,True
"JUI ZONG SHIP MANAGEMENT CO., LTD.",26931,26931,100.0,True
"EMPRESA CUBANA EXPORTADORA E IMPORTADORA DE METALES, COMBUSTIBLES Y LUBRICANTES",26934,58448,74.01574803149606,False
EMPRESA CUBANA IMPORTADORA Y EXPORTADORA DE COMBUSTIBLES Y LUBRICANTES,26934,58448,72.26890756302521,False
EMPRESA CUBANA IMPORTADORA DE COMBUSTIBLES Y LUBRICANTES,26934,58487,64.44444444444444,False
BALOCH LIBERATION ARMY,26953,26953,89.79591836734694,True
MAJEED BRIGADE,26953,26061,68.75,False
ZEPHYR INTELLIGENCE RESEARCH AND ANALYSIS BUREAU,26953,23943,55.88235294117647,False
EMMR Y CIA. S.A.S.,26986,26986,100.0,True
EMMR Y COMPANIA S A S,26986,26986,76.19047619047619,True
EMMR AND CIA. S.A.S.,26986,26986,100.0,True
GROUP GRAND LIMITED,26988,26988,100.0,True
GROUP GRAND LTD.,26996,26988,100.0,False
GROUP GRAND LIMITED GENERAL TRADING,26996,26997,100.0,False
ASASI FOODS FZC,26998,26998,95.23809523809523,True
DGCIM,27008,,0.0,False
DIRECCION GENERAL DE CONTRAINTELIGENCIA MILITAR,27008,27008,82.6086956521739,True
BAKHTAR RAAD SEPAHAN CO.,27020,27020,100.0,True
BAKHTAR RAAD ENGINEERING COMPANY,27020,10491,69.76744186046511,False
RADSEPAHAN,27020,,0.0,False
TAWU BVBA MECHANICAL ENGINEERING AND TRADING COMPANY,27022,27022,93.33333333333333,True
TAWU BVBA,27022,26746,38.888888888888886,False
METAALKUNDE BV,27022,54612,63.1578947368421,False
"HENAN JIAYUAN ALUMINUM INDUSTRY COMPANY, LIMITED",27025,27025,98.41269841269842,True
TAMIN KALAYE SABZ,27026,27026,87.17948717948718,True
TAMIN KALAYE SABZ COMPANY,27026,27026,87.17948717948718,True
KALAYE SABZ ORZ COMPANY,27026,27026,59.45945945945945,True
SUZHOU ZHONGSHENG MAGNETIC COMPANY LIMITED,27029,27029,85.24590163934427,True
"SUZHOU AIWEN SPECIAL ALLOY CO., LTD.",27031,27031,80.0,True
MULBERRY PROJE YATIRIM A.S.,27035,27035,74.57627118644068,True
MULBERRY PROJE YATIRIM,27035,27035,74.57627118644068,True
ZHU HAI ZHEN RONG COMPANY,27063,27063,56.25,True
ZHU HAI ZHEN RONG CO,27063,27063,56.25,True
ZHU HAI ZHEN RONG COMPANY LIMITED,27063,27063,56.25,True
ZHUHAI ZHEN RONG COMPANY,27063,27063,70.96774193548387,True
ZHUHAI ZHENRONG CO,27063,27063,100.0,True
REDIN DIS TICARET LTD. STI,27123,54324,82.6086956521739,False
REDIN COMPANY,27123,27123,52.63157894736843,True
REDIN CURRENCY EXCHANGE,27123,30389,88.88888888888889,False
REDIN MONEY EXCHANGE,27123,15005,82.92682926829268,False
RAYDAYIN COMPANY,27123,,0.0,False
RAYDAYIN TURKEY,27123,56790,58.82352941176471,False
RADIN MONEY EXCHANGE,27123,15005,87.8048780487805,False
RIDIN MONEY EXCHANGE,27123,15005,82.92682926829268,False
RIDEN MONEY EXCHANGE,27123,15005,82.92682926829268,False
REDIN GENERAL TRADE AND CARGO,27123,43457,75.0,False
REDIN CONSULTING AND FOREIGN TRADE LIMITED COMPANY,27123,58157,67.79661016949152,False
SMART IMPORT EXPORT FOREIGN TRADE LIMITED COMPANY,27126,54491,68.65671641791045,False
LIMITED LIABILITY COMPANY MARITIME ASSISTANCE,27143,27143,79.16666666666666,True
ASRE SANATE ESHRAGH CO.,27157,27157,97.2972972972973,True
ASRE SANAT ESHRAGH CO.,27157,27157,100.0,True
ASR-E SANAT ESHRAGH,27157,27157,97.14285714285714,True
ASR-E-SAN'AT ESHRAGH ENGINEERING COMPANY LTD.,27157,22943,72.41379310344827,False
ASR-E-SAN'AT ESHRAGH ENGINEERING COMPANY,27157,22943,72.41379310344827,False
KAVOSH GOSTAR BOSHRA LLC,27163,27163,80.0,True
PISHTAZAN KAVOSH GOSTAR BUSHRA COMPANY LLC,27163,27163,96.66666666666667,True
PISHTAZAN KAVOSH GOSTAR BUSHRA LLC,27163,27163,96.66666666666667,True
PISHTAZAN KAVOSH GOSTAR BASHARA LLC,27163,27163,95.08196721311475,True
EBTEKAR SANAT ILIYA COMPANY,27164,27164,97.2972972972973,True
EBTEKAR SANAT ELYA,27164,27164,94.44444444444444,True
EBTEKAR SANAT ILIA,27164,27164,94.44444444444444,True
EBTEKAR SANAT ILIYA,27164,27164,97.2972972972973,True
EBTEKAR SANAT ILYA CO. LTD,27164,27164,100.0,True
"GREEN INDUSTRIES, LTD",27165,20579,78.78787878787878,False
SHAFAGH SANUBAR YAZD COMPANY,27166,27166,90.0,True
SHAFAGH SENOBAR YAZD CO. LTD,27166,27166,100.0,True
SHAFAGH SENOBAR COMPANY,27166,27166,85.71428571428572,True
SHAFAGH SENOWBAR YAZD CO.,27166,27166,97.5609756097561,True
PENTA OCEAN SHIP MANAGEMENT,27183,27183,84.375,True
PENTA OCEAN SHIP MANAGEMENT & OPERATIONS LLC,27183,27183,98.66666666666667,True
PENTA OCEAN SHIP MANAGEMENT AND OPERATIONS LLC,27183,27183,98.66666666666667,True
MEHDI OFFSHORE AND SHIP MANAGEMENT,27184,27184,100.0,True
MEHDI GROUP OFFSHORE,27184,37426,80.0,False
BUSHRA SHIP MANAGEMENT PVT LTD,27185,27185,100.0,True
KHADIJA SHIP MANAGEMENT PVT LTD,27186,27186,100.0,True
KHADIJA SHIP MANAGEMENT PVT,27186,27186,100.0,True
VANIYA SHIP MANAGEMENT LTD,27187,27187,100.0,True
VANIYA SHIP MANAGEMENT PVT LTD,27187,27187,100.0,True
VANIYA SHIP MANAGEMENT,27187,27187,100.0,True
JAMMAL TRUST BANK,27189,27189,100.0,True
TRUST INSURANCE,27190,27190,100.0,True
TRUST LIFE INSURANCE CO SAL,27192,27192,100.0,True
TRUST LIFE,27192,27192,44.44444444444444,True
BERATEX GROUP LTD.,27194,27194,100.0,True
SAABF & COMPANIA S.C.A.,27244,27251,68.42105263157895,False
SAABF Y COMPANIA S.C.A.,27244,27251,68.42105263157895,False
SAABF AND COMPANIA S.C.A.,27244,27251,68.42105263157895,False
SAAB CERTAIN Y COMPANIA S. EN C.,27251,27251,100.0,True
SAAB CERTAIN AND COMPANIA S. EN C.,27251,27251,100.0,True
MEHDI BROS SHIP SERVICES PVT LTD,27264,51070,75.55555555555556,False
MEHDI BROS SHIP SERV. PVT. LTD.,27264,51070,63.41463414634146,False
MEHDI BROS. SHIP SERVICES PRIVATE LIMITED,27264,51070,75.55555555555556,False
MEHDI BROTHERS SHIP SERVICES PVT. LTD.,27264,51070,69.38775510204081,False
MEHDI SHIPPING LIMITED,27264,15125,88.88888888888889,False
14 STAR SHIPPING MANAGEMENT,27266,25842,85.1063829787234,False
AFRICO 1 OFFSHORE,27269,27269,96.7741935483871,True
AFRICO 1 OFF-SHORE S.A.L.,27269,27269,100.0,True
KISH PROTECTION AND INDEMNITY CLUB,27285,50353,57.14285714285714,False
HAMRAHAN PISHRO TEJARAT,27286,27286,85.18518518518519,True
HAMRAHAN PISHRO TEJARAT COMMERCIAL TRADING COMPANY,27286,27286,84.93150684931507,True
BAZARGANI HAMRAHAN PISHRO TEJARAT,27286,27286,71.875,True
GUARDIANS OF RELIGION,27318,10391,54.90196078431373,False
TANZIM HURRAS AL-DIN,27318,27318,74.07407407407408,True
TANDHIM HURRAS AL-DEEN,27318,27318,62.06896551724138,True
SHAM AL-RIBAT,27318,17299,57.14285714285714,False
AL-QAIDA IN SYRIA,27318,29863,51.28205128205128,False
ASTRONAUTICS SYSTEMS RESEARCH CENTER,27326,27326,74.62686567164178,True
AEROSPACE RESEARCH INSTITUTE,27326,27326,81.35593220338984,True
TALAQI GROUP LLC,27329,27329,100.0,True
TALAQI GROUP FOR TRADE LLC,27329,27329,80.0,True
NAGHAM AL HAYAT,27330,27330,100.0,True
TAWAFUK,27331,27331,100.0,True
TAWAFUK LLC,27331,27331,100.0,True
NATIONAL COMPANY FOR ALUMINUM EXTRUSION AND COLORING,27332,7755,63.33333333333333,False
DOGMOCH,27332,,0.0,False
DOMAL SAL,27332,34664,58.82352941176471,False
NATIONAL ALUMINUM DRAWING AND DRAWING COMPANY SAL,27332,20573,63.1578947368421,False
COLLECTION CONCEPT S.A.,27345,18129,70.96774193548387,False
SAAFARTEX INTERNATIONAL ZONA FRANCA BARRANQUILLA S.A.,27345,8224,63.41463414634146,False
SAAFARTEX INT. S.A.,27345,27345,64.70588235294117,True
DPRK NAMGANG TRADING COMPANY,27383,27383,82.92682926829268,True
CAROIL TRANSPORT MARINE LIMITED,27426,27426,100.0,True
NATIONAL DEVELOPMENT FUND OF ISLAMIC REPUBLIC OF IRAN,27445,27445,77.92207792207793,True
COSCO SHIPPING SEAMAN SHP MGMT,27465,27465,66.66666666666667,True
FAITHFUL LINKER LIMITED,27467,47609,57.14285714285714,False
ALWAYS SMOOTH LIMITED,27531,27531,100.0,True
WEIHAI HUIJIANG TRADE LTD,27532,27532,100.0,True
"SILVER BRIDGE SHIPPING CO., LIMITED",27533,27533,91.66666666666666,True
"SILVER BRIDGE SHIPPING CO., LTD.",27533,27533,91.66666666666666,True
LOU TRADING AND INVESTMENT CO LTD,27589,27589,100.0,True
LOU TRADING AND INVESTMENT COMPANY LTD,27589,27589,100.0,True
AL-CARDINAL INVESTMENTS COMPANY LIMITED,27593,27593,100.0,True
ALCARDINAL PETROLEUM CO. LTD,27594,27594,100.0,True
THINH CUONG CO LTD,27688,27688,100.0,True
CONG TY TNHH THINH CUONG,27688,27688,62.857142857142854,True
TAJAMMU' AHRAR AL-SHARQIYA,27763,27763,77.77777777777779,True
GATHERING OF THE FREEMEN OF THE EAST,27763,17468,58.53658536585367,False
AHRAR AL-SHARQIYEH,27763,27763,89.65517241379311,True
AHRAR AL-SHARQIYA BRIGADE,27763,27763,77.77777777777779,True
AHRAR AL-SHARQIAH,27763,27763,92.85714285714286,True
AHRAR AL-SHARQIYAH,27763,27763,96.55172413793103,True
GENERAL STAFF OF IRANIAN ARMED FORCES,27849,27849,86.66666666666667,True
EMPRENDIMIENTOS INMOBILIARIOS MISIONES SOCIEDAD ANONIMA,27943,27943,81.72043010752688,True
APOLO INFORMATICA,27944,27944,100.0,True
APOLO INFORMATICA SOCIEDAD ANONIMA,27944,47202,68.57142857142857,False
APOLO INFORMATICA SA,27944,27944,100.0,True
MUNDO INFORMATICO PARAGUAY SOCIEDAD ANONIMA,27945,27945,75.36231884057972,True
POLICIA NACIONAL DE NICARAGUA,27964,27964,88.46153846153845,True
NEJAT-E EJTIMAYEE,27967,27967,32.6530612244898,True
AL-SAHLOUL MONEY EXCHANGE COMPANY,27971,27971,100.0,True
SAHLUL HAWALA OFFICE,27971,27971,57.14285714285714,True
TAWASUL HAWALA COMPANY,27972,27972,66.66666666666667,True
AL-TAWASUL COMPANY,27972,27972,100.0,True
TAWASUL FINANCIAL EXCHANGE,27972,26556,65.0,False
AL-SULTAN JEWELRY & GENERAL TRADING CO,27973,52097,83.63636363636364,False
AL SULTAN GOLD & JEWELRY,27973,52100,68.0,False
SULTAN GOLD,27973,24752,72.72727272727273,False
AL SULTAN JEWELRY,27973,9547,61.111111111111114,False
ALSULTAN KUYUMCULUK ELEKTRONIK GIDA ITHALAT IHRACAT LIMITED SIRKETI,27973,34983,70.79646017699115,False
ALSULTAN KUYUMCULUK,27973,46869,48.38709677419355,False
AL SULTAN GOLD AND JEWELRY,27973,52100,68.0,False
AL-SULTAN JEWELRY AND GENERAL TRADING CO,27973,52097,83.63636363636364,False
INVERSIONES ZANZIBAR,28009,56745,76.92307692307692,False
NICARAGUAN PETROLEUM DISTRIBUTOR,28010,28010,83.5820895522388,True
DNP PETRONIC,28010,37931,66.66666666666667,False
DNP-PETRONIC,28010,37931,66.66666666666667,False
"MDS IMPORT EXPORT CO., LTD.",28044,15648,88.23529411764706,False
MDS IMPORT EXPORT,28044,15648,88.23529411764706,False
"TRY PHEAP ENGINEERING AND CONSTRUCTION CO., LTD.",28046,28046,100.0,True
"TRY PHEAP TRAVEL AND TOURS CO., LTD.",28051,28051,100.0,True
MDS THMORDA SEZ,28052,28052,63.63636363636363,True
TRY PHEAP OU YA DAV,28053,28053,74.28571428571429,True
RENTA A.S.,28060,56329,71.42857142857143,False
SPRAVA SLUZIEB DONOVALY S.R.O.,28061,28061,46.808510638297875,True
"NORAM - AZD, A.S.",28063,49779,48.0,False
VENTSPILS DEVELOPMENT AGENCY,28066,55862,69.23076923076923,False
VENTSPILS DEVELOPMENT ASSOCIATION,28066,7919,78.87323943661973,False
LATVIAN TRANSIT BUSINESS ASSOCIATION,28068,28068,75.0,True
TRANSIT BUSINESS ASSOCIATION OF LATVIA,28068,28068,76.05633802816901,True
JOINT STOCK COMPANY TRANSPORT COMPANY GRAND SERVICE EXPRESS,28083,47475,68.81720430107528,False
JOINT STOCK COMPANY GRAND SERVICE EXPRESS,28083,28083,77.77777777777779,True
AO GRAND SERVIS EKSPRESS,28083,28083,80.0,True
KHEDRI JAHAN DARYA SHIPPING PORT COMMERCIAL COMPANY,28104,25451,61.76470588235294,False
FALCON STRATEGIC SOLUTIONS DOO BEOGRAD-PALILULA,28120,28120,77.92207792207793,True
"VELCOM TRADE PREDUZECE ZA PROIZVODNJU PROMET I USLUGE DOO, BEOGRAD STARI GRAD",28121,33988,59.375,False
"PREDUZECE ZA PROIZVODNJU, PROMET I USLUGE MELVALE CORPORATION DOO, BEOGRAD STARI GRAD",28122,33988,56.91056910569105,False
ARANEKS DOO BEOGRAD-VOZDOVAC,28123,49364,64.15094339622642,False
GATEWICK FREIGHT AND CARGO,28124,10116,69.38775510204081,False
GATEWICK AVIATION SERVICES,28124,22906,69.23076923076923,False
VECTURA TRANS DOO NOVI BEOGRAD,28125,28125,72.34042553191489,True
BUSINESS DIVERSITY LTD,28129,28129,100.0,True
BEIRUT DIAM COMPANY SAL,28164,28164,100.0,True
BEIRUT GM SAL,28165,28165,94.73684210526316,True
AL DIBIYA 143 SAL,28167,,0.0,False
NOOR HOLDING SAL,28168,28168,91.66666666666666,True
JEBAA 2480 SAL,28171,28171,90.0,True
NUMEIRIYA 1057 SAL,28172,28172,75.86206896551724,True
MINOTERIE DU CONGO SPRL,28177,23259,75.0,False
MINO CONGO,28177,23260,63.63636363636363,False
PAINS VICTOIRE,28178,28178,96.2962962962963,True
SOCIETE GENERALE DE PAIN,28178,34118,68.18181818181819,False
SOCIETE GENERALE DES PAINS,28178,34118,61.224489795918366,False
PAN VICTOIRE,28178,28178,96.0,True
SOCIETE GENERAL DES PAINS SPRL,28178,8210,59.64912280701755,False
TRANSGAZELLE,28179,16807,60.0,False
TRANS GAZELLE SPRL,28179,28179,83.87096774193549,True
INTERALIMENT OFFSHORE COMPANY,28180,28180,72.72727272727273,True
ESTACION DE SERVICIO GBJ,28227,11866,72.34042553191489,False
CONVIASA,28230,49306,50.0,False
ASA'IB AHL AL-HAQ MIN AL-IRAQ,28283,19890,44.067796610169495,False
ASAIB AL HAQ,28283,,0.0,False
ASA'IB AHL AL-HAQQ,28283,15484,33.333333333333336,False
LEAGUE OF THE RIGHTEOUS,28283,55414,48.78048780487805,False
KHAZALI NETWORK,28283,15484,80.0,False
KHAZALI SPECIAL GROUP,28283,26555,65.0,False
QAZALI NETWORK,28283,57868,48.64864864864865,False
KHAZALI SPECIAL GROUPS NETWORK,28283,19276,57.14285714285714,False
AL-TAYAR AL-RISALI,28283,,0.0,False
KHORASAN STEEL COMPLEX JOINT STOCK COMPANY,28285,44990,70.0,False
SKS STEEL COMPANY,28286,28303,73.6842105263158,False
KISH SOUTH KAVEH STEEL COMPANY,28286,28286,87.17948717948718,True
KISH SOUTH KAVEH COMPANY,28286,28286,66.66666666666667,True
STEEL KAVEH SOUTH KISH,28286,28286,87.17948717948718,True
SOUTH KAVEH STEEL CO.,28286,28286,100.0,True
CHADORMALU MINING & INDUSTRIAL CO.,28287,28287,100.0,True
CHADORMALU MINING & INDUSTRIAL PUBLIC JOINT STOCK COMPANY,28287,28287,74.66666666666666,True
CHADORMALU MINING AND INDUSTRIAL COMPANY,28287,28287,100.0,True
CHADORMALU MINING AND INDUSTRIAL CO.,28287,28287,100.0,True
CHADORMALU MINING AND INDUSTRIAL PUBLIC JOINT STOCK COMPANY,28287,28287,74.66666666666666,True
KHOUZESTAN OXIN STEEL COMPANY,28288,28291,86.48648648648648,False
KHOZESTAN OXIN STEEL COMPANY,28288,28291,83.33333333333334,False
KHUZESTAN OXIN STEEL COMPANY,28288,28291,83.33333333333334,False
ARFA IRON & STEEL COMPANY,28289,28289,100.0,True
ARFA STEEL,28289,28289,80.0,True
KHUZESTAN STEEL COMPANY,28291,28291,96.7741935483871,True
AL MAHDI ALUMINUM COMPANY,28292,28305,74.07407407407408,False
NATIONAL IRANIAN COPPER INDUSTRIES PUBLIC JOINT STOCK,28293,28293,78.16091954022988,True
IRANIAN GHADIR IRON AND STEEL CO.,28295,28295,100.0,True
REPUTABLE TRADING SOURCE LLC COMPANY,28296,28296,100.0,True
SABA STEEL COMPANY,28303,28303,100.0,True
IRAN ALUMINIUM COMPANY,28305,28305,96.2962962962963,True
IRANIAN ALUMINUM COMPANY,28305,28305,89.65517241379311,True
IRAN'S ALUMINUM COMPANY,28305,28305,100.0,True
HONGYUAN MARINE CO LTD HONG UNION,28317,28317,73.17073170731707,True
"PAMCHEL ASIA CO., LTD",28338,40759,66.66666666666667,False
PAMCHEL ASIA STEEL GROUP COMPANY LIMITED,28338,41316,63.1578947368421,False
BENEATHCO GENERAL TRADING DMCC,28346,40968,80.0,False
PEAKVIEW INDUSTRY,28347,28347,100.0,True
TRILIANCE KISH PETROCHEMICAL COMPANY,28348,28348,90.19607843137256,True
TRILIANCE PETROCHEMICAL COMPANY,28348,28348,100.0,True
TRILIANCE PETROCHEMICAL GMBH,28348,28348,100.0,True
TIBA PARSIAN KISH PETROCHEMICAL,28348,30221,74.50980392156863,False
TIBA PETROCHEMICAL COMPANY DMCC,28348,26848,86.48648648648648,False
"TRILIANCE PETROCHEMICAL CO., LIMITED",28348,28348,100.0,True
"TRILIANCE PETROLEUM SHANGHAI CO., LTD",28348,52089,72.72727272727273,False
TRILIANCE PETROCHEMICAL CO LTD,28348,28348,100.0,True
"SHANDONG QIWANGDA GROUP PETROCHEMICAL CO., LTD.",28363,28363,88.23529411764706,True
JIAXIANG INDUSTRY LTD HONG KONG,28364,28364,100.0,True
JIAXIANG INDUSTRY LTD,28364,28364,77.27272727272727,True
ESPANA INFORMATICA SA,28443,28443,100.0,True
ATLAS HOLDING SAL,28527,28527,100.0,True
MEDICAL EQUIPMENT & DRUGS INTERNATIONAL CORPORATION,28529,28529,100.0,True
SHAHED PHARM DRUGSTORE SARL,28530,28530,70.58823529411764,True
AMANA FOR HYDROCARBONS,28531,42334,57.14285714285714,False
AMANA PLUS CO.,28532,28532,100.0,True
SANOVERA,28538,28538,72.72727272727273,True
SANOVIRA,28538,57177,71.42857142857143,False
KOREA DAIZIN TRADING CORPORATION,28546,28546,100.0,True
KOREA TAEJIN TRADING CORPORATION,28546,12219,87.8048780487805,False
TAEJIN TRADING CORPORATION,28546,54822,81.4814814814815,False
KOREA TAEJIN TRADING,28546,12219,87.8048780487805,False
KOREA TAIJIN TRADE CORPORATION,28546,55063,78.94736842105263,False
TAECHIN TRADING CORPORATION,28546,13110,80.0,False
DAEJIN TRADING GENERAL CORPORATION,28546,40968,85.71428571428572,False
TAEJIN TRADING COMPANY,28546,54822,81.4814814814815,False
TAEJIN TRADING GENERAL COMPANY,28546,47230,85.0,False
126 ECONOMIC EXCHANGE COMPANY,28546,23025,62.857142857142854,False
DIFUSO AUDIOVISUALES,28549,28549,58.53658536585367,True
MOBILE ZONE INTERNACIONAL IMPORT-EXPORT S.R.L.,28574,28574,97.43589743589743,True
MOBILE ZONE INTERNACIONAL IMPORT. EXPORT. S.R.L.,28574,28574,97.43589743589743,True
ALAM ALTHRWA LLC CO,28607,27237,64.0,False
ALWANEO CO. L.L.C.,28608,28608,100.0,True
ALWANEO TRADE DMCC,28608,40961,72.0,False
SPI INTERNATIONAL PROPRIETARY LTD.,28645,11634,80.76923076923077,False
SPI INTERNATIONAL PROPRIETARY LIMITED,28645,11634,80.76923076923077,False
SPI INTERNATIONAL PTY LTD,28645,28645,89.47368421052632,True
SPI INTERNATIONAL PROPRIETARY BRANCH OF A FOREIGN COMPANY,28645,25679,66.66666666666667,False
SPI INTERNATIONAL PROPRIETARY,28645,11634,80.76923076923077,False
SPI INTERNATIONAL PROPRIETY LIMITED CO.,28645,11634,80.0,False
"GOLDEN SUN I/E DALIAN CO., LTD.",28650,28650,70.83333333333333,True
"DALIAN TIANYI INTERNATIONAL TRADING CO., LTD.",28654,28654,87.09677419354838,True
DALIANTIANYI,28654,28654,61.53846153846154,True
"DALIAN YONGKANG INTERNATIONAL TRADING CO., LTD.",28654,52539,80.0,False
SATA INVESTMENT COMPANY,28658,25040,87.5,False
ARMED FORCES SOCIAL SECURITY INVESTMENT FUND SHASTAN,28658,28658,85.71428571428572,True
ARMED FORCES SOCIAL WELFARE INVESTMENT ORGANIZATION OF IRAN,28658,28658,71.57894736842105,True
SHASTAN ARMED FORCES SOCIAL SECURITY INVESTMENT COMPANY,28658,28658,90.69767441860466,True
ARMED FORCES SOCIAL SECURITY AND PENSION FUND INVESTMENT - SHESTAN,28658,28658,78.78787878787878,True
SATA MILITARY POWERS SOCIAL SECURITY INVESTMENT COMPANY,28658,28658,60.46511627906976,True
MAIN STREET 1095 PTY LTD,28659,28659,83.33333333333334,True
MATAJER NOVIN MADA'EN COMPANY,28684,25650,60.60606060606061,False
MIDDLE EAST SAMAN CHEMICAL TRADE COMPANY,28687,28687,89.65517241379311,True
SAMAN MIDDLE EASTERN CHEMICAL COMPANY,28687,28687,94.54545454545455,True
MIDDLE EAST SAMAN CHEMICAL TRADING,28687,28687,86.66666666666667,True
SAMAN CHEMICAL COMPANY,28687,9554,78.57142857142857,False
MIDDLE EAST SAMAN SHIMI TRADING COMPANY,28687,30372,63.1578947368421,False
SAMAN SHIMI MIDDLE EAST,28687,28687,69.38775510204081,True
SAMAN SHIMI KHAVARMIANEH LTD.,28687,17154,58.53658536585367,False
AL KHAMAIL MARINE SERVICE,28688,28688,85.1063829787234,True
ALKHAMAEL CO. MARITIME SERVICES,28688,28688,96.15384615384616,True
SHARIKAH AL-KHAMA'IL LILKHADAMAT AL-BAHRIYYAH WALNQL,28688,48735,41.666666666666664,False
ALKHAMAEL TERMINAL AND PORT OPERATION MANAGEMENT,28688,58315,69.33333333333334,False
HEADQUARTERS OF RECONSTRUCTION OF HOLY SHRINES,28694,28694,65.90909090909092,True
RECONSTRUCTION ORGANIZATION OF THE HOLY SHRINES,28694,28694,90.9090909090909,True
AL-KAWTHAR FOUNDATION,28702,28533,100.0,False
KOSAR COMPANY,28702,,0.0,False
RUSSKOIE IMPERSKOE DVIZHENIE,28703,49417,52.77777777777778,False
RUSSKOE IMPERSKOYE DVIZHENIYE,28703,49417,49.31506849315068,False
RUSSIAN IMPERIAL LEGION,28703,28703,79.16666666666666,True
SAINT PETERSBURG IMPERIAL LEGION,28703,50991,67.6923076923077,False
SYDITEK MUNDO DIGITAL S.A.,28718,28718,76.47058823529412,True
NIROOYE ENTEZAMI JOMHORI ESLAMI BONYAD TA'AVON,28926,4632,55.696202531645575,False
BONYAD TA'AVON OF NAJA,28926,12477,57.89473684210527,False
FASHAFOUYEH PRISON,28958,29901,72.72727272727273,False
FASHAFOYE PRISON,28958,56789,68.96551724137932,False
QARCHAK WOMEN'S PRISON,28959,28959,82.35294117647058,True
GHARCHAK PRISON,28959,52265,64.70588235294117,False
SHAHR-E REY PRISON,28959,23467,85.71428571428572,False
EXCELLENCE LIMITED LIABILITY COMPANY,29047,48511,78.94736842105263,False
RAMAK COMPANY FOR DEVELOPMENT AND HUMANITARIAN PROJECTS LLC,29049,29049,100.0,True
WINGS PRIVATE JOINT STOCK COMPANY,29052,48504,82.35294117647058,False
AL-AJNAHA PRIVATE JOINT STOCK COMPANY,29052,50792,82.35294117647058,False
WINGS COMPANY,29052,29052,100.0,True
METIL STEEL COMPANY,29106,29106,100.0,True
SULLAJ MINING COMPANY,29107,57116,60.0,False
ALSOLAG MINING COMPANY,29107,23273,66.66666666666667,False
ALSOLADZH MINING COMPANY,29107,30379,64.51612903225806,False
JAHAN FOOLAD SIRJAN,29112,29112,66.66666666666667,True
JAHAN FOOLAD STEEL COMPANY,29112,28284,70.96774193548387,False
SIRJAN JAHAN FOOLAD,29112,29112,66.66666666666667,True
"SHEN YANG JING CHENG MACHINERY IMPANDEXP. CO., LIMITED",29118,29118,87.17948717948718,True
GLOBAL INDUSTRIAL AND ENGINEERING SUPPLY LIMITED,29139,29139,100.0,True
XINJIANG BUREAU OF PUBLIC SECURITY,29159,29159,100.0,True
PUBLIC SECURITY DEPARTMENT OF XINJIANG UYGAR AUTONOMOUS REGION,29159,29159,62.22222222222222,True
PUBLIC SECURITY DEPARTMENT OF XUAR,29159,29159,67.74193548387098,True
PUBLIC SECURITY DEPARTMENT OF THE AUTONOMOUS REGION,29159,50544,58.06451612903225,False
SAKUNDA HOLDINGS PRIVATE LIMITED,29361,29361,100.0,True
DELTA PARTS SUPPLY,29384,29384,100.0,True
PALAYESH NAFT ABADAN,29522,30871,60.46511627906976,False
ABADAN OIL REFINING COMPANY PRIVATE JOINT STOCK,29522,29522,76.0,True
ZHIHANG SHIP MANAGEMENT,29523,51607,83.72093023255813,False
"SHANGHAI ZHIHANG SHIP MANAGEMENT CO., LTD.",29523,29523,100.0,True
NEW FAR INTERNATIONAL LOGISTICS LTD,29524,29524,100.0,True
SINO ENERGY SHIPPING (HONG KONG) LTD,29526,29526,98.30508474576271,True
SINO ENERGY SHIPPING HONG KONG,29526,29526,98.30508474576271,True
"SINGH SCIENCE AND TECHNOLOGY DEVELOPMENT CO., LIMITED",29606,8408,75.0,False
SINGH DAILY CULTURE PRESS LIMITED,29606,55563,66.66666666666667,False
GOLDEN CROWN OVERSEAS LIMITED,29624,23900,64.70588235294117,False
CARUNA RL,29684,,0.0,False
UNION DEVELOPMENT GROUP,29685,29685,100.0,True
ARCH CONSULTING COMPANY,29783,29783,100.0,True
ARCH CONSULTING AND ENGINEERING,29783,29783,71.42857142857143,True
MEAMAR COMPANY FOR ENGINEERING AND DEVELOPMENT,29784,15990,77.61194029850746,False
MEAMMAR CONSTRUCTION,29784,19612,80.0,False
MI'MAR ENGINEERING COMPANY,29784,11612,80.95238095238095,False
ATLANTIC SHIP MANAGEMENT LLC,29786,29786,100.0,True
IRANIAN MINISTRY OF PETROLEUM,29788,29788,81.81818181818181,True
NIORDC,29792,,0.0,False
NIOPDC,29793,,0.0,False
IOPTC,29794,,0.0,False
NIOEC,29795,,0.0,False
IMAM KHOMEINI ZHAZAND OIL REFINING,29797,29797,97.05882352941177,True
IKORC,29797,,0.0,False
RANA INSTITUTE,29848,11789,89.65517241379311,False
APT39,29849,,0.0,False
CHAFER,29849,,0.0,False
REMEXI,29849,,0.0,False
CADELSPY,29849,16472,32.25806451612904,False
ITG07,29849,,0.0,False
ATLAS SHIPS MANAGEMENT,29853,29853,97.67441860465115,True
"CASTLE COMPANY FOR PROTECTION, GUARDING AND SECURITY SERVICES",29856,29856,74.28571428571429,True
"CITADEL FOR PROTECTION, GUARD AND SECURITY SERVICES",29856,29856,67.64705882352942,True
"AL-QALA'A FOR PROTECTION, GUARDING, AND SECURITY SERVICES",29856,21344,63.63636363636363,False
"C.S.P. CASTLE PROTECTION, GUARDING AND SECURITY SERVICES",29856,29856,74.28571428571429,True
AL-QALAA COMPANY FOR SECURITY SERVICES,29856,21344,80.85106382978724,False
EMATEL COMMUNICATIONS,29858,17042,78.04878048780488,False
EMATEL LLC,29858,,0.0,False
IMATEL FOR COMMUNICATIONS,29858,17042,78.04878048780488,False
EMMATEL,29858,29858,93.33333333333333,True
IMATEL PLUS LLC,29860,28532,66.66666666666667,False
AL-YASMEEN FOR CONTRACTING,29864,29864,84.21052631578947,True
AL-YAZMEEN FOR CONTRACTING,29864,29864,78.94736842105263,True
YASMIN FOR CONTRACTING,29864,29864,91.89189189189189,True
AL-YASMEEN CONTRACTING COMPANY,29864,29864,84.21052631578947,True
IYLA FOR TOURISM,29866,29866,83.33333333333334,True
M-FINANCE LLC,29868,24223,100.0,False
OBSHCHESTVO S OGRANICHENNOI OTVETSTVENNOSTYU 'M-FINANS',29868,46432,94.73684210526316,False
"M-FINANS, OOO",29868,29868,100.0,True
LOBAYE INVEST SARL,29869,29869,100.0,True
LOBAYE INVEST SARLU,29869,29869,81.25,True
AKTSIONERNOE OBSHCHESTVO NAUCHNO-PROIZVODSTVENNOE PREDPRIYATIE PODVODNYKH TEKHNOLOGI OKEANOS,29885,37799,78.75,False
OCEANOS JSC,29885,55728,83.33333333333334,False
"OKEANOS, AO",29885,29885,74.07407407407408,True
"SHANGHAI FAST-FINE CHEMICALS CO., LTD.",29897,29897,84.21052631578947,True
"SHANGHAI JUAN-CHEM.INDUSTRY CO., LTD.",29897,52191,71.69811320754718,False
ADELABAD PRISON,29900,29900,70.96774193548387,True
SHIRAZ CENTRAL PRISON,29900,29114,66.66666666666667,False
URMIA CENTRAL PRISON,29901,29114,68.29268292682926,False
URMIA PRISON,29901,28959,69.23076923076923,False
VAKIL ABAD PRISON,29903,29903,72.72727272727273,True
MASHHAD PRISON,29903,39709,71.42857142857143,False
MASHHAD CENTRAL PRISON,29903,34143,81.81818181818181,False
FIRST BRANCH OF THE SHIRAZ REVOLUTIONARY COURT,29906,29906,91.66666666666666,True
FIRST BRANCH OF THE REVOLUTIONARY COURT OF SHIRAZ,29906,29906,91.66666666666666,True
CHOLSAN TRADING COMPANY,30082,39500,83.87096774193549,False
CHOLSON LLC,30082,30082,38.888888888888886,True
CHKHOLSAN,30082,,0.0,False
OOO MOKRAN,30083,30083,100.0,True
OBSCHESTVO S OGRANICHENNOI OTVETSTVENNOSTYU MOKRAN,30083,45033,92.47311827956989,False
GNTS RF FGUP TSNIIKHM,30086,50004,44.44444444444444,False
FGUP TSNIIKHM,30086,50004,42.85714285714286,False
"TSNIIKHM, FGUP",30086,50004,42.85714285714286,False
FGUP CNIIXM,30086,50004,30.76923076923077,False
CNIIHM,30086,,0.0,False
"TSENTRALNY NAUCHNO-ISSLEDOVATELSKI INSTITUT KHIMII I MEKHANIKI, FGUP",30086,50423,68.96551724137932,False
DELIGHT SHIPPING CO LTD,30102,30102,100.0,True
GRACIOUS SHIPPING CO LTD,30103,30103,100.0,True
NOBLE SHIPPING CO LTD,30104,30104,100.0,True
SUPREME SHIPPING CO LTD,30105,30105,100.0,True
REACH HOLDING GROUP,30106,37675,85.71428571428572,False
RENDA INVESTMENT HOLDING GROUP SHANGHAI CO LTD,30106,30106,77.61194029850746,True
REACH SHIPPING LINES,30107,30107,80.0,True
MORVARID PETROCHEMICAL CO,30142,30142,100.0,True
ARYA SASOL POLYMER CO.,30143,30143,100.0,True
ARYA SASOL POLYMER COMPANY,30143,30143,100.0,True
POLYMER ARIA SASOL COMPANY,30143,30143,94.44444444444444,True
ARYA SASOL POLYMERS,30143,30143,97.2972972972973,True
ARYASASOL POLYMER COMPANY,30143,30143,68.57142857142857,True
ARYASASOL POLYMERS,30143,30143,72.22222222222221,True
POLIMER ARYA SAASOOL,30143,30143,89.47368421052632,True
KHEITI HOLDING GROUP,30163,30163,97.43589743589743,True
KHITI HOLDING PRIVATE JSC,30163,30163,81.25,True
KHITI HOLDING COMPANY,30163,30163,81.25,True
ARFADA PETROLEUM COMPANY JSC,30204,28049,80.0,False
ARVADA PETROLEUM COMPANY JSC,30204,28049,80.0,False
AL-RUSAFA REFINERY COMPANY,30207,30207,93.33333333333333,True
COAST REFINERY COMPANY,30208,30208,93.33333333333333,True
AL-SAHEL REFINERY COMPANY,30208,18290,75.86206896551724,False
IRTVU,30215,,0.0,False
IUVM,30216,,0.0,False
BAYAN RASANE GOSTAR INSTITUTE,30217,30217,98.30508474576271,True
BAYAN GOSTAR MEDIA INSTITUTE,30217,30217,82.75862068965517,True
KAVIAN PETROCHEMICAL PRIVATE JOINT STOCK COMPANY,30221,30221,76.92307692307692,True
KAVIAN PETROCHEMICAL CORPORATION,30221,30221,100.0,True
KAVIAN PETROCHEMICAL CO.,30221,30221,100.0,True
KAVIAN PETROCHEMICAL COMMERCIAL,30221,11619,93.33333333333333,False
KAVIAN PETROCHEMICAL,30221,30221,100.0,True
STRAIT SHIPBROKERS SINGAPORE PTE. LTD.,30222,30222,78.26086956521739,True
AGROMADERAS ZAGAR S.A.S.,30269,11481,60.0,False
GRUPO PATRON LTDA,30270,10003,66.66666666666667,False
HODA TRADING COMPANY,30282,30282,100.0,True
HODA TRADING CO.,30282,30282,100.0,True
SUSTAINABLE ELECTRONIC DEVELOPMENT,30282,30363,81.9672131147541,False
SUSTAINABLE ELECTRONICS DEVELOPMENT,30282,30363,80.64516129032258,False
SUSTAINABLE ELECTRONICS DEVELOPMENT COMPANY,30282,30363,80.64516129032258,False
PROMA INDUSTRY CO.,30283,30283,100.0,True
"PROMA INDUSTRY CO., LTD",30283,30283,100.0,True
PROMA INDUSTRY COMPANY,30283,30283,100.0,True
"PROMA INDUSTRY COMPANY, LIMITED",30283,30283,100.0,True
"PROMA INDUSTRY COMPANY, LTD.",30283,30283,100.0,True
D.E.S. INTERNATIONAL CO. LTD.,30286,15709,92.3076923076923,False
DES INTERNATIONAL CO.,30286,30286,100.0,True
DES INTERNATIONAL COMPANY,30286,30286,100.0,True
DES INTERNATIONAL,30286,30286,100.0,True
D.E.S. INTERNATIONAL,30286,15709,92.3076923076923,False
DES INTERNATIONAL COMPANY LIMITED,30286,30286,100.0,True
NAZ TECHNOLOGY CORPORATION LTD,30287,30287,100.0,True
NAZ TECHNOLOGY CO.,30287,30287,100.0,True
NAZ TECHNOLOGY,30287,30287,100.0,True
N.A.Z. TECHNOLOGY,30287,46823,100.0,False
ARTIN SANAT TABAN CO,30289,30289,86.48648648648648,True
ARTIN SANAT TABAN,30289,30289,86.48648648648648,True
BONYAD MOSTAZAFAN,30346,12477,66.66666666666667,False
BONYAD MOSTAZAFAN ENGHELAB ESLAMI,30346,12477,53.84615384615385,False
MOSTAZAFAN FOUNDATION,30346,30346,51.28205128205128,True
MOSTASZAFAN FOUNDATION OF ISLAMIC REVOLUTION,30346,30346,98.30508474576271,True
THE FOUNDATION OF THE OPPRESSED,30346,,0.0,False
IRAN ELECTRONIC DEVELOPMENT,30363,30363,100.0,True
IRAN ELECTRONIC DEVELOPMENT CO.,30363,30363,100.0,True
ENERGY GOSTAR SINA COMPANY,30366,58036,70.96774193548387,False
SINA ENERGY DEVELOPMENT,30366,30366,100.0,True
SINA ENERGY DEVELOPMENT CO.,30366,30366,100.0,True
SINA PAYA SANAT GOSTARESH CO.,30367,30367,69.23076923076923,True
SINA PAYA SANAT DEVELOPMENT COMPANY PJS,30367,30367,100.0,True
BONYAD IMPORT AND EXPORT CO,30367,28044,78.78787878787878,False
PAYA SANAT SINA,30367,30367,71.42857142857143,True
GOSTARESH PAYA SANAT SINA,30367,30367,69.23076923076923,True
GOSTARESH PAYASANAT SINA HOLDING,30367,30367,61.01694915254237,True
SINA SANAT PAYA DEVELOPMENT COMPANY,30367,30367,100.0,True
SANATI DOODEH FAAM COMPANY,30371,30371,97.14285714285714,True
DOUDEFAM INDUSTRIES SADAF COMPANY,30371,9764,68.0,False
SHERKATE DOODEH FAAM-E SADAF,30371,30371,69.76744186046511,True
FAM INDUSTRIEL SOOT CO.,30371,47592,68.57142857142857,False
DUDEH FAM INDUSTRIAL,30371,50516,69.56521739130434,False
RAHNEGAR KHAVARMIYANEH PARS COMPANY,30372,25640,60.0,False
RAHNEGAR MIDDLE EAST PARS COMPANY,30372,30372,78.43137254901961,True
SHERKATE SANAYE MADANIYE KAVEH PARS,30373,48947,59.375,False
GHOSTARESHE SANAYIE MADANI KAWEH PARS,30373,15910,55.73770491803278,False
KAVEH-PARS MINING INDUSTRIES DEVELOPMENT COMPANY,30373,30373,100.0,True
PEYVAND TEJARAT ATIYEH IRANIAN COMPANY,30375,30375,98.30508474576271,True
SINA FINANCIAL & INVESTMENT HOLDING CO.,30378,30378,100.0,True
SINA FINANCIAL AND INVESTMENT HOLDING CO.,30378,30378,100.0,True
SINA INVESTMENT MANAGEMENT CO.,30378,55983,90.9090909090909,False
DAMAVAND MINING PUBLIC JOINT STOCK COMPANY,30379,51671,75.75757575757575,False
TEHRAN CEMENT PUBLIC JOINT STOCK COMPANY,30380,40801,75.40983606557377,False
TEHRAN CEMENT,30380,30380,100.0,True
SINA PORT AND MARINE COMPANY,30381,51915,71.42857142857143,False
SINA PORT AND MARITIME COMPANY,30381,56850,75.0,False
IRAN TIRE MANUFACTURING CO,30382,30382,100.0,True
IRAN TIRE CO.,30382,30973,66.66666666666667,False
BEHRAN OIL,30383,30383,100.0,True
BEHRAN OIL PUBLIC JOINT STOCK COMPANY,30383,51832,84.61538461538461,False
TARABARI BEYNOLMELALI TEHRAN,30384,29105,56.52173913043479,False
TEHRAN INTERNATIONAL TRANSPORT COMPANY,30384,30384,100.0,True
SANATE CHOUBE SHOMAL COMPANY,30385,25805,66.66666666666667,False
CHOUBE SHOMAL COMPANY,30385,25805,69.23076923076923,False
SHERKATE CHOOBE SHOMAAL,30385,25805,61.111111111111114,False
NORTH WOOD INDUSTRY CO.,30385,30385,100.0,True
KAVEH KHOZESTAN ALUMINIUM COMPANY,30386,30386,97.95918367346938,True
KALCO ALUMINUM COMPANY,30386,28305,74.07407407407408,False
KAVEH KHOZESTAN ALUMINIUM,30386,30386,97.95918367346938,True
KAVE KHOZESTAN ALUMINIUM CO.,30386,30386,95.83333333333334,True
KAVEH ALUMINUM KHUZESTAN,30386,30386,95.83333333333334,True
KHUZESTAN KAVEH ALUMINUM COMPANY,30386,30386,95.83333333333334,True
SHERKAT-E MADAR-E TAKHASSOSI-YE OMRAN VA MASKAN-E IRAN,30387,30387,58.82352941176471,True
SHERAKATE OMRAN VA MASKAN IRAN,30387,30387,80.0,True
BONYAD MOSTAZAFAN CONSTRUCTION AND HOUSING,30387,30844,71.42857142857143,False
SINA TILES AND CERAMIC INDUSTRIAL GROUP,30388,30388,82.53968253968253,True
SHERKAT-E SARRAFI SINA,30389,30400,58.82352941176471,False
INTERNATIONAL TRADE AND TECHNOLOGY ITRITEC GMBH,30390,30390,87.35632183908046,True
INTERNATIONAL COMPANY FOR INDUSTRIAL AND COMMERCIAL TECHNOLOGY,30390,30390,73.6842105263158,True
BONYAD SHIPPING AGENCIES CO.,30391,30391,100.0,True
BONYAD SHIPPING AGENTS COMPANY,30391,30391,91.30434782608697,True
SELKBAF SPINNING AND WEAVING FACTORIES,30393,34638,51.61290322580645,False
SELKBAF,30393,30393,100.0,True
RISANDEGI VA BAFANDEGIE SELK BAF,30393,30393,25.64102564102564,True
SELK BAF SPINNING AND WEAVING FACTORIES PRODUCTION COMPANY,30393,29299,54.761904761904766,False
ALIAF CO.,30394,30394,100.0,True
SHERKAT SAHAMI ALIAF,30394,55013,59.57446808510638,False
ALIAF PUBLIC JOINT STOCK CO.,30394,34644,89.79591836734694,False
ALIYAF CO.,30394,,0.0,False
FANAVARAN SOMIC ENGINEERING AND MANAGEMENT CO,30396,30396,84.84848484848484,True
SOMIC MANAGEMENT AND ENGINEERING TECHNICIANS,30396,30396,82.35294117647058,True
SOMIC ENGINEERING AND MANAGEMENT COMPANY,30396,30396,100.0,True
BONRAIL COMPANY,30397,,0.0,False
BONRAIL,30397,,0.0,False
BONRAILCO,30397,,0.0,False
BONYAD EASTERN RAILWAY CO,30397,30397,100.0,True
BONYAD EASTERN RAILWAY,30397,30397,100.0,True
RAH AHAN SHARGHI CO.,30397,49833,71.7948717948718,False
HEJAB TEXTILE CO,30398,30398,100.0,True
SHAHR-E KORD HIJAB TEXTILE COMPANY,30398,30398,64.86486486486487,True
BAZARGANI PISHGAMAN GOSTARESH OFOQ TEJARAT IRANIAN COMPANY,30399,30375,60.75949367088608,False
PISHGAMAN HORIZON DEVELOPMENT GOSTARESH OFOQ IRANIAN BUSINESS TRADING COMPANY,30399,30399,87.8048780487805,True
IRANIAN TRADE HORIZON PIONEERS COMMERCIAL COMPANY,30399,25910,64.86486486486487,False
IRANIAN TEJARAT OFOG PISHGAMAN BAZARGANI COMPANY,30399,30375,63.76811594202898,False
SINA RAIL PARS CO,30400,30400,100.0,True
SINA RAIL PARS,30400,30400,100.0,True
PARS RAIL SINA TRANSPORTATION COMPANY,30400,25840,73.33333333333334,False
BONYAD TOURISM AND RECREATIONAL CENTERS HOLDING COMPANY,30401,30401,78.48101265822784,True
"PARSIAN TOURISM, RECREATIONAL CENTERS, AND TRANSPORTATION HOLDING COMPANY",30401,30401,75.78947368421053,True
SHERKATE SIAAHATI VA HAML-O-NAQLE PAARSIAN,30401,55013,47.76119402985075,False
PAYANDAN,30402,30402,100.0,True
PAYANDAN CO.,30402,30402,100.0,True
COKE WASTE WATER REFINING CO.,30403,30403,71.42857142857143,True
COAL TAR REFINING CO.,30403,30403,100.0,True
PAYA SAMAN PARS COMPANY,30404,30404,100.0,True
PISHRO IRAN CO.,30405,16020,72.72727272727273,False
PISHRO IRAN FINANCIAL AND INVESTMENT CO. PJS,30405,30405,100.0,True
PISHRO IRAN COMPANY,30405,16020,72.72727272727273,False
SHERKAT MALI OOSARMAYEH GOZARI PISHROOIRAN,30405,49163,52.5,False
PARS ENERGY GOSTAR DRILLING AND EXPLORATION,30406,30406,100.0,True
PARS ENERGY GOSTAR CO.,30406,25940,77.77777777777779,False
PARS ENERGY DEVELOPMENT,30406,30366,86.95652173913044,False
PARS SARRALLE,30408,30408,100.0,True
PARS SARRALLE EQUIPMENT INDUSTRIES COMPANY,30408,47588,67.64705882352942,False
SARRAYEH PARS EQUIPMENT INDUSTRIES COMPANY,30408,47588,67.64705882352942,False
NORTH DRILLING PUBLIC JOINT STOCK COMPANY,30409,40718,73.33333333333334,False
NORTH DRILLING CO,30409,30409,100.0,True
TALOON CO.,30410,30410,100.0,True
TALLON COMPANY,30410,48089,23.529411764705888,False
RAMAN CO.,30411,30411,100.0,True
DEY COMPANY,30412,,0.0,False
SHERKAT-E DEY,30412,55013,47.36842105263158,False
MELLI SAKHTEMAN CO.,30413,30413,100.0,True
SHERKAT-E MELLI-YE SAKHTEMAN,30413,30413,73.17073170731707,True
BEH TAM RAVANKAR COMPANY,30414,30414,100.0,True
BEH TAM COMPANY,30414,,0.0,False
SHERKATE BEH TAAM,30414,55013,40.90909090909091,False
BEHRAN TRADING,30415,30415,100.0,True
TABCHEM CHEMICAL INDUSTRIES COMPANY PRIVATE COMPANY,30416,30416,100.0,True
TURRIRA COMPANY,30417,,0.0,False
TURIRA INDUSTRIAL PRODUCTS AND TRADE LIMITED COMPANY,30417,41936,65.67164179104478,False
TURIRA SANAYI VE TICARET LIMITED SIRKETI ANA SOZLESMESI,30417,36078,71.73913043478262,False
TURIRA ENDUSTRIYEL URUNLER VE TICARET LIMITED SIRKETI,30417,48301,65.85365853658536,False
KAVEH SHARGH STEEL COMPANY,30418,30418,100.0,True
KAVEH EAST STEEL COMPANY,30418,30419,76.47058823529412,False
EX-CLE C.A.,30421,,0.0,False
SORAN COMPANY,30464,,0.0,False
LIA CO L.L.C.,30465,,0.0,False
CHINA NATIONAL ELECTRONICS IMPORT AND EXPORT CORPORATION,30502,9753,63.63636363636363,False
CHINA NATIONAL ELECTRONIC IMPORT-EXPORT COMPANY,30502,9753,64.36781609195403,False
FORWARDERZ,30518,56327,72.0,False
FRESH AIR FARM HOUSE KARACHI,30523,30523,83.33333333333334,True
MINSK GUVD,30546,41318,28.57142857142857,False
THE GENERAL DIRECTORATE OF INTERNAL AFFAIRS OF MINSK CITY EXECUTIVE COMMITTEE,30546,30546,90.07633587786259,True
GLAVNOYE UPRAVLENIE VNUTRENNIKH DEL MINSKOVO GORISPOLKOMA,30546,51987,46.95652173913043,False
MINSK OMON,30547,30547,41.860465116279066,True
MINSK SPECIAL PURPOSE MOBILE UNIT,30547,30547,90.9090909090909,True
MINSK SPECIAL TASK POLICE FORCE,30547,30547,68.75,True
MINSK OTRYAD MILITSII OSOBOVO NAZNACHENIYA,30547,41318,44.44444444444444,False
TOVARYSTVO Z OBMEZHENOYU VIDPOVIDALNISTYU FIDES SHYP MENEDZHMENT,30548,45251,44.705882352941174,False
SHAHID MEISAMI RESEARCH COMPLEX,30562,23432,80.0,False
SHAHID MOYASAMI COMPLEX,30562,30562,69.76744186046511,True
KURCHALOI DISTRICT BRANCH OF THE MVD OF RUSSIA,30602,30602,55.28455284552846,True
KURCHALOI OMVD,30602,30602,21.78217821782178,True
KURCHALOI ROVD,30602,30602,21.78217821782178,True
KURCHALOI DISTRICT MVD BRANCH,30602,39584,53.333333333333336,False
KURCHALOI DISTRICT POLICE DEPARTMENT,30602,12214,58.46153846153845,False
MINISTRY OF INTERNAL AFFAIRS IN KURCHALOYEVSKY DISTRICT,30602,30602,66.18705035971223,True
KURCHALOYEVSKY DISTRICT POLICE DEPARTMENT,30602,12214,54.28571428571429,False
KURCHALOYEVSKY POLICE DEPARTMENT,30602,52262,56.75675675675676,False
KURCHALOY DIVISION OF THE RUSSIAN MINISTRY OF INTERNAL AFFAIRS,30602,30602,70.50359712230217,True
KURCHALOY POLICE DEPARTMENT,30602,39258,59.57446808510638,False
KURCHALOI POLICE,30602,39258,61.111111111111114,False
PROMOUTERSKAYA KOMPANIYA ABSOLYUTNY CHEMPIONAT BERKUTA OBSHCHESTVO S OGRANICHENNOI OTVETSTVENNOSTYU,30606,47437,72.9559748427673,False
AKHMAT MMA FIGHT CLUB,30608,30608,64.51612903225806,True
RESPUBLIKANSKII FUTBOLNYI KLUB AKHMAT,30609,15714,47.61904761904761,False
RFK AKHMAT,30609,30608,70.0,False
RFK AKHMAT GROZNY,30609,30609,78.78787878787878,True
AKHMAT GROZNY,30609,30609,89.65517241379311,True
AKHMAD KADYROV FUND,30610,30610,78.78787878787878,True
REGIONALNY OBSHCHESTVENNY FOND IMENI GEROYA ROSSII AKHMATA KADYROVA,30610,45787,58.74125874125874,False
HERO OF RUSSIA AKHMAT KADYROV REGIONAL PUBLIC FUND,30610,45787,56.91056910569105,False
REGIONAL PUBLIC FUND NAMED AFTER HERO OF RUSSIA AKHMAT HAJI KADYROV,30610,46782,56.060606060606055,False
OBSHCHESTVO S OGRANICHENNOI OTVETSTVENNOSTYU MEGASTROIINVEST,30613,50181,90.9090909090909,False
"MEGASTROIINVEST, OOO",30613,30613,93.33333333333333,True
OBSHCHESTVO S OGRANICHENNOI OTVETSTVENNOSTYU CHECHENSKIE MINERALNYE VODY,30614,45866,78.4,False
"CHECHENSKIE MINERALNYE VODY, OOO",30614,30614,65.3061224489796,True
DONGMEI GROUP,30618,30618,70.27027027027026,True
AL-MUSTAFA UNIVERSITY,30625,30625,72.0,True
BELARUSIAN CENTRAL ELECTION COMMISSION,30627,30627,85.36585365853658,True
CEC BELARUS,30627,10762,48.64864864864865,False
TSENTRALNAYA KAMISIYA RESPUBLIKI BELARUS PA VYBARAKH I PRAVYADZENNI RESPUBLIKANSKIKH REFERENDUMAU,30627,33283,45.614035087719294,False
TSENTRALNAYA KOMISSIYA RESPUBLIKI BELARUS PO VYBORAM I PROVEDENIYU RESPUBLIKANSKIKH REFERENDUMOV,30627,52183,47.76119402985075,False
CENTRAL COMMISSION OF THE REPUBLIC OF BELARUS ON ELECTIONS AND HOLDING REPUBLICAN REFERENDA,30627,30627,72.72727272727273,True
KAVE COFFEE S A,30629,30629,100.0,True
FINCIMEX,30630,23902,40.0,False
GAESA,30631,,0.0,False
DONGHAI INTERNATIONAL SHIP,30642,30642,82.53968253968253,True
DONGHAI INTERNATIONAL SHIP MANAGEMENT LIMITED,30642,30642,100.0,True
SARAYA AL-MOKHTAR,30650,30650,92.85714285714286,True
AL-MUKHTAR BRIGADES,30650,26061,70.58823529411764,False
AL-MUKHTAR COMPANIES,30650,35765,70.27027027027026,False
BAHRAINI ISLAMIC RESISTANCE AL-MUKHTAR COMPANIES,30650,13146,56.41025641025641,False
BAHRAINI ISLAMIC RESISTANCE,30650,12727,65.3061224489796,False
AL-MUQAWAMA AL-ISLAMIYYA AL-BAHRANIA,30650,7325,65.3061224489796,False
"AL-AMER FOR CONCRETE, BLOCK AND TILE MANUFACTURING LLC",30664,30664,68.49315068493152,True
"AL-AMER FOR MANUFACTURE OF CONCRETE, FLAGSTONE, LIMITED LIABILITY",30664,30664,87.5,True
AL-AMER PLASTIC INDUSTRY LLC,30665,30665,75.55555555555556,True
ALAMER FOR MANUFACTURE OF PLASTIC LIMITED LIABILITY,30665,30665,80.0,True
ALLAYTH ALZAHABE,30666,49580,47.61904761904761,False
GOLDEN LAITH FREIGHT FORWARD SERVICES,30666,49520,58.46153846153845,False
GOLDEN LEIH TRANSPORTATION & SHIPMENT SERVICES L.L.C.,30666,30666,76.92307692307692,True
GOLDEN LEIH TRANSPORTATION AND SHIPMENT SERVICES L.L.C.,30666,30666,76.92307692307692,True
GOLDEN LEITH FOR TRANSPORTATION AND SHIPPING SERVICES,30666,30666,84.78260869565217,True
AL-AMER DEVELOPMENT & REAL ESTATE INVESTMENT,30667,30667,100.0,True
AL-AMER DEVELOPMENT AND REAL ESTATE INVESTMENT COMPANY,30667,30667,100.0,True
AL-AMER REAL ESTATE DEVELOPMENT AND INVESTMENT LLC,30667,30667,100.0,True
GOOD LAND INTERNATIONAL COMPANY FOR THE IMPORTING AND EXPORTING OF VEGETABLES AND FRUIT,30668,28574,62.62626262626263,False
GOOD LAND INTERNATIONAL COMPANY,30668,40944,79.16666666666666,False
GOOD LAND LIMITED LIABILITY COMPANY,30668,46652,78.78787878787878,False
ARD AL-KHAIR INTERNATIONAL COMPANY,30668,7227,80.0,False
ARD AL-KHER INTERNATIONAL COMPANY,30668,35305,82.05128205128204,False
ALFA SPETZNAZ,30702,34702,58.33333333333333,False
KGB ALFA,30702,34702,63.1578947368421,False
FEDERAL STATE BUDGETARY ESTABLISHMENT 27 SCIENTIFIC CENTER OF THE MINISTRY OF DEFENSE OF THE RUSSIAN FEDERATION,30722,48849,74.03846153846155,False
GOSNIIOKHT,30723,,0.0,False
FEDERAL STATE BUDGETARY ESTABLISHMENT 33 CENTRAL SCIENTIFIC RESEARCH TEST INSTITUTE OF THE MINISTRY OF DEFENSE OF THE RUSSIAN FEDERATION,30724,48849,84.12017167381974,False
KHAZAR STEEL ROLLING,30751,30751,75.0,True
ZOBE AHAN PASARGAD INDUSTRY COMPLEX COMPANY,30752,30758,66.66666666666667,False
PASARGAD STEEL ZOB INDUSTRIAL COMPLEX,30752,30752,74.57627118644068,True
VIAN STEEL MELTING AND CASTING COMPANY,30753,30753,63.63636363636363,True
"KAIFENG CARBON CO., LTD. CHINA PINGMEI SHENMA GROUP",30754,30754,56.81818181818181,True
"KAIFENG PINGMEI XINXINGTAN MATERIAL TECHNOLOGY CO., LTD.",30754,30754,75.26881720430107,True
FOULAD YAZD,30755,34986,58.33333333333333,False
WEST ALBORZ STEEL CO.,30756,30756,80.95238095238095,True
SHAHIN BONAB STEEL COMPLEX,30758,30758,81.4814814814815,True
MOJTAME FOULAD SHAHIN BONAB,30758,26553,54.54545454545454,False
FERRO GILAN COMPLEX,30759,30753,70.27027027027026,False
SIRJAN IRANIAN STEEL CO,30760,30760,100.0,True
ZARAND IRANIAN STEEL CO,30761,30761,100.0,True
LIMITED LIABILITY COMPANY KVT-RUS,30822,49956,90.9090909090909,False
"KVT-RUS, OOO",30822,,0.0,False
KBT-RUS,30822,,0.0,False
KVT-RUS LLC,30822,,0.0,False
ASTAN QODS RAZAVI,30842,30842,94.11764705882352,True
RAZAVI BROKERAGE HOUSE,30847,30847,79.06976744186046,True
RAZAVI OIL AND GAS SECURITY CO.,30849,44140,66.66666666666667,False
FAVA RAZAVI,30852,30842,64.28571428571428,False
MOFID RAAHBAR AUDITING INSTITUTION,30854,30854,67.85714285714286,True
MOBIN IRAN ELECTRONICS DEVELOPMENT COMPANY,30874,30874,98.50746268656717,True
BEGEMOT MEDIA,30881,23330,60.86956521739131,False
JSC DSZHD BTYA,30922,,0.0,False
AKTSIONERNOE OBSHCHESTVO DIREKTSIYA PO STROITEL'STVU ZHELEZNOY DOROGI BERKAKIT-TOMMOT-YAKUTSK,30922,49285,58.89570552147239,False
OPEN JOINT-STOCK COMPANY THE BERKAKIT-TOMMOT-YAKUTSK RAILWAY LINE'S CONSTRUCTION DIRECTORATE,30922,30922,96.68874172185431,True
ACCENTURE BUILDING MATERIALS TRADING LLC,30971,30971,87.5,True
MINISTERIO DEL INTERIOR,30976,30976,78.04878048780488,True
"CITY PLAZA, S.A. DE C.V.",31005,28535,76.19047619047619,False
SHANGHAI MOXING CULTURAL MEDIA CO LTD,31042,11750,61.53846153846154,False
"MYANMAR RUBY ENTERPRISE GEMS & JEWELLERY CO., LTD.",31135,31135,75.40983606557377,True
MYANMAR RUBY ENTERPRISE GEMS & JEWELLERY COMPANY LIMITED,31135,31135,75.40983606557377,True
"MYANMAR RUBY ENTERPRISE GEMS AND JEWELLERY CO., LTD.",31135,31135,75.40983606557377,True
MYANMAR RUBY ENTERPRISE GEMS AND JEWELLERY COMPANY LIMITED,31135,31135,75.40983606557377,True
"MYANMAR IMPERIAL JADE GEMS & JEWELLERY CO., LTD.",31136,31136,73.6842105263158,True
MYANMAR IMPERIAL JADE GEMS & JEWELLERY COMPANY LIMITED,31136,31136,73.6842105263158,True
"MYANMAR IMPERIAL JADE GEMS AND JEWELLERY CO., LTD.",31136,31136,73.6842105263158,True
MYANMAR IMPERIAL JADE GEMS AND JEWELLERY COMPANY LIMITED,31136,31136,73.6842105263158,True
CANCRI GEMS & JEWELLERY COMPANY LIMITED,31138,31138,100.0,True
PHU SHA STAR,31138,41189,58.06451612903225,False
CANCRI GEMS AND JEWELLERY COMPANY LIMITED,31138,31138,100.0,True
"CANCRI GEMS AND JEWELLERY CO., LTD.",31138,31138,100.0,True
"INFOROS INFORMATION AGENCY, CO, LTD.",31170,50358,69.23076923076923,False
NEWS AGENCY INFOROS,31170,45049,85.71428571428572,False
SAUDI RAPID INTERVENTION GROUP,31191,31191,74.07407407407408,True
FIRQAT EL-NEMR,31191,,0.0,False
SOUTH FRONT,31212,36736,63.1578947368421,False
SOUTHFRONT: ANALYSIS & INTELLIGENCE,31212,29848,57.6271186440678,False
UNIJET,31299,,0.0,False
A AND M MAHAR COMPANY LIMITED,31332,31332,100.0,True
YANGON GALLERY,31351,31351,100.0,True
7TH SENSE CREATION,31353,44285,48.78048780487805,False
ISLAMIC STATE - MOZAMBIQUE,31372,31372,81.35593220338984,True
ANSAR AL-SUNNA,31372,7472,72.72727272727273,False
AHL AL-SUNNA WA AL-JAMAA,31372,20360,60.60606060606061,False
AL-SHABAAB IN MOZAMBIQUE,31372,31372,57.14285714285714,True
ISLAMIC STATE CENTRAL AFRICA PROVINCE,31372,18636,72.5,False
WILAYAH CENTRAL AFRICA,31372,26176,60.86956521739131,False
ANSAAR KALIMAT ALLAH,31372,49580,69.56521739130434,False
"PASIT, AO",31412,31412,42.10526315789473,True
"NEOBIT, OOO",31414,31414,21.818181818181813,True
FGANU NII SPECVUZAVTOMATIKA,31415,37696,47.05882352941176,False
ERA MILITARY INNOVATION TECHNOPOLIS,31452,45829,65.67164179104478,False
FGAU VIT ERA,31452,,0.0,False
JSC POSITIVE TECHNOLOGIES,31455,40914,86.48648648648648,False
"POZITIV TEKNOLODZHIZ, AO",31455,31455,67.64705882352942,True
MYANMAR ECONOMIC CORPORATION,31516,31516,100.0,True
MYANMAR ECONOMIC HOLDING LIMITED,31517,31517,83.63636363636364,True
FKU SIZO-1 UFSIN OF RUSSIA FOR THE REPUBLIC OF CRIMEA AND SEVASTOPOL,31572,17018,53.65853658536586,False
SIMFEROPOL REMAND PRISON,31572,23467,55.81395348837209,False
DETENTION CENTER NO 1 IN SIMFEROPOL,31572,38163,59.375,False
SIMFEROPOL SIZO,31572,,0.0,False
LENPROMTRANSPROYEKT JOINT-STOCK COMPANY,31576,41025,82.75862068965517,False
LENPROMTRANSPROEKT CJSC,31576,31576,97.2972972972973,True
"AST, AO",31611,,0.0,False
MYANMAR GEMS ENTERPRISE,31651,31651,97.77777777777777,True
MYANMAR GEMS CORPORATION,31651,31516,71.42857142857143,False
UVD OF THE BREST OBLAST EXECUTIVE COMMITTEE,31675,31675,65.97938144329896,True
BRESTOBLISPOLKOM UVD,31675,31675,27.160493827160494,True
BRESTOBLISPOLKOM DEPARTMENT OF INTERNAL AFFAIRS,31675,31675,59.04761904761905,True
DEPARTMENT OF INTERNAL AFFAIRS OF BREST OBLAST EXECUTIVE COMMITTEE,31675,31675,90.9090909090909,True
AKRESTSINA,31677,31677,54.054054054054056,True
AKRESTSINA JAIL,31677,31677,57.14285714285714,True
OKRESTINA STREET DETENTION FACILITY,31677,47752,52.77777777777778,False
OKRESTINA,31677,,0.0,False
CENTRE FOR ISOLATION OF OFFENDERS OF THE CHIEF DIRECTORATE OF THE INTERIOR OF MINSK EXECUTIVE COMMITTEE,31677,30546,72.72727272727273,False
AKRESCINA JAIL,31677,31677,48.78048780487805,True
INSTITUTION CENTER FOR THE ISOLATION OF LAWBREAKERS OF THE MAIN INTERNAL AFFAIRS DIRECTORATE OF THE MINSK CITY EXECUTIVE COMMITTEE,31677,30546,75.7396449704142,False
CENTER FOR THE ISOLATION OF LAWBREAKERS OF THE MINSK GUVD,31677,39183,55.55555555555556,False
TSENTR IZALYATSYI PRAVANARUSHALNIKAU HUUS MINHARVYKANKAMA,31677,37017,48.93617021276596,False
TSENTR IZOLYATSII PRAVONARUSHITELEI GUVD MINGORISPOLKOMA,31677,47554,53.46534653465347,False
UCHREZHDENIYE TSENTR IZOLYATSII PRAVONARUSHITELEI GLAVNOVO UPRAVLENIYA VNUTRENNIKH DEL MINSKOVO GORODSKOVO ISPOLNITELNOVO KOMITETA,31677,51527,44.24778761061947,False
USTANOVA TSENTR IZALYATSYI PRAVANARUSHALNIKAU HALOUNAHA UPRAULENIYA UNUTRANYKH SPRAU MINSKAHA GARADSKOHA VYKANAUCHAHA KAMITETA,31677,50333,38.20224719101124,False
INTERNAL TROOPS OF THE MINISTRY OF INTERNAL AFFAIRS,31678,31678,82.82828282828282,True
MYANMAR TIMBER ENTERPRISE,31691,31691,97.95918367346938,True
STATE TIMBER BOARD,31691,7825,57.89473684210527,False
TIMBER CORPORATION,31691,31691,40.0,True
GUBOPIK,31851,,0.0,False
SAMARA THERMAL POWER FDN JSC,31914,26390,55.81395348837209,False
SAMARSKIY TEPLOENERGETICHESKIY IMUSHCHESTVENNIY FOND,31914,37024,48.38709677419355,False
JOINT STOCK COMPANY SAMARA THERMAL POWER FOUNDATION,31914,47869,68.96551724137932,False
SAMARA HEAT AND POWER PROPERTY FUND,31914,31914,79.36507936507937,True
NEW EUROPEAN PIPELINE AG,31926,46810,59.57446808510638,False
MORTRANSSERVIS OOO,31928,31928,66.66666666666667,True
LLC MORTRANSERVIS,31928,31928,63.1578947368421,True
MORTRANSSERVICE LLC MOSCOW,31928,31928,63.829787234042556,True
MORSPASSLUZHBA,31929,52015,35.55555555555555,False
MORSPAS,31929,49464,33.333333333333336,False
"FEDERAL BUDGETARY STATE MARINE EMERGENCY SALVAGE, RESCUE AND POLLUTION PREVENTION COORDINATION SERVICE OF THE RUSSIAN FEDERATION",31929,48849,63.47826086956522,False
STATE ADMINISTRATION COUNCIL,31937,31937,92.85714285714286,True
PROFESIONALEN BASKETBOLEN KLUB TSSKA 48 AD,32008,54358,53.333333333333336,False
PROFESSIONAL BASKETBALL CLUB-CSKA-48 AD,32008,32008,67.79661016949152,True
VABO 2005 EOOD,32012,32012,100.0,True
EUROBET LTD.,32016,32016,77.77777777777779,True
REX LOTTO AD,32019,32032,51.61290322580645,False
EUROSADRUZHIE LTD.,32025,32025,86.66666666666667,True
EUROSUDRUZHIE LTD.,32025,32025,80.0,True
EVROSADRUZHIE OOD,32025,23564,44.44444444444444,False
NUMERICAL GAMES LTD.,32026,32026,88.23529411764706,True
LOTTERY DISTRIBUTIONS LTD,32027,32027,91.30434782608697,True
NATIONAL LOTTERIES LTD.,32029,32032,81.08108108108108,False
NATIONAL LOTTARY,32032,32032,85.71428571428572,True
MOSTSTROY EAST AD,32035,32035,80.0,True
DEKART OOD,32037,,0.0,False
MELIORA AKADEMIKA,32038,32038,76.92307692307692,True
ML BILD EAD,32040,37221,53.333333333333336,False
INTRUST EAD,32064,32064,100.0,True
INTTRAFFIC EOOD,32075,32075,89.65517241379311,True
VERTEX IMOTI EOOD,32115,32115,76.92307692307692,True
EUROBET - ROMANIA EOOD,32118,32118,90.0,True
VA BO KAMPANI EOOD,32120,32120,71.42857142857143,True
VABO 2012,32123,32123,78.26086956521739,True
VABO 2017 LTD.,32124,32124,81.81818181818181,True
LOTTERY BG LTD.,32125,32125,83.33333333333334,True
EUROGROUP ENGINEERING AD,32127,32127,97.95918367346938,True
EUROFOOTBALL LTD,32155,32155,85.71428571428572,True
SUWAYD AND SONS MONEY EXCHANGE,32179,32179,80.0,True
BELARUSIAN STATE SECURITY COMMITTEE,32275,32275,84.21052631578947,True
BELARUSIAN KGB,32275,10762,55.00000000000001,False
KOMITET GOSUDARSTVENNOI BEZOPASNOSTI RESPUBLIKI BELARUS,32275,32714,54.73684210526315,False
KAMITET DZYARZHAUNAI BIASPEKI RESPUBLIKI BELARUS,32275,32676,54.94505494505495,False
SEDNAYA PRISON,32356,34142,71.42857142857143,False
SAYDNAYA PRISON,32356,32356,76.92307692307692,True
SAIDNAYA MILITARY PRISON,32356,32356,95.83333333333334,True
MALADZEZHNAE SPARTYUNAE HRAMADSKAE ABYADNANNE SPARTYUNY KLUB SHOK,32411,56380,43.75,False
MOLODEZHNOYE SPORTIVNOYE OBSCHESTVENNOYE OBEDINENIYE SHOK,32411,18962,59.57446808510638,False
MSOO SK SHOCK,32411,32411,53.333333333333336,True
ABU AL-HARETH MILITIA,32491,29368,66.66666666666667,False
SARAYA AL-'AREEN,32491,32491,100.0,True
LIMITED LIABILITY COMPANY BELKAZTRANS,32613,50378,92.3076923076923,False
OBSHCHESTVO S OGRANICHENNOY OTVETSTVENNOSTYU BELKAZTRANS,32613,48104,90.56603773584906,False
TAVARYSTVA Z ABMEZHAVANAY ADKAZNASTSYU BELKAZTRANS,32613,50221,42.85714285714286,False
LLC BELKAZTRANS,32613,32613,100.0,True
OOO BELKAZTRANS,32613,32613,100.0,True
TAA BELKAZTRANS,32613,32613,84.61538461538461,True
BELKAZTRANS UKRAINE LLC,32614,32614,100.0,True
BELKAZTRANS UKRAINA TOV,32614,32614,85.71428571428572,True
TOVARYSTVO Z OBMEZHENOYU VIDPOVIDALNISTYU BELKAZTRANS UKRAINA,32614,32614,46.15384615384615,True
NATIONAL REVOLUTIONARY POLICE,32671,32671,83.33333333333334,True
NATSIONALNIY OLIMPIYSKIY KOMITET RESPUBLIKI BELARUS,32676,32676,76.59574468085107,True
NATSYYALNY ALIMPIYSKI KAMITET RESPUBLIKI BELARUS,32676,32676,59.34065934065934,True
NOC OF THE REPUBLIC OF BELARUS,32676,17023,65.11627906976744,False
NOK BELARUSI,32676,49424,53.333333333333336,False
NAK BELARUSI,32676,10762,52.63157894736843,False
BELARUSIAN NATIONAL OLYMPIC COMMITTEE,32676,32676,85.0,True
OTKRYTOYE AKTSIONERNOYE OBSHCHESTVO GRODNENSKAYA TABACHNAYA FABRIKA NEMAN,32678,33398,70.6896551724138,False
OJSC GRODNO TOBACCO FACTORY NEMAN,32678,32678,76.71232876712328,True
OAO GRODNENSKAYA TABACHNAYA FABRIKA NEMAN,32678,30289,52.63157894736843,False
ADKRYTAYE AKTSYYANERNAYE TAVARYSTVA HRODZENSKAYA TYTUNYOVAYA FABRYKA NEMAN,32678,51446,46.4516129032258,False
AAT HRODZENSKAYA TYTUNYOVAYA FABRYKA NEMAN,32678,32678,45.97701149425287,True
HRODNA TOBACCO FACTORY NEMAN,32678,32678,71.23287671232876,True
GRODNO TOBACCO FACTORY NEMAN,32678,32678,76.71232876712328,True
GTF NEMAN,32678,32678,29.629629629629626,True
NOVOPOLOTSKOYE OBSHCHESTVO S OGRANICHENNOY OTVESTVENNOSTYU INTERSERVIS,32679,47437,80.0,False
OOO INTERSERVIS,32679,50906,72.72727272727273,False
TAA INTERSERVIS,32679,52203,72.22222222222221,False
TAVARYSTVA Z ABMEZHAVANAY ADKAZNASTSYU INTERSERVIS,32679,56829,46.31578947368421,False
LIMITED LIABILITY COMPANY INTERSERVICE,32679,52203,93.02325581395348,False
INTERSERVIS NOVOPOLOTSKOE LLC,32679,32679,74.57627118644068,True
ZAKRYTOYE AKTSIONERNOYE OBSHCHESTVO NOVAYA NEFTYANAYA KOMPANIYA,32680,51445,74.01574803149606,False
ZAKRYTAYE AKTSYYANERNAYE TAVARYSTVA NOVAYA NAFTAVAYA KAMPANIYA,32680,51445,57.14285714285714,False
CJSC NNK,32680,,0.0,False
ZAO NNK,32680,,0.0,False
ZAT NNK,32680,,0.0,False
NOVAIA NAFTAVAIA KAMPANIA,32680,55925,48.97959183673469,False
LLC NNK EAST,32681,21545,58.82352941176471,False
ABSOLUTBANK,32682,45695,66.66666666666667,False
ZAKRYTAYE AKTSYYANERNAYE TAVARYSTVA ABSALYUTBANK,32682,33398,52.74725274725275,False
ZAKRYTOYE AKTSIONERNOYE OBSHCHESTVO ABSOLYUTBANK,32682,45788,71.73913043478262,False
CJSC ABSOLUTBANK,32682,45695,66.66666666666667,False
ZAT ABSALYUTBANK,32682,,0.0,False
ZAO ABSOLYUTBANK,32682,45695,72.0,False
PROIZVODSTVENNOYE UNITARNOYE PREDPRIYATIYE NEFTEBITUMNIY ZAVOD,32683,49948,68.21705426356588,False
VYTVORCHAYE UNITARNAYE PRADPRYEMSTVA NAFTABITUMNY ZAVOD,32683,45373,46.808510638297875,False
UNITARY ENTERPRISE OIL BITUMEN PLANT,32683,32683,86.74698795180723,True
UNITARNOYE PREDPRIYATIYE NEFTEBITUMNIY ZAVOD,32683,44941,54.54545454545454,False
UNITARNAYE PRADPRYEMSTVA NAFTABITUMNY ZAVOD,32683,45373,51.21951219512195,False
UNITARY ENTERPRISE NEFTEBITUMEN PLANT,32683,32683,66.66666666666667,True
DEPARTMENT OF INTERNAL AFFAIRS OF GOMEL REGION EXECUTIVE COMMITTEE,32691,32691,98.36065573770492,True
DIRECTORATE OF INTERNAL AFFAIRS OF THE GOMEL OBLAST EXECUTIVE COMMITTEE,32691,31675,90.1639344262295,False
OBSHCHESTVO S OGRANNICHENOY OTVETSTVENNOSTYU BREMINO GRUPP,32692,45857,88.88888888888889,False
TAVARYSTVA Z ABMEZHAVANAY ADKAZNASTSYU BREMINA GRUP,32692,36012,41.23711340206185,False
BREMINO GROUP LLC,32692,48684,78.26086956521739,False
OOO BREMINO GRUPP,32692,44843,75.0,False
TAA BREMINA GRUP,32692,32692,66.66666666666667,True
SLEDSTVENNIY KOMITET RESPUBLIKI BELARUS,32714,32275,67.5,False
BELARUSIAN INVESTIGATIVE COMMITTEE,32714,32714,83.78378378378379,True
INVESTIGATIVE COMMITTEE OF BELARUS,32714,32714,87.32394366197182,True
FLLC DANA ASTRA,32729,32729,65.11627906976744,True
IOOO DANA ASTRA,32729,32729,55.81395348837209,True
ZTAA DANA ASTRA,32729,32729,55.81395348837209,True
INOSTRANNOYE OBSHCHESTVO S OGRANICHENNOY OTVETSTVENNOSTYU DANA ASTRA,32729,50181,81.35593220338984,False
ZAMEZHNAYE TAVARYSTVA Z ABMEZHAVANAY ADKAZNASTSYU DANA ASTRA,32729,32729,37.2093023255814,True
LLC EMIRATES BLUE SKY,32730,32730,77.27272727272727,True
OOO EMIREITS BLYU SKAI,32730,32730,62.22222222222222,True
TAA EMIREITS BLYU SKAI,32730,32730,57.14285714285714,True
OBSHCHESTVO S OGRANICHENNOY OTVETSTVENNOSTYU EMIREITS BLYU SKAI,32730,48104,83.1858407079646,False
TAVARYSTVA Z ABMEZHAVANAY ADKAZNASTSYU EMIREITS BLYU SKAI,32730,32730,39.02439024390244,True
FOREIGN LIMITED LIABILITY COMPANY ZOMEX INVESTMENT,32730,38057,75.40983606557377,False
LLC DUBAI WATER FRONT,32731,32731,77.27272727272727,True
OOO DUBAI VOTER FRONT,32731,32731,68.18181818181819,True
TAA DUBAI VOTER FRONT,32731,32731,70.83333333333333,True
OBSHCHESTVO S OGRANICHENNOY OTVETSTVENNOSTYU DUBAI VOTER FRONT,32731,48777,83.76068376068376,False
TAVARYSTVA Z ABMEZHAVANAY ADKAZNASTSYU DUBAI VOTER FRONT,32731,32731,44.44444444444444,True
BELINTE ROBE,32731,37022,61.53846153846154,False
BELINTE ROBES,32731,37022,59.25925925925925,False
JOINT LIMITED LIABILITY COMPANY BELINTE-ROBA,32731,38059,76.59574468085107,False
ENERGO-OIL,32732,25650,72.72727272727273,False
SOVMESTNOYE ZAKRYTOYE AKTSIONERNOYE OBSHCHESTVO ENERGO-OIL,32732,45788,70.58823529411764,False
SUMESNAYE ZAKRYTAYE AKTSYYANERNAYE TAVARYSTVA ENERGA-OIL,32732,45788,56.00000000000001,False
CJSC ENERGO-OIL,32732,25650,72.72727272727273,False
SZAO ENERGO-OIL,32732,46485,64.28571428571428,False
SZAT ENERGA-OIL,32732,46273,68.57142857142857,False
CLOSED JOINT-STOCK COMPANY TRAYPLENERGO,32732,43225,75.86206896551724,False
ENERGOOIL,32732,50916,75.0,False
INTER TOBACCO,32733,32733,72.22222222222221,True
OBSHCHESTVO S OGRANICHENNOY OTVETSTVENNOSTYU INTER TOBAKKO,32733,48121,87.71929824561404,False
TAVARYSTVA Z ABMEZHAVANAY ADKAZNASTSYU INTER TABAKKA,32733,49355,46.93877551020408,False
LLC INTER TOBACCO,32733,32733,72.22222222222221,True
OOO INTER TOBAKKO,32733,46874,64.51612903225806,False
TAA INTER TABAKKA,32733,46222,68.96551724137932,False
JOINT LIMITED LIABILITY COMPANY INTERDORS,32733,47631,76.19047619047619,False
BELNEFTEGAZ,32734,10574,69.56521739130434,False
OBSHCHESTVO S DOPOLNITELNOY OTVETSTVENNOSTYU BELNEFTEGAZ,32734,47333,66.66666666666667,False
TAVARYSTVA Z DADATKOVAY ADKAZNASTSYU BELNAFTAHAZ,32734,32734,43.58974358974359,True
ALC BELNEFTEGAZ,32734,32734,59.57446808510638,True
ODO BELNEFTEGAZ,32734,10574,59.25925925925925,False
TDA BELNAFTAHAZ,32734,10575,58.06451612903225,False
BELNEFTEGAS,32734,10574,69.56521739130434,False
INSTITUT KRIMINALISTIKI,32739,11790,68.42105263157895,False
CRIMINALISTICS INSTITUTE OF THE CENTER FOR SPECIAL TECHNOLOGY OF THE FSB OF RUSSIA,32739,32739,62.92134831460674,True
CRIMINALISTICS INSTITUTE,32739,32739,92.3076923076923,True
MILITARY UNIT 34435,32739,40186,66.66666666666667,False
RESEARCH INSTITUTE - 2,32739,11789,78.78787878787878,False
FSB SPECIAL TECHNOLOGY CENTER'S INSTITUTE OF CRIMINOLOGY,32739,21332,65.78947368421053,False
GOSUDARSTVENNY NAUCHNO-ISSLEDOVATELSKIY ISPYTATELNY INSTITUT VOYENNOY MEDITSINY,32743,42068,59.493670886075954,False
STATE INSTITUTE FOR EXPERIMENTAL MILITARY MEDICINE,32743,32743,84.40366972477065,True
GNIII VM MOD RF,32743,,0.0,False
STATE RESEARCH EXPERIMENTAL INSTITUTE OF MILITARY MEDICINE,32743,32743,83.05084745762711,True
TAA ABARONNYJA INITSYJATYVY,32744,42997,49.122807017543856,False
LIMITED LIABILITY COMPANY OBORONNYE INITSIATIVY,32744,32744,80.76923076923077,True
AFRICAN GOLD REFINERY UGANDA,32791,32791,85.71428571428572,True
BRAVERY MARITIME CORP,32895,32895,100.0,True
ORBIT PETROCHEMICALS LLC,32897,15952,87.17948717948718,False
ORBIT PETROCHEMICALS,32897,15952,87.17948717948718,False
NOBILITY JSC,32954,56981,66.66666666666667,False
LLC SK KONSTANTA,33016,40794,43.75,False
IC CONSTANTA LLC,33016,45736,66.66666666666667,False
LIMITED LIABILITY COMPANY INSURANCE COMPANY KONSTANTA,33016,33016,71.69811320754718,True
KONSTANTA OOO,33016,43104,41.17647058823529,False
OJSC 140 REPAIR PLANT,33071,33071,72.72727272727273,True
JSC 140 REPAIR PLANT,33071,33071,72.72727272727273,True
140 REPAIR PLANT JOINT STOCK COMPANY,33071,33071,100.0,True
140 REPAIR PLANT OPEN JOINT STOCK COMPANY,33071,33071,91.80327868852459,True
140TH REPAIR PLANT JSC,33071,33071,73.91304347826086,True
140 REMONTNYI ZAVOD OAO,33071,26504,57.14285714285714,False
140 REMONTNY ZAVOD OAO,33071,26504,58.82352941176471,False
RESPUBLIKANSKOYE UNITARNOYE PREDPRIYATIYE TSENTRKURORT,33171,33171,75.0,True
RESPUBLIKANSKAYE UNITARNAYE PRADPRYEMSTVA TSENTRKURORT,33171,33171,72.91666666666667,True
STATE ENTERPRISE TSENTRKURORT,33171,33171,70.4225352112676,True
GOSUDARSTVENNOYE PREDPRIYATIYE TSENTRKURORT,33171,47634,55.91397849462365,False
DZYARZHAUNAYE PRADPRYEMSTVA TSENTRKURORT,33171,33171,48.78048780487805,True
CENTRKURORT,33171,48387,66.66666666666667,False
TSENTRKURORT,33171,47863,64.28571428571428,False
"UNITED PETROCHEMIAL CO., LIMITED",33273,26848,78.94736842105263,False
DEPARTAMENT FINANSAVYKH RASSLEDAVANNYAU KAMITETA DZYARZHAUNAHA KANTROLYU RESPUBLIKI BELARUS,33283,33283,49.101796407185624,True
FINANCIAL INVESTIGATIONS DEPARTMENT OF THE STATE CONTROL COMMITTEE OF THE REPUBLIC OF BELARUS,33283,33283,100.0,True
DFRKGK RB,33283,,0.0,False
INOSTRANNOYE OBSHCHESTVO S OGRANICHENNOY OTVETSTVENNOSTYU SLAVKALIY,33371,48121,82.92682926829268,False
ZAMEZHNAYE TAVARYSTVA Z ABMEZHAVANAY ADKAZNASTSYU SLAUKALIY,33371,,0.0,False
SLAVKALI INOSTRANNOE OBSHCHESTVO S OGRANICHENNOI OTVETSTVENNOSTIYU,33371,46088,85.0,False
SLAVKALIY,33371,35016,71.42857142857143,False
SLAVKALI IOOO,33371,35016,55.55555555555556,False
IOOO SLAVKALI,33371,35016,55.55555555555556,False
SLAVKALY FLLC,33371,33371,56.41025641025641,True
ZTAA SLAUKALIY,33371,,0.0,False
RESPUBLIKANSKOYE GOSUDARSTVENNO-OBSHCHESTVENNOYE OBYEDINENIE PREZIDENTSKIY SPORTIVNIY KLUB,33392,49287,56.05095541401274,False
RESPUBLIKANSKAYE DZYARZHAUNA-HRAMADSKAYE ABYADNANNYE PREZIDENTSKI SPARTYUNY KLUB,33392,56380,41.95804195804196,False
PREZIDENTSKIY SPORTIVNIY KLUB,33392,32411,52.17391304347826,False
PREZIDENTSKI SPARTYUNY KLUB,33392,41035,41.860465116279066,False
OBSHCHESTVO S OGRANICHENNOY OTVETSTVENNOSTYU GARDSERVIS,33394,46432,90.9090909090909,False
TAA HARDSERVIS,33394,48491,48.484848484848484,False
TAVARYSTVA Z ABMEZHAVANAY ADKAZNASTSYU HARDSERVIS,33394,48491,27.27272727272727,False
GARDSERVICE,33394,33394,85.71428571428572,True
BELSECURITYGROUP,33394,12863,41.666666666666664,False
LIMITED LIABILITY COMPANY BELSEKYURITIGRUPP,33394,50402,77.55102040816327,False
PELENG OAO,33395,33395,100.0,True
PELENG JOINT-STOCK COMPANY,33395,49247,83.33333333333334,False
ENGINEERING DEPARTMENT OF VAVILOVA PLANT,33395,20123,63.76811594202898,False
CENTRAL DESIGN DEPARTMENT PELENG,33395,52262,59.45945945945945,False
BELTECHEXPORT COMPANY CJSC,33396,33396,100.0,True
BELTECHEXPORT COMPANY,33396,33396,100.0,True
BELTECHEXPORT,33396,33396,100.0,True
AAT KIDMA TEK,33397,33397,69.56521739130434,True
ADKRYTAE AKTSYIANERNAE TAVARYSTVA KIDMA TEK,33397,46524,53.16455696202531,False
OAO KIDMA TEK,33397,33397,84.21052631578947,True
OTKRYTOYE AKTSIONERNOYE OBSCHESTVO KIDMA TEK,33397,33398,91.95402298850574,False
BSVT - NEW TECHNOLOGIES,33397,50996,86.48648648648648,False
BSVT-NT,33397,,0.0,False
OBSCHESTVO S OGRANICHENNOY OTVETSTVENNOSTYU BSVT-NOVIYE TEKHNOLOGII,33397,48120,85.48387096774194,False
ADKRYTAE AKTSYIANERNAE TAVARYSTVA AVIIAKAMPANIIA TRANSAVIIAEKSPART,33398,51445,50.76923076923077,False
AAT AVIAKAMPANIIA TRANSAVIIAEKSPART,33398,50220,56.60377358490566,False
JOINT STOCK COMPANY TRANSAVIAEXPORT AIRLINES,33398,36098,65.51724137931035,False
TRANSAVIAEXPORT AIRLINES,33398,18133,68.42105263157895,False
OTKRYTOYE AKTSIONERNOYE OBSCHESTVO AVIAKOMPANIYA TRANSAVIAEKSPORT,33398,33398,79.62962962962963,True
OAO AVIAKOMPANIYA TRANSAVIAEKSPORT,33398,50220,70.83333333333333,False
AVIAKOMPANIYA TRANSAVIAEKSPORT OAO,33398,50220,70.83333333333333,False
OAO TAE AVIA,33398,45289,82.35294117647058,False
ADKRYTAE AKTSYIANERNAE TAVARYSTVA TAE AVIYA,33398,47643,53.65853658536586,False
AAT TAE AVIYA,33398,,0.0,False
JSC TRANSAVIAEXPORT AIRLINES,33398,18133,68.42105263157895,False
"AGAT-ELEKTROMEKHANICHESKI ZAVOD, OAO",33411,48434,72.1311475409836,False
AGAT - ELECTROMECHANICAL PLANT JSC,33411,33411,100.0,True
AGAT-ELECTROMECHANICAL PLANT,33411,33411,100.0,True
JSC AGAT - ELECTROMECHANICAL PLANT,33411,33411,100.0,True
GRADJEVINSKO PREDUZECE INKOP DOO CUPRIJA,33431,33431,59.64912280701755,True
MYANMAR WAR VETERAN ORGANIZATION,33536,33536,98.46153846153847,True
MYANMAR WAR VETERAN'S ORGANIZATION,33536,33536,98.46153846153847,True
MINISTRY OF DEFENSE DIRECTORATE OF DEFENSE INDUSTRIES,33537,33537,77.92207792207793,True
MYANMA DEFENSE PRODUCTS INDUSTRY,33537,10153,63.49206349206349,False
MYANMAR DEFENSE PRODUCTS INDUSTRY,33537,10153,62.5,False
QUARTERMASTER GENERAL'S OFFICE,33538,33538,100.0,True
OFFICE OF THE QUARTERMASTER GENERAL,33538,33538,100.0,True
KIMIA PART SIVAN,33575,33575,100.0,True
OWJ PARVAZ MADO NAFAR COMPANY LLC,33594,33594,95.23809523809523,True
ERITREAN DEFENSE FORCE,33597,33597,97.77777777777777,True
IMANNET PASARGAD,33634,33634,87.5,True
FUZHOU HONG LONG OCEAN FISHERY CO. LTD.,33680,33680,88.13559322033898,True
FUZHOU HONGLONG OCEAN FISHING,33680,33680,100.0,True
"DALIAN OCEAN FISHING CO., LTD.",33768,33768,100.0,True
"DALIAN OCEAN FISHERY TUNA FISHING CO., LTD.",33768,33768,75.47169811320755,True
"PRIVREDNO DRUSTVO ZA PROIZVODNJU BETONSKIH STUBOVA, TRAFO-STANICA I PRATECIH ELEMENATA ZA IZGRADNJU I ODRZAVANJE ELEKTROENERGETSKIH OBJEKATA BETONJERKA DOO ALEKSINAC",33876,35855,43.265306122448976,False
SAMOSTALNA TRGOVINSKA RADNJA CIVIJA KOMERC ZVONKO VESELINOVIC PREDUZETNIK SABAC,33877,23284,48.05194805194806,False
"DOO BABUDOVAC PREDUZECE ZA PROIZVODNJU, TRGOVINU I USLUGE, BRNJAK",33879,23284,52.94117647058824,False
DRUSTVO SA OGRANICENOM ODGOVORNOSCU NOVI PAZAR-PUT NOVI PAZAR,33880,35077,65.07936507936508,False
PREDUZECE ZA PROIZVODNJU PROMET TRGOVINU I USLUGE MM KOM INTER BLUE DOO DONJI JASENOVIK,33882,33882,60.65573770491803,True
ZARKO VESELINOVIC B.I.,33883,33883,80.95238095238095,True
COMMERCIAL BANK SPUTNIK PUBLIC JOINT-STOCK COMPANY,33897,33897,100.0,True
BANK SPUTNIK CJSC,33897,16829,70.0,False
CB SPUTNIK PJSC,33897,45920,51.28205128205128,False
CB SPUTNIK,33897,45920,51.28205128205128,False
BANK SPUTNIK,33897,16829,70.0,False
OPEN JOINT-STOCK COMPANY COMMERCIAL BANK 'SPUTNIK',33897,33897,90.2439024390244,True
COCHAN GROUP,33938,25068,75.0,False
GRUPO COCHAN,33938,11486,75.0,False
COCHAN ANGOLA,33938,33938,63.1578947368421,True
GENI S.A.,33940,33940,100.0,True
GENI GROUP,33940,26988,76.19047619047619,False
GENI NOVAS TECNOLOGIAS,33942,33942,100.0,True
ARC CONSTRUCTION COMPANY LIMITED,33948,29783,77.41935483870968,False
ARC LIMITED GROUP,33948,48665,77.77777777777779,False
AFRICA RESOURCE CORPORATION - ARC,33948,24667,75.55555555555556,False
AFRICAN RESOURCE CORPORATION LIMITED,33948,33948,82.75862068965517,True
AFRICAN RESOURCE CORPORATION,33948,33948,82.75862068965517,True
AFRICAN RESOURCE COMPANY,33948,33948,82.75862068965517,True
RAB FORCES,33951,38665,59.25925925925925,False
NEW MARQUETALIA,33974,33974,76.47058823529412,True
SECOND MARQUETALIA,33974,33974,86.48648648648648,True
LA NUEVA MARQUETALIA,33974,33974,77.77777777777779,True
FARC-EP,33983,,0.0,False
FUERZAS ARMADAS REVOLUCIONARIAS DE COLOMBIA - EJERCITO DEL PUEBLO,33983,11868,70.27027027027026,False
P.P. BABUDOVAC,33986,33986,100.0,True
SAMOSTALNA ZANATSKA TRGOVINSKA RADNJA PRIZMA,33987,23284,43.69747899159664,False
DRUSTVO SA OGRANICENOM ODGOVORNOSCU RAD 028 ZVECAN,33990,35077,62.60869565217391,False
"MARKOM METAL COMMERCE DRUSTVO SA OGRANICENOM ODGOVORNOSCU, GRABOVAC",33993,50938,67.21311475409837,False
METAL-ROBNA KUCA ZVECAN,33994,33994,82.05128205128204,True
EUROPEAN INSTITUTE YUSTO,34020,34020,95.83333333333334,True
EUROPEAN INSTITUTE JUSTO JUSTICE,34020,34020,85.71428571428572,True
EUROPEAN INSTITUTE YUSTO JUSTICE,34020,34020,85.71428571428572,True
APRIL 26 CHILDREN'S ANIMATION FILM STUDIO,34022,34025,57.47126436781609,False
SCIENTIFIC EDUCATION KOREA STUDIO,34022,9352,68.65671641791045,False
"CHONGQING CITY NINGSE ANIMATION DEVELOPMENT CO., LTD.",34023,19530,61.36363636363637,False
"CHONGQING NINGSE CARTOON & ANIMATION DEVELOPMENT CO., LTD.",34023,19530,63.73626373626373,False
"CHONGQING NINGSE CARTOON AND ANIMATION DEVELOPMENT CO., LTD.",34023,19530,63.73626373626373,False
SHANGHAI HONGMAN ANIMATION DESIGN STUDIO,34025,34025,90.9090909090909,True
GERCO SAS,34057,34057,34.48275862068966,True
VENTORA MINING,34069,34069,100.0,True
KHARG PETROCHEMICAL,34082,34082,100.0,True
LEF SPECIAL UNITS,34099,30547,60.0,False
IRANIAN POLICE SPECIAL UNITS,34099,30547,72.1311475409836,False
YEGAN-E VIZHE,34099,,0.0,False
NAJA SPECIAL UNITS,34099,34099,57.6271186440678,True
SUPREME LEADER'S GUARDIAN SPECIAL FORCES,34100,34099,58.22784810126582,False
NIROO-YE VIZHE PASDAR-E VELAYAT,34100,24833,35.0,False
IRANIAN SPECIAL POLICE FORCES,34100,15766,69.38775510204081,False
MARUN PETROCHEMICAL,34114,34114,100.0,True
MAROON PETROCHEMICAL COMPANY,34114,34114,92.3076923076923,True
SKYZONE TRADING FZE,34116,49693,82.75862068965517,False
CONSULTADORIA BAIA LIMITADA,34138,43273,65.51724137931035,False
DASTGERD PRISON,34143,56789,71.42857142857143,False
ESFAHAN PRISON,34143,34143,77.77777777777779,True
MARROCOS MOVEIS E COLCHOES,34280,34280,53.333333333333336,True
DAIANA PORTELLA COELHO COMERCIO DE MOVEIS E COLCHOES,34280,10002,52.17391304347826,False
MOHAMED AWAAD COMERCIO DE MOVEIS EIRELI,34280,34280,72.22222222222221,True
AKTSIONERNOYE OBSHCHESTVO UPRAVLYAYUSHCHAYA KOMPANIYA ROSSIYSKOGO FONDA PRYAMYKH INVESTITSIY,34337,51428,64.55696202531645,False
AKTSIONERNOE OBSHCHESTVO UPRAVLYAYUSHCHAYA KOMPANIYA ROSSISKOGO FONDA PRYAMYKH INVESTITSI,34337,51428,65.80645161290323,False
LIMITED LIABILITY COMPANY MANAGEMENT COMPANY OF RDIF,34337,45972,90.19607843137256,False
OBSHCHESTVO S OGRANICHENNOY OTVETSTVENNOSTYU UPRAVLYAYUSHCHAYA KOMPANIYA RFPI,34337,50124,82.43243243243244,False
LLC INSPIRA INVEST A,34378,34378,73.6842105263158,True
INSPIRA INVEST A OOO,34378,34378,73.6842105263158,True
LLC ATLANT S,34379,51585,66.66666666666667,False
ATLANT S LIMITED,34379,51585,66.66666666666667,False
ATLANT S OOO,34379,51585,66.66666666666667,False
DAR AL SALAM FOR TRAVEL AND TOURISM,34439,34439,100.0,True
AL' AMIR DIAB AND AYAD ENGINEERING AND CONSTRUCTION,34480,55863,76.92307692307692,False
AL' AMIR FOR CONSTRUCTING AND BUILDING,34480,25890,69.38775510204081,False
"PRINCE ENGINEERING, CONSTRUCTION, AND GENERAL TRADING",34480,34480,82.22222222222221,True
BAKERIES AND PASTRIES JAMMOUL SARL,34484,6932,68.08510638297872,False
JAMOOL AND AYYAD COMPANY FOR INDUSTRY AND TRADE,34484,34484,92.5925925925926,True
LANDMATICS LLC,34485,34485,85.71428571428572,True
LANDMATICS SARL,34485,34485,85.71428571428572,True
LANDMETICS OFF SHORE,34486,34486,100.0,True
PJSC BANK FK OTKRITIE,34497,25577,66.66666666666667,False
OTKRITIE BANK,34497,34503,70.96774193548387,False
PUBLIC JOINT STOCK COMPANY BANK OTKRITIE FINANCIAL CORPORATION,34497,34497,100.0,True
PAO BANK OTKRITIE FINANCIAL CORPORATION,34497,34497,75.36231884057972,True
PJSC IC ROSGOSSTRAKH,34498,34504,72.22222222222221,False
IC ROSGOSSTRAKH PJSC,34498,34504,72.22222222222221,False
ROSGOSSTRAKH INSURANCE COMPANY GROUP,34498,34498,63.76811594202898,True
OTKRITIE LTD,34499,34499,72.72727272727273,True
AKTSIONERNOE OBSHCHESTVO OTKRYTIE BROKER,34500,18795,80.0,False
AO OTKRYTIE BROKER,34500,34500,71.7948717948718,True
AO NPF OTKRYTIE,34501,34501,78.78787878787878,True
AKTSIONERNOE OBSHCHESTVO NEGOSUDARSTVENNYI PENSIONNYI FOND OTKRYTIE,34501,18795,67.85714285714286,False
TAMOZHENNAYA KARTA,34502,34502,100.0,True
OTKRYTIE FAKTORING,34503,34503,88.88888888888889,True
OPEN JOINT-STOCK COMPANY ROSGOSSTRAKH BANK,34504,34498,77.33333333333333,False
RGS KHOLDING,34505,47545,66.66666666666667,False
OTKRITIE ASSET MANAGEMENT LTD,34507,34507,100.0,True
UK OTKRYTIE,34507,34499,56.00000000000001,False
OTKRYTIE KAPITAL,34508,34508,87.5,True
OTKRITIE CAPITAL LIMITED,34509,34508,100.0,False
PJSC KB UBRIR,34516,,0.0,False
UBRIR PAO,34516,,0.0,False
URAL BANK FOR RECONSTRUCTION AND DEVELOPMENT,34516,34516,79.12087912087912,True
PJSC UBRD,34516,,0.0,False
VTB FOREKS,34536,34669,80.0,False
VTB FOREKS OOO,34536,34669,80.0,False
NGAN HANG LIEN DOANH VIET- NGA,34538,52724,49.056603773584904,False
JOINT STOCK COMMERCIAL BANK SAROVBUSINESSBANK,34539,18784,83.33333333333334,False
PUBLIC JOINT STOCK COMPANY SAROVBUSINESSBANK,34539,34539,89.23076923076923,True
JSC SAROVBUSINESSBANK,34539,34539,73.91304347826086,True
ZAPSIBCOMBANK,34540,,0.0,False
WEST SIBERIAN COMMERCIAL BANK,34540,34540,75.32467532467533,True
WEST SIBERIAN COMMERCIAL BANK PJSC,34540,34540,75.32467532467533,True
SBERBANK FUND ADMINISTRATION LIMITED LIABILITY COMPANY,34542,34542,86.48648648648648,True
YOOMONEY LLC,34597,34597,61.53846153846154,True
YOOMONEY LIMITED LIABILITY COMPANY,34597,34597,100.0,True
OOO TEHNOLOGII KREDITOVANYA,34617,34617,79.3103448275862,True
OOO LENDING TECHNOLOGIES,34617,29060,81.08108108108108,False
MCC VYDAYUSHIESYA KREDITY LLC,34636,34636,71.42857142857143,True
MIKROKREDITNAYA KOMPANIYA VYDAYUSHCHIESYA KREDITY,34636,34636,70.2127659574468,True
JSC RASCHETNIYE RESHENIYA,34637,34637,77.77777777777779,True
LIMITED LIABILITY COMPANY NON-BANK CREDIT ORGANIZATION SETTLEMENT SOLUTIONS,34637,46575,77.77777777777779,False
SBERBANK FACTORING LLC,34638,34638,78.26086956521739,True
KORUS DISTRIBUTION LIMITED,34638,47620,77.77777777777779,False
SBERBANK FAKTORING,34638,34638,73.91304347826086,True
SBERBANK CIB HOLDING LLC,34639,34639,80.0,True
SB KIB KHOLDING,34639,36365,63.41463414634146,False
SBERBANK LIFE INSURANCE IC LLC,34641,34641,75.36231884057972,True
LIMITED LIABILITY COMPANY INSURANCE COMPANY SBERBANK INSURANCE,34641,18750,100.0,False
AKTSIONERNOE OBSHCHESTVO SPETSIALIZIROVANNYI ZASTROISHCHIK IKS,34643,51434,76.11940298507463,False
AK ALROSA PAO,34644,34644,47.36842105263158,True
PJSC ALROSA,34644,34644,38.70967741935484,True
ALROSA GROUP,34644,48665,76.19047619047619,False
PROMSVYAZBANK PJSC,34656,50828,74.07407407407408,False
OJSC PROMSVYAZBANK,34656,50828,74.07407407407408,False
PROMSVYAZBANK PAO,34656,50828,64.51612903225806,False
PUBLICHNOE AKTSIONERNOE OBSHCHESTVO PROMSVYAZBANK,34656,46470,77.27272727272727,False
"DIRECTORATE OF PROCUREMENT, OFFICE OF THE COMMANDER-IN-CHIEF ARMY, THE REPUBLIC OF THE UNION OF MYANMAR",34657,34657,72.34042553191489,True
MYANMAR DIRECTORATE OF PROCUREMENT,34657,39443,60.71428571428572,False
ALKES TREID LLC,34661,34661,100.0,True
ANTARES LLC,34662,34662,100.0,True
LIMITED LIABILITY COMPANY ANTARES,34662,41013,90.9090909090909,False
ELITNYE DOMA LLC,34664,34664,100.0,True
OBSHCHESTVO S OGRANICHENNOI OTVETSTVENNOSTYU ELITNYE DOMA,34664,52247,91.42857142857143,False
ELITNYE DOMA AO,34664,34664,88.88888888888889,True
ERA FUND LLC,34668,34668,61.53846153846154,True
OOO PSB-FINTEKH,34668,51093,56.00000000000001,False
PSB-FOREKS LLC,34669,34669,100.0,True
FUND FOR NON-BANKING TECHNOLOGIES LIMITED LIABILITY COMPANY,34669,42084,78.78787878787878,False
LIMITED LIABILITY COMPANY PSB-FOREKS,34669,52238,77.77777777777779,False
OBSHCHESTVO S OGRANICHENNOI OTVETSTVENNOSTYU KHOLTSVUD,34670,52176,91.83673469387756,False
KHOLTSVUD LLC,34670,34670,100.0,True
HOLZVUD,34670,,0.0,False
OBSHCHESTVO S OGRANICHENNOI OTVETSTVENNOSTYU KOURF,34671,38580,92.78350515463917,False
UK PROMSVYAZ OOO,34672,50828,69.23076923076923,False
PASKAL LLC,34673,34673,100.0,True
OBSHCHESTVO S OGRANICHENNOI OTVETSTVENNOSTYU PSB BIZNES,34674,52257,90.9090909090909,False
OOO PSB BIZNES,34674,34674,100.0,True
VENCHURNY FOND MSB OOO,34674,51441,50.0,False
SME VENTURE LLC,34674,35004,78.26086956521739,False
OOO VENTURE FUND SME,34674,35004,64.28571428571428,False
PJSC TRANSKAPITALBANK,34675,34675,62.745098039215684,True
JOINT STOCK BANK TRANSCAPITALBANK,34675,34675,79.41176470588236,True
TRANSKAPITALBANK,34675,34675,62.745098039215684,True
TRANSCAPITALBANK PJSC,34675,33916,61.53846153846154,False
TKB BANK PJSC,34675,25419,80.0,False
OPEN JOINT STOCK BANK TRANSCAPITALBANK,34675,34675,79.45205479452055,True
JOINT STOCK COMMERCIAL BANK TRANSCAPITALBANK CLOSED JOINT STOCK COMPANY,34675,51749,71.55963302752293,False
PSB AVTOFAKTORING,34676,44877,55.55555555555556,False
LIMITED LIABILITY COMPANY SAINT-PETERSBURG INTERNATIONAL BANKING CONFERENCE,34676,34676,90.74074074074075,True
SERGIEVO-POSAD LEND LLC,34677,34677,100.0,True
SERGIEVO-POSAD LEND,34677,34677,100.0,True
SERGIEVO-POSAD LAND,34677,34677,94.73684210526316,True
OBSHCHESTVO S OGRANICHENNOI OTVETSTVENNOSTYU PSB AVIALIZING,34678,49514,88.88888888888889,False
OBSHCHESTVO S OGRANICHENNOI OTVETSTVENNOSTYU TEKHNOSOFT,34679,45868,92.92929292929293,False
TRINITEX LLC,34680,34680,100.0,True
INVESTTRADEBANK JSC,34681,46222,81.4814814814815,False
JOINT STOCK COMMERCIAL BANK INVESTMENT TRADE BANK,34681,51819,85.18518518518519,False
PUBLIC JOINT STOCK COMPANY INVESTTRADEBANK,34681,34681,88.52459016393442,True
PJSC INVESTTRADEBANK,34681,46222,81.4814814814815,False
OJSC INVESTTRADEBANK,34681,46222,81.4814814814815,False
ALFA-BANK,34682,25417,73.6842105263158,False
JSC ALFA-BANK,34682,25417,73.6842105263158,False
AO ALFA-BANK,34682,20255,70.0,False
OPEN JOINT STOCK COMPANY ALFA-BANK,34682,34682,89.36170212765957,True
AO T-PLATFORMS,34686,34686,85.71428571428572,True
ALFA-LIZING,34702,34702,100.0,True
ALFA-LEASING LLC,34702,8743,80.0,False
THE SOCIETY WITH LIMITED AUTHORITY ALFA DIRECT SERVICE,34704,49849,57.971014492753625,False
ALFA-DIRECT SERVICE LLC,34704,34704,73.33333333333334,True
SOVCOMBANK OJSC,34737,34759,64.51612903225806,False
FINTENDER JSC,34738,51093,60.86956521739131,False
AO FINTENDER,34738,51093,53.84615384615385,False
FINTENDER JOINT STOCK COMPANY,34738,46273,78.04878048780488,False
BANK NATIONAL FACTORING COMPANY JSC,34739,34739,79.3103448275862,True
BANK NFC JOINT STOCK COMPANY,34739,51728,92.3076923076923,False
PAO SOVCOMFLOT,34741,34741,66.66666666666667,True
PUBLICHNOE AKTSIONERNOE OBSCHESTVO SOVREMENNYY KOMMERCHESKIY FLOT,34741,45787,76.59574468085107,False
JSC SOVCOMFLOT,34741,34741,62.5,True
PUBLIC JOINT STOCK COMPANY MODERN COMMERCIAL FLEET,34741,51839,72.94117647058825,False
PROIZVODSTVENNO-TORGOVOYE CHASTNOYE UNITARNOYE PREDPRIYATIYE MINOTOR-SERVIS,34744,52629,63.70370370370371,False
VYTVORCHA-HANDLEVAYE PRYVATNAYE UNITARNAYE PRADPRYEMSTVA MINATOR-SERVIS,34744,11417,50.0,False
UP MINOTOR-SERVIS,34744,44470,68.42105263157895,False
UP MINATOR-SERVIS,34744,44470,63.1578947368421,False
UE MINOTOR-SERVICE,34744,44470,76.92307692307692,False
MINOTOR-SERVICE ENTERPRISE,34744,42864,71.42857142857143,False
GMCS MANAGEMENT LLC,34745,48775,89.65517241379311,False
GMCS MANAGEMENT LIMITED,34745,48775,89.65517241379311,False
GMCS MANAGEMENT LTD,34745,48775,89.65517241379311,False
SEPTEM CAPITAL LLC,34748,42338,75.86206896551724,False
INVESTITSIONNAYA KOMPANIYA SEPTEM,34748,38016,80.0,False
OJSC BANK DABRABYT,34749,25619,76.19047619047619,False
BANK DABRABYT JSC,34749,25619,76.19047619047619,False
BANK MOSCOW-MINSK JOINT STOCK COMPANY,34749,51728,79.16666666666666,False
FOREIGN BANK MOSKVA-MINSK,34749,42796,68.0,False
MOSCOW-MINSK FOREIGN BANK,34749,42796,64.0,False
SOVCOMBANK LIFE JSC,34750,34759,72.22222222222221,False
JSC SOVCOMBANK LIFE,34750,34759,72.22222222222221,False
BELINVESTBANK,34752,37022,66.66666666666667,False
BELINVESTBANK JSC,34752,37022,66.66666666666667,False
BELARUSSIAN BANK OF DEVELOPMENT AND RECONSTRUCTION JOINT STOCK COMPANY,34752,34752,88.70967741935483,True
MOBILNYE PLATEZHI LLC,34753,34753,77.27272727272727,True
MOBILNYE PLATEZHI,34753,34753,77.27272727272727,True
RUSKONSALT OOO,34754,34754,100.0,True
SOVCOMBANK LEASING LLC,34755,18288,68.96551724137932,False
SOLLERS-FINANCE LLC,34755,34755,75.0,True
BELBIZNESLIZING ZAO,34756,34756,100.0,True
BELBUSINESS LEASING,34756,34756,70.58823529411764,True
VOSTOCHNY CAPITAL MANAGEMENT COMPANY LLC,34757,55616,80.0,False
SOVCOMBANK ASSET MANAGEMENT LLC,34757,34757,84.375,True
LLC BELINVEST-ENGINEERING,34758,34758,80.76923076923077,True
BELINVEST-ENGINEERING,34758,34758,80.76923076923077,True
BELINVEST-INZHINIRING OOO,34758,45989,74.28571428571429,False
KOMANA HOLDINGS LLC,34759,20258,85.71428571428572,False
SOVCOM FACTORING,34761,18733,75.86206896551724,False
SOVCOMCARD LLC,34763,34763,66.66666666666667,True
SOVKOMKARD,34763,34762,52.17391304347826,False
TSIFROVYE TEKHNOLOGII BUDUSCHEGO LLC,34764,34764,85.33333333333333,True
TSIFROVYE TEKHNOLOGII BUDUSHCHEGO,34764,34764,86.8421052631579,True
YUESEM,34765,42021,52.17391304347826,False
SOVCOMBANK INSURANCE JSC,34766,34759,73.17073170731707,False
AO SOVKOMBANK STRAKHOVANIE,34766,34766,70.27027027027026,True
VOSTOCHNY COMMERCIAL BANK PJSC,34767,9346,83.33333333333334,False
PJSC KB VOSTOCHNY,34767,47712,57.14285714285714,False
RTS-HOLDING JSC,34768,34505,90.9090909090909,False
AO RTS-KHOLDING,34768,47545,66.66666666666667,False
RTS-HOLDING JOINT STOCK COMPANY,34768,45964,86.95652173913044,False
MINSK WHEEL TRACTOR PLANT OPEN JOINT STOCK COMPANY,34769,34769,74.62686567164178,True
MINSK WHEELED TRACTOR PLANT,34769,34769,96.15384615384616,True
MINSK WHEEL TRACTOR PLANT JSC,34769,34769,100.0,True
OTKRYTOE AKTSIONERNOE OBSHCHESTVO MINSKII ZAVOD KOLESNYKH TYAGACHEI,34769,50993,72.85714285714286,False
JSC SYNESIS,34772,34772,100.0,True
SINEZIS OOO,34772,50753,63.1578947368421,False
24X7 PANOPTES,34773,34773,100.0,True
OOO 24X7 PANOPTES,34773,34773,100.0,True
SFTUE BELSPETSVNESHTECHNIKA,34776,34776,55.91397849462365,True
BELSPETSVNESHTECHNIKA GVTUP,34776,34776,53.76344086021505,True
NPOOO OKB TSP,34777,,0.0,False
NVTAA AKB TSP,34777,,0.0,False
NAVUKOVA-VYTVORCHAYE TAVARYSTVA S ABMEZHAVANAY ADKAZNASTSYU AKB TSP,34777,,0.0,False
OKB TSP SPLLC,34777,,0.0,False
NAUCHNO-PROIZVODSTVENNOYE OBSCHESTVO S OGRANICHENNOY OTVETSTVENNOSTYU OKB TSP,34777,49153,77.16535433070865,False
OBSCHESTVO S OGRANICHENNOY OTVETSTVENNOSTYU TEKHNOSOYUZPROEKT,34777,40208,87.03703703703704,False
STATE MILITARY-INDUSTRIAL COMMITTEE OF BELARUS,34778,32275,71.42857142857143,False
BELARUSIAN STATE AUTHORITY FOR MILITARY INDUSTRY,34778,34778,87.2340425531915,True
GOSKOMVOYENPROM,34778,,0.0,False
DZIARZAUNY VAJENNA-PRAMYSLOVY KAMITET,34778,45370,38.59649122807017,False
OBSCHESTVO S OGRANICHENNOY OTVETSTVENNOSTYU SOKHRA,34782,47614,90.52631578947368,False
TAVARYSTVA Z ABMEZHAVANAY ADKAZNASTSYU SOKHRA,34782,34782,24.489795918367353,True
TAA SOKHRA,34782,34782,75.0,True
SOHRA LLC,34782,,0.0,False
OBSCHESTVO S ORGANICHENNOY OTVETSTVENNOSTYU SOKHRA GRUPP,34782,45789,87.03703703703704,False
OBSCHESTVO S ORGANICHENNOY OTVETSTVENNOSTYU TIM INDASTRIAL SERVIS KAMPANI,34782,47437,76.69172932330828,False
WEB KAMERTON,34819,34819,57.14285714285714,True
NETWORK LITERARY AND HISTORICAL MAGAZINE KAMERTON,34819,53833,52.63157894736843,False
AKTSIONERNOE OBSCHESTVO KORPORATSIYA TAKTICHESKOE RAKETNOE VOORUZHENIE,34876,51475,68.33333333333333,False
PSB LEASING LLC,34939,18288,81.81818181818181,False
OBSHCHESTVO S OGRANICHENNOI OTVETSTSVENNOSTYU PSB LIZING,34939,52257,90.0,False
ALALAMIYAH EXPRESS COMPANY,34952,34952,64.28571428571428,True
AL-HADHA EXCHANGE COMPANY,34953,34953,100.0,True
AURUM SHIP MANAGEMENT PTE. LTD.,34958,34958,100.0,True
AURUM SHIP MANAGEMENT,34958,34958,100.0,True
PERIDOT SHIP MANAGEMENT,34960,56393,82.92682926829268,False
PERIDOT SHIPPING & TRADING LLC,34960,34960,100.0,True
KINAHAN ORGANISED CRIME GROUP,34979,34979,96.55172413793103,True
OAO INTEGRAL - MANAGEMENT HOLDING COMPANY INTEGRAL,34981,56822,75.75757575757575,False
AAT INTEHRAL - KIRUIUCHAIA KAMPANIIA KHOLDYNGU INTEHRAL,34981,47288,51.32743362831859,False
OTKRYTOYE AKTSIONERNOYE OBSCHESTVO INTEGRAL,34981,33398,86.04651162790698,False
"INTEGRAL-UPRAVLYAYUSHCHAYA KOMPANIYA KHOLDINGA INTEGRAL, OAO",34981,47602,67.36842105263158,False
DA'IL IMPORT AND EXPORT,34984,28044,81.25,False
MAATH ABDULLAH DAEL IMPORT AND EXPORT,34984,34984,90.625,True
OPEN JOINT STOCK COMPANY KB RADAR-MANAGEMENT COMPANY HOLDING RADAR SYSTEMS,34990,34990,75.0,True
KB RADAR-UPRAVLYAYUSHCHAYA KOMPANIYA KHOLDINGA SISTEMY RADIOLOKATSII OAO,34990,52177,65.48672566371681,False
KB RADAR,34990,50220,46.15384615384615,False
KB RADAR - RADAR AND EW SYSTEMS,34990,34990,69.84126984126983,True
KB RADAR - RADAR AND ELECTRONIC WARFARE SYSTEMS,34990,34990,60.75949367088608,True
JSC KB RADAR,34990,50220,46.15384615384615,False
KB RADAR OJSC,34990,50220,46.15384615384615,False
JSC 558TH AIRCRAFT REPAIR PLANT,34992,34992,96.15384615384616,True
AKTSIONERNOE OBSHCHESTVO VEB INFRASTRUKTURA,35001,31611,78.87323943661973,False
AO INFRAVEB,35001,35001,84.21052631578947,True
LLC KURORT ZOLOTOE KOLTSO,35002,35002,90.47619047619048,True
KURORT ZOLOTOE KOLTSO,35002,35002,90.47619047619048,True
AKTSIONERNOE OBSHCHESTVO ROSSIISKII EKSPORTNYI TSENTR,35003,51442,75.86206896551724,False
AO ROSSIISKII EKSPORTNYI TSENTR,35003,51441,63.1578947368421,False
AO ROSSISKI EKSPORTNY TSENTR,35003,51290,60.0,False
AO NATSIONALNY EKSPORTNY TSENTR,35003,51290,55.81395348837209,False
OBSHCHESTVO S OGRANICHENNOI OTVETSTVENNOSTYU VEB VENCHURS,35004,52257,89.10891089108911,False
OOO VEB VENCHURS,35004,,0.0,False
VEB VENCHURS,35004,,0.0,False
OOO VEB INNOVATSIYA,35004,36616,77.41935483870968,False
VEB INNOVATIONS,35004,54418,80.0,False
VEB SERVICE,35005,35005,100.0,True
VEB SERVIS,35005,35005,85.71428571428572,True
SPETSIALIZIROVANNOE OBSHCHESTVO PROEKTNOGO FINANSIROVANIYA FABRIKA PROEKTNOGO FINANSIROVANIYA,35007,51446,64.36781609195403,False
GRUPPA SIBUGLEMET,35008,35008,90.9090909090909,True
AKTSIONERNOE OBSHCHESTVO ANGSTREM-T,35009,31611,91.80327868852459,False
NM-TEKH,35011,35011,100.0,True
NERO DRINKS COMPANY SL,35012,35012,88.0,True
NERO VODKA,35012,35012,38.095238095238095,True
HOOPOE SPORTS AGENT L.L.C.,35014,35014,81.25,True
HOOPOE BUSINESS BROKERS LLC,35014,57687,63.1578947368421,False
MOSCOW JOINT STOCK COMPANY SLAVA SECOND WATCH FACTORY,35016,44878,65.93406593406593,False
AO SLAVA,35016,35016,76.92307692307692,True
JOINT STOCK COMPANY PROFESSIONAL FOOTBALL CLUB CSKA,35019,36359,63.76811594202898,False
AO PFK TSSKA,35019,,0.0,False
TSENTR RAZVITIYA BAIKALSKOGO REGIONA,35021,36319,55.38461538461539,False
BAIKAL.TSENTR,35021,35021,84.61538461538461,True
