name,identifier,top_match,top_ent_num,score
LEVL Projects,9845000C6BBA5E9FO777,GMI PROJECTS LTD,30764,72.0
Gorgon OÜ,98450098642ED6A54058,GORGE LIMITED,23415,57.14285714285714
Vintage Real Estate Partners IV (International) Offshore Holdings SCSp,9845006S54F1389AH737,"TREND REAL ESTATE INVESTMENT PARTNERSHIP, JOINT STOCK COMPANY",37485,60.0
CASA ALBIR AS,984500D7E05FCA4F4305,CASA APOLLO,8266,66.66666666666667
OMEX A/S,9845009AB479FC777C29,,,0.0
KAMAL GOYAL,984500A4A8D9WB0B2F89,TFK KAMAZ AO,37760,52.17391304347826
MAHALAXMI INDUSTRIES,984500CB0C466R0LFE17,SHAHID VARAMINI INDUSTRIES,22786,73.91304347826086
RENUKA ENTERPRISES,984500O4D9FX5E974A29,LORA ENTERPRISES LIMITED,23270,82.35294117647058
DHABHAI CONSTRUCTION PRIVATE LIMITED,98450059010686D2EB23,FURAHA CONSTRUCTION PVT LTD,44459,82.05128205128204
ALLURI SRINIVASA RAJU,984500CEBD4C3A83H031,,,0.0
UNITED DISTRIBUTORS,984500EFZ93779AF8094,"DISTRIBUIDORA LIFE, S.A.",13010,70.27027027027026
JADEJA YOGRAJSINH RAMDEVSINH,984500F5CCEMFUTBP439,"MYANMAR IMPERIAL JADE CO., LTD.",31136,40.816326530612244
NITIN MANGLA,98450076DC12E0ABB227,FGUP NITI IM AP ALEKSANDROVA,47902,40.0
JITENDER SHARMA,984500C7EA3999A6W114,ANSAR AL-SHARIA,16475,59.25925925925925
"FSK KHEMICALS, LDA",984500485B2E078D1455,KHEMARAK HOTEL,57187,45.16129032258065
"BD2I INVESTIMENTOS, LDA",9845001AD3A6E2CB5090,WALDAU INVESTMENTS LIMITED,42209,75.0
PALASH DAS,9845006F2FBT43FU9F12,PALAYESH NAFT ABADAN,29522,60.0
HOTEL A ONE,9845007837FI6988E249,HI-SO HOTEL,57196,72.72727272727273
Gurdeep Singh,984500BFIJYF36B36063,SINGH DAILY CULTURE PRESS LIMITED,29606,52.63157894736843
PUNEET BHATIA,9845008DB95ACEB92388,,,0.0
SRI HARNARAYAN EDUCATION TRUST,984500C04E3F8O5CF913,SCIENTIFIC EDUCATION KOREA STUDIO,34022,57.14285714285714
"FUTURE QUERY, LDA",984500C99OY47A1DI117,FUTURE OASIS PTE. LTD.,57838,57.14285714285714
ANSH MANGLA,9845004C1A6BAA35AA89,JEMMAH ANSHARUT TAUHID,13098,48.484848484848484
MUSKAN DEALCOMM PVT. LTD.,98450067E880C575E966,THE ASSOCIATION TO DEAL WITH PALESTINIAN AND LEBANESE PRISONERS,15492,22.857142857142854
YUKTACORN CARFT PRIVATE LIMITED,98450042E3F48DJ69F19,,,0.0
MCOW FOOD PRODUCTS PRIVATE LIMITED,98450088J0FF46FEE045,AL MOUKHTAR PRODUCTS CO. SARL,37424,62.857142857142854
RAJASTHAN TRACTORS,984500C67U4D93FD9D46,IRAN TRACTOR MANUFACTURING,25041,59.09090909090908
HOLY TRINITY TRUST,98450014846871AM8493,RABITA TRUST,6937,60.0
YASH RAJ JEWELLERS PRIVATE LIMITED,9845002C8B40C8739H88,TRIO JEWELLS LLC,49897,60.0
DWARKA PRASAD,984500D6OE51D1399D67,,,0.0
SPONCO CONSULTING PRIVATE LIMITED,984500B37C404F5A4F78,VYGON CONSULTING,42719,78.78787878787878
COZY HAVEN HOSPITALITY PRIVATE LIMITED,98450089Q076478CFE54,MICHIGANTAP HOSPITALITY PRIVATE LIMITED,56049,48.88888888888889
DK-CORPORATE SERVICES,984500S5047F0572A231,SAFRAN AIRPORT SERVICES,38978,68.18181818181819
FELIDECO ADVISORY SOCIETA A RESPONSABILITA LIMITATA SEMPLIFICATA,984500BDC5GA2A077709,BAJER SOCIEDAD DE RESPONSABILIDAD LIMITADA,26469,60.19417475728155
SHREE RAM WARPING,984500A7C11D3E9A6G19,SHREEJI GEMS LTD,54810,55.172413793103445
ASSUREIQ CONSULTING - FZCO,9845002A86D4866J3661,ARCH CONSULTING COMPANY,29783,66.66666666666667
MNT FAMILY INVESTMENTS LTD,9845000YD7C10989A811,ALAYNE INVESTMENTS LIMITED,42211,75.0
AI Scaling Systems LLC,9845002C45J5C0FCED66,LIMITED LIABILITY COMPANY MALVIN SYSTEMS,41115,71.42857142857143
A DANIEL RATHINAM,98450089F81M4D43D236,DANIKA ROBERT LIMITED,51817,46.666666666666664
JOY SANJOY TRADING PRIVATE LIMITED,984500B3D73876E8A463,ROSHAN TRADING COMPANY,15005,75.0
NEELMADHAV AIRWEAVES,984500983EKD4F56CD62,LAD AIRWAYS,58533,64.51612903225806
BHIWANI STEEL INDUSTRIES,9845004LAED9DA85FE63,INAND INDUSTRIES COMPANY LIMITED,47592,70.0
JEWEL HERITAGE LLP,984500A883DCF64DG852,KUWAITI HERITAGE,10923,66.66666666666667
YNG INFRASTRUCTURE (I) PRIVATE LIMITED,9845008BAUFDAEA94E59,LLC RKS INFRASTRUCTURE,46038,78.94736842105263
SANJEEV KUMAR,9845002TCU0AA2987410,KEYHAN SANJESH AZMA,54049,50.0
C + H MAGUIRE LIMITED,984500Y1ECA09B36A186,MAGUS HOLDING LLC,26206,50.0
Tradr 2X Long VLO Daily ETF,984500898855587BHT15,DAESONG TRADING COMPANY,12313,52.38095238095239
Tradr 2X Short MRVL Daily ETF,9845002D7493F10NDE28,SOFT AIR GENERAL TRADING L.L.C,55905,56.60377358490566
GS HOTELS,984500WB8BC40AD78793,HI-SO HOTEL,57196,70.0
بوابة البحر العالمية,984500E98B5BCE624396,,,0.0
HNB Häuser nachhaltig betreut UG (haftungsbeschränkt),984500BA0A90C61E7B96,OFFENBACH HAUSHALTWAREN B.V.,10600,40.54054054054054
PROVIDENCE QUANT PTY LTD,98450095D8BP1F86A860,ISIS-TUNISIA PROVINCE,23863,58.53658536585367
MyHobbyLab UG (haftungsbeschränkt),9845008B9AEC9D550E61,SANAYE HAFTOME TIR,10863,40.0
ANUMALASETTY BROTHERS,984500F4F1110410B679,ANCO BROTHERS CO LTD,57197,64.70588235294117
TIPTUR SHASHIDHAR PUNEETH,984500PFB8CB5758GF13,ARMED FORCES SOCIAL SECURITY INVESTMENT FUND SHASTAN,28658,33.76623376623377
J AAKJER HOLDING ApS,9845004K84D6F5A6CI51,AMAN HOLDING PRIVATE JSC,26887,71.42857142857143
White Rock Insurance (SAC) Ltd.,9845008998B52D65X355,TRUST INSURANCE S.A.L.,27190,66.66666666666667
INKFINITY PRINTS PRIVATE LIMITED,984500A7A43KBAF4CB77,PRINCE FINANCE PLC,55939,53.333333333333336
FunCap AB,6574000PK4L79XCXJ034,,,0.0
Tradr 2X Long FCEL Daily ETF,9845001D404EB2F06545,TAI LONG HOTEL,11307,52.38095238095239
NAIXIS,699400UNAMGWBU1XJW04,,,0.0
SHIVA SAI PULSES,984500981C0758FE5622,VEENA SHIVANI ESTATES PRIVATE LIMITED,56052,54.054054054054056
PATLIPUTRA ELITE,984500D9D3NF0DD64A98,ELIT LIMA,50519,64.0
BALA NARSIMHA CHERKA,984500DB9AD4ND858687,BALASHIKHA CASTING MECHANICAL PLANT OJSC,45041,50.90909090909091
NEEL SOLANKI,98450041UD5A6BFF6758,SOLAR-INVEST LLC,37087,58.33333333333333
NAINITAL AUTOMOBILES,9845004NC5E5EB4Z7F46,OJSC MINSK AUTOMOBILE PLANT,41318,71.42857142857143
SAINI LOGISTICS PRIVATE LIMITED,984500575FFD1C87E480,NAI LOGISTICS LIMITED,44252,85.71428571428572
SRI PADMASHREE DISTRIBUTORS,984500F15B01CLP49114,"DISTRIBUIDORA MARBELLA, S.A.",19190,61.224489795918366
CLEVER CODE SOLUTIONS PTY LTD,98450039F948RAXD7420,CLOUD SOLUTIONS LLC,54569,70.0
SRI SHAKTI PAPERS,98450047EFFEB053SB03,SHAKHTA ALARDINSKAYA OOO,50122,48.64864864864865
ANJANEYA WEAVING TEXTILES,984500BEAEC48A50FE20,JETLINK TEXTILES TRADING,19731,65.3061224489796
ISHANI REAL ESTATE (OPC) PRIVATE LIMITED,984500DI54890D6BA925,ITQAN REAL ESTATE,37488,76.92307692307692
MONICA TANDON,9845009E0A8D8E60B435,OOO MONITORING,46581,60.86956521739131
K S ACCESSORIES,9845005088F0A3MAE106,CHIKA'S COSMETICS AND ACCESSORIES,10653,68.18181818181819
MONIKA SAINI,9845001E6DF364C0F621,SANTA MONICA DAIRY,10366,60.0
Morecai Ltd.,984500CBCD76C1A3B134,MORE REKA SERVIS,50592,52.17391304347826
SINAI AASSET INVESTMENTS SL,98450071DF1545EFBC26,EAST STAR INVESTMENTS LIMITED,42739,75.0
C.BY CONSEIL,969500L8H2SHYQVE5W98,CONSTELLO INC.,26216,57.14285714285714
SYMVALIS,969500GC8XBBL9DV6862,,,0.0
MODAXO FRANCE HOLDINGS,969500YPXNA285QIFA85,TIAN FANG HOLDINGS LIMITED,40209,70.0
SOCIETE DCNK,969500ICOWVVHFCX3T04,EL-NUR SOCIETY,56269,69.56521739130434
SYCOMORE CONSEIL,969500WZ67PGAZFN2N60,LLC CONSOL-STROI LTD,26505,57.14285714285714
TONIUTTI ASSOCIES,9695009H3NZE30O2KF34,AL-BUSTAN ASSOCIATION,22257,62.857142857142854
LAURENT MENU DEVELOPMENT,969500R9052O0F7F4E29,EKO DEVELOPMENT AND INVESTMENT COMPANY,18553,72.0
FONDS DE DOTATION ARTS ET CULTURES,96950090IPWAJLHWFE66,THE STRATEGIC CULTURE FOUNDATION,31213,54.23728813559322
GHANEM ASSOCIES,969500DZHQQXPEAOWY41,GREEN PINE ASSOCIATED CORPORATION,12212,61.111111111111114
AMARA,969500GM16G949NH4Z66,,,0.0
ACSJ CAPITAL,969500W9Y91FNPX66G53,T C CAPITAL CO LTD,54169,78.26086956521739
EMBEDDED SOFTWARE CONSULTING,969500H1KGIAHO0NIG17,TRILEMMA CONSULTING LTD EOOD,40803,65.38461538461539
GILLES ROBERT,969500D4D02LDZ6MED34,DANIKA ROBERT LIMITED,51817,61.53846153846154
AUBE,9695007R445MIZA6TQ79,,,0.0
SPFPL MEDIKA,969500RTFXK3CIN7CY50,TSARGRAD-MEDIA OOO,36321,53.84615384615385
ROCHESIA,969500TETOGMQIVNPW57,ROCHEM SERVICE GMBH,52593,63.63636363636363
FFTE,969500GGIWQC6WDBGF59,,,0.0
SCI LA JOIE DES SABLES,9695003K7D38R4P52R45,,,0.0
FFTP,9695004V3QO3WUY5ES03,,,0.0
JCBX CONSEIL,969500RV2SK06G9NNH73,CONSTELLO INC.,26216,57.14285714285714
Axel Braband Verwaltungs GmbH,984500BTUCC644A49326,MAZIXON VERWALTUNGS GMBH,48292,69.76744186046511
Yumurtaci UG (haftungsbeschränkt),984500CFB949693BC595,SANAYE HAFTOME TIR,10863,44.89795918367348
CARPE VITA,9845007E101F764M8F77,CARPE DIEM SPA,54384,70.0
GAMMA NOLEGGI SOCIETA' A RESPONSABILITA' LIMITATA SEMPLIFICATA,984500E600F1F506AB29,"'AGRICOLA RUELAS', SOCIEDAD DE PRODUCCION RURAL DE RESPONSABILIDAD ILIMITADA",21577,62.99212598425197
Gribskov Landligger Forbund,9845003B1F1A1M4BF528,OCCUPIED LAND FUND,7116,48.88888888888889
ADO SRL,984500L3A0B9DBE7AC49,,,0.0
"ANSERES CAPITAL MANAGEMENT, LLC",9845000EB873E3BAEL26,BEREZIA MANAGEMENT LTD,51348,72.72727272727273
Singularity Growth I LVF,9845005449F62FF04151,"GROWTH TRADING CO., LIMITED",56428,52.63157894736843
M/S OXFORD EDUCATIONAL SOCIETY,9845006063910D9C5426,SCIENTIFIC EDUCATION KOREA STUDIO,34022,57.14285714285714
Centrumpleje Holding ApS,984500ADBFD4E8D9AB16,ASCENT HOLDINGS LIMITED,44249,68.57142857142857
URBANIX REFORMAS SL,984500F382B74BD7OB57,"DESARROLLO URBANISTICO DEL ATLANTICO, S.A.",19202,43.13725490196079
Starline Chemical Industries,9845007F8E8F8866C197,PARCHIN CHEMICAL INDUSTRIES,10887,87.27272727272728
Airnode Hosting,648800HAE1HZ3TH1QI03,HOSTERIA LLANOGRANDE,11480,40.0
U & V REALTY SOLUTIONS LLP,6488003OTDR7HE56V649,NAL SOLUTIONS COMPANY LIMITED,49366,72.72727272727273
SURESH KUMAR,648800ZC5FM5YIZ2DO58,SURE TYCOON LIMITED,55942,34.78260869565217
SARANG VINAYAK JADHAV,648800HJHZTJB379Q182,SARAYA AL-ASHTAR,24723,58.82352941176471
VINEET MAHESHWARI,648800XZVL2KPZYBQC04,MAHER TRADING AND ENGINEERING,21562,38.095238095238095
MOHINDER KUMAR,648800DA91TN7U498W08,A Y A UNIVERSAL DENIZCILIK KUMANYACILIK LIMAN HIZMETLERI ITHALAT IHRACAT LIMITED SIRKETI,48424,21.276595744680847
ACCESS CORPORATE COMMUNICATION & EVENT SOLUTIONS INDIA PRIVATE LIMITED,648800OQS7KZE2QO1B61,JOINT STOCK COMPANY COMMUNICATION EQUIPMENT,48583,57.47126436781609
Anushka Enterprises,648800BJXW2MUKPSF540,ANFASAR ENTERPRISES S PTE LTD,39358,80.0
SHAKTI KRUPA CHARITABLE TRUST,648800IJCWA4STKEMN86,RAHMA CHARITABLE ORGANIZATION,20981,62.06896551724138
IVNA BIOENERGY PRIVATE LIMITED,648800W8C05N7WBGAR27,BIOESPORT S.A. DE C.V.,10996,53.84615384615385
NIRANJAN SWAIN,648800QOH9TWI80RP677,SWAID AND SONS FOR EXCHANGE CO.,32179,48.484848484848484
PRECISION SYSTEM CONTROL,64880053CZEGP35VNO96,JSC NPO HIGH PRECISION SYSTEMS,18769,76.0
SLOKA VALLEY EDUCATIONAL SOCIETY,648800D65P5O6NM8N175,LIMITED LIABILITY COMPANY URAL EDUCATIONAL RESIDENCE,47899,61.76470588235294
DEEKSHA CHARITABLE TRUST,648800LTJE47U6GLPY56,AL-IHSAN CHARITABLE SOCIETY,9333,66.66666666666667
KUNAL WINES MART,648800BT5FADP8HRHR98,ANDREA MARTINA LIMITED,23420,60.0
KUNAL WINES,648800AGLM4OWXZ8QN02,NOVY SVET WINERY,18964,44.44444444444444
TEETH & MORE,984500F04LCC7BF41E73,MORE REKA SERVIS,50592,53.84615384615385
VENKATESHAPPA RAMU,648800G197XXD37H7224,,,0.0
MOHAN LAL CHAMPALAL PIRODIA HUF,648800CZ6AV4PNLX1T73,HAJI LAL MOHAMMAD MONEY SERVICE PROVIDER,16451,50.70422535211267
RAVI PIRODIA HUF,64880085XBGZ8F7B7692,RAVI LINES INC,54910,46.15384615384615
EDUCATIONAL CULTURAL ASSOCIATION FOR RULER AND TRIBAL SOCIETIES,648800R9Y9B7IRMLFN20,"ASSOCIATION FOR EDUCATION, CULTURAL, AND TO CREATE SOCIETY - SIRAT",8225,75.22935779816513
SONALI KAKASAHEB DHANDE,648800WBQLFLBO1K2O81,ROYAL SONA OSOO,52092,36.8421052631579
SPG CHEMICAL HOUSE PRIVATE LIMITED,984500G848VB59QC1262,"HUBEI VAST CHEMICAL CO., LIMITED",45393,75.67567567567568
GAURAV AGRAWAL,648800XL3B6SSGENEU40,AGRAT CHEMICALS AND PHARMACEUTICALS,57357,44.44444444444444
Consulting Manao GmbH,984500669C99B74Z5X75,FORT CONSULTING OOO,43104,77.41935483870968
VISHAL ARYA,648800ON9OOC71VQWD15,ROYAL ARYA CO.,16027,66.66666666666667
PUSHP GANGA PROPERTIES,648800ZNQUC26NBYEZ54,BANNA PROPERTIES,12745,73.6842105263158
M/S VS ENTERPRISES,64880039JTNENGSTA320,MOHAMED'S ENTERPRISE,49150,73.6842105263158
vijay kumar reddy perumareddy,9845006HY597897J0509,PERUVIAN PRECIOUS METALS S.A.C.,11406,45.614035087719294
RAKESH KUMAR GOYAL,648800FGK3JGG13LP446,RAKETA LUBRIKANTS,47414,45.714285714285715
SAAR HOME FURNISHING,648800V1G70TTAKPNL29,FRESNO HOME S.A.S.,30269,58.06451612903225
AVESH SALIMBHAI HAMDANI,6488006LW29CJUFS1J90,HOUMAT ED DAAWA ES SALIFIYA,8085,52.0
CHILDREN WELFARE SOCIETY,64880021S1IDY7GBDA04,AL WEAM CHARITABLE SOCIETY,53915,72.34042553191489
INDU ASPIRE PROPERTIES,648800PBPW9YAZKCGS46,DREW PROPERTIES II PTE. LTD.,55572,75.0
SHREE DIGAMBER JAIN MUSEUM SHODH SANSTHAN TRUST,6488004J5EF8V9W4UG72,IGT INTERGESTIONS TRUST REG.,42998,51.35135135135135
RAKESH KUMAR SINGH,648800ODRX6Y4XQVYR57,SINGH DAILY CULTURE PRESS LIMITED,29606,55.81395348837209
AHAANA PROJECTS,648800NQKK8WX1PXUS31,ARAB PROJECTS COMPANY S.A. LTD.,8342,78.57142857142857
SANDEEP KALRA,9845001D185089050473,SANDAIME KODO-KAI,17787,53.333333333333336
YOGENDRA KUMAR SHARMA,6488003XGVX0Z8A07I69,AHRAR AL-SHARQIYA,27763,51.42857142857142
SRINIVASA RAJU NADIMPALLY,98450093D6A64A7E9E44,,,0.0
FLOWIN PIPE PRIVATE LIMITED,648800GA7UU2UCPUUX32,NEW EUROPEAN PIPELINE AG,31926,43.75
VINAY KUMAR & SONS (HUF),6488008K8OLGF0PD9G82,AKHTAR AND SONS PRIVATE LIMITED,52051,51.61290322580645
VANA JEWELS PRIVATE LIMITED,648800IXW4WR1YH98295,AL SULTAN JEWELRY,27973,64.0
TOSHIBA LOGISTICS INDIA PRIVATE LIMITED,648800FSLPA9GMJECM81,INSTAR LOGISTICS,23543,66.66666666666667
DENTOTAL HOLDING ApS,984500652E5EC09Y2D48,"DELVEST HOLDING, S.A.",651,70.96774193548387
SATTAR KHAN,984500A3C684D1AF8687,KHAN & SCHIRINDEL GMBH,10601,53.84615384615385
CLEMENCE PROT CONSEIL,9845006A01I95T9E4558,JSC PROTON-ELECTROTEX,41964,52.63157894736843
PAVLOU HOMES LIMITED,98450052C48B78959E74,NFT HOME DMCC,58259,50.0
UAB Milestone,648800XDZZI890BMAA55,"MILEN TRADING CO., LIMITED",54186,53.84615384615385
MANOJ CHAUHAN,648800P4EZBAIDN1TZ59,MANOMETR LIMITED LIABILITY COMPANY,46641,38.70967741935484
DAYARAM RAMPHAL MAURYA,648800474E39O3WCMR91,BEYAZ ELLER YARDIMLASMA VE DAYANISMA DERNEGI,57133,39.39393939393939
CHAMUNDESHWARI ADVANCED IMAGING CENTRE,648800JKDKDB2BXER285,ADVANCED INFORMATION AND COMMUNICATION TECHNOLOGY CENTER,15098,62.22222222222222
MYMANAPALYA PANDURANGA PRADEEP KUMAR,648800JVU2WDBI86DG19,UNITARNAYE PRADPRYEMSTVA NAFTABITUMNY ZAVOD,32683,37.9746835443038
Arcas Digital L.L.C-FZ,984500B07D5670875D66,DIGITAL MARKETING AWARDS FZ LLC,49834,65.11627906976744
Saksham kumar,6488007BFERLXLIZGA84,AL-SAKSUK COMPANY,25059,42.10526315789473
GHATTAMANENI FAMILY TRUST,984500DB69F2E8C69067,MISAGH TRADE TRUST COMPANY,48764,60.46511627906976
VS Nord OÜ,984500A770BE80894877,TC NORD PROJECT,37062,56.00000000000001
TCG NOZOMI GLOBAL MULTI STRATEGY FUND,9845008E0S7CX36F4E25,MIGHTY DIVINE GLOBAL FUND SPC,55968,54.54545454545454
CASPER INVESTMENT TRUST,984500FB6Z2BAHA78B54,ARP INVESTMENTS LIMITED,49151,73.6842105263158
BERWA HOLDINGS CORP.,984500973EEUD47D7342,BUOYANT HOLDINGS LIMITED,44269,73.33333333333334
BAGISH J SINGH,6488005ZO76IZ47YAW03,P.C.C. SINGAPORE BRANCH,11623,52.94117647058824
SYNVIRO SOLUTIONS PRIVATE LIMITED,648800HRGVCHXIG46Z49,VFC SOLUTIONS LTD,40490,73.33333333333334
CROWNKEY REALITY PRIVATE LIMITED,6488007KI7ER93LN0787,CROWN RESORTS CO LTD,57196,62.06896551724138
KAFTANIZE RETAILS,648800HWDDP149BHEN32,CASH & CARRY RETAIL STORES,12458,48.78048780487805
DAVEESH TANEJA,648800EPKUBG6L51BG74,,,0.0
LAMBA TECHNO PRIVATE LIMITED,648800CUX8DKK0IFSL81,JAHAN TECH,17237,63.63636363636363
OMKAR INDUSTRIES,648800RCKXGLSQOXN395,JOZA INDUSTRIES COMPANY,10927,83.87096774193549
S S BUILDCON,648800LSSUGDBR3QPL47,VVN BUILDCON PRIVATE LIMITED,56050,75.0
BOHRA CONSULTANCY LIMITED,648800KKG15F1NTC4N88,TCH CONSULTANCY,45736,68.75
BHASKAR ANANDA SONAWANE,648800DDOVKBN7LXEI19,SONATEC LIMITED LIABILITY COMPANY,48702,40.0
SKYHIGH ALUMINIUM CO.,648800VBCQAZGW8Q1O09,SOUTH ALUMINUM,25883,70.96774193548387
VALLEY OF VIOLA (VOV),648800EQ8R891QPOUE27,AGRICOLA DOIMA DEL NORTE DEL VALLE LTDA.,7283,38.297872340425535
KENZ ENTERPRISE PRIVATE LIMITED,648800E59II2G054MO63,OSTEC ENTERPRISE LTD,42864,77.41935483870968
B PON SUBASH,648800HASPFTTY273533,,,0.0
PAWAN PUTRA JEWELS LLP,648800GXDVXCKVIKH987,TRIO JEWELLS LLC,49897,60.0
LALITA ANAND ANGADI,6488005VNZKGWLQEMX57,LIMITED LIABILITY COMPANY ANGAR 22,52205,59.45945945945945
JITENDRA KUMAR YADAV,648800MSD81YO0U5G764,PERSIAN GULF FAJR YADAVARAN GAS REFINERY COMPANY,26845,43.333333333333336
PARMOD KUMAR UPADHAYAY,648800UVTX15AYDQXF60,A Y A UNIVERSAL DENIZCILIK KUMANYACILIK LIMAN HIZMETLERI ITHALAT IHRACAT LIMITED SIRKETI,48424,21.568627450980394
INCORE SEMICONDUCTORS PRIVATE LIMITED,6488008WGDEYEGOVIQ77,C&I SEMICONDUCTORS CO LIMITED,46712,82.05128205128204
SECURE SOLUTIONS,648800G6ZBZ31ABBFC80,RG SOLUTIONS LIMITED,48588,78.57142857142857
ANANTSIDDH ENGINEERING PRIVATE LIMITED,648800J5VP0ZDXI5JT08,LLC ADDITIVE ENGINEERING,47526,71.42857142857143
BACK AT IT LLC,984500D59B8E86TD9149,BACKSTREET PALM CORP,54883,40.0
Tomchris Holding ApS,648800O94N1FX5IL8880,AL MASHRIQ HOLDING,12746,77.41935483870968
Daub Trading GmbH,984500550BE591A09022,DUBAI TRADING COMPANY,10603,88.0
Dave Invest GmbH,984500F3D81474C6EA29,LLC A INVEST,46053,84.21052631578947
كلير هوريزون للاستشارات والدراسات الادارية ش.ذ.م.م,9845002E9D50878DA743,,,0.0
"BR CRV Subsidiary, LLC",529900OGNNTC4XUWNJ03,SUBSIDIARY JSC BANK VTB KAZAKHSTAN,18723,55.319148936170215
MANOJ KUMAR NAREDI (HUF),6488004QKUG190TZB182,MANOMETR LIMITED LIABILITY COMPANY,46641,35.0
"AiGent, Inc.",52990015PUUGHS0GNY60,,,0.0
MAJESTICON DREAMS REALTY PRIVATE LIMITED,648800XUQAADTFIWNJ86,REAL ESTATES INT LTD EOOD,32080,57.77777777777777
OM SHIVAY MOTORS,648800Z1JQYEF6PYVY44,JSC UEC PERM MOTORS,51127,58.06451612903225
ADVANCE PIPING SOLUTIONS,648800UJJ5PABDJJQJ10,ADVANCE BANKING SOLUTIONS DMCC,47578,85.71428571428572
Subhro Sarkar,648800TNIT01V9X6U773,,,0.0
AAROGYASHREE HEALTH CARES,6488006L1ZJSJPC29A74,CAR CARE CENTER COMPANY,18222,50.0
Erbengemeinschaft Beeck J. C. D. / C. M. / P. L.,5299008BY43AV3OPQ150,,,0.0
GHANSHYAMBHAI MANILAL VAKHARIA,648800UTE0RVFCR1DM49,STAR TRADE GHANA LIMITED,23667,43.47826086956522
SANJEEV KUMAR SINGH,648800ZV4HI1IVRBB790,KEYHAN SANJESH AZMA,54049,52.63157894736843
SHYAM BIHARI AGARWAL,6488003SN54ZZUG51983,,,0.0
SANJAY GUPTA,64880082IDNA26H3GR24,WUHAN SANJIANG IMP. & EXP. CO. LTD.,23063,41.17647058823529
PROTOPOWER SPRINGS PRIVATE LIMITED,6488008I6TAGCFAC4Q88,PROTON SHIPPING CO,15122,66.66666666666667
ROCKMONT S.P.A.,815600AFD7ECA1002906,ROCKET SANDBOX LTD,57854,45.45454545454546
LINK ENGINEERING COMPANY S.R.L.,81560025C107F1C92990,KDG ENGINEERING PRIVATE LIMITED,51092,83.87096774193549
New Nexus FZ-LLC,984500B0079CD6DAF332,"BILLION NEXUS INT'L CO., LIMITED",58231,51.61290322580645
CLOMOTECH PRIVATE LIMITED,648800LPEKBY35ECK181,,,0.0
ROCCELLA RESORT & PARK S.R.L.,8156006D019E855D5683,WONDERLAND AMUSEMENT PARK AND RESORT LTD,17769,61.53846153846154
BERNARD GROUP S.R.L.,815600090BAA6EAB2F25,LTD BINA GROUP,48684,78.26086956521739
TRADE SKILL S.R.L.,815600E99F7871290F67,SKY TRADE COMPANY,23671,80.0
MAYANK AGRAWAL,648800KRSDBL1QKL5J82,OOO MAYAK,44848,52.63157894736843
MULTILINE SRL,8156000EBABDD0FD4764,JSC MULTIKLET,39181,77.77777777777779
ELSA IMMOBILIARE S.R.L.,8156001473252C97A637,SERVICE IMMOBILIERE ANTIBES SAS,38036,60.46511627906976
INERTIA S.R.L.,81560060DBE688982D22,,,0.0
SOCIETA' AGRICOLA TORRETTA DI CAMILLI VINCENZO E LUCIANO SOCIETA' SEMPLICE,8156004E5B6399A43760,COMERCIALIZADORA INTERNACIONAL AGRICOLA Y GANADERA RINCON CASTILLO LIMITADA,23613,50.34013605442177
RICCA PASQUINO - SOCIETA' IN NOME COLLETTIVO DI CATERINA DONNOLA E C.,815600D5B437CCDD4733,REVIVAL OF ISLAMIC SOCIETY HERITAGE ON THE AFRICAN CONTINENT,7149,50.847457627118644
COLLE ENERGIE SRL,815600AED97DF9258269,JSC ENERGIES,45084,66.66666666666667
CAMU ENERGY S.R.L.,8156008F0150B934BD88,ADH ENERGY FZE,57857,76.19047619047619
WLTX STRIPE SPV 2026 S.R.L.,81560098C5AAF1A77B60,,,0.0
SRI SIDDHI VINAYAKA AUTOMOBILES,6488008YB10L7GGPVI69,CROWN AUTOMOBILES,26175,58.33333333333333
BHOOMIPUTRA VENTURES PRIVATE LIMITED,648800N8DFS35J2XQX65,BARKAT VENTURES,30876,68.57142857142857
RAJNIKANT HARILAL VACHHANI,648800K4L8JM8T6L2O59,,,0.0
SAVITRI MEDICO SURGICO,648800TJ4OSBI80COG53,SAVIOR OF UKRAINE COMMITTEE,20284,52.17391304347826
RAVIKIRAN ANKUSH KAWADE,648800ZDL0S6Z57FPB28,RAVIN ACADEMY,39620,55.55555555555556
HEATCON SENSORS PRIVATE LIMITED,648800X7UPISUA8LN902,7TH SENSE CREATION,31353,66.66666666666667
Radhey Industries,6488004F7VHOFKXU8V58,JOZA INDUSTRIES COMPANY,10927,75.0
K P FAISHONS,648800D0TW3LB33ZR386,,,0.0
Deviadah AB,657400SCXFDR3VWLDM31,MICRO DEVICE CO LIMITED,55410,40.0
Bassimco,6488002E9R00XYY2BW13,GHAED BASSIR,16029,50.0
SHOPPERS SPOT (CHENNAI) LIMITED,6488004TPDULV0Q3IV24,SHOPAR INTERNATIONAL E-TRADE COMPANY LIMITED,57057,53.06122448979591
PUSPARANJAN SAHOO HUF,6488005T5QBPFL0HJR44,,,0.0
SHRI LAXMI NARAYAN SEWA TRUST,648800JBZRJONCCSXX82,TRUST INSURANCE SERVICES S.A.L.,27191,60.37735849056604
CREDO BUSINESS COMMUNE PRIVATE LIMITED,648800PA6O0PQHPI4966,UNITED BUSINESS CO,55549,70.27027027027026
Icosa Investment Management AG,529900PZALZWTFHKJ345,SINA INVESTMENT MANAGEMENT CO.,30378,79.24528301886792
Familiengesellschaft Henze UG (haftungsbeschränkt) & Co. KG,529900OCEOEQYHTF3U94,PALESTINIAN AND LEBANESE FAMILIES WELFARE TRUST,15492,48.35164835164834
Saurabh Sharma,6488008UFC7IPSES4171,ANSAR AL-SHARIA,16475,69.23076923076923
"UNICORE, d.o.o.",894500OUKWMQZ4PR3S43,UNICIOUS SA,40761,52.63157894736843
CULINARY COSMOS,648800GU7HWVVETHCW77,COSMOS LINES INC,52675,74.07407407407408
NAGAVAMSI MEKA,648800V3R7D8JYA9AT20,SP MEKAMINEFT AO,49465,44.44444444444444
SHREYS GLOBAL INTERNATIONAL PRIVATE LIMITED,648800X9PDOORKNP0L68,GLOBE INTERNATIONAL SPC,57563,80.0
TAKSH SOLITAIRE PRIVATE LIMITED,648800IAIOA4HZARW921,SOLINVEST LTD,46073,50.0
PUSHP LATA VERMA,648800ZRZMY4F46C6E83,COMANDO VERMELHO,57817,37.5
SHYAM KRISHNA AGRAWAL,648800VUSW72Z5SWZZ59,KRISTIANO GR 53 JSC AD,31994,46.15384615384615
Jenner Capital vv GmbH,894500ORI1NE7I460O29,CHEER CAPITAL LIMITED,55922,73.33333333333334
Bernd und Lilo Schack Stiftung,894500OAKB8XZJTG1K63,AL-AQSA SPANM I STIFTELSE,7645,42.307692307692314
LYNX,894500OSVXLAYC32WO06,,,0.0
UMI Europe nv,894500NG2SIXL8HCHK68,IRISL EUROPE GMBH,25429,72.72727272727273
BALAJI KONDIAH CHETTY,6488002DMP35Z737UB96,BALASHIKHA CASTING MECHANICAL PLANT OJSC,45041,42.85714285714286
HARESHBHAI SHINGALA,648800O11KADSECTDU47,SHINING PATH,4715,51.61290322580645
BLUE POTATO HOLDINGS PTY LTD,98450065651D9987C033,BAILEY HOLDINGS PTY LTD,39582,74.4186046511628
AMPLIFY AS,984500415TDCD86X9A27,,,0.0
LNCM AS,9845005C0C5ACB41QB64,,,0.0
BIJU KANNATTUPARAMBIL RAJ,648800CR5T7R9MU62T24,,,0.0
Dhan Agro,648800JQ00U0S1QC3G42,AGRO-PHEN,12467,77.77777777777779
Natarajan Dilli Babu,6488005N3JK7XRXPTR68,DOO BABUDOVAC BRNJAK,33879,44.99999999999999
RISHI ARORA,648800QTIW3Q97VG0L74,RISHABH TRIEXIM LLP,57771,46.15384615384615
M/S SHIV COLD STORAGE,648800OEM1W6TX65R139,CELULANDIA TALLER & STORE SAN LUIS SON,48089,52.63157894736843
AAR KAY STEEL AND FORGINGS,648800YVBY5F5BO6CC13,KHAZAR STEEL ROLLING,30751,66.66666666666667
GAMA BUILDWELL PRIVATE LIMITED,648800ZQBDDKG2VGXD49,ML BUILD EAD,32040,61.53846153846154
TEKAPRO AUTOMATITZACIO I SISTEMES DE DISTRIBUCIO S.L.,529900TYJDJ2ON6KAO46,JSC CENTRAL RESEARCH INSTITUTE OF AUTOMATION AND HYDRAULICS,35346,54.16666666666667
RECHAPADOS DEL NORTE SA,529900ESSX7IVFFBVR25,NORTHSTAR TRADING CORPORATION,16837,48.484848484848484
Vadensjö Jordbruks Aktiebolag,648800EJ8LFZPLSFDG33,JOINT STOCK COMPANY AKTIV,51427,43.47826086956522
RAMACHANDRA ENTERPRISES,648800VTOM7N00LQ6X77,MOHAMED ENTERPRISES,49150,76.19047619047619
GoAesthetic GmbH,529900DQXFFWHS320D12,,,0.0
SUSHILA SEERVI,648800PL2EVWLKEP4X45,KENZO SUSHI,21664,56.00000000000001
E.N.T HOSPITAL,648800OB8LJ6B6N9YC72,MICHIGANTAP HOSPITALITY PRIVATE LIMITED,56049,45.714285714285715
"PÁGINAS INCONTORNÁVEIS, UNIPESSOAL LDA",529900B270MQRD5IDO47,AVENIDAS FLUTUANTES UNIPESSOAL LDA,56754,59.154929577464785
ARORA NURSING HOME,648800222GE5NSQJ8120,HOME AND AWAY LTD.,23337,51.85185185185186
MAMTA PIRODIYA,64880038D9SO1I9KQI75,PEDRAM PIROUZAN AND ASSOCIATES PARTNERSHIP COMPANY,57492,34.61538461538461
FASTNET,6488004EWQ1LOQ88QU31,FASTLINK SARL,17045,66.66666666666667
AUDIO IMPACT S.R.L.,529900HHPTL0RAW5QQ79,JC CAR AUDIO,26797,66.66666666666667
PremiumFiber LuxCo 1,648800H33GZIAHE3MR87,OIL PREMIER COMPANY,55193,58.06451612903225
SLT JEWELLERS LLP,984500CWE7A989K6RD27,AL SULTAN JEWELRY,27973,74.07407407407408
VITALBA FV S.R.L.,529900GAGU7U3QI3LH04,VITABANK PJSC,51812,66.66666666666667
OZ TELEPRO SERVICES PRIVATE LIMITED,6488009O385YSWWTJS87,STREET MOTOR SERVICES,44470,70.0
MAYRU CONSTRUCTIONS PRIVATE LIMITED,648800TS4MRA1IIGJC35,MEAMMAR CONSTRUCTION,29784,82.05128205128204
SAKTHI VINAYAGA GRAINS EXPORTERS PRIVATE LIMITED,648800DS91KQTYSW8T67,STATE UNITARY ENTERPRISE STATE GRAIN OPERATOR,41083,51.94805194805194
SHRAVAN KUMAR GADDAMEEDI,648800KXIXFLWA6EK341,GADDAFI INTERNATIONAL FOUNDATION FOR CHARITY ORGANISATIONS,12685,33.333333333333336
PRAKASH SINGH,648800NR2RBDZIR9XZ31,P.C.C. SINGAPORE BRANCH,11623,48.484848484848484
SRI KANDA VILAS FIRM,648800ZTV5OUR2031B87,AL-QASIUN FIRM,21207,51.61290322580645
PRATISH AGENCY/ TANISH WINES,648800ZLMWMINICGNQ88,NEWS AGENCY INFOROS,31170,60.86956521739131
MAHENDRA CONSTRUCTION CO,64880064B2VST3WLE155,MAHER TRADING AND CONSTRUCTION COMPANY,21562,80.85106382978724
Blue Water App B.V.,648800RDRM85XZBIPC90,AQUA PURE WATER INC.,55955,68.96551724137932
НЕТСТРЕЯ ЕООД,648800P00RSXGXMRH321,,,0.0
SK JAIN GST CONSULTANTS LLP,648800OBYYIAO1KGY159,ITC CONSULTANTS CYPRUS LIMITED,40216,66.66666666666667
ORYAANA PRIVATE LIMITED,648800WTVW1B036UEU16,,,0.0
STYKRA s.r.o.,648800KZNFAWV4YP2838,,,0.0
AEROMARINE PRIVATE LIMITED,648800QWUGRJKUNCYZ06,AEROMAX LTD,50772,70.58823529411764
CARDIAC CARE,648800FPFMBMS0MU7W79,CARDIAM,18431,63.1578947368421
SHRI RADHEKRISHNA GORAKSHAN CHARITABLE TRUST,648800NMVHGQIZNPLX63,RAHMAH CHARITABLE ORGANIZATION,20981,59.45945945945945
Hesed OÜ,648800G7E5C6H2B16N79,"GUANGZHOU HESEN IMPORT AND EXPORT CO., LTD",47698,32.432432432432435
Reliable Trans & Logistics,6488007DDB3B4U2CJJ94,SKIEZ TRAVELS AND LOGISTICS PVT LTD,58225,72.34042553191489
NAGOORA FABRICS PRIVATE LIMITED,6488008G92M0F750AI11,OOO FABRIKON,50897,52.17391304347826
ECOJAY SUSTAINABLE FASHION PRIVATE LIMITED,6488000FLMAB4RZ96846,SUSTAINABLE ELECTRONIC DEVELOPMENT,30282,56.666666666666664
LB WORLD TRADING PRIVATE LIMITED,648800Q7ECLG0T19JZ24,"MULTI WELL TRADING CO., LIMITED",40967,70.58823529411764
AMRITAM GRAMYA VIKASH SANSTHAN,648800D83KRSBY4GEE95,LIMITED LIABILITY COMPANY SANSARA,48840,46.808510638297875
SANJAY KUMAR SINGLA,648800JU10AJ87BBAA59,WUHAN SANJIANG IMP. & EXP. CO. LTD.,23063,48.78048780487805
UNISOLUS PRIVATE LIMITED,648800LDHN0KSL6R9Y76,UNISTAR COMPANY,20219,53.333333333333336
BELLA BO ApS,9845006A8876C4623D18,BELLATRIX ENERGY LIMITED,47042,50.0
HERO HARESH MANUJA,6488004O1UTFJPV9UF47,HARESH PETROCHEM PRIVATE LIMITED,55910,64.70588235294117
M.J.D.D.,6994005UUUSNTSGNG724,,,0.0
I-Holding,699400XLGUEP23EJ1X24,"I AND S HOLDING COMPANY, S.A.",13356,90.0
GOPI BUILDSPACE PRIVATE LIMITED,648800ILF5ACCNST1J64,SCOTPAK BUILD PVT LTD,19682,64.28571428571428
MANJUNATH YALLAPPA,64880015ML63S41WFM69,,,0.0
DHADI DATHAM REDDY,648800FBWHDT4G7RUB78,,,0.0
RAJESH MOTWANI,648800B5H22EE8W23S28,,,0.0
Havo OÜ,984500A99BF01HD0B846,,,0.0
IWS WOOTTON LIMITED,213800FRES4ENR5VF689,,,0.0
SOUTHERN INVESTMENTS LTD,213800UU1GDIIJFCNW67,SBERBANK INVESTMENTS LLC,18708,80.0
ANIMATION SHOW SPÓŁKA Z OGRANICZONĄ ODPOWIEDZIALNOŚCIĄ,259400DMVXFRATM84K62,ROSETTA GAMING SPOLKA Z OGRANICZONA ODPOWIEDZIALNOSCIA,56336,83.33333333333334
RIPPLYN GROUP HOLDINGS LIMITED,984500F0XD4F6A5DOF42,PRINCE GROUP HOLDINGS LIMITED,55548,83.72093023255813
NEXT FUNDS - Nomura Korea Technology 30 ETF,254900YAKY5B2ODUVS86,FORTUNE NETWORK TECHNOLOGY LTD,57871,62.68656716417911
Diversified And Balanced Joint Opportunity Company 2026 (USD),254900B4YUEESTKDOV04,OPEN JOINT-STOCK COMPANY COMMERCIAL BANK 'SPUTNIK',33897,50.57471264367817
ANTARES LIQUIDITY SOLUTIONS LLC,254900V4XXV9V5YUQ243,LIMITED LIABILITY COMPANY INTEGRATED SOLUTIONS,46015,73.6842105263158
Krasevic Holding UG (haftungsbeschränkt),98450068B91CD6884698,GIANT VICTORY HOLDINGS LIMITED,55469,53.333333333333336
DORVAL EUROPEAN STRATEGIC INNOVATION,969500R8N1600XYDWR87,FALCON STRATEGIC SOLUTIONS DOO,28120,66.66666666666667
ANC DALLE,969500I73OAWV0MRWN25,,,0.0
"Firebird MF Turbo Finance Investments, LP",254900TGDAWLBJTELN63,YOUSSER COMPANY FOR FINANCE AND INVESTMENT,9964,66.66666666666667
Penguin Solutions Singapore (PENG) Pte. Ltd.,254900JAL6FZBVF3RN71,D.E.S. DEFENSE ENGINEERING SOLUTIONS LTD,40496,64.61538461538461
VOIRON MATERIAUX,9695005EIQ39OLCRDJ09,ASIA MATERIAL SOLUTIONS COMPANY LIMITED,50115,61.53846153846154
COXIE,969500SQRD1WMCJGPL50,,,0.0
COSMELINK,969500UY2ATTR9TVTO84,COSMOS LINES INC,52675,66.66666666666667
HOLDING LES GODELINS,969500R5EDV7TE0AHQ94,"DELVEST HOLDING, S.A.",651,68.57142857142857
RAS,969500XFCQG9386BN827,,,0.0
ARANUI CRUISES,969500O2VJ7SXNZ7UU52,ARANEKS DOO,28123,48.0
NEWTON CONSULTING,969500XRDHTKVHEKM715,KONEISTO CONSULTING,42729,83.33333333333334
NAHOLOS,969500PWD97KC4HSMN34,,,0.0
MATICOM,96950077QUJF7S5OQ237,MATIN SANAT NIK ANDISHAN,22251,25.806451612903224
F P S,969500SPJ1Z4C2XBLH02,,,0.0
AVENIRENERGIE GRAND EST,969500DS1KY44IS4Q364,COMPAGNIE AERIENNE DES GRANDS LACS,10117,63.1578947368421
COMTOISE DE GESTION,969500VV6PIHLI06GL40,GESTORES DEL ECUADOR GESTORUM S.A.,12379,53.65853658536586
NEWCREADEV,969500R97PE5OF0ALZ82,,,0.0
PELICAN HEALTH,969500WATK45W6EVK366,ATLANTIC PELICAN COMPANY LTD,23331,73.33333333333334
DUCROCQ INVEST,969500WHHXD4OAEDI661,GAZPROM INVEST,19640,64.28571428571428
E-VOLVE,969500QC4ZLN15X7NZ76,,,0.0
NXT MEDIA,969500K73OI4UKJMQN72,MEDIASINTEZ LLC,23943,70.0
BLUE PARTNERS FINANCE GROUPE BAKERTILLY,96950005AFP4D135Q704,CENTRE OF FINANCIAL TECHNOLOGIES GROUP,49979,56.75675675675676
HOLDING NEUROVISION,969500MI0EOQTQ50QZ69,HOLDING COMPANY INTERROS OOO,38240,74.28571428571429
ASS AMELIO CONDITION VIE PERSONNES AGEES,96950076LXVO0ZY4PQ84,VAED ASSOCIATION FOR PRISONERS AND RELEASED PERSONS,55987,53.012048192771076
BLACK HORSE,969500160YKRX5DTQE06,ONZE BLACK,18371,76.19047619047619
NATU PRO,969500QHESS6Z1P6NY63,NATURAL GIFTS B.V.,39594,47.61904761904761
HORTISE,969500OWXGW6J1OML426,PRINCE HORTICULTURE DEVELOPMENT CO. LTD.,55856,31.57894736842105
AVENTURA I,969500MLZ1RU1321IH06,1425 BRICKELL AVENUE 64E LLC,20262,41.17647058823529
OSS OPÉRATION RENAISSANCE,96950088QP6S148YTG65,OPERATION ZERO,56991,56.41025641025641
ELANYS,969500M80IMO2D364748,JAMA'IT ELANUR AL-KHIRIYA,56269,35.71428571428571
RPG,969500H79VY0KTYUGF31,,,0.0
SCI JEW,969500TDNPIYOUTOVZ31,,,0.0
ICONE GROUP,9695008YP1A4R7UJJQ35,PRINCE GROUP PLC.,55564,78.26086956521739
CREATIONS HENRY JACQUES,9695002E6SIST86W4Y31,7TH SENSE CREATION,31353,58.53658536585367
WF CO-INVEST IMMO 2026,9695004O6W1XFWK9R150,DZHI AI INVEST OOO,38218,54.54545454545454
REPROCOLOR,969500ZBZTB9S5MFFY29,REPRESSION OF TRAITORS,4700,48.275862068965516
SOLIS FILMS,9695009SZ5MOAIN6YN88,"SERNIA-FILM CO, LTD",35073,63.63636363636363
HERRMANN CAPITAL PARTNERS,969500NIO805D7S6BC69,MARSHALL CAPITAL PARTNERS,17449,76.0
ZIG ZAG,969500OW9DF9E9D38462,,,0.0
NAUTES MERCHANTS,969500P0F9NUMO15FH15,"MERCHANT SUPREME CO., LTD.",33676,68.75
LELANI,969500DZ71A22QENLC24,,,0.0
YESSA,969500E0ORWWJCYTLT94,"COMERCIALIZADORA E IMPORTADORA YESSI, S.A. DE C.V.",21076,18.181818181818176
TOMUGO,969500R716TPDCMQTF78,,,0.0
HERRMANN SELFSTORAGE,969500R9JPEDF8MB4A42,RANCHO LA HERRADURA,15188,44.44444444444444
SLM GROUP,969500F7MRCS6GQ70U84,ISLAMIC GROUP,4694,81.81818181818181
FLORESTAN INDUSTRIE,96950078E7KBRGWF1U58,"GREEN INDUSTRIES, LTD",27165,74.28571428571429
LMG HOLDING,969500UF6WEAVUF3T181,MAGUS HOLDING LLC,26206,83.33333333333334
AZERGO,9695009ZTS5DJLZMKA72,RIHS-AZERBAIJAN,10923,38.095238095238095
LB INVEST,9695001AXPX53AQU0Q70,"M INVEST, OOO",29101,82.35294117647058
NOVA FROID,969500YJL9FS5OGYJT27,NOVA LINES INC.,54843,60.0
G&G,9695000TD1KJVNBNCY63,,,0.0
AQEA,9695000MOBZTYJ3MP723,,,0.0
SH CUISINES,969500G17W2QGYM2BG76,,,0.0
PA HOLDING,969500JOH744EA6AAK07,PAPA HOLDING LTD,48096,90.9090909090909
LP HOLDING,969500PLWUE2N0KKZ342,RB HOLDING LIMITED,42744,82.35294117647058
RATP RISQUES & REASSURANCE,9695009SW9S9C28DMA41,,,0.0
KER ARVOR GESTION,969500BVEWLW5VVQG164,GESTORES DEL ECUADOR GESTORUM S.A.,12379,57.14285714285714
CAILLOU,969500TZ3TR12TGFL330,CAILAFANG PTE. LTD.,58271,50.0
CLOITRE SAINT LOUIS,969500YW3G4JF9UONA89,SHANGHAI SAINT LOGISTICS LIMITED,28916,55.81395348837209
SAS FRECHON MENUISERIE,969500GJUI70GBWDCR79,,,0.0
KINO,969500NW320UV3OP4E49,KINOATIS LLC,40203,66.66666666666667
CREON BUSINESS DEVELOPMENT,969500UBU5GVC041VL48,RT-BUSINESS DEVELOPMENT,37792,81.63265306122449
JRGP,96950081YF5MJL3UVY28,,,0.0
JC2A,969500SH3HR9YX876M98,,,0.0
"SHI 2026 BRIARCLIFF PROPCO, LLC",2549000MWS5HINZLAS96,BINARY PROPERTIES PTE. LTD.,55568,46.51162790697675
RIOS Real Estate GmbH,984500DV5ENMEBE4DA37,RG REAL ESTATE GMBH AND CO. KG,44244,86.66666666666667
"MAC TRUST NAPLES, LLC",254900J7ODHBAUD8Y683,AL-ANFAL TRUST,7140,74.07407407407408
"Austin Commons, LLC",254900YJKNON6122XQ82,AUSTINSHIP MANAGEMENT PVT LTD,52679,57.14285714285714
PIF Offshore LXXII Ltd,254900E618HS6RDVKY15,LABICO SAL OFFSHORE,18928,66.66666666666667
"GWS8 DEVELOPMENT, LLC",254900FCFXHVJ2NB1076,HAS-DEVELOPMENT JSC,18740,83.87096774193549
AURORA MACRO STRATEGIES LLC,254900WLXQG4UK0LTL32,STRATEGIC ROCKET FORCE,18568,62.22222222222222
COMERCIALIZADORA FARMACEUTICA IP S A P I DE CV,4469000001F0EEXP8U02,"COMERCIALIZADORA TRADE CLEAR, S.A. DE C.V.",21666,67.56756756756756
Stardust Capital ApS,98450046056QZ2F3EE05,TADAWUL CAPITAL,45908,77.41935483870968
ASP6 AP 2026 LLC,254900JTOHYS0FKAFA75,,,0.0
AGROEMPAQUES DE SINALOA S DE RL DE CV,4469000001F16STF2768,"AGROLAREN, S.P.R. DE R.L. DE C.V.",54920,59.57446808510638
BEP SECOND STREET LLC,254900KHPRKVEEA1IP02,STREET INVESTMENTS PVT LTD,44469,62.857142857142854
CARTERA PROMOTORA S DE RL DE CV,4469000001F16SB9SX16,"ASESORES Y PROMOTORES ACG, S.A. DE C.V.",41658,64.15094339622642
BEP SECOND STREET MEZZ LLC,254900XM0MU1RYGREA64,STREET MOTOR SERVICES,44470,55.81395348837209
COMERCIALIZADORA CONDORIN SA DE CV,4469000001F16QN8ZV15,"COMERCIALIZADORA COPADO, S.A. DE C.V.",54386,88.88888888888889
"FOOO DOG HOLDINGS, L.L.C.",254900TFK4WRPFPHRN41,GPB-DI HOLDINGS LIMITED,20314,68.75
GCM CORPORATIVO SA DE CV,4469000001F142TG6B22,"CORPORATIVO FEARFI, S.A. DE C.V.",21084,76.92307692307692
SALUDA GRADE ALTERNATIVE MORTGAGE TRUST 2026-HB1,254900ICZ8IJ8V8G7C65,PALESTINIAN ALTERNATIVE REVOLUTIONARY PATH MOVEMENT,58462,48.484848484848484
"HPIV HOUSTON, LLC",254900037EW3NTWD7T53,HOUSE OF SHIPPING PRIVATE LIMITED,57082,61.53846153846154
PLATINUMHARBOUR MAP I LP,254900F32I8LSBO2PO29,PLATINUM KNIGHTS LTD,58111,54.054054054054056
CIA. AZUCARERA DEL INGENIO BELLAVISTA SA DE CV,4469000001F15AF6M872,BELLUGA IC VE DIS TICARET LIMITED SIRKETI,48906,41.17647058823529
Pham Holding GmbH,98450012C815O93F5447,SHAM HOLDING COMPANY SAL,12744,91.66666666666666
MBTOD PHASE ONE LLLP,254900UUNJ9CIA17PH26,,,0.0
"161 Andover-Maitland, LLC",254900L0O6TOEDMG2A79,,,0.0
Extended Ecosystem Limited,254900J8L1AH6UY4R469,FANAP ECOSYSTEM DEVELOPMENT COMPANY,55015,48.88888888888889
Pylex International Inc.,254900BD29S6J8NA3H02,SES INTERNATIONAL CORP,8882,83.33333333333334
"RCG-Tucker VIII, LLC",25490099EVQANFVPN868,,,0.0
"IRNM FEE CROMWELL, LLC",254900MEBIM6BYRQAI08,,,0.0
Exantra Consulting UG (haftungsbeschränkt),9845001D3E6C16C7D060,EVORIT STRATEGY CONSULTING LLC-FZ,58157,57.971014492753625
Escalante By Grace LLC,254900N8XQRB8DM8UQ77,GRACE BAY SHIPPING INC,15731,44.44444444444444
"PIMCO FNX AB Fund, L.P.",254900UJ0SCYUX89T932,FUNDAZCOR,8134,52.17391304347826
GESTION J. DUPUIS INC.,254900FSLVOIZE00H554,GESTION HYSA INC,56334,57.14285714285714
568 BROADWAY PROPERTY LLC,2549001ET6UKMUR4EP48,PROPERTY-VB OOD,32033,61.111111111111114
MHNW 30 Old Town LLLP,2549004JQZEW276BFR68,DIMOND TOWN SHIPPING COMPANY,55875,39.02439024390244
568 BROADWAY MEZZANINE LLC,254900N4LGLC48EV3Z67,SORAQIA FOR MEDIA AND BROADCASTING,11167,45.833333333333336
NETLAVANDA SL,254900IH5EYOZXNMCD37,,,0.0
9148-3461 QUÉBEC INC.,2549002NCR4SBE8UMQ60,9105 2829 QUEBEC INC,49831,62.5
"TWG Magnolia, LP",254900033PYPSWNDN685,MAGNEZIT PLANT,52014,53.84615384615385
MATARIKI LIMITED,254900MTGYB1Y4JOZ173,MATAROMAX PTY LTD,42338,47.61904761904761
Koch Consulting GmbH,984500DA7E31FDB7BB63,KAMCHEV CONSULTING,45209,84.84848484848484
SAVANNAH GA MEZZ MEMBER LLC,254900KQ0DFZF5UL7C28,,,0.0
MannCap Cakes NM LLC,254900EY13VTUKKAXD08,MANNESMAN CYLINDER SYSTEMS,16013,47.61904761904761
DKKR Key GmbH,894500OVYSKNPYONZS08,,,0.0
YOU FIRST STRATEGY S.R.L.,254900ZI3EYF9KSAZY49,FIRST VPN SERVICE,57975,57.14285714285714
POINT A LA LIGNE DESIGN & CONSULTANCY LTD,254900OCLXC4GSCIWD39,AWESOME CONSTRUCTION DESIGN ENGINEERING CO. LTD.,55863,61.9718309859155
"BROADWELL OWNER, LLC",254900NFH70N73MKMT33,SORAQIA FOR MEDIA AND BROADCASTING,11167,43.90243902439024
PHOENIX ONSHORE 1 LP,2549007PX47MNRWOUS72,PHOENIX ELECTRONICS,41966,61.111111111111114
"MSC HERMANN PARK, LLC",254900345IZC5X3MP285,CENTRAL PARK LIMITED,57509,57.14285714285714
SCHIKOWSKI ACRES LTD.,984500NF75653IC2BA69,KHAN & SCHIRINDEL GMBH,10601,45.16129032258065
GLORIA TSAI DESIGN LTD,2549002C4V9XD6ZV9D91,DESIGNER GARAGE,44460,60.60606060606061
700 EMLEN TELFORD OWNER LLC,254900QVQWJS7G1OQ169,STATE OWNED FOREIGN TRADE UNITARY ENTERPRISE BELSPETSVNESHTECHNIKA,34776,31.46067415730337
PHOENIX ONSHORE 3 LP,254900ZLRZYON0YO2O98,PHOENIX ELECTRONICS,41966,61.111111111111114
MADE CAPITAL GROWTH LLC,254900SI6Y5BTXRH6D16,RT-CAPITAL LLC,37790,68.96551724137932
THOMAS BAUMGARTNER VERWALTUNGS GMBH,254900338TWHI2YJ2634,MAZIXON VERWALTUNGS GMBH,48292,61.224489795918366
MATON APS,254900Z11R7PDZ6NHM70,,,0.0
BALBOA BAY LOAN FUNDING 2026-3 LTD,254900BRSTE7VPBEV748,FUNDACION POR LA PAS DE CORDOBA,8134,43.63636363636364
SCOTT FINANCE IFN SRL,787200MPYXGK203R8437,PRINCE FINANCE PLC,55939,70.96774193548387
W. INVEST,2549007Q8WEQS7Z3PK25,"M INVEST, OOO",29101,87.5
"San Lagos AZ, LLC",254900HBWGXWCLRUQY63,LAGOSMARINE LIMITED,52290,60.86956521739131
TPG SG CREST PTE. LTD.,254900AWO6QNSKOE2U36,CRESTA LOJISTIK ITHALAT IHRACAT TICARET SIRKETI,50918,30.508474576271183
CHILDREN OF THE SETTING SUN PRODUCTIONS,254900A1ZBMUE4EMQV06,STUPINO MACHINE PRODUCTION PLANT,35894,65.625
"Axia Medical Solutions, LLC",254900HUBYYFBMBYIJ15,ASIA MATERIAL SOLUTIONS COMPANY LIMITED,50115,84.44444444444444
SVAT VIDEO HUNGARY KFT.,254900OJN3DQQYGLV456,PALAU CHINA HUNG-MUN CULTURAL ASSOCIATION,30617,22.22222222222222
NANFA LTD,2549006E9YDQH8G93J10,,,0.0
MATTH-HOLDING B.V.,254900UF99LNIDS8PI23,MTV HOLDING,52176,83.33333333333334
TIMESSQUARE INTERNATIONAL SMALL CAP FUND,254900KER5F59SIUHW78,TIME ART INTERNATIONAL LIMITED,50362,64.51612903225806
EURAM S.R.L.,815600E9B91A0FB3CB59,RHYTHM OF EURASIA,34818,52.63157894736843
IMMOBILIARE URBANO S.R.L.,815600C613A536061480,OZEAN IMMOBILIEN MANAGEMENT GMBH & CO. KG,44201,57.77777777777777
MAGEST IMMOBILIARE S.R.L.,8156003E07DE8C3EE895,OZEAN IMMOBILIEN MANAGEMENT GMBH & CO. KG,44201,66.66666666666667
MEDINFORMATICA S.R.L.,815600A5E1E5DEFCFC26,MEDIN PRODUCTS,58003,50.0
SO.F.IN. S.R.L.,815600539B41E239B958,,,0.0
CRESCENTWOOD CAPITAL AMALGAMATED CORP.,254900DODN9D7MXIWO15,ALFA CAPITAL MARKETS LTD,34699,57.692307692307686
BUBBA HOLDINGS LTD,2549005AJLXMN5WNT044,BUOYANT HOLDINGS LIMITED,44269,80.0
Aviva Investors Target Date 2030 Fund,894500UMLJGYEZIO3C19,RUSSIAN DIRECT INVESTMENT FUND,34036,50.74626865671642
Aviva Investors Target Date 2035 Fund,894500UMAGDF50UWS825,RUSSIAN DIRECT INVESTMENT FUND,34036,50.74626865671642
Aviva Investors Target Date 2040 Fund,894500ULZD9VV275H442,RUSSIAN DIRECT INVESTMENT FUND,34036,50.74626865671642
Aviva Investors US Equity Index Pooled Fund,894500ULOA6CL3JE6026,RUSSIAN DIRECT INVESTMENT FUND,34036,52.05479452054795
Aviva Investors Target Date 2045 Fund,894500ULD72TB4VMUW81,RUSSIAN DIRECT INVESTMENT FUND,34036,50.74626865671642
Remolcadores Ultratug Limitada,254900O2US9GH449QP55,BAJER SOCIEDAD DE RESPONSABILIDAD LIMITADA,26469,52.17391304347826
Aviva Investors Target Date 2050 Fund,894500UL7NJ1O5JR7C22,RUSSIAN DIRECT INVESTMENT FUND,34036,50.74626865671642
Aviva Investors Target Date 2060 Fund,894500UL23ZA167VJS09,RUSSIAN DIRECT INVESTMENT FUND,34036,50.74626865671642
YIM FUTURES PTE. LTD.,254900JLRMAY2TV4ZC55,FUTURE KING INC.,57833,72.72727272727273
Aviva Investors Target Date 2065 Fund,894500UKWKFIE6VZW879,RUSSIAN DIRECT INVESTMENT FUND,34036,50.74626865671642
PT ARFADIA DIGITAL INDONESIA,984500D3BAB6EC508B98,HILAL AHMAR SOCIETY INDONESIA,17269,63.1578947368421
"Chevron Holdings, Inc. Savings Retirement Plan",254900XOG9001XUGFW78,PACIFIC CHARM HOLDINGS INVESTMENT LIMITED,55546,63.01369863013699
THE SV SP LIVING TRUST,2549004T9OZK4W5YR984,"OJ LIVING TRUST, S.A.P.I. DE C.V.",56974,73.6842105263158
FP Polaris Fund,254900GDMKRO3IEADQ58,POLA RISE LLC,41079,58.33333333333333
G8Z CAPITAL SPÓŁKA Z OGRANICZONĄ ODPOWIEDZIALNOŚCIĄ,259400QXVUFWQMJJFB04,CALLLYNC SPOLKA Z OGRANICZONA ODPOWIEDZIALNOSCIA,57210,84.84848484848484
TPG SG ARCA PTE. LTD.,254900EYYV86LK4VY454,"ARCASDENOE, S.A.",58377,47.61904761904761
Alea Group AG,984500DEAAD0A4053605,AEZA GROUP LLC,54566,90.0
SELELA HOLDINGS LIMITED,9845003709B4838B6972,LARK HOLDINGS PTE LTD,36277,78.57142857142857
"MLEM PROPERTIES, INC.",2549003KTNDZULRNFT56,OZLAM PROPERTIES LIMITED,9602,83.87096774193549
EDILSUD SANTARPIA S.R.L.,815600729EA022AA5D34,"SANTAMARIA CRUISE, S. DE R.L. DE C.V.",54397,57.14285714285714
DP PECOS LLC,2549002G6PXT27ZBI294,,,0.0
LUCCI LISING INC.,254900N4LIJ2WKOK3412,,,0.0
MIAMI FLORIDA PORTFOLIO 3 LLC,25490037OKJI3D5A2K02,PORT OF FEODOSIA,18321,52.63157894736843
KINTLA TRADING LLC,2549000T20MHOLIC0M84,KINLERE TRADING LIMITED,54241,82.75862068965517
SMART GLOBAL DEFENCE RANGE 2036 PLUS FINECO AM FUND,2549007N4S0XTO69QU24,BLACK GOLD PLUS ENERGIES TRADING L.L.C,54712,50.60240963855422
TRZ Consulting Korlátolt Felelősségű Társaság,894500U6L2D40X781K94,LIMITED LIABILITY COMPANY LEGAL CONSULTING COMPANY TRO YA,48802,58.97435897435898
"Cambrian Thesis Capital Fund, LP",2549009KI4YALS6Q7L43,AVIATION CAPITAL SOLUTIONS LTD.,19712,62.96296296296296
(ΥΠΟ ΕΚΚΑΘΑΡΙΣΗ) MEDICE HELLAS ΑΝΩΝΥΜΗ ΕΤΑΙΡΙΑ ΕΜΠΟΡΙΑΣ ΦΑΡΜΑΚΩΝ,984500G68F760SBF7A79,ELLA MEDIA SERVICES LLC,29859,27.160493827160494
777 Holding GmbH,9845001DQ1DWGR54A962,LLC HOLDING GPM,47832,72.72727272727273
"QUARRY INVESTMENTS, LLC",254900C8WN32MV4YH827,REY INVESTMENT COMPANY,16011,81.25
PERNOD RICARD BRASIL INDUSTRIA E COMERCIO LTDA,98450041FB0B07P4AE33,AFRI BELG COMMERCIO E INDUSTRIA LDA,12458,69.1358024691358
ThePoultryDoc Incorporated,254900G2OLPSXL3RQW35,,,0.0
VALENCIA AT PARTRIDGE CREEK LLC,2549009ON40M7ASNW455,GREEN CAR RENT LIMITED PARTNERSHIP,9551,56.60377358490566
SUSSEX WATER DRAINAGE LTD,9845007A686D66E2C170,AQUA PURE WATER INC.,55955,61.111111111111114
NATIONAL WAQF SERVICES LIMITED,984500K73EF7A6AAE793,TAIF MINING SERVICES LLC,28860,71.42857142857143
Virum Security Consulting ApS,2549008P9KTBZXDFD224,VERUS CONSULTING GROUP,44544,68.08510638297872
Solbizz Canarias,894500UMR30Q1YUJQW06,"GASOLINERA LA CANADA, S.A. DE C.V.",13465,55.55555555555556
"CSRE Properties Norcross, LLC",254900T72N6C71QTVM77,OCEAN PROPERTIES GMBH,44275,70.0
Arelisse grupp OÜ,894500UMWMKHOY6FEG72,LLC GRUPPA AKVARIUS,39141,62.5
CONTINENTAL INTER LINK PRIVATE LIMITED,984500B7762C2BFD8O98,CONTINENTAL SINOIL GROUP LIMITED,54200,69.56521739130434
Borderland Imports LLC,98450002E4C79CD7E267,BONYAD IMPORT AND EXPORT CO,30367,63.1578947368421
"RA 280 DEVELOPMENT, LLC",254900L6C2F3UO8DBH81,HAS-DEVELOPMENT JSC,18740,78.78787878787878
Hohe Kante Holding UG (haftungsbeschränkt),9845008AC13D1E968F60,UNITED GENERAL HOLDING SAL,37420,51.61290322580645
"ACTION ELECTRICAL CONTRACTORS, INC.",2549005I98N7B5O51B17,FREEZER AIR CONTRACTOR S.A.,17252,66.66666666666667
ELLESSE S.R.L.,8156001E810FAA9EDA73,BEYAZ ELLER ASSOCIATION,57133,26.66666666666667
TITAN FITTINGS LLC,254900MDKFCWWN7FI640,TITAN EXCHANGE,58272,57.14285714285714
PIF INVESTMENTS XLIII LLC,254900GDC8IBISAA7J18,SHINE. X INVESTMENTS PVT LTD,44465,75.0
REALQ LLC,254900YQ7DMFJ1LMR307,USA REALLY,26234,53.333333333333336
"YES VC SELECT GP, LLC",254900QBKQ0V2H4F1171,SELENA LIVELY LIMITED,51808,30.76923076923077
DEMEISEN LLP,984500ACBE4744B72E88,DEMEX TRADING LIMITED DMCC,51872,57.14285714285714
Pirk S.à r.l.,254900O8P1N2T56W3B43,,,0.0
Malter S.à r.l.,254900B8F1P6RLE83X34,VASSILIADES & CO. MALTA LIMITED,42061,46.666666666666664
Ohra S.à r.l.,254900TNX4MZI8H34V21,,,0.0
Kahakai Verwaltungs UG (haftungsbeschränkt),984500DC7E7DC1ZY1A54,NAI ENERGY EUROPE VERWALTUNGS GMBH,44265,54.28571428571429
PHOENIX ONSHORE 2 LP,254900EIYV4OIC8RF427,PHOENIX ELECTRONICS,41966,61.111111111111114
Social Hook UG (Haftungsbeschränkt),894500OHNAI9COZW5447,AL-SHAHID SOCIAL ASSOCIATION,10413,51.72413793103448
TOERIEN HOLDINGS LTD,9845007ADBF45FB10986,RISEONIC HOLDINGS LTD,44286,78.78787878787878
BORTOLIN IVO,529900FF1B0B7S3IQG03,,,0.0
Müügikool OÜ,894500UKLHBZ4888L469,,,0.0
AGL CLO 47 Ltd.,2549009KJ79JQ5AK1329,,,0.0
MLW Consultancy,648800D7MX3K49THA127,TCH CONSULTANCY,45736,80.0
Aviva Investors Retirement Fund,894500UMFZX6S06SFS48,AMIN INVESTMENT BANK,16017,58.82352941176471
Lup Holding ApS,6488004Q6TOI114Q2V22,LTS HOLDING LIMITED,19045,81.81818181818181
"2101 39th Street, LLC",254900D0ZAT3O51FN272,MAIN STREET 1095 PTY LTD,28659,61.111111111111114
TOPHOLT ApS,648800QYWS10D0CV8635,,,0.0
New Holland Diversified Commodities Fund LP,25490019YK9OQ6UQVS55,ZHE JIANG JIAYI SMALL COMMODITIES TRADE COMPANY LIMITED,29120,55.696202531645575
LESLIE C NAIFY 2016 TR UAD FEB 8 1991,254900O5OBIZHWWBVP42,MS KONSULT 2016 EOOD,40794,38.59649122807017
NKSF Ventures UG (haftungsbeschränkt),9845007EED40665GFO45,CUBE VENTURES SHIPPING SA,51721,56.14035087719298
W. Anholts B.V.,724500WHBWC9IMNF8755,,,0.0
Aviva Investors Global Sovereign Bond Pooled Fund,894500ULTTQ482V9TK09,BETENSH GLOBAL INVESTMENT & DONG DONG SHIPPING LIMITED,54334,51.61290322580645
Musters Management Solutions B.V.,724500HZVNQ2OLTKY177,SOUTHPORT MANAGEMENT SERVICES LIMITED,18308,73.6842105263158
Berns Beheer B.V.,724500V1UYXBUFLQOT89,BEHENGAM TADBEER QESHM SHIPPING COMPANY,56997,41.860465116279066
Aviva Investors EAFE Equity Index Pooled Fund,894500ULIQMKY47IIG68,AFRICA MIDDLE EAST INVESTMENT HOLDING SAL,24392,51.21951219512195
Schwarz Digits Cloud GmbH & Co. KG,5299000VW89CGMWMEI16,OOO DIGITAL SECURITY,24650,50.0
"COVINGTON 18, LLC",254900QYX91M0S51EJ55,,,0.0
JMFARC - March 2018 - Trust,254900F4KNBUP4163Y74,MAYMAR TRUST,6912,62.857142857142854
"BVTS Basswood RV Owner, LLC",254900TV0XTXSSDCU702,BASSIRE GROUP DOO BEOGRAD,49364,42.553191489361694
MF Scientific Studios GmbH,529900ESIIM3KWI2E264,TRANS SCIENTIFIC CORP.,11225,70.27027027027026
PHOENICIAN THREADS PRIVATE LIMITED,648800HVIZP1V4SXIO50,RISING PHOENIX PROVIDER NV,53880,48.78048780487805
PROTEC Technologies GmbH,5299001NFBAASUN8FT22,JSC RT - PROJECT TECHNOLOGIES,37791,85.71428571428572
ANIL MURARKA,6488000ZKY4287NFFB17,MURAD EN SONS DIAMONDS,42337,41.17647058823529
Windpark Rubkow GmbH & Co. KG,529900TH3T0HAHT4F132,WINDFEL PROPERTIES LIMITED,41502,42.42424242424242
wpd Windpark Ganderkesee GmbH & Co. KG,529900NU62JWR5KVM182,WINDFEL PROPERTIES LIMITED,41502,42.85714285714286
wpd Windpark Düvier GmbH & Co. KG,5299002PT1ZD9B954P46,WINDFEL PROPERTIES LIMITED,41502,37.83783783783784
Windpark Damitzow GmbH & Co. KG,52990000ZATLORORLB13,WINDHAM COMMERCIAL GROUP INC.,26220,43.90243902439024
GRUPOTEC SOLAR UK 1 LTD,254900VJZX4S5GLV6334,ROSTELEKOM SOLAR,44851,57.14285714285714
Windpark Lüssow-Schmatzin GmbH & Co. KG,529900NLRC5E2EN9G830,WINDROSE TACTICAL SOLUTIONS S.R.L.S.,56371,49.122807017543856
Lions Global Trading FZ-LLC,9845005D2860A56F8558,TETON GLOBAL TRADING LIMITED,54819,79.06976744186046
"JR TRI-STATE GENERAL CONTRACTING GROUP, INC.",254900PSC67L8K2TD565,MASS COM GROUP GENERAL TRADING AND CONTRACTING COMPANY WLL,48310,77.5
"SSOF II Offshore HRL, LLC",529900MAGHLTXG78MY50,SALASKO OFFSHORE S.A.L.,28181,66.66666666666667
SAMRANIK EDUCATIONAL FOUNDATION,984500MDE083AEE13O47,AL-FURQAN CHARITABLE FOUNDATION,7149,67.79661016949152
West Power Investments S.R.L.,254900UZUYO8B04PW662,POWEROY INVESTMENT LTD,56584,80.0
Anumar Solarpark Trugenhofen-Rohrbach-Rennertshofen GmbH & Co. KG,529900ISW9I1PC1P3I21,GHADIR QOM SOLAR ENERGY GENERATION DEVELOPMENT,25955,39.175257731958766
Aviva Investors Target Date 2055 Fund,894500UKR0VQR7K48O37,RUSSIAN DIRECT INVESTMENT FUND,34036,50.74626865671642
EAC LEGACY INVESTMENTS LIMITED,254900QP2D9LPN76A759,LEGO INVESTMENTS EOOD,44287,79.06976744186046
BHAVISHYA LNG SHIPPING PTE. LTD.,984500E44E2K8D578E51,LNG ALPHA SHIPPING PTE LTD,51277,80.0
SRI BALAJI APPARELS,64880096BJU4V6DSZN76,LLC SPC LASERS AND APPARATUS TM,45769,52.38095238095239
FBH INVEST AS,636700JT3IRKUVSN0C21,LLC A INVEST,46053,77.77777777777779
Coldstream Country Club,254900R72ZWMASG2VA84,ORIENT CLUB,26897,58.82352941176471
CHANDAN ARORA,64880023O8AIQUCPR274,MANHATTAN BUREAU DE CHANGE LIMITED,57972,50.0
VINOD KUMAR RATHORE,6488003VWXMN6JLWSB12,GOSUDARSTVENOYE PREDPRIYATIYE AGRO-FIRMA MAGARACH NACIONALNOGO INSTITUTA VINOGRADA I VINA MAGARACH,18888,29.059829059829056
RIDDHI ASSOCIATES LLC,254900ADBBUTNZLI4869,GREEN PINE ASSOCIATED CORPORATION,12212,63.1578947368421
RUDRAKSHA RICE MILL,648800U3Z4WXPZEWCR79,MILLI MUSLIM LEAGUE PAKISTAN,7140,46.808510638297875
Future Foods UG (haftungsbeschränkt),894500UH7J932MYW6W47,FUTURE COSMOS ONE LIMITED,57841,50.98039215686274
HEJAZ SUKUK ACTIVE ETF,984500HP8L00115DD595,AJMAC MULTI ACTIVITIES COMPANY LTD,43456,50.0
يونيفيرسال ميركانتايل آند تريدينغ ش.م.ح,254900OG6HQCU9PE7T61,,,0.0
BALDEV RAJ ARORA,648800BOTML5CX0JCY07,,,0.0
VERTO CAPITAL I-F LLC,254900F51EK8IFO9SD43,RT-CAPITAL LLC,37790,74.07407407407408
RAVI TELEXX,6488007FKIGQ6A0UW979,BARAN TELECOM COMPANY,55013,58.33333333333333
Onnenpalikat Oy,984500AS8789ZC5BAG76,,,0.0
VERITAS ENGINEERING LTD,9845007D0937HE48F360,SERNIA ENGINEERING,35076,86.48648648648648
"InCred Credit Master Fund, SPC",9845004RDN0ZA9E66F32,SINA FINANCE AND CREDIT INSTITUTE,25067,62.06896551724138
BANDNA RANI,6488007FBHFYJ2TGVE80,BANDA CRIMINAL DE URABA,15871,58.06451612903225
MONTY PET,6488004R6V6T83RNS594,MONTECARLO BEACH SAL,28166,40.0
RAHUL RANJAN,648800V40VV0JAEYXA83,,,0.0
Mikkel Storm Advisory,984500A67172NF16F458,SINO RS ADVISORY PTE LTD,36277,64.86486486486487
LMW INTERNATIONAL ΑΝΩΝΥΜΗ ΕΤΑΙΡΕΙΑ ΠΑΡΟΧΗΣ ΣΥΜΒΟΥΛΕΥΤΙΚΩΝ ΥΠΗΡΕΣΙΩΝ,9845005C97BJA90B5124,LAMA FOOD INTERNATIONAL OFF SHORE S.A.L.,25144,36.0
DEV RICE MILL,648800XICPWZ7VW9SU61,MILLAB SINTEZ,47623,53.84615384615385
THE ROYAL,648800YWTFKUQ6CCXJ44,ROYAL ARYA CO.,16027,66.66666666666667
HANUMANJI ROLLER FLOUR MILLS,64880033S0R91BRC0H13,CJSC MAGNITOGORSK MILL ROLLS PLANT,45620,49.122807017543856
ANITHA ENTERPRISES,648800S7ODFVTGXITN66,ANFASAR ENTERPRISES S PTE LTD,39358,76.92307692307692
HITUL POPAT,648800BN05M5TYDMAI74,,,0.0
ROONCYBER INC.,254900OK9UNC04IKQ388,,,0.0
UDATHIKAA AGENCIES,648800PVKBKBPA53HO70,HARDSEA AGENCIES,25801,70.58823529411764
"SAN PRADO AZ, LLC",254900G3OM0OERU9CN74,DZYARZHAUNAYE PRADPRYEMSTVA TSENTRKURORT,33171,38.46153846153846
AJMER,648800UG14U0VI107J48,,,0.0
SANGITA TEXTILE,648800ZSKPPORV2GLL63,HONG PANG TEXTILE COMPANY LIMITED,11301,68.75
HAR DURGESH INDUSTRIES LLP,648800UL7Q2DS1MQAW15,DUDEH FAM INDUSTRIAL,30371,71.42857142857143
ANAM MULLICK,648800VL37PQ3A6UDY90,MULLAH NAZIR GROUP,15830,40.0
MURALIDHARAN KISHOREKUMAR,648800TUB6EWWMRTVI12,POUYA TAMIN KISH CO.,25860,53.65853658536586
ZETOR INDIA PRIVATE LIMITED,984500B80IF438BEAB73,TR6 PETRO INDIA LLP,56405,76.92307692307692
RAMNARAYAN SPINNERS,6367001W1A6V12XU0Z69,SELKBAF SPINNING AND WEAVING FACTORIES,30393,37.735849056603776
SEEMA YADAV,648800WLF4XCKHQQAX88,PERSIAN GULF FAJR YADAVARAN GAS REFINERY COMPANY,26845,35.29411764705882
PRAVIN VASANT SONAWANE,648800ELNY4NLLEC4272,SONATEC LIMITED LIABILITY COMPANY,48702,41.02564102564102
Grasso Residential LLC,254900T132A6DWTLSC76,RESIDENCIAL DEL LAGO,15521,76.47058823529412
SUNAM FRUITS,648800LE5NUQU16TV942,V.R. FRUIT COMPANY,9540,60.0
Arnarhólmi ehf.,648800TZQTXOGFK9J050,,,0.0
SATYA NARAIN SINGAL,648800EVIAY2VJ0SOR66,P.C.C. SINGAPORE BRANCH,11623,51.28205128205128
"FUND WITH FRIENDS, INC.",25490040KNGCCE1SIO83,FRIENDS OF THE JEWISH IDEA YESHIVA,4700,59.09090909090908
Joellemo,6488002BXHDH3CQHSZ73,"CONSTRUCTORA JOEL, S.A. DE C.V.",21572,28.57142857142857
TMRF Canada Inc.,2549000092QSOLPZX982,HAVANTUR CANADA INC.,8124,69.23076923076923
JASPREET SINGH (HUF),6488008A9FB1LM3BFL14,SINGH DAILY CULTURE PRESS LIMITED,29606,55.81395348837209
SDE Bayway Urban Renewal LLC,25490022GZD2QL9OGP93,IRAN HELICOPTER SUPPORT AND RENEWAL COMPANY,23463,47.27272727272728
Avega S.à r.l.,529900I2HMYXKNG47J42,,,0.0
wpd Windpark Behrenhoff GmbH & Co. KG,529900LB9L8GQ6VMOK29,BEHRAN TRADING,30415,43.24324324324324
RAMNIVAS MALANI,648800HTY5IAXOAH5W09,MALAS MANAS,40681,69.23076923076923
ALIS CONSEILS,894500U049AV7PCAK861,ATLASWISE CONSULTANTS PTE. LTD.,55991,64.70588235294117
Bring 1 GmbH & Co. KG,529900AN8L5QGDHNCS20,,,0.0
Bring Management GmbH,5299009QBDJNQB0HKJ86,BSG MANAGEMENT LTD,58132,86.66666666666667
ALASANDAPURAM HANUMANTHARAYAN VENGADAVALAVAN,648800LM2WC8XAM7J039,WAKFIA RAAIA ALASRA ALFALESTINIA WALLBANANIA,15492,50.0
e3 Projekt 78 GmbH & Co. KG,5299007UKKSVY0N1XN31,WA'D PROJECT,11346,56.00000000000001
wpd Windpark Wilsickow REP II GmbH & Co. KG,5299006OL4TSK4R7Q257,WINDROSE TACTICAL SOLUTIONS S.R.L.S.,56371,42.622950819672134
Windpark Ihausen GmbH & Co. KG,529900630GLY32Q99Q55,WINDHAM COMMERCIAL GROUP INC.,26220,44.99999999999999
JPS ACCOUNTING LIMITED,9845001DLB7859F94882,THE AUDITORS FOR ACCOUNTING AND AUDITING,39976,57.14285714285714
206 Storrs Street TX LLC,2549000KATZOE0H0XZ44,STREET MOTOR SERVICES,44470,58.53658536585367
ENFIELD PHARMACY LIMITED,894500UIQYQRGG9OQG45,CEC PHARMATECH LTD,16319,60.0
Bring Verwaltungs GmbH,529900676Z9I2I4MS986,ENVIGO VERWALTUNGS GMBH,44271,80.0
AB Västsvenska Psykologgruppen Skola,984500FA5079B85BE530,LLC TEKHNOPARK SKOLKOVO,38223,42.307692307692314
"GARAJE REYES CATOLICOS, S.A.",529900SZL9S2NNNRKI46,FINCA LOS TRES REYES,16637,57.14285714285714
PARROCCHIA MARIA SS. ASSUNTA,815600FB8813AABB0959,LLC COALSTAR MARINE TERMINAL,49445,50.98039215686274
"1255 23 MEZZ, LLC",254900P2H0E4X7OHO969,,,0.0
ANIL KUMAR AGRAWAL,648800Q91351OP3R1O22,AGRAT CHEMICALS AND PHARMACEUTICALS,57357,40.816326530612244
MEGA MIX SRL,529900MA5C093A3HMI13,MEGAKOM,40204,66.66666666666667
Zelimir BOZIC,64880039GUZRGLJT3D90,,,0.0
MEGA CONSTRUCTION,6488009BQXYSROMMKE65,MEAMMAR CONSTRUCTION,29784,86.48648648648648
DKC FARMING PTY LTD,894500U4W3BO04KJUG36,PUNTO FARMACEUTICO S.A. DE C.V.,13018,55.55555555555556
"EMOTIVE APPS, INC.",25490073YKGWZJRYMU29,,,0.0
SRI KRISHNA MURTY MODERN RICE MILL,6488008OSMXX07DVRX58,LIMITED LIABILITY COMPANY MODERN FORGING TECHNOLOGIES,49401,50.70422535211267
BAGAN Y BUSACO 5054 SOCIEDAD LIMITADA,529900GXB7PNL44EA221,"WIV, SOCIEDAD ANONIMA",44118,56.14035087719298
REYLAB,894500UK4UOO7A8LMG10,,,0.0
BEARING AGRO S A,254900MUJUVLIF759V72,ARDIS-BEARINGS LLC,22288,73.33333333333334
Kernkraftwerk Brokdorf GmbH & Co. oHG,529900TP3BJ33RYQHE27,OOO STRAKHOVOI BROKER SBERBANKA,18751,56.60377358490566
BVK Beteiligungsgesellschaft GmbH,984500BBEA7957B48G19,BETENSH GLOBAL INVESTMENT & DONG DONG SHIPPING LIMITED,54334,36.111111111111114
G.Z.J. SOCIETA' A RESPONSABILITA' LIMITATA SEMPLIFICATA,529900LJEWJ4DDM3TH96,BAJER SOCIEDAD DE RESPONSABILIDAD LIMITADA,26469,69.6629213483146
WOOLSPUN INDUSTRIES,6488002MN5Q3D2IXGJ74,JOZA INDUSTRIES COMPANY,10927,70.58823529411764
INNOLOGIC TECHNOLOGIES PRIVATE LIMITED,391200YA5VOV8RBTTV85,POLY TECHNOLOGIES INCORPORATED,49446,76.92307692307692
DHARHOHAR SPECIAL OPPORTUNITIES FUND,9845007725A4A9B4Q273,IRANIAN SPECIAL POLICE FORCES,34100,52.3076923076923
VALTHO PRO,894500UJTRL4XBKUBC96,LLC VALTEX-ST,37888,52.63157894736843
JP AGRI GENETICS PRIVATE LIMITED,648800NLRCL1DZKLMZ07,ABADAN POWER GENERATION COMPANY,30871,51.28205128205128
WIDATA,894500TKPYE3DKCD4O71,,,0.0
SQUARE CAPITAL THREE S.R.L.,529900EJXBB7I3LKBY57,SEPTEM CAPITAL LLC,34748,70.58823529411764
Ketteler-Stiftungs-Fonds,529900O2HFI95D4J3N79,AL-AQSA SPANMAL STIFTELSE,7640,43.47826086956522
onemarkets UC Algebris Enhanced Fund,391200FSYNAN1FPNHC85,SOLDIERS OF THE CALIPHATE IN ALGERIA,18644,52.3076923076923
SHIGGYB SECURITIES LLC,254900152LBRQW1TSY85,SOVCOMBANK SECURITIES LIMITED,34759,66.66666666666667
ANITA TIWARY,648800TP4S4Y2LHKZ904,,,0.0
GERALDINE TRADING FZCO,9845009783E3F2BCDB60,SITTI GENERAL TRADING FZCO,42313,79.16666666666666
NERIAX GROUP SL,529900G1NAAK80CI2M38,ORIEL GROUP,57076,69.23076923076923
AMS Systemgastronomie GmbH,39120063FJLDSN4X3Z30,AGM SYSTEMS LLC,50794,62.5
onemarkets UC Goldman Sachs Active Income Strategy Fund,391200T7NK1J5M222951,STRATEGIC ROCKET FORCE OF THE KOREAN PEOPLE'S ARMY,18568,53.06122448979591
TRIVENI INFRASTRUCTURES,648800ST7OMIN6T6Q667,LLC RKS INFRASTRUCTURE,46038,78.04878048780488
LAKSHYA SUPERSPECIALITY HOSPITAL,648800CVBHE7DFAPFA72,MICHIGANTAP HOSPITALITY PRIVATE LIMITED,56049,50.90909090909091
SARATOGA HOLDINGS LTD,984500EFLCDCKDF88498,STG HOLDINGS LIMITED,16830,82.75862068965517
DOCTEUR QUENTIN BOUET,894500UJO81DAC8YNS66,,,0.0
GEETA BHIMASHANKAR NAGUR,648800O0LKAGGDTP9D17,,,0.0
Elektroplanung Dobernig e.U.,529900AHWS955S59GK85,JSC CONCERN GRANIT ELEKTRON,35864,57.14285714285714
MESEROLE ESTATES II LLC,254900UPZ1CUBBUZB031,VEENA SHIVANI ESTATES PRIVATE LIMITED,56052,65.0
"TPG Merlin Cayman MAC SPV, L.P.",2549004K4EU5PZQPAE71,MERLUZA GROUP LIMITED,51898,26.315789473684216
AVIS COMUNALE DI CASTELNOVO DI SOTTO O.D.V.,815600D97CA13E64E010,MINERA LA CASTELLANA Y ANEXAS S.A. DE C.V.,11001,46.37681159420289
"TPG Merlin Cayman SPV B, L.P.",254900LVIJUI8ZQKGC06,MERLUZA GROUP LIMITED,51898,27.77777777777778
RUDRAKSH CHEMICALS AND MINERALS PRIVATE LIMITED,648800CUXQPRVPS2WG39,ROYAL PEARL CHEMICAL,21554,63.829787234042556
Holger Brandes,391200CUP8BQ8AMP8744,BRAND SERVER OPTIONS,41962,52.94117647058824
"AGÊNCIA FUNERÁRIA MIROBRIGA, UNIPESSOAL LDA",984500BEAE91FE50DF94,AVENIDAS FLUTUANTES UNIPESSOAL LDA,56754,65.78947368421053
ARCHIE ELECTRONIC,894500U0KVY64NBXIW47,"ACE ELECTRONIC HK CO., LIMITED",51262,82.35294117647058
Fresenius Ventures GmbH,529900J1KRH2J834BH77,SME VENTURE LLC,34674,68.96551724137932
PYXYO SASU,894500TZ7009DTD0MW17,KALTONA LIMITED SASU,34061,54.54545454545454
Summer Holding GmbH,5299007TOJ5A7FQTK863,SHAM HOLDING COMPANY SAL,12744,76.92307692307692
"DANTAS & RIBEIRO CONTABILIDADE E SERVIÇOS, LDA",9845008EAE4A613A6842,COMERCIALIZADORA DE SERVICIOS MEDICOS CUBANOS SA,58210,58.82352941176471
M/S MMHEGDE EDUCATIONAL AND CHARITABLE TRUST,6488001AGXQLYKSG4C35,BECF CHARITABLE EDUCATIONAL CENTER,7323,59.45945945945945
BLN SPÓŁKA Z OGRANICZONĄ ODPOWIEDZIALNOŚCIĄ,25940010AGPITICT2N62,CALLLYNC SPOLKA Z OGRANICZONA ODPOWIEDZIALNOSCIA,57210,90.10989010989012
MC RE S.R.L.,8156006BEF8E971AB496,,,0.0
"BIG ROOM TECH, LDA",984500E1QI64D8EA4190,KIDMA TECH OJSC,33397,59.25925925925925
VALCAN S.R.L,529900HO3FSNLWHUAH15,OOO VALCOM,49172,66.66666666666667
NEPTUNE MANDALA,894500UJ21UAQEXG1K18,NEPTUNE MARINE LTD,53142,75.86206896551724
MAHABALI SIKSHA EVAM JAN KALYAN SAMITI,648800E4A62Y2GE35B58,BEIT EL MAL AL-PHALASTINI AL-ARABI AL-MUSHIMA AL-AAMA AL-MAHADUDA LTD.,7115,44.705882352941174
Alexander Baumann Verwaltungs GmbH,529900V6JC340699VF30,NAI ENERGY EUROPE VERWALTUNGS GMBH,44265,65.51724137931035
CL-ROUTE 58 B LLC,254900CN1FBNIBD1SX39,SEA ROUTE SHIP MANAGEMENT FZE,47325,31.57894736842105
SUNTRAP POWER SOLUTIONS LLP,648800FRU7ILS72MAF75,PRO RATA SOLUTIONS B.V.,42979,63.41463414634146
CUSCADEN PEAK PTE. LTD.,254900IFRTRX8VLSWG14,GIFTED PEAK LIMITED,51845,50.0
Penguin Solutions South Africa (Pty) Ltd,2549002WORU6X6D0C270,ADVANCE SECURITY SOLUTIONS,56996,60.0
KÖRBLER Wirtschaftsprüfung und Steuerberatung GmbH,529900MSMMO33NNC0P64,STG. INT. STEUN AANARMEN STICHTING ISRAA,53923,40.963855421686745
GODIJI REALTY PRIVATE LIMITED,648800A0KDV7SRSQWA17,CONDADO REAL,44119,56.00000000000001
SAHIL KANSAL,648800KBH2QUILAM5S14,SAHIL AL MAHABA TRADING L.L.C,49662,50.0
SOBAGO,894500UIWIAJ3FLKE014,SOBAEKU UNITED CORP,54764,40.0
VEDANT STARCH PRIVATE LIMITED,335800FO9TVM8EH54136,JSC UEC STAR,44022,57.14285714285714
China Galaxy Unit Trust Fund,254900REZIATP1BHS856,"LIAONING CHINA TRADE INDUSTRY CO., LTD.",52264,52.63157894736843
TECH TRADE ELECTRONICS LLP,648800XGBNYXRYN2PZ58,TELLUR ELECTRONICS,42001,75.0
WERKMANN društvo s ograničenom odgovornošću za poslovne usluge,7478YGFZCFCQEJHXXD45,DRUSTVO SA OGRANICENOM ODGOVORNOSCU RAD 028 ZVECAN,33990,69.72477064220183
2748095 ONTARIO CORPORATION,254900CS4DRXEJB94H04,2351885 ONTARIO INC,56368,73.33333333333334
"ADRIA TRADE RISK, obrt za brokerske poslove u osiguranju, vl. Edvard Ribarić, Zagreb, Dugoselska 12",7478CEUL0YX09TVTQ355,"VELCOM TRADE PREDUZECE ZA PROIZVODNJU PROMET I USLUGE DOO, BEOGRAD STARI GRAD",28121,47.05882352941176
WIND-projekt GmbH & Co. 46. Betriebs-KG,529900UVYK93BLZHZO42,PREDSTAVITELSTVO WINDFEL PROPERTIES LIMITED,41502,54.23728813559322
EVA CARE,648800YOE8LD6GXJCQ03,CAR CARE CENTER COMPANY,18222,52.17391304347826
WIND-projekt GmbH & Co. 31. Betriebs-KG,529900QY3HZIF77U3W96,PREDSTAVITELSTVO WINDFEL PROPERTIES LIMITED,41502,54.23728813559322
BHUPESH BHAGERIA,648800KW9SSL1T5UZ473,,,0.0
PRIMESTAR GEMS AND JEWELS PRIVATE LIMITED,648800FAVWAV5UJHP740,HONG PANG GEMS AND JEWELLERY COMPANY LIMITED,11299,57.77777777777777
Simu Engineers B.V.,724500U04VMCJ32G3V28,PERM ENGINE COMPANY,51127,72.0
AXISPOINT PROPERTIES PRIVATE LIMITED,984500D3G949368AK148,MAJESTY PROPERTIES PTE. LTD.,55578,73.6842105263158
WIND-projekt GmbH & Co. 37. Betriebs-KG,52990086HFCLH3ROON89,PREDSTAVITELSTVO WINDFEL PROPERTIES LIMITED,41502,54.23728813559322
DEVARAJ ENTERPRISES,64880003G7QJDHX44M37,EAST AND WEST ENTERPRISES,7149,70.0
Dubbeldick Beheer B.V.,724500LIN64V6N81H409,BEHENGAM TADBEER QESHM SHIPPING COMPANY,56997,37.5
US Equity Plus Dispersion Premium UCITS ETF,98450047573D57Z7EK29,LIMITED LIABILITY COMPANY TMK PREMIUM SERVICES,47811,46.57534246575342
Nogémont B.V.,7245003H27O9CBB47T11,,,0.0
WIND-projekt GmbH & Co. 30. Betriebs-KG,5299007TTUXQO9I3I298,PREDSTAVITELSTVO WINDFEL PROPERTIES LIMITED,41502,54.23728813559322
Atelier Tokyo,894500UILF6ZTGXT2W90,,,0.0
Hotze4 Beheer B.V.,724500J86OKJ8NPI0W18,GHADIR TOSE-E SAAMANEHAYE BEHENGAAM,25946,41.666666666666664
Omkara PS 14/2026-27 Trust,984500CT588751F14A15,KALA PENSION TRUST LIMITED,11637,54.54545454545454
WIND-projekt GmbH & Co. 33. Betriebs-KG,5299005SF255AJWQLB10,PREDSTAVITELSTVO WINDFEL PROPERTIES LIMITED,41502,54.23728813559322
Jays Dental Care,9845006F2C3A597DBK11,JAYSH AL-ADL,12299,64.0
Buitengraads B.V.,724500D2B8QBL4NLAH03,,,0.0
M P T EDUCATIONAL AND WELFARE TRUST,6488002AQMQOU7F5SH63,AL AMIN WELFARE TRUST,6912,69.38775510204081
WIND-projekt GmbH & Co. 41. Betriebs-KG,5299001QL5QL7RF4AF22,PREDSTAVITELSTVO WINDFEL PROPERTIES LIMITED,41502,54.23728813559322
CHS ETF Investments Pte. Ltd.,2549000Z3EJE0MJHV654,CHAPS INVESTMENT INC.,15866,80.0
SITHAVAN VENKATESH KUMAR,648800SPI5SD30RRXA12,A Y A UNIVERSAL DENIZCILIK KUMANYACILIK LIMAN HIZMETLERI ITHALAT IHRACAT LIMITED SIRKETI,48424,30.76923076923077
FGL AB,9845009JDC985AP84758,,,0.0
KISAN SEWA SANSTHAN,9845007891ND5F861481,LIMITED LIABILITY COMPANY SANSARA,48840,50.0
IMPA GmbH,984500FA6705D58D3838,"IMPAN-COL, S.A.",15865,61.53846153846154
WIND-projekt GmbH & Co. 47. Betriebs-KG,52990016NOLTOB9JMA04,PREDSTAVITELSTVO WINDFEL PROPERTIES LIMITED,41502,54.23728813559322
GrowWealth Capital Limited,529900MMU5H8MWGFCC02,RT-CAPITAL LLC,37790,71.42857142857143
DESAI BABUBHAI JESINGBHAI HUF,984500A87C0ACEC9CA46,CENTRO DE INVESTIGACION Y DESARROLLO GRITO DE BAIRE,58653,43.24324324324324
ORDENSSÄLLSKAPET W:SEX ESKILSTUNALOGEN,648800C3J919WPCMKR41,EXECUTION OF IMAM KHOMEINI'S ORDER,16004,40.57971014492754
WIND-projekt GmbH & Co. 36. Betriebs-KG,529900XPK52M6K1X5U23,PREDSTAVITELSTVO WINDFEL PROPERTIES LIMITED,41502,54.23728813559322
SUNANDA LAKHOTIA,648800TJZJ86AZ3SW453,"LAKHTA PLAZA, OOO",35068,64.28571428571428
V M HOME FURNISHING,6488002ZGROKHZ1DWH26,FRESNO HOME S.A.S.,30269,60.0
ZAREA COMMERCE - FZCO,254900UB9HES1LT3LT51,SCORE COMMERCIAL COMPANY LTD.,9542,68.57142857142857
Penguin Solutions (Deutschland) GmbH,254900PZK3G0SYC1XL70,D.E.S. DEFENSE ENGINEERING SOLUTIONS LTD,40496,64.51612903225806
PAWAN SQ. FT. REALTORS LIMITED LIABILITY PARTNERSHIP,648800UG2LCQ826K4017,SBER VOSTOK LIMITED LIABILITY PARTNERSHIP,36427,69.33333333333334
DASARADHA GREEN ENERGIES PRIVATE LIMITED,648800M1JLPOIJLM2O08,GREEN ENERGY CHEMICALS,54840,60.86956521739131
AIVANTA AS,254900LVRQ5DKI10Z656,,,0.0
FTHOM ApS,6488006B9VB1ZCSZTF47,,,0.0
676 DRIGGS RE LLC,254900USXSUCYPFN5V12,,,0.0
JAY BHOLE STONE CRUSHING,64880066WCCCMN9PCW83,BLACK STONE OIL AND GAS,56835,51.162790697674424
Co-Investment Portfolio (PV) LP,984500AD6AAMFBD49357,POWEROY INVESTMENT LTD,56584,73.17073170731707
S&B Strategy GmbH,894500UHD2SUPMARUG09,STRATEGY PARTNERS GROUP JSC,36426,62.857142857142854
WIND-projekt GmbH & Co. Erste Betriebs-KG,529900O1CJDCY5KB4D94,PREDSTAVITELSTVO WINDFEL PROPERTIES LIMITED,41502,54.83870967741935
RAJ KUMARI PIRODIA,648800PHXQNOTB8KNG21,PEDRAM PIROUZAN AND ASSOCIATES PARTNERSHIP COMPANY,57492,35.71428571428571
Nefab Packaging Belgium,699400HRD5QW2HLMSM64,LIMITED LIABILITY COMPANY PRESSMAN SOFT PACKAGING NOVGOROD,47969,46.15384615384615
POLY MAT,894500UHZ8ZX9JMAGO55,MC POLYUS LLC,43101,70.58823529411764
Fam Group OÜ,648800KKG3BXMSW1WD57,AMS GROUP LLC,48665,76.19047619047619
GLUEGLUE S.R.L.,254900IYW1FARW01J320,,,0.0
NIDHI,64880012JFS4JV4BOA74,,,0.0
Mood Productions OÜ,6488009QKEAEB5UZM107,MEDIN PRODUCTS,58003,66.66666666666667
G Finance OÜ,648800PD961YX6D5TQ42,M-FINANCE LLC,29868,76.19047619047619
SHIV STEEL SUPPLIERS,648800OMK1M4R7FI7179,BOSITONG SUPPLY CHAIN SHENZHEN CO LTD,58346,52.0
Red Hornet OÜ,648800HHFAA1JIZZY667,,,0.0
MAS - PRIVATE EQUITY CO-INVESTMENTS OFFSHORE 2027 AB LLC,984500B9A53CEAE6FC05,AL MASHREQ INVESTMENT FUND,12746,64.40677966101696
PARTNRS RISK & REGULATORY,894500UGQWLS5OZ98883,PORTEASE PARTNERS LLP,58403,60.0
SAVITHA CHOUDHARY,648800N8QW6R2UQNB858,SANATE CHOUBE SHOMAL COMPANY,30385,54.054054054054056
SCI BJC,894500UHO5WDZKYJ5K75,,,0.0
Merkaver OÜ,648800NJQEKSI0VM5I31,MERKURI SERVISEZ OOO,43244,44.44444444444444
Insurance Guy Luxembourg S.à.r.l.,894500UGLD20IPNDKO67,MOALLEM INSURANCE CO.,25484,63.41463414634146
G-XPM (US) PH GP LLC,984500971DE7F3886506,,,0.0
G-XPM (US) XIG GP LLC,98450010CB06C0AE0E36,,,0.0
CLEAN MONEY SPÓŁKA Z OGRANICZONĄ ODPOWIEDZIALNOŚCIĄ,259400QN9SWY3WWFJJ37,CALLLYNC SPOLKA Z OGRANICZONA ODPOWIEDZIALNOSCIA,57210,84.84848484848484
KRISHA DHARMENDRA BHANUSHALI,648800FSJ8NBIQUEQX59,KRISTIANO GR 53 JSC AD,31994,43.47826086956522
EP Aches B.V.,894500UGFTI8VQBHX470,,,0.0
JTH-Holding Oy,894500UELAX17YCY2G02,T1 HOLDING,47691,85.71428571428572
ADHANA GREEN ENERGY PRIVATE LIMITED,648800QZPL4Y7RD5HV07,GREEN ENERGY CHEMICALS,54840,73.17073170731707
FINOUX SOLUTIONS PRIVATE LIMITED,984500C54JCE2CB2E133,CLOUD SOLUTIONS LLC,54569,77.41935483870968
S&B Capital GmbH,894500UH1ZPBFNN0JC58,T C CAPITAL CO LTD,54169,81.81818181818181
ELLORA SOLUTIONS PRIVATE LIMITED,335800AX05SU8I070016,RG SOLUTIONS LIMITED,48588,78.57142857142857
GUPTA STUDIO PRIVATE LIMITED,894500UDO1MFE2DO5419,STUDIO PIXAGIO,50428,69.23076923076923
SUNIL PROPERTIES (PROP. SUNIL JHAMANDAS BABANI),3358009VIT1WTCS7EN37,BANNA PROPERTIES,12745,53.333333333333336
M/S CREATIVE COMMUNICATION,894500UDII2NR31SHK70,EMATEL COMMUNICATIONS,29858,76.59574468085107
RIDDHI INFOCOM SOLUTIONS LLP,648800GJUOYEKQMLXY52,LLC INNOTECH SOLUTIONS,48585,71.42857142857143
CENTRO STUDI VAROLA SOCIETA' A RESPONSABILITA' LIMITATA SEMPLIFICATA,984500F385G9DB0CB569,BAJER SOCIEDAD DE RESPONSABILIDAD LIMITADA,26469,62.857142857142854
GANGA JAN KALYAN MEMORIAL TRUST,648800F2BPQ25TIBLR95,JAMMAL TRUST BANK S.A.L.,27189,62.5
CAMAC AUTO SERVICE PVT LTD,894500UD7EZ4H4E16G96,AMC SERVICE FZC,46508,75.86206896551724
ULCCS HOUSING PRIVATE LIMITED,3358007YBHN746DSVO11,LLC TRADING HOUSE VECTOR,51215,54.54545454545454
"ROUTE 12 WASH & GAS, INC.",254900OMLM5WO10IDS54,SEA ROUTE SHIP MANAGEMENT FZE,47325,52.38095238095239
MANGADAN PARAMBATH LAND PROMOTERS PRIVATE LIMITED,894500UD1VFCU525IW24,PARADISE MEDICAL PIONEERS COMPANY,26582,48.275862068965516
Unssi Invest Oy,894500UDZ4PYO11FG827,SIGNAL-INVEST OOO,46088,72.0
MAHAVEER GODARA,648800C1UUOFZ67XJ475,A & M MAHAR COMPANY LIMITED,31332,58.33333333333333
DJR BIO-FUELS PRIVATE LIMITED,648800H7SX2NO0LI7F85,ASIA FUEL PTE. LTD.,40759,54.54545454545454
Transatlantic Opportunities Fund SCSp SICAV-RAIF,9845009B012EFAA76D79,TRANSATLANTIC PARTNERS PTE. LTD.,22605,60.0
MRIYA LEASING SERVICES IFSC PRIVATE LIMITED,648800OXFC518G60SU15,IRAN MERINE SERVICES,25919,68.08510638297872
P&R MANUEL INVESTMENTS PTY LTD,2549001RLFJ5ZYYF8L96,SYRIAN COMPANY FOR METALS AND INVESTMENTS LLC,29863,70.58823529411764
B & N WARD FAMILY INVESTMENTS LTD,9845006F366B590A0746,WALDAU INVESTMENTS LIMITED,42209,66.66666666666667
INDCORP LOGISTICS PRIVATE LIMITED,6488007MM49M9447WF88,INSTAR LOGISTICS,23543,78.78787878787878
FACCENDA FARMS LIMITED,2549001MWDHML8V62I43,AO RAU FARM,48728,48.0
"TALAT MEXICO 2026, S.A. DE C.V.",529900QMBL2RL59KJA25,TAPGAS MEXICO S.A. DE C.V.,51422,72.22222222222221
PENGUIN SOLUTIONS (PENG) LIMITED,254900FFJ6IQRQCQH755,B AND P SOLUTIONS PRIVATE LIMITED,53882,68.57142857142857
SHERIFF RISK & SECURITY CONSULTING,648800XWT6704O4QLV12,SAI SABURI CONSULTING SERVICES,54422,67.74193548387098
SADANAM PERSONAL PRODUCTS LIMITED,648800SZCBVSPIXUBO97,DEXIAS INTERNATIONAL PRODUCTS AND TRADE LIMITED COMPANY,41936,60.0
ALPIN AD FARMA SRL,2549004UL2D5NUYPDA92,AO RAU FARM,48728,56.00000000000001
Bey Holding B.V.,724500UZ7G9QU2MZAY55,BUOYANT HOLDINGS LIMITED,44269,74.07407407407408
Emnic GmbH Wirtschaftsprüfungsgesellschaft,529900EO5ATAMKR00025,,,0.0
Mach technology Rotterdam B.V.,894500UFZ6UXYSBUYG96,SUDAN MASTER TECHNOLOGY,43537,75.0
Synpulse8 Schweiz AG,984500DA6WA08E4CC089,TRO SCHWEIZ,10486,57.14285714285714
NEXALAB DIGITAL MANAGEMENT - FZCO,254900IG2OT58QY42F80,MARSHAL CREW MANAGEMENT FZCO,52816,64.40677966101696
"הפניקס ניהול תיקים בע""מ",254900717QEVQDLRKE58,,,0.0
YOGENDER,648800CPMZPD3D09YZ84,,,0.0
HIRABEN MAGANBHAI VATALIYA,64880049CIJQF0CXTY57,MAGARACH AGRICULTURAL COMPANY OF NATIONAL INSTITUTE OF WINE AND GRAPES MAGARACH,18888,41.379310344827594
CESL III Marl (Lux) S.à r.l.,254900V8PDIO224CQM07,MARLENA TRADING LIMITED,54245,30.76923076923077
Mts. von der Linden,894500UFIK7N1UC7ZS19,LIMITED LIABILITY COMPANY GAZPROM LINDE ENGINEERING,46704,37.735849056603776
GULSHAN METAL WORKS,335800KO915GU8FJC991,BELSHINA TYRE WORKS OAO,12863,63.1578947368421
"VA9 KENMORE, LLC",254900PSZZLV5TKO4837,,,0.0
HALDIA THERMOPACK PRIVATE LIMITED,648800I9LCS9ELW76Y98,SAMARA THERMAL POWER FDN JSC,31914,43.90243902439024
PROVINCIA DE SAN JUAN,254900CDAD2Z50KZGJ78,ISLAMIC STATE-SINAI PROVINCE,16763,60.86956521739131
GALAXY DIGITAL COLOUR LAB & DIGITAL PRESS,894500UF7H43RVOGOO40,SINGH DAILY CULTURE PRESS LIMITED,29606,50.0
OPULENCE,335800KUVUNVKQMDIY62,,,0.0
CAPITAL EXCHANGE & AGRICULTURE LATAM S.R.L. - CEA LATAM,2549001VTGNYWTF3YO90,NUCLEAR RESEARCH CENTER FOR AGRICULTURE AND MEDICINE,25663,56.81818181818181
MasterMatch Capital Holding GmbH,529900LVAIM8403UF402,CAPITAL TAP HOLDING L.L.C.,48960,78.26086956521739
MOTOR OÜ,984500D72D14A911F409,JSC UEC PERM MOTORS,51127,60.86956521739131
Senator Fundacja Rodzinna,894500UFD0NVEV0CC853,FUNDACION ISSARA,15857,58.53658536585367
GRUPOTEC SOLAR UK 3 LTD,254900119IS9YZ0TIN55,ROSTELEKOM SOLAR,44851,57.14285714285714
SAHIL ASIM SARAF,6488003SL15UREROKO15,AL-AMAQI LIL-SARAFAH COMPANY,20820,66.66666666666667
FORUM D'IDEIAS - ORGANIZAÇÃO DE CONGRESSOS LDA,984500F37AF00E37AD69,ORGANIZATIA DE CREDITARE NEBANCARA LIDER LEASING SRL,36257,53.48837209302326
Synpulse8 Hong Kong Limited,98450094B605F57T4J80,HONG KONG SANMU LIMITED,57575,76.47058823529412
Dalter Uk Ltd,5299006IV6HLPJXTHT70,,,0.0
Eragani Sandhya Rani,648800YHA2YKCQT5UQ69,SANDAIME KODO-KAI,17787,48.64864864864865
ONEIFY LTD.,9845003998860DO24C76,,,0.0
"CREEKSIDE I, LLC",254900YWFA8LS7ZXG239,,,0.0
DHALENDRA KUMAR,64880044BWNLWXOH9U96,A Y A UNIVERSAL DENIZCILIK KUMANYACILIK LIMAN HIZMETLERI ITHALAT IHRACAT LIMITED SIRKETI,48424,25.263157894736842
GURUJI TRAVELS PRIVATE LIMITED,335800ONU5FDVL5QHE49,KAISSA TRAVEL CO LTD,57189,59.25925925925925
AMPJ CORPORATION PRIVATE LIMITED,648800Y774RZ01KH9D55,,,0.0
DORRIT PROPERTIES LLP,254900JTZ5EHD9QDRQ59,DREW PROPERTIES PTE. LTD.,55570,81.25
DHARA TRADERS,3358003RBWFXZRL8Z187,SHAHNAWAZ TRADERS,10606,73.33333333333334
ARSHA MARINE PRIVATE LIMITED,648800VXS81TFILHLV38,AMSHA MARITIME,51821,76.92307692307692
DOT MEDIA SOLUTIONS PRIVATE LIMITED,335800KG1LYLUMVI5T59,INDUSTRIAL SOLUTIONS,13372,71.7948717948718
Maalinle Oy,894500UEA7THXZP6RC90,,,0.0
"Franklin Aluminum Company, Inc.",254900E2JVVDBT3EEX39,IRANIAN ALUMINUM COMPANY,28305,84.84848484848484
M/S NIVEDITA & UDAY PANDE CONSULTANTS,648800MED6Q9I1NEPZ56,MIGHTY DIVINE PERSONNEL CONSULTANTS LIMITED,55973,60.0
CALCUTTA STEEL INDUSTRIES,894500UCWBVL75Q9VC81,SINA TILE AND CERAMIC INDUSTRIES COMPANY,30388,67.9245283018868
"BlackRock Spear Aggregator SPV 5, LP",52990015PHG4SB02SO70,JOINT STOCK COMPANY VOSKRESENSKY AGGREGATION FACTORY,47718,52.63157894736843
BRAHMADEV JAGGERY INDUSTRIES PRIVATE LIMITED,894500UCQSBTK6EE7S14,M. BABAIE INDUSTRIES,12524,68.08510638297872
Klarissenkloster Kevelaer,391200V7VX70T708V635,KLARET AVIATION LIMITED,41497,44.99999999999999
ALENVEISS S.L. (SOCIEDAD UNIPERSONAL),959800QZUGNDFAD6BA88,ISSA EMPRESA UNIPERSONAL,15711,66.66666666666667
YUG AUTOMOBILE,3358002IWWEKEJ251338,SES AUTOMOBILE,8882,78.57142857142857
"BlackRock Spear Aggregator SPV 4, LP",529900ZUM1KLOBJ35174,JOINT STOCK COMPANY VOSKRESENSKY AGGREGATION FACTORY,47718,52.63157894736843
BISWAJIT ROUT,648800JUF8ALN6M0XY45,SEA ROUTE SHIP MANAGEMENT FZE,47325,36.8421052631579
Schreinerei Daniels GmbH & Co. KG,894500UEWE0KHX0PDK39,DANIKA ROBERT LIMITED,51817,50.0
"BlackRock Spear Aggregator SPV 3, LP",5299006KSGNND9E6EL11,JOINT STOCK COMPANY VOSKRESENSKY AGGREGATION FACTORY,47718,52.63157894736843
PRAKASHBHAI BHUDARLAL THAKKAR,648800ZXEYS516F3DQ46,PRAKRUTEES INFRA IMPEX INDIA PRIVATE LIMITED,58392,35.08771929824561
"BlackRock Spear Aggregator SPV 6, LP",529900UQGBO2HKF33189,JOINT STOCK COMPANY VOSKRESENSKY AGGREGATION FACTORY,47718,52.63157894736843
"BlackRock Spear Aggregator SPV 2, LP",529900WQ7T2QK2QZII34,JOINT STOCK COMPANY VOSKRESENSKY AGGREGATION FACTORY,47718,52.63157894736843
SURESH KUMAR ARORA,648800TG72XH67YQW823,A Y A UNIVERSAL DENIZCILIK KUMANYACILIK LIMAN HIZMETLERI ITHALAT IHRACAT LIMITED SIRKETI,48424,28.57142857142857
VZ Elkonsult AB,636700U5K7OVKJ6HS108,,,0.0
M/S.PACHAIYAPPAN WATER SUPPLY,648800BEBBGQQRAZQX07,ANCO WATER SUPPLY CO LTD,57198,65.21739130434783
Vision Food Produktions GmbH,894500UEQUGSUXOTQ028,SCIENTIFIC PRODUCTION COMPANY DOLOMANT,48659,60.37735849056604
BRAR AGRI AGENCY,335800AMKHP5TZQTB253,TRANS GULF AGENCY,48710,66.66666666666667
AMBROSIA S.R.L.,98450071F91CCDCC1419,AMBRA LIMITED,51909,76.92307692307692
KIRSTUTT INTERNATIONAL PRIVATE LIMITED,64880027A0Y3ZF03VY88,MKS INTERNATIONAL,21553,82.05128205128204
Royal Tube Company,648800N94E3ROSOQ3575,ROYAL SHUNE LEI COMPANY LIMITED,53174,64.0
BORMES Unternehmensberatungs-GmbH,894500UEFRD9KZ12EW39,GRUPO UNTER EMPRESARIAL S.A. DE C.V.,51107,33.333333333333336
"COLUMBUS INDUSTRIAL PG, LLC",2549001EASXYLCBRY066,CHADORMALU MINING & INDUSTRIAL CO.,28287,68.0
SHREE PATEL,648800ILE681AG83GB11,SHREEGEE IMPEX PRIVATE LIMITED,51097,64.0
ÆRØ OLIE,648800Q5OUMXGAIIL417,,,0.0
Affinera Holding AB,636700ILDBNJDMJHWD48,ARIMERO HOLDING LIMITED,34616,77.41935483870968
ACS ENGITECH PRIVATE LIMITED,648800RVEHFYCIHMW620,INTECH ENGINEERING LTD,44845,53.333333333333336
JARA Erste Beteiligungsgesellschaft mbH,894500UE4O9QB0DB3S23,BETENSH GLOBAL INVESTMENT & DONG DONG SHIPPING LIMITED,54334,40.50632911392405
Sebastian Gerke UG (haftungsbeschränkt),529900ROAVMMKWSURK08,SANAYE HAFTOME TIR,10863,40.0
TRICHYA1 HOTELS (OPC) PRIVATE LIMITED,6488004BRXWIBWADQJ53,THAI LONG HOTEL,11307,64.70588235294117
SOLGON SOLUCIONES PARA LA INGENIERIA S.L,959800S4496Z2QTM4B90,RUSATOM DIGITAL SOLUTIONS,51128,58.06451612903225
DERUYCK CONSULTING INC.,98450080S6N7C3FBEB45,DEVICE CONSULTING CO. LTD.,43134,80.0
B.M.SRINIVASA REDDY,335800NFRN84SBP1WD58,,,0.0
STRAIGHT LINE FOOD PRODUCTS PRIVATE LIMITED,648800HGQPZIJHCBWA81,JSC PRODUCTION OBYEDINENIYE STRELA,37661,63.1578947368421
T + E Humuswerk GmbH,894500UDTL6711PJSO64,,,0.0
الشركة الوطنية للصناعات الكيماوية و البترولية,254900WYMGJG2NV5H574,,,0.0
ADESH SARAF,6488007OLMOFSFY7TB77,SARAFI RASHED,24537,75.0
Gernet Print GmbH,9845001D8A0395E93957,PRINT KOLOR,48666,60.86956521739131
MYRAA HEALTH CARE,9845003E693SA5D5E407,MYRA MARINE LIMITED,56243,57.14285714285714
Manifold Equity Market Neutral ETF,254900YYMZXRTRA6OK83,PERU TOTAL MARKET E.I.R.L.,11411,57.14285714285714
"ALBERGO GIAPPONE SOCIETA' A RESPONSABILITA' LIMITATA O, IN FORMA ABBREVIATA, ALBERGO GIAPPONE S.R.L.",815600A2941A7B937889,BAJER SOCIEDAD DE RESPONSABILIDAD LIMITADA,26469,51.5625
YATIN MEHTA,6488008Y5WVPQYO69572,MULBERRY PROJE YATIRIM A.S.,27035,42.42424242424242
Draco 09 2026,984500BK594E11B3DE23,DRACO BUREN SHIPPING PTE. LTD.,54894,36.36363636363637
PROMPT & SMART SECURITY (BANGALORE) PRIVATE LIMITED,648800YYW9GXSA0ZW322,STATE SECURITY DEPARTMENT,20129,64.28571428571428
Quantify Anthropic Winners and Infrastructure ETF,254900TB14Z89TTXSP82,LIMITED LIABILITY COMPANY INFRASTRUCTURE CORPORATION AEON,45979,56.75675675675676
MB Eagle Trust Familienstiftung,391200VHTAJKTBXME296,KALA PENSION TRUST LIMITED,11637,57.14285714285714
AMIT MEHROTRA,648800E1BLXX2OB7TH09,AMITO TRADING LIMITED,54613,61.53846153846154
Gjølstad Vision ApS,648800JG2TYQSTWJGI58,GLOBAL VISINESS PTE. LTD.,40918,60.0
Marnex AG,529900J9FOLU02OB0306,,,0.0
GTCR XV Private Investors Offshore SICAV-RAIF S.C.Sp.,98450010CD7500766312,ZHOUSHAN WISON OFFSHORE AND MARINE CO LTD,52248,52.77777777777778
WARME BACKER,648800U9KBSXZ06K4M79,BACKSTREET PALM CORP,54883,59.25925925925925
Meenakshi Jain And Sanjay Jain LLP,6488008XD172QORFZ825,KEYHAN SANJESH AZMA,54049,44.44444444444444
RRI Bestand Mitteldeutschland GmbH,391200SIWXC6EDSXNZ16,THE BEST LEADER GENERAL TRADING LLC,26544,46.42857142857143
Wörz Beteiligungsgesellschaft mbH,529900XQYQ02F9FNB869,BETENSH GLOBAL INVESTMENT & DONG DONG SHIPPING LIMITED,54334,35.61643835616438
"BlackRock Spear Aggregator SPV 1, LP",529900MKXH2KXJZ7KG53,JOINT STOCK COMPANY VOSKRESENSKY AGGREGATION FACTORY,47718,52.63157894736843
Wertstein Immobiliengesellschaft mbH,5299001AAPJ0O8J19P10,OZEAN IMMOBILIEN MANAGEMENT GMBH & CO. KG,44201,57.6271186440678
EXPLOTACIONES SAN CARLOS SL,894500UCFP8AA7QMWO91,CHOSUN OIL EXPLORATION COMPANY,20581,61.224489795918366
ARIHANT STEEL,335800PG7FI9U8K1XS16,ARFA STEEL,28289,78.26086956521739
YieldMax® Quantum Portfolio Option Income ETF,254900HXDS3HR3P7IL48,ALKHAMAEL TERMINAL AND PORT OPERATION MANAGEMENT,28688,50.0
SRI VENKATESWARA TRADERS,335800BK26MQ6MIDCA11,VENTUS TRADE LIMITED,54619,61.111111111111114
DHARTI POLYPLAST,648800N9SBULNIB7LE04,POLYMER ARIA SASOL COMPANY,30143,58.82352941176471
VEDI INFRA,335800K67DZ7ISQOKS14,JSC INFRAVEB,35001,77.77777777777779
(t)raum tischler GmbH,529900BDIF1XAK2Z5539,,,0.0
RAJDEEP RANJIT GUSAIN,636700CC6MEGZUICRA83,,,0.0
PAVAN ROADLINES,335800Z4PLYWYLR7PW83,DRAGON ROAD LTD,50849,53.84615384615385
"Blackrock Rubicon Blocker SPV 1, LP",529900B1PD3SGAVDKZ70,LIMON BLACK STAR FC,54690,52.0
PINSHAR VENTURES PRIVATE LIMITED,335800PO5BGWF6092129,PARK VENTURES SAL,42331,82.75862068965517
"SINGULAR MIND, SLU",2549007LQ2LG3NPWGB98,SUN MOON STAR (SINGAPORE) LTD.,24567,60.0
NKG BUILDCON,648800WK8A9WUDB24579,VVN BUILDCON PRIVATE LIMITED,56050,83.33333333333334
ASHA CHULLIKKATTIL CHANDRAN,648800WAPRANQIU3RG28,CHANGGWANG CREDIT BANK,9346,48.97959183673469
DHANALAXMI RICE INDUSTRIES,335800BY119ADEV45H35,M. BABAIE INDUSTRIES,12524,66.66666666666667
Evolance Wellness Inc.,254900M4Q8QDWIAEI316,NEWTECK WELL SERVICE LLC,51601,48.64864864864865
MPC Storm Maritime Opportunities GmbH & Co. KG,529900QDP1KXQHAS9B03,SINA PORT AND MARITIME COMPANY,30381,60.0
SHRI SANWARIYA MOTORS,984500D838883657F688,STREET MOTOR SERVICES,44470,57.14285714285714
MOMENTOS GARVER GOLD SL,959800FQTGNPXTSVRB12,GOLDEN GATE SHIP MANAGEMENT,56566,64.0
DIANI IMMOBILIARE S.R.L.,894500UF1XKC4WCL1454,SERVICE IMMOBILIERE ANTIBES SAS,38036,63.63636363636363
SANGEETA GARG,6488006585LR65Q7SW55,SANGSIRI KANKASET COMPANY LIMITED,11295,40.0
Quantify OpenAI Winners and Infrastructure ETF,254900FH4LCODU5WYO34,LIMITED LIABILITY COMPANY INFRASTRUCTURE CORPORATION AEON,45979,59.154929577464785
PINK PAGDI,894500UCA5OIN8ER9476,,,0.0
"G.RESEARCH, LLC",6367001NLJMIPP5GAJ21,QODS RESEARCH CENTER,16418,60.0
UAB Terminalo projektas du,894500UBZ2KZD9QZY087,NORD PROJECT LLC TRANSPORT COMPANY,37062,54.16666666666667
TAIYO KOMOREBI CORPORATION LLP,648800YZJGZH4LJ4VC06,KOMOTKO,8813,57.14285714285714
Swarup Iron & Steels Private Limited,984500E48KFDC7C6F211,ZARAND IRANIAN STEEL CO,30761,63.1578947368421
"220 CENTREPORT OWNER, L.L.C.",254900MDSY6SX9H2ZL34,NEW CENTURY IMPORT AND EXPORT CO. LTD,21548,62.22222222222222
Kinetic Capital GmbH,529900S7M4NWIXMZUJ46,OOO OTKRITIE CAPITAL,34508,77.41935483870968
EG Spa Solutions GmbH,529900WMOFO05QBTV982,RG SOLUTIONS LIMITED,48588,91.66666666666666
Ramo Srl,894500UBIFXOGBRCZC02,RAMOR GROUP,22695,53.333333333333336
Beetlejuice Beheer B.V.,724500SXG4RGHE206590,BEHENGAM TADBEER QESHM SHIPPING COMPANY,56997,40.816326530612244
MOHANLAL DEVJI & SONS,894500UBCWDWTCFHBS49,AMIN ABU SHANAB & SONS CO.,8407,56.41025641025641
Electrade GmbH,894500UDCYIW43PWU005,KALAYE ELECTRIC COMPANY,10122,66.66666666666667
NARNARAYAN DEVELOPERS,64880040ZGFT4HPASH73,LANDTEK DEVELOPERS,19974,66.66666666666667
S2M CHEMICALS,335800L71IB9S959DZ86,SAMAN CHEMICAL COMPANY,28687,81.4814814814815
Ruho Groenprojecten,724500TTH83Q9HZM8T25,,,0.0
SEMA,254900L7AYUK9PBMF624,,,0.0
BIA GLOBAL LOGISTICS LIMITED,894500UB7CU56D3LO817,GLOBAL CENTRAL LOGISTICS FZCO,46738,73.46938775510203
VISUAL PERSPECTIVES MEDIA S.R.L.,9845004X7C7F8890FV81,CJSC PERSPECTIVE TECHNOLOGIES AGENCY,51342,57.14285714285714
Stichting Providentia,724500PU2PPOGO18PJ66,STICHTING ISRAA,53923,66.66666666666667
"""Vitorlas"", UAB",894500UAW9QLWEFUD454,INDIO VITORIO S. DE P.R. DE R.L. DE C.V.,9400,33.333333333333336
Familie Wallin-Felkner Stiftungsträger gGmbH,529900BBY3N21PJZPI88,PALESTINIAN AND LEBANESE FAMILIES WELFARE TRUST,15492,50.57471264367817
AMIT TRADERS,335800AGRVFZA7DV7I71,SALITA TRADE LIMITED,40961,75.0
DSJC B.V.,724500SLKLFIMWFASD15,,,0.0
Boedeluitruimer B.V.,724500GQ01KD7VAA7Y97,,,0.0
TS Förvaltning i Tranemo AB,984500F3B6BDBA896A58,TRANSMART GLOBAL TRADING PRIVATE LIMITED,46480,58.33333333333333
RGN INTERNATIONAL,894500UAQQ6U9F3YPK48,NPC INTERNATIONAL,11620,88.23529411764706
"JPS - SOCIEDADE AGRÍCOLA, LDA",894500UAL6N2MFS32038,AGRICOLA DOIMA DEL NORTE DEL VALLE LTDA.,7283,63.1578947368421
ASHOK KUMAR CHHABRA,648800UUI94PULBY5G46,A Y A UNIVERSAL DENIZCILIK KUMANYACILIK LIMAN HIZMETLERI ITHALAT IHRACAT LIMITED SIRKETI,48424,26.262626262626267
KANTOOR VRS,6488001OB1G6T06ZVY19,KANTI LINES INC.,54911,54.54545454545454
Blue Whale Group Ltd.,9845002DAC41F47D4D65,BLUE LAGOON GROUP,23665,72.72727272727273
UNIVARIO TRANSMISSION,3358001S05TC4G9U5983,VNIIR TRANSSTROI LLC,45333,59.45945945945945
MANUCCI ACHILLE ED ATTILIO S.N.C. DI MANUCCI ACHILLE ED ATTILIO,529900Q7P1CGEDEJTT07,ALAMER FOR MANUFACTURE OF PLASTIC LIMITED LIABILITY,30665,43.75
SHIVANSH STEEL,335800FW4MQM14F58M18,ESFAHAN STEEL COMPANY,28284,74.07407407407408
INFINITE TECH SOLAR KHANDAR 3 KUSUM A PRIVATE LIMITED,335800ST0CUF17RL0664,JAHAN TECH ROOYAN PARS,17237,50.847457627118644
"BIOSWEETIE, LDA",894500UAFN3AZGG7EG92,SHENZHEN BIOSEN BIO TECH CO LTD,52614,42.10526315789473
Subversive Prediction ETF,254900I9Z7UMKHS10M38,PROTECTORS OF THE SALAFIST PREDICATION,8085,53.57142857142857
AKSHAY ASSOCIATES,335800ZCJAKM2XV74973,QAWAFIL ALKHAIR ASSOCIATION,56270,59.09090909090908
SPAN ASSOCIATES,648800WJU6KZTMOFJD57,AL-BUSTAN ASSOCIATION,22257,72.72727272727273
CAN CARBO SL,894500UAA3JJCH4BQW54,DALIAN CARBON CO. LTD.,9749,56.00000000000001
KUROWSKI FUNDACJA RODZINNA W ORGANIZACJI,2594006RTJ45AIMHCA32,WAFA HUMANITARIAN ORGANIZATION,6911,54.28571428571429
FIORILLO DETERGENZA S.R.L.,894500QM0MV1ZGO0OO75,DETENTION CENTER NO 1 IN SIMFEROPOL,31572,40.74074074074075
ESTATE PROJECTS SL,959800H59U8786M9MN82,SOVA REAL ESTATE LLC,35328,64.70588235294117
BARUQUIN 3 SLP,894500UA4JZRPHSG3C78,OOO BARUS,36425,52.63157894736843
BALAJI ENTERPRISE,335800JA6FUGTVPLFQ30,"BELLOSOM ENTERPRISE, INC.",11401,72.22222222222221
Defiance Daily Target 2X Long NANO ETF,254900X8S4GRMV5A8086,TARGET ELECTRONICS,42004,46.42857142857143
"UAB ""Ecoservice""",894500UB1TADJDRQ0O53,ECOSEAS MARITIME LIMITED,57870,53.333333333333336
UNIQUE MOTORS,335800RUG4H5NXJRCQ59,UNIQUE STARS LLC,17040,80.0
I-Beton,6994009PBGWMYWBSLM89,LLC INNO BETON 21,48552,70.0
AMAR SINGH BAMRAH & SONS,648800O6Y0YZI3SL2Y64,AMIN ABU SHANAB & SONS CO.,8407,57.14285714285714
USD CREDIT 2031,391200ICZP0QL44BDZ59,FIRST CREDIT BANK,22985,56.25
RVR SUNDROPS PRIVATE LIMITED,648800787GSGVU3DC161,,,0.0
N T Invest AB,648800G52JAXMZL5CS12,OOO TKH-INVEST,40190,80.0
RG CONSTRUCTIONS,335800ITGJHHEBFFXJ33,FURAHA CONSTRUCTION PVT LTD,44459,80.0
K R K MOTORS,64880084W034UY943454,JSC UEC PERM MOTORS,51127,59.25925925925925
GLOBAL FIXED INCOME EUR,391200WU8H5EXNWU6123,ARIES GLOBAL INVESTMENT LIMITED,56720,65.21739130434783
HARISH WIRES,3358005OB5R78CE22662,"CHENGDU KEYLINK WIRELESS TECHNOLOGY CO., LTD",48759,38.297872340425535
RASHMEET KAUR KHANDUJA,648800XIS8H5G5YC3E03,BAB AL KHANDAQ TRADING COMPANY LLC,57526,53.65853658536586
HIYA EXPORTS,3358004AJO27F6KLFQ45,IRAN EXPORT BANK,10368,64.28571428571428
NIPPON GLOBAL XTRACKERS ARTIFICIAL INTELLIGENCE & BIG DATA ETF GIFT,335800H0Z7Z3HYYI7F78,AUTONOMOUS NON PROFIT ORGANIZATION ARTIFICIAL INTELLIGENCE RESEARCH INSTITUTE,50050,56.33802816901409
PACK BLAZE INTERNATIONAL PRIVATE LIMITED,6488007QYIO1M9JASK17,GLOBE INTERNATIONAL SPC,57563,80.85106382978724
Defiance Daily Target 2X Long Kraken Robotics ETF,254900QLQB23E1I18440,TARGET ELECTRONICS,42004,50.74626865671642
RAVI,648800MC01D71PO4WA69,RAVI LINES INC,54910,57.14285714285714
PARSHVANATH DEVELOPERS,648800QNLMXPX6JUYU54,"SOHO DEVELOPERS, INC.",19151,70.27027027027026
Clean Slate UG (haftungsbeschränkt),984500E0498EBH606080,LIMITED LIABILITY COMPANY CLEAN GASES PLUS,45780,54.23728813559322
ANCOFIN,6488000EXEHXV890V397,ANCO BROTHERS CO LTD,57197,40.0
B.L.CHAI UDYOG,335800WUN5LXTP2FCB53,,,0.0
D S R PROPERTIES,648800C2V7F9QWD7FC46,SUN PROPERTIES LLC,27033,80.0
DHAVAL BHARATKUMAR PATEL HUF,9845003ADE86E7FE5A52,BHARDWAJ HUMAN SMUGGLING ORGANIZATION,54682,43.07692307692308
"UAB ""Sinergija verslui""",648800LWWKK13JDHVI62,VERSOR S.R.O.,44579,45.16129032258065
AUTOMOTIVE METAL IMPREGNATIONS,335800EGW6UY7V1ETR15,"LAMINADO PROFESIONAL AUTOMOTRIZ ELTE, S.A. DE C.V.",54396,57.971014492753625
MDW GLOBAL HOLDINGS LIMITED,9845000D76BJ8476CF77,PRINCE GLOBAL HOLDINGS LIMITED,55552,78.04878048780488
Parceria Criativa Lda,894500U9NXCGSJST4O75,ELLISSA PARC COTONOU,12470,48.78048780487805
Subversive All Season Sports ETF,254900NUE7XLEWVDWU43,BEST SPORT COMPANY B.V,39592,47.82608695652174
EMERGING DEBT,3912008A4NT7HUY7GI96,LIMITED LIABILITY COMPANY EMERGENCY DIGITAL SOLUTIONS,45956,40.0
M S N CHAINS PRIVATE LIMITED,335800F2TQHQOG33ER95,MAIN CHAIN,51322,72.72727272727273
SHUBHAM RESORTS,335800MOHDW6T2MXNR73,O-SMACH RESORT,49582,62.06896551724138
JAC FINANCE CORP.,254900W32M1127YXO710,M-FINANCE LLC,29868,80.0
FORTUNE STONE CRUSHER,335800QBF73ER0IQIX23,BLACK STONE OIL AND GAS,56835,50.0
M/S RAJ INDUSTRIES,3358007PE0PL41POZF59,SHER MATCH INDUSTRIES (PVT.) LIMITED,10607,76.92307692307692
LOOMTECH GLOWTEX PRIVATE LIMITED,648800VPEHED21FS3L15,LUMINOUS GLOW LIMITED,55985,48.275862068965516
CONTINENTAL LIGHT LEATHERS,33580031WI0ICVKO9M68,CONTINENTAL SINOIL GROUP LIMITED,54200,60.0
"MANUEL GORJON RAMOS Y CIA, C.B.",959800CSXATN2JURDW23,"EXPORTADORA DEL CAMPO RAMOS ACOSTA, S. DE R.L. DE C.V.",37270,48.484848484848484
Luar Educacional Lda,894500U9IDSP5KGXH427,LIMITED LIABILITY COMPANY URAL EDUCATIONAL RESIDENCE,47899,57.14285714285714
Jels Pizza ApS,648800NXSH0KMCMGPZ40,MELRUX RICA S PIZZA,12425,55.172413793103445
PUBLIC EDUCATION SOCIETY,648800KKCIS4ME8E7O14,SOCIETY OF ISLAMIC COOPERATION,6936,70.58823529411764
AJAYKUMAR MANGLUBHAI VALA,648800EMI8UYXHA9PP43,MANGYONGDAE COMPUTER TECHNOLOGY,56044,35.71428571428571
JEET URJA LLP,335800DN21I96XSOC885,,,0.0
Vicky Kranen Beheer B.V.,648800ANT76PQT098313,LIMITED LIABILITY COMPANY ITECO KRAN,50397,46.15384615384615
Southeast Investment and Planning Solutions S.A.,2549000PMK2HA7I9SF80,NEGIN SAHEL ROYAL INVESTMENT COMPANY,25042,62.68656716417911
ALKA SINGH,6488004H30094H32E324,ALKAWTHER NEON CO,54208,50.0
"FlightDeck - Consulting Services, Lda",894500U9CU8XIL51TK47,SAI SABURI CONSULTING SERVICES,54422,71.875
Ravenfield B.V.,724500K40U5S9XK6NM86,RAVEE CO,53404,66.66666666666667
Jeroen Kranen Beheer B.V.,648800DEHOUZPR6E8V68,ITEKO KRAN,50397,46.666666666666664
FVSOLUTIONS S.R.L. SOCIETA' TRA PROFESSIONISTI,815600C1EDC2994DCC86,SOCIETY OF ISLAMIC COOPERATION,6936,52.3076923076923
UNIDAL S.R.L.,8156006B5DC915783704,UNIDAS S.A.,7600,83.33333333333334
"Maatschap H.G. Tjoonk, J.H. Tjoonk-Boswinkel en G.H. Tjoonk",724500SESWE72CAY4E69,MAATH ABDULLAH DAEL IMPORT AND EXPORT,34984,28.235294117647058
PLC S.R.L.,8156001C6AAAC670F219,,,0.0
VILLA ROSMARINO S.R.L.,815600F113B4BB9B9E71,NAVIRA VILLAS & RESIDENCES,56462,56.41025641025641
NEWCO VALSA GROUP S.P.A.,8156008C4664A0E97248,RENOVA GROUP,24303,68.96551724137932
EXTREME EUROPE S.R.L.,8156003D6234899DE067,ROOL EUROPE AG,15675,64.0
DISCOVER ROME TOURS S.R.L.,81560098C3124966D866,"DALE TOURS, S.A. DE C.V.",31003,62.5
Luuk Kranen Beheer B.V.,648800LBXI2Z5EN6QJ80,ITEKO KRAN,50397,42.85714285714286
Eisinger Holding GmbH,984500J1E8B1IC840055,ELLISSA SAL (HOLDING),12464,70.96774193548387
SASMITA KAR,648800Q845H5QJAFQO60,,,0.0
Paul Müller Holding GmbH,984500DE77AD386DM744,MAGUS HOLDING LLC,26206,68.75
MONT REAL LIMITED PARTNERSHIP,98450066ED3AAA5F2D58,VAKILI JOINT PARTNERSHIP,26536,80.0
REPRO ENTERPRISE PVT LTD,33580076RNY7VCBIZJ70,OSTEC ENTERPRISE LTD,42864,75.0
INDUS WAYFAIR CONSTRUCTION PRIVATE LIMITED,335800Q4XORMEJ0H9B79,QUDS RAZAVI HOUSING AND CONSTRUCTION CO.,30844,72.41379310344827
EUR CREDIT 2031,391200DN2RNYBK0K3141,JSC CB NORTH CREDIT,22506,60.0
PT Alhijaz Indowisata,9845000K780456388E14,HILAL AHMAR SOCIETY INDONESIA,17269,52.0
SYNPULSE FRANCE,984500G8D9D38FC8JE60,SECOURS MONDIAL DE FRANCE,7270,59.45945945945945
AKINFO TOOLS PRIVATE LIMITED,648800VSA6GOALX5JH38,HYPER MACHINE TOOLS,49155,58.06451612903225
AMEENA BEGUM,335800P4O872MR9EAF71,AL AMEEN TRUST,6912,60.86956521739131
DPAM L Bonds EUR Short Term,391200OCBVXPN8JJKT19,INTER ALIMENT SAL OFF-SHORE,28180,48.0
VICKY SINGH,648800DPTBS8WGF1FH95,"SINGH SCIENCE AND TECHNOLOGY DEVELOPMENT CO., LIMITED",29606,34.04255319148937
ORCHARD HOLDINGS CYPRUS LTD,6488004W2ZMW1HFFZ638,CYTROX HOLDINGS ZRT.,48069,66.66666666666667
BABULAL BUILDERS PRIVATE LIMITED,6488006RKN3IV5H4IU74,A.S.P. BUILDERS,25887,71.42857142857143
ASTAR INSULATION PRIVATE LIMITED,6488002L7IF8X6QD6M59,HITEX INSULATION NINGBO COMPANY LIMITED,57556,61.53846153846154
People & Change,6488006S11B8WMJF2A21,NEW PEOPLE'S ARMY,7234,66.66666666666667
"MB ""Blynai""",984500BALBED9D39F782,,,0.0
GLOBAL FIXED INCOME USD,3912004LUQK8HDPFQU60,MELIX GLOBAL SDN BHD,51194,65.11627906976744
PORTA NUOVA INVESTIMENTI S.R.L.,5299003VER5SB8NC1564,SKY NOVA INVESTMENT,44474,74.4186046511628
SILVER PALM HOTEL & RESORTS PRIVATE LIMITED,648800DZ7EIIL7ALVK66,XIHU RESORT HOTEL CO LTD,57249,66.66666666666667
"BlackRock Spear Blocker SPV 1, LLC",529900Y5YSPFS7DY2H19,LIMON BLACK STAR FC,54690,54.16666666666667
VOWCARE PRODUCTS,648800ZS2QU8KZSXV216,PRODUCTORES VAGU S.A. DE C.V.,58073,62.857142857142854
PANCHI DHABA & FAMILY RESTAURANT,894500U97AP5VLT66080,RESTAURANTE BAR LA CAMELIA,21073,67.9245283018868
EMERGING MARKETS DEBT 2031,391200OUWCDUBQSLR260,GENESIS MARKET,41556,50.0
PKFLS Beteiligung BF GmbH,9845007DHE9A80978885,BETENSH GLOBAL INVESTMENT & DONG DONG SHIPPING LIMITED,54334,34.375
SOLIDA-CO SOCIETA' A RESPONSABILITA' LIMITATA,8156000D8588CFADFD51,BAJER SOCIEDAD DE RESPONSABILIDAD LIMITADA,26469,78.48101265822784
Korsgaard Consulting ApS,648800IO8XQJOZSZGC80,KORUS CONSULTING SNG,36419,80.0
RAJMOTI CATTLE FEED,648800AOUG6X76M1X711,SCHEDULE FEEDERS SDN BHD,58496,27.906976744186053
KIKAM Stiftung,5299003MLBQ1NKZDML12,AL-AQSA SPANM I STIFTELSE,7645,50.0
DBX Cloud Solutions Sverige AB,636700N9CYE0QIJV9V27,CLOUD SOLUTIONS LLC,54569,71.42857142857143
SHANIDEV TRANSPORT,335800WADI8UHSWWL517,LINER TRANSPORT KISH,12480,73.6842105263158
TAMETAL GLOBAL TRADING SL,959800N306D4BA1RAU27,TETON GLOBAL TRADING LIMITED,54819,80.0
ICMC PROJECTS PRIVATE LIMITED,648800ABN4XZM4439U57,GMI PROJECTS LTD,30764,80.0
SLÄTAFLY BYALAG,648800R2I2DO65XPHP33,,,0.0
KILI,984500D5CF03FZ874B58,,,0.0
NANDIKA ENTERPRISES,335800NSH9XK0ZOYOM21,KAFAK ENTERPRISES LIMITED,17770,77.77777777777779
M.F.G. S.R.L.,81560056375E8C0F4429,,,0.0
DIVYA DRISHTI EDUCATIONAL SOCIETY,648800VBNRD43JL3DV93,ISLAMIC HERITAGE RESTORATION SOCIETY,10923,60.86956521739131
DEVI LAL GURJAR,648800JY9I3G794BPW42,MICRO DEVICE CO LIMITED,55410,44.44444444444444
ADINATH ASSOCIATES,335800V8ZP84UN8S0114,ASSOCIATION FOR PALESTINIAN AID,7911,57.77777777777777
R SANTHOSH GANDHI,335800FZ4F4H63G64D18,AGROGANADERA LOS SANTOS S.A.,11481,60.0
DEN ERHVERVSDRIVENDE FOND SAMRÅDET,9845006CA3D7A8F3F462,FOND ENERGIA,44099,43.47826086956522
SANDEEP GABA,6488008BCK7O7A53EZ30,SANDAIME KODO-KAI,17787,48.275862068965516
Baosteel Tailored Blanks International GmbH,3912002Y7L253391NV11,ATLAS INTERNATIONAL TRADING LIMITED,57507,70.76923076923076
DAYAL BUILDMART PRIVATE LIMITED,894500U91R5E8MHAIG56,ML BUILD EAD,32040,59.25925925925925
"BLACKROCK SPEAR CANADA SPV 1, ULC",529900TAXLL2DSZHLR61,LIMON BLACK STAR FC,54690,47.05882352941176
GTAA AAAファンド 19 （適格機関投資家限定),529900E61FBVN7RG7V08,,,0.0
BRIJESH KUMAR AGGARWAL,6488007TTTQ2AKZC5E77,A Y A UNIVERSAL DENIZCILIK KUMANYACILIK LIMAN HIZMETLERI ITHALAT IHRACAT LIMITED SIRKETI,48424,25.49019607843137
FORUM SERVICE S.R.L.,8156002799C72C142237,ROKEM SERVICE,52593,76.92307692307692
M/S M K AGRO FOODS,335800C6NHU9CW62S619,FOSSIL AGRO,39838,62.06896551724138
EcomShield GmbH,984500E3D57BEE2ACA09,STRELOY ECOMMERCE,46589,51.85185185185186
EURO CREDIT OBIETTIVO 2031,391200DMH1JTHQ9VGO22,REGIONAL CREDIT,47418,53.65853658536586
Radiologie Zentrum Bremen eGbR,391200NDKKUYHWCHRF38,LIMITED LIABILITY COMPANY BREMINO GROUP,32692,52.83018867924528
4SR Paris,254900F9XC5MF6R40Y42,PARITET,49314,50.0
Svensk Byggledning AB,6488005ZVIB7KYZAF689,SVENSKA MOTSTANDSRORELSEN,49260,46.51162790697675
AMADEUS PRIVATE PARTICIPATIONS,815600DD438526C8A282,AMEREUS PARTNERS PTE LTD,40245,63.1578947368421
BLAST CARBOBLOCKS PRIVATE LIMITED,3358009YZ8EKDAIDS422,GYNTEC CARBON SDN BHD,51184,47.36842105263158
Yukka AG,391200904R7SDYQ2VN15,LLC YUKK TRO YA,48802,50.0
VESPER HOLDING S.R.L.,529900FPR7T0PKRSLW58,RB HOLDING LIMITED,42744,75.0
MANISH KUMAR AGRAWAL,648800ZJ32JFF0RGVB65,AGRAT CHEMICALS AND PHARMACEUTICALS,57357,50.98039215686274
LEWB Beratungs GmbH,529900YPSZKLOIYL2H74,BERATEX GROUP LIMITED,27194,44.44444444444444
AK AGRITECH SOLUTIONS (OPC) PRIVATE LIMITED,894500U8W7LMLN5EUW59,MAX MARITIME SOLUTIONS FZE,47302,72.34042553191489
"SAMO C, INC.",984500BF7414AY28C437,SAMOTLORNEFTEGAZ JSC,18269,36.36363636363637
SAHAB SINGH MEMORIAL EDUCATION SOCIETY,648800Z5IZB2D59YHZ31,SOCIETY OF ISLAMIC COOPERATION,6936,58.46153846153845
Bybit Limited,9845003A6BFDF2E1B608,,,0.0
PremiumFiber LuxCo 2,648800H8PNV2RQSDRN78,OIL PREMIER COMPANY,55193,58.06451612903225
IFAST GLOBAL ETFS SELECT SERIES III VCC,25490078E4E2WBRVTW51,GLOBAL TECH MARINE SERVICES INC,47189,57.57575757575757
IFAST GLOBAL ETFS SELECT SERIES II VCC,2549000L1V0N3NOD3730,GLOBAL TECH MARINE SERVICES INC,47189,58.46153846153845
MINDS-Medical GmbH,9845001CYLAEEA1XA327,MEDIASINTEZ LLC,23943,58.33333333333333
SERUNT INVERSIONES S.L.,95980078N1YDAQMPLW31,"MEDAL INVERSIONES, S.A.",19199,73.6842105263158
AADIDEV PETROCHEMICALS PRIVATE LIMITED,648800NDHKNZ69T92813,ARVAND PETROCHEMICAL COMPANY,26818,80.95238095238095
BOREL SIGMA CONSULTANTS LLP,984500787GB658B5BE22,SYNERGY CONSULTANTS LIMITED,16837,66.66666666666667
"JANELAMBICIOSA, UNIPESSOAL LDA",894500U8QO1UYNTJ7C35,AVENIDAS FLUTUANTES UNIPESSOAL LDA,56754,63.49206349206349
PARTH INDUSTRIES,335800OGD6YATAI4D996,JOZA INDUSTRIES COMPANY,10927,77.41935483870968
INDRAMOHAN VANIJYA PRIVATE LIMITED,648800SU7XIYRWW0R348,VANIYA SHIP MANAGEMENT LTD,27187,55.00000000000001
KIKKO BLU S.R.L.,894500U8FKYBOP5RW891,,,0.0
PremiumFiber TopCo,6488007XOUD404N24H71,QINGDAO PREMIER TECHNOLOGY CO LTD,54153,50.0
BAWTRA SOLAR ENERGY PRIVATE LIMITED,648800V9D0LCKWK9ST53,AA ENERGY FZCO,16137,66.66666666666667
"Chromatic Feelings, Unipessoal Lda",894500U8A1EK1PTW8O55,AVENIDAS FLUTUANTES UNIPESSOAL LDA,56754,65.67164179104478
MONTANI SRL - GMBH SOCIETA' AGRICOLA,8156006149712C457B36,BANANERA AGRICOLA S.A.,7576,68.29268292682926
WSHB GmbH,9845009CD8DDCF63E007,,,0.0
NI.SI. - SRL,894500U84HUSEQI0L402,,,0.0
Van10en B.V.,724500Y2I2L06CSQK688,,,0.0
637 TRIUMPH CT LLC,254900FVKYXQUSXCVC23,,,0.0
"FC REAL ESTATE, LLC",254900PEXAWK8EH27F65,RG REAL ESTATE GMBH AND CO. KG,44244,78.57142857142857
6005 E EXECUTIVE DR LLC,2549005P67V6PNACUC84,AL-QURESHI EXECUTIVES,48186,48.64864864864865
TEXTURE CONCEPTS PRIVATE LIMITED,648800PSUZHWVCBRE718,CONCEPTOSCREEN,36083,66.66666666666667
SR GROUP INNOVATIONS INDIA PRIVATE LIMITED,984500CF9C66590D5184,RIM GROUP INVESTMENTS II CORP.,26203,68.0
PHOENIX GLOBLE,648800VIO7555IS9AA31,LIMITED LIABILITY COMPANY PHOENIX,48686,70.96774193548387
BOB EPROCURE SOLUTIONS PRIVATE LIMITED,984500WAC48FF5CDR957,B AND P SOLUTIONS PRIVATE LIMITED,53882,74.28571428571429
Fr. Mies B.V.,724500SXGRRPEI3K7T40,,,0.0
KRC Data Solutions B.V.,724500VKVKEVA7QA8Y73,AIRROCK SOLUTIONS SRL,49518,74.28571428571429
Hersen Data AB,6488007O0EVSAFCYVS92,DATANA,47420,58.82352941176471
TEO.REMA S.R.L.,815600ABAE7B2E048C84,SIMFEROPOL REMAND PRISON,31572,43.75
DYNAMIC MASTERMINDING SL,984500K5F876FA0F9982,DYNASTY INTERNATIONAL COMPANY LIMITED,39217,53.333333333333336
Outlet Kaubandus OÜ,9845001CC6B2C88C8681,NEW EASTERN OUTLOOK,34821,42.10526315789473
IC3LAND S.R.L.,529900OLDYF61B81IO91,,,0.0
Optrimus B.V.,724500RSKN8VXOBF4O24,RAYBEAM OPTRONICS CO. LTD.,22685,48.0
SNR EGGS,335800XV6K6T3A7SKH78,,,0.0
"KTX INVESTMENTS, LP",2549007POW1JH5Z7J874,KBX INVESTMENT,54182,89.65517241379311
"IMOESTE - SOCIEDADE IMOBILIÁRIA, UNIPESSOAL LDA",894500U7YYB0RR64XK48,"L-INMO, SOCIEDAD ANONIMA DE CAPITAL VARIABLE",26326,57.14285714285714
ARADHANA HOTEL AND COMPLEX,335800QM3L510QB5VS63,SHAHIN BONAB STEEL COMPLEX,30758,62.5
Fossa Holding B.V.,724500NMA6ESJY2JYK13,ELLISSA SAL (HOLDING),12464,78.57142857142857
Klein Capital B.V.,254900B3OD75FQJL1V96,POLINA CAPITAL PTE LTD,40776,81.4814814814815
MEJOR INFO SERVICES PRIVATE LIMITED,335800MDCUEE6EVDXP68,IRAN MERINE SERVICES,25919,76.92307692307692
The Banyan Settlement,529900FAWQDV1C1V4I50,INTERNATIONAL SETTLEMENT BANK LLC,50604,69.56521739130434
"HRIBIS, projektiranje in založništvo, d.o.o.",254900YDY2X7RNRFH543,JOINT STOCK COMPANY SEA PROJECT,48486,48.38709677419355
Santander Mortgage Asset Receivable Trust 2026-NQM8,254900JU60TEAGEE1S81,OOO OTKRITIE ASSET MANAGEMENT,34507,47.36842105263158
FB Patrimoine S.à r.l.,391200UWW8X5G7QI2803,MILITARY-PATRIOTIC CLUB RUSICH,38665,48.0
MONITUM S.R.L.,529900U9AW69GNIG5W94,OOO MONITORING,46581,58.82352941176471
J. IVERSEN INVEST ApS,64880072AQWXZWB5XD80,IRAN OVERSEAS INVESTMENT CORPORATION LIMITED,4642,65.0
PLUNHOF S.R.L.,815600F84EB6F8B48131,,,0.0
PARKINSON UROLOGY LTD,984500C43C4C5142CE31,LIMITED LIABILITY COMPANY SCIENCE AND TECHNOLOGY PARK SKOLKOVO,38223,47.45762711864406
PRODUCT MANAGEMENT CONSULTING LIMITED,9845004758E5EF514654,LLC CONCORD MANAGEMENT AND CONSULTING,22526,72.41379310344827
WPSG MASTER HOLDINGS II PTE. LTD.,254900ZWOS6Z32JWTE45,"MAGUS HOLDING II, CORP.",26207,71.7948717948718
CAMALUS LTD,984500BQF3BE9C5A9D35,,,0.0
Doomen Boek & Buro B.V.,7245009TJMCI4BWQLP54,BUROVAYA KOMPANIYA EURASIA LLC,44151,42.85714285714286
CGE 36 HYBRID ENERGY PRIVATE LIMITED,335800EZ5OX1T8H6RO55,A THREE ENERGY FZE,46357,58.82352941176471
FIRSTFRY FOODS INDIA PRIVATE LIMITED,6488004IZQQMUJ7RIA41,FIRST FURAT TRADING LLC,16135,56.41025641025641
FEITZ Consultancy,724500HZYRYTOTBBMU42,TCH CONSULTANCY,45736,81.25
Beans & Bunnies B.V.,724500QIOBQPHZPNAG44,,,0.0
KISSAN COLD STORE,335800G7K9YIFSRT7O91,ELLISSA MEGA STORE,12471,62.857142857142854
D. Fafié Holding B.V.,7245009UXQT7R0L2WC14,ARIMERO HOLDING LIMITED,34616,73.33333333333334
Mitu Holding B.V.,724500FDZTAEZFGA1V16,MTV HOLDING,52176,86.95652173913044
JUNCADELLA SALVADOR SL,894500U7TER94RU9A027,ISLAMIC SALVATION FOUNDATION,6366,48.0
RAJASTHAN SECURITIES LIMITED,648800GVAUXN5XC83E52,SB SECURITIES SA,18753,72.72727272727273
DS Ventures Steuerberatungsgesellschaft mbH,3912002HW7HN3NJVAL48,VALIANT MARINE VENTURES FZE,53877,48.38709677419355
stüve und feller optic GbR,529900YO98OW27R2RL27,ELECTRO OPTIC SAIRAN INDUSTRIES CO.,45356,52.63157894736843
53 Holding GmbH,984500D5CFAE3FF4F945,LLC HOLDING GPM,47832,76.19047619047619
SIDHU HI TECH AGRO COLD STORAGE,335800CCRQMCPDQQUG62,CHINA CHLORATE TECH CO LIMITED,54035,56.00000000000001
MPW MANAGEMENT SERVICES LIMITED,984500A9A3B858E08966,NOVA MANAGEMENT SERVICES LIMITED,55925,85.1063829787234
VISTA ENTERPRISES,335800MEQFXC1KGE1O53,GOLDVAST ENTERPRISES COMPANY LIMITED,50833,81.08108108108108
AJB ANAESTHETICS LIMITED,9845005670F5CBA7B537,,,0.0
Bedachungsgeschäft Aloys Haase GmbH,3912005O20RETJ68VW67,,,0.0
"JOSÉ ANTÓNIO & MARTA AGUIAR, INVESTMENTS, LDA",894500U7NV7HHSIDMG83,KAMARAN INDUSTRY & INVESTMENT CO,55342,58.82352941176471
MUNJOH RESORTS PRIVATE LIMITED,648800UT8X0MN7WITM53,CROWN RESORTS CO LTD,57196,66.66666666666667
Finn Mengler GmbH,9845000C584EA1E3D682,FINNISH RESISTANCE MOVEMENT,49260,46.15384615384615
AFTERSKILLS LTD,254900FXBWCOJBQ58Z70,JSC RPC ISTOK NAMED AFTER SHOKIN,37697,41.02564102564102
SOUTH INDIA RUBBER AND CHEMICALS,648800Y4XGTBHLLH5685,"HUBEI VAST CHEMICAL CO., LIMITED",45393,63.829787234042556
ACOMODA TEXTIL SL,894500U7CS3Y7TUMBC21,GLOBAL DE TEXTILES ANDINO S.A.S.,27250,61.53846153846154
DPAM L EQUITIES EUROPE OPPORTUNITIES,391200F56A6VKLMB4975,RIHS EUROPE AMERICA MUSLIMS COMMITTEE,10923,52.05479452054795
BROTHERS ENTERPRISE,335800REN63GYF9Y0V80,"BELLOSOM ENTERPRISE, INC.",11401,73.6842105263158
PKFLS Beteiligung TK GmbH,391200NA3XVO4E9Z4H13,BETENSH GLOBAL INVESTMENT & DONG DONG SHIPPING LIMITED,54334,34.375
Threerun GmbH,391200UMKAN5G87W0832,A THREE ENERGY FZE,46357,45.45454545454546
DPAM L EQUITIES AMERICA OPPORTUNITIES,3912000TDPMTHDN42Q33,RIHS EUROPE AND THE AMERICAS COMMITTEE,10923,53.73134328358209
GI.SA DI GIUSEPPE GISMONDI SOCIETA' SEMPLICE,815600AE5956690F1A30,AGROPECUARIA MAIS SOCIEDAD POR ACCIONES SIMPLIFICADA,20208,50.0
Deka Euro Corporates 0-3 Liquid UCITS ETF Acc,3912004K3AYMKBV09B49,LIMITED LIABILITY COMPANY DEPOSITARY AND CORPORATE TECHNOLOGIES,51431,50.0
FINANCIERE PHARMALFA,254900YN6ALIIJGO1O57,HALEEL FINANCE LTD,47447,64.70588235294117
DPAM L EQUITIES ASIA OPPORTUNITIES,391200PWGROSAEVPFX79,ASIAN AVIATION LOGISTICS COMPANY LIMITED,17228,55.172413793103445
DPAM L Bonds USD Medium Term,391200DXO9K1LPYYHM64,BIOPHARMIST MEDICAL PRODUCTS TRADE LIMITED COMPANY,49272,48.38709677419355
DPAM L EQUITIES EURO VALUE,3912000Z7VDQ6PVERN10,DOT ONE VALUE CREATION GROUP,58176,48.14814814814815
EPRICE IT S.R.L.,815600124706320C4007,,,0.0
INNOVO RENAISSANCE LTD,6488007HUDS01MC2XU03,ISLE INNOVATION INC,54418,60.60606060606061
PROYECTOS TECNICOS ANDALUCES SL,9598005V0MUYKHYLS823,"SERVICIOS TECNOLOGICOS INDUSTRIALES, C.A.",20257,60.86956521739131
Höhne Holding GmbH,391200L0WIV4C3DKS505,COCHAN HOLDINGS LLC,33939,78.57142857142857
SHRI BALAJI EDUCATION TRUST,3358003ABDNDZ3TW5W51,KALA PENSION TRUST LIMITED,11637,62.22222222222222
9504-0275 Québec inc.,254900ICOF0MODAF3I31,9105 2829 QUEBEC INC,49831,68.75
SAMRIDDHI AGRO PACKS,648800H7KC5BHJKB8V68,AGROPECUARIA MAIS S.A.S.,20208,54.054054054054056
AADVIK & ASSOCIATES,894500U6QLWVNWJ3P433,ASSOCIATION FOR PALESTINIAN AID,7911,59.09090909090908
MELINOL,648800BVTTWPXDYFMT42,MELIORA AKADEMIKA,32038,41.666666666666664
VDP 107,699400RQ7A3E4KASPP16,,,0.0
RP ENGITECH PRIVATE LIMITED,3358002MDRM3COCA6I51,PERM ENGINE COMPANY,51127,63.63636363636363
PRAVEEN KUMAR AGARWAL (HUF),648800LJ53FVN1EE8G06,TSENTR IZOLYATSII PRAVONARUSHITELEI GUVD MINGORISPOLKOMA,31677,37.03703703703704
KAPN ASSOCIATES LLP,648800JAV4GA7NPJJS10,GREEN PINE ASSOCIATED CORPORATION,12212,66.66666666666667
KugelFritz Familiengesellschaft eGbR,3912005RUQOWIULJ7030,WELFARE OF THE PALESTINIAN AND LEBANESE FAMILY CARE,15492,52.63157894736843
LO NIGRO GIOVANNI,529900TWPS8KVW8F4E65,,,0.0
Malawski Fundacja Rodzinna w organizacji,259400DZ65WIU278G787,WAFA HUMANITARIAN ORGANIZATION,6911,54.28571428571429
BRAINPOWER LABS,254900EPN9DG5O08XO34,KATRANJI LABS,24744,57.14285714285714
braindinx GmbH,984500FX7F58FC80B867,,,0.0
G&G Poultry Ltd,894500U69Z9KQYJGQG56,,,0.0
DPAM L BONDS USD SHORT TERM,391200Y3YINV00072R26,STARS COMMUNICATION SAL OFF-SHORE,17044,46.42857142857143
GRACE INTERNATIONAL,335800725SAJPE76SN22,IAC INTERNATIONAL INC.,8247,88.88888888888889
PROP_TRUST 2026,984500EAB7CBFD4YCA85,AEM PROPULSION,44299,48.275862068965516
DPAM L EQUITIES AMERICA SMALL & MID CAPS,3912002NFAWHC1Q53Y58,AMERICAN FRIENDS OF THE UNITED YESHIVA,4700,52.17391304347826
SDLB Collaborate GmbH,391200CYRNJ1GJWBQF32,"HD COLLECTION, S.A. DE C.V.",18129,43.75
DELTA 4,9845000SVD4A8862I629,LLC TSTO DELTA-AERO,44020,54.54545454545454
Manulife Investment Management Global Climate Pooled Fund (Non-Taxable),254900EA743RVJLHF818,JOINT STOCK COMPANY MANAGEMENT COMPANY OF THE RUSSIAN DIRECT INVESTMENT FUND,34337,57.377049180327866
DIGITAL EDGE (SINGAPORE) HOLDINGS PTE. LTD.,2549009H1TL7R2LDNR86,TOSE-E DIDAR IRANIAN HOLDING COMPANY,25634,64.40677966101696
NANDA DECOR,335800BH5TY9T8FQ0E65,PRINCE REAL ESTATE DECORATION ENGINEERING CO. LTD.,55866,38.46153846153846
GM.TBA. SRL,8156002E32D4F13AA467,,,0.0
Elixis BidCo,2549001AQBDMN9ZOYV48,ELIX ST GMBH,47936,52.63157894736843
OVERIS ŁUKASIK SPÓŁKA KOMANDYTOWA,259400P7R68WLGX5Y720,RUSATOM OVERSEAS JOINT STOCK COMPANY,42069,49.18032786885246
AGASTYA TRUST 2026,984500DE01B388B9E167,AL-RAHMAT TRUST,12294,60.0
PKD LIS SPÓŁKA Z OGRANICZONĄ ODPOWIEDZIALNOŚCIĄ,259400GFDYJJFFM6BP68,CALLLYNC SPOLKA Z OGRANICZONA ODPOWIEDZIALNOSCIA,57210,84.21052631578947
NAPOLLO 37 SPÓŁKA Z OGRANICZONĄ ODPOWIEDZIALNOŚCIĄ,259400DWFJ7VDJ93TB02,CALLLYNC SPOLKA Z OGRANICZONA ODPOWIEDZIALNOSCIA,57210,85.71428571428572
KLUCZ FUNDACJA RODZINNA,25940079BDR1SC3K0481,FUNDACION ISSARA,15857,46.15384615384615
OVERIS CARGO SPÓŁKA Z OGRANICZONĄ ODPOWIEDZIALNOŚCIĄ,25940022ELAYU05X7A05,ROSETTA GAMING SPOLKA Z OGRANICZONA ODPOWIEDZIALNOSCIA,56336,83.01886792452831
Ancat Holding GmbH,984500FECA1K95AC1D66,FANAP HOLDING,54977,84.61538461538461
Aurea Vista International Ltd,254900VGXIOQ8W0O0W77,AE INTERNATIONAL TRADE CO LIMITED,57597,80.85106382978724
Gambit General Limited,5299004M33GR92SWQO90,BAVI GENERAL TRADING CO L.L.C,40968,58.82352941176471
OM SAI AGENCIES,3358000XVRQRH8R6YH52,HARDSEA AGENCIES,25801,70.96774193548387
BHARAT IRON TRADERS,894500U5TCM9U0JTRS54,CROWN AUTO TRADE,26175,68.57142857142857
DMR POULTRY FARMS,335800623VWH3LGW5T57,FRESH AIR FARM HOUSE,30523,54.054054054054056
POIZON Holding PTE. LTD.,254900XU29GDP3MDCX89,MOBIN HOLDING LIMITED,29624,81.4814814814815
ABHAY KUMAR MUNAT,648800SNCKONXPOOSP93,AL-MUNADAMA AL-KHAYRIA LILTANMIA,21391,51.162790697674424
The William Dillon Settlement,9845008D6DC452950C02,ASHDALE SETTLEMENT GERCO SAS,34057,57.14285714285714
LORVEN TRADERS,894500U5NT2I717Y4885,CTL FOREIGN TRADE LIMITED COMPANY,45055,70.96774193548387
AM PRECIOUS METALS SINGAPORE PTE. LTD.,254900GGB8W6RHYTR383,AGOR PRECIOUS METALS,35300,70.83333333333333
Ellegaard Klitmøller Invest ApS,648800DE3N71090DIK29,AZAR INVESTMENT,25909,57.14285714285714
TATA-IMALI INC.,254900EVPPMSXT4QAA92,PLATIN GRUP MAKINA IMALAT DIS TICARET PAZARLAMA SANAYI LIMITED SIRKETI,49516,27.77777777777778
MYRA BIOPHARMA,335800DSB59WSN8DI013,MYRA MARINE LIMITED,56243,56.00000000000001
THIMM Holding GmbH + Co. KG,391200IMF7D9NHESYF57,SHIBAM HOLDING,55289,81.4814814814815
ARTICLES DE FUSTA PUIG S.C.P.,959800Z1C4RAGAXQQH52,SC TULA RUBBER TECHNICAL ARTICLES PLANT,43072,48.38709677419355
RADHA LAXMI TEXTILE LLP,335800PA3R75FIQNFS98,HEJAB TEXTILE COMPANY,30398,62.5
UTKAL INDUSTRIAL DEVELOPERS,648800IHUUP8FABRW063,KOREAN MINING AND INDUSTRIAL DEVELOPMENT CORPORATION,9345,69.84126984126983
NUVAMA MUTUAL FUND,3358004C3P9CZZQHNQ29,OOO VENTURE FUND SME,34674,52.94117647058824
The Eugenie Dillon Settlement,984500571WE8EEAFFC82,ASHDALE SETTLEMENT GERCO SAS,34057,65.3061224489796
HARSHIP AS,636700CF0K8HP052YC42,,,0.0
C. VOGHELL INC.,254900EU2GSOZQ7MOB41,,,0.0
RADHESHYAM INDUSTRIES,335800FNEKPP1GKPVT70,SHAHID MOVAHED INDUSTRIES,19716,73.91304347826086
Sturm Tech Industries Holding B.V.,894500U5CPYYX2K6T453,TADBIR INDUSTRIAL HOLDING COMPANY,16008,70.37037037037037
"FW COCO, LLC",254900QKT8AF4Z7FCI23,"COCO BEACH BAR, S. DE R.L. DE C.V.",55037,34.48275862068966
C.W.Röhsler-Markomannen-Stiftung,3912009B9A5H2DWZH247,INDISOL MARKETING PRIVATE LIMITED,55906,51.06382978723405
Argus Private Partners SICAV plc,39120014VGLI81REJS31,AMEREUS PARTNERS PTE LTD,40245,72.22222222222221
ASIAN SEEDS PRIVATE LIMITED,335800WY06KV1NQV5K26,VEB ASIA LIMITED,18295,63.1578947368421
Bosby Nominees Pty Ltd ATF Mahemoff Family Trust No 1,254900O4DQTOVNESR922,AL-SHAHID ASSOCIATION FOR MARTYRS AND INTERNEES FAMILIES,10410,44.680851063829785
MONTAJE Y TRATAMIENTO DEL AGUA SL,959800Y7KPM1BBAF0659,"PALMA DEL BAJO AGUAN, S.A.",16179,44.44444444444444
NEERPATH HEALTHCARE PRIVATE LIMITED,648800J9WH8NAGU3VA15,,,0.0
iGlobal Embedded Solutions,894500U576F7A38B5K81,GLOBAL IMPORT SOLUTIONS S.A.,56355,65.3061224489796
tekkr GmbH,391200WR9WOSIQ2BX678,,,0.0
JEEVAN PRABHODHINI TRUST FOR HOLISTIC DEVELOPMENT,648800UKQ3UKR69E9016,PARSIAN RAIL TRANSPORT DEVELOPMENT,25921,63.29113924050633
ActAdmin,9845004F143EA6400F92,,,0.0
Lotus Pond Ltd,894500N82JZ0E7BMGO16,LOTUS UNIVERSAL LLC,57084,56.00000000000001
SUMINISTROS Y CONSTRUCCIONES MYTAGUA SL,9598007AL4VU4M8YP184,MINISTRY OF CONSTRUCTION OF CUBA,58445,70.76923076923076
F-INES ACCOUNTING,648800TIIKTHKWV4NQ29,THE AUDITORS FOR ACCOUNTING AND AUDITING,39976,62.22222222222222
STECH WATER PROOFING CO.,894500U51MVFN3WFI043,COKE WASTE WATER REFINING CO.,30403,66.66666666666667
Vanbesien C,648800USM3MTUOVHKE11,,,0.0
Universitätsklinikum Düsseldorf,9845001AF048BF587910,AL-MUSTAFA UNIVERSITY,30625,53.06122448979591
MARINE SPARES SPÓŁKA Z OGRANICZONĄ ODPOWIEDZIALNOŚCIĄ,25940039N3PHBX4G6U66,ROSETTA GAMING SPOLKA Z OGRANICZONA ODPOWIEDZIALNOSCIA,56336,84.11214953271028
SRI THANASI CONSTRUCTION PRIVATE LIMITED,335800E0CSSS14PFAH50,HAMER AND NAIL CONSTRUCTION LIMITED,34489,76.59574468085107
Fundacja Rodzinna STAŚ w organizacji,259400U06GZY9H0RFF57,MYANMAR WAR VETERANS ORGANIZATION,33536,57.971014492753625
Heigl GmbH Antriebe Konzeptionen,391200FXO3D9LDU6AM66,CAVALLY ANTRO & BAR,55038,31.818181818181824
FOMENTO ROALZU SL,959800167UW4CSJLEE05,COMPANIA DE FOMENTO MERCANTIL S.A.,7580,51.162790697674424
GORING & STRAJA STUDIO S.R.L.,815600ED5598E744BF24,NINGS CARTOON STUDIO,34023,60.0
PT Fks Food Sejahtera,984500ADFEA0CA6FAF42,JIANGKANG FOOD LIMITED,49695,45.714285714285715
دي آي بي 5 (سي إي آي سي) آي سي,9845001N68B060AC9869,,,0.0
ConstiMax KG,391200NY9WT69Z3R6340,TRILEMA CONSULTING LTD,40803,59.25925925925925
BADAL GHOSH,33580022UF3CNGOZW750,GHOSTARESHE SANAYIE MADANI KAWEH PARS,30373,20.833333333333336
TI-MON LODGE S.R.L.,8156009285DB5791B947,,,0.0
HOLDBR HYG SL,959800UYVTAH0W24UB38,HYSA HOLDINGS INC,56334,61.53846153846154
HeptaSphere GmbH,391200H9M3HJOQGWIT46,,,0.0
ZERODHA NIFTY NEXT 100 ETF,335800UW9QDFK99QNO11,OPERATION ZERO,56991,40.0
AURA NOVA CAPITAL SL,9598007L7UQMCTMUFY09,AVRORA CAPITAL SRO,40825,68.42105263157895
ANUDEEP INFRA,335800YSM5695JUV4W38,AO INFRAVEB,35001,58.33333333333333
D und A Capital Beteiligung GmbH,984500I6C1FE22C18F98,AVIATION CAPITAL SOLUTIONS LTD.,19712,56.60377358490566
LOKVIKAS SUGAR MILLS LIMITED,894500U4QJRWD58O6W83,MEHRAN PAPER MILL,17355,48.64864864864865
M Index AG,2549008BU7TIXCJRXS53,INDEFI SMARTBANK,53079,52.17391304347826
UGA TECHNOLOGIES SL,959800BMGAWGLG74CD32,SMILE TECHNOLOGIES S.A.,26465,81.08108108108108
RAHUL AUTOMOBILES,335800B86VUCD358VO28,CROWN AUTOMOBILES,26175,76.47058823529412
KAIROS&AION CORP. SL,959800XD2BJHJFYQPK13,KAIRABA SHOPPING CENTER,12455,43.24324324324324
A.K.TRAVELS & TRANSPORT,894500U4L084Q5WSJC03,AZZA TRANSPORT,10369,72.72727272727273
WiLies Safety GmbH - Sicherheit zwischen Alpen und Meer,391200CG61QPTNVL5B50,YEMEN ARMORED SECURITY & SAFETY SERVICES,55304,53.48837209302326
SRI SRINIVASA AGRO FOODS,335800ECR46XXMKNGZ19,FOSSIL AGRO,39838,57.14285714285714
"Oaktree CLO 2022-3, Ltd.",2549002RT0ACCVQDCA39,,,0.0
b i f gmbh bockholt innovative fördertechnik,984500D0485Y877B4997,LLC ECHELON INNOVATIONS,48051,48.275862068965516
LECOBI SOLUCIONES ESTRATEGICAS SA,959800DPJUZTNJC0TH07,EX-CLE SOLUCIONES BIOMETRICAS C.A.,30421,67.74193548387098
Steinert Grundstücksverwaltungs KG,391200NYWD5AM2IER371,GRUN GROUP CO LIMITED,50135,29.268292682926834
SSIEL HOTELS & INFRASTRUCTURE PRIVATE LIMITED,335800F2P6W94U9QSS60,LLC RKS INFRASTRUCTURE,46038,71.11111111111111
ALTET DIEZ SL,959800RB1Q57VC58KG44,LIMITED LIABILITY COMPANY ALTEGRITY,48869,50.0
Kumano PD 2026 Unit Trust,254900S7EBBSRARAH068,UR-RAHMAN TRUST,12294,55.00000000000001
MOHAN SINGH SIKARWAR,335800KTB9GL9E49CC81,SUN MOON STAR (SINGAPORE) LTD.,24567,60.46511627906976
INMUEBLES CORPORATIVOS PREMIUM SL,959800DPCFGEDANCK510,CORPORATIVO Y ENLACE RAM S.A. DE C.V.,57234,63.33333333333333
BLACKLINE SOLUTIONS SL,959800V97C4KQH967093,MEXPACKING SOLUTIONS,42026,71.42857142857143
EDIFICIOS EXCLUSIVOS 3 SL,959800WDT7FM7B7R3Z98,EXCLUSIVE IMPORT EXPORT S.A.S.,33015,41.666666666666664
THE EDWARD DILLON SETTLEMENT,98450064T43849F0D005,ASHDALE SETTLEMENT GERCO SAS,34057,66.66666666666667
PEARL ENTERPRISES,33580051KLMOT885RL54,TEAMFORD ENTERPRISES LIMITED,34117,81.08108108108108
ACTIVOS PRIME 2026 SL,959800PV7UQB5PE6SX33,AKB PRIMORYE PAO,40877,48.64864864864865
Edervest GmbH,9845005C11ED1DE7E489,JAIME EDERY C. & CIA. S. EN C.,16800,37.5
AQA Steel GmbH,984500BN9C7F5B515733,SABA STEEL,28303,84.21052631578947
baticapeb 42,894500U44DKTT7X5KO67,BATI ENERJI URETIM SANAYI VE TICARET ANONIM SIRKETI,36064,25.396825396825395
Flow of Balance OÜ,9845000BB43FBE1A9678,BANGKOK SILK FLOWER COMPANY LTD.,9552,52.94117647058824
5G Capital II LLC,894500U3YU1268L9X486,CJSC IIB CAPITAL,41918,83.33333333333334
FINANZIARIA PLASTOD - SOCIETA' DI PARTECIPAZIONI INDUSTRIALI - SRL,815600EDDC6E1F8AE673,INDUSTRIA DE PESCA SOBRE EL PACIFICO S.A,6824,57.14285714285714
Genesis Environmental Solutions GmbH,391200UXK24WF5QLQ756,OCEANEN ENVIRONMENTAL SCI.& TECH.,50499,68.85245901639344
LA NUOVA ERA SRL,815600714B7A1DC2BF10,,,0.0
MUSTPA LTD,98450084E5DC88QFBC85,MUSTAD LIMITED,57600,83.33333333333334
SANTOSH PRABHU ANNIGERI,648800K1HPDZP05KJV95,SANTA RITA MINING COMPANY S.A.,57116,55.00000000000001
Ljungskile Färgaffär Aktiebolag,984500590DE77AC9AA67,VEB.RF UPRAVLENIE AKTIVAMI,35024,45.614035087719294
PANKAJ AGRAWAL,648800B24DDNQRXT5F87,AGRAT CHEMICALS AND PHARMACEUTICALS,57357,44.44444444444444
Evalue Grundbesitz II eGbR,254900BAJFMTH2ZH0P75,GRUN GROUP CO LIMITED,50135,44.44444444444444
Suomen Kansallisteatterin Näyttämöväen Vakuutuskassa,6488005EQX5WZYYKXG37,AKTSIONERNOE OBSHCHESTVO VAKUUM.RU,37619,39.53488372093024
M/S DREAMLAND,894500U3NQXIW9XIM087,DREAM LITE TRADING LLC,45941,51.61290322580645
SANGITABEN PINTUBHAI PATEL,648800BI3KZ82LNU6A53,SANGSIRI KANKASET COMPANY LIMITED,11295,41.860465116279066
Efct Organisationsutveckling AB,9845002B4896AFAED024,LOPEZ HUMAN SMUGGLING ORGANIZATION,49721,61.29032258064516
COCINSA DE LERIDA SL,959800NPTTYYE2H00A73,"COCINA DE TIJUANA, S. DE R.L. DE C.V.",10648,51.28205128205128
P NATARAJAN,6488005BSXS3ULK6EK76,,,0.0
XAOLUK SL,529900Q289RX0UH40R15,,,0.0
ah-consulting GmbH,391200C9MR8SO1K5Y360,ARCH CONSULTING COMPANY,29783,92.85714285714286
PRIME AFRICA TRADE PTE. LTD.,254900ZA0KQ75REV7A29,ARTVIN MARITIME AND TRADE LIMITED COMPANY,42178,71.7948717948718
M/S DEEPAK TRANS EXPRRESS,648800D00HQ6EHPAXM02,MODERNA EXPRESS TRANSPORTE DE CARGA LTDA.,11849,54.83870967741935
GEBEHA GmbH,529900OIYOZMLF4HIG16,,,0.0
Maklerservice Niederrhein UG (haftungsbeschränkt),529900HVBQ3TBYSA4S27,SANAYE HAFTOME TIR,10863,40.0
1A Capital GmbH,6488006C36VF00EO1X46,ALT CAPITAL PTE. LTD,57770,85.71428571428572
NEXTEDGE SUPPLY CHAIN PRIVATE LIMITED,648800EGM1GMWS6YJB42,RAZAVI SUPPLY CHAIN MANAGEMENT CO.,30853,62.745098039215684
ADAM CLARK HOLDINGS LTD,648800C86V0XNHXOYO90,AMAN HOLDING PRIVATE JSC,26887,70.96774193548387
ONEMARKETS UC GLOBAL,81560005E79794E22671,SMART GLOBAL LIMITED,57960,68.75
Paul GmbH,98450053D15D0Q747F45,PAUL AD SONS TRADING FZE,55476,33.333333333333336
SKY MARKETING,6488006MXODGJV5G3E03,INDISOL MARKETING PRIVATE LIMITED,55906,60.0
BISWAJIT CHETIA,648800D9M06NOKCY5B19,,,0.0
MODULAR LIVING SL,529900XRJOJ8JUXFTK88,NTTS MODUL INNOVATSII,47554,57.89473684210527
SHREE SWAKASH FOOD AGRO PRIVATE LIMITED,648800RIL58HFBVXDT90,FOSSIL AGRO,39838,52.94117647058824
N.G.ENERGY,64880039OE1IKE7IYA67,,,0.0
ECOCHARGE ENERGY PRIVATE LIMITED,64880069I5O5WSTXG328,COVART ENERGY LIMITED,47040,75.86206896551724
NAVA PHARMACARE PRIVATE LIMITED,648800DY02WFPRY70C52,REEM PHARMACEUTICAL,21564,58.82352941176471
Die Frachtlotsen Stiftung,3912001H0GHP1M0RRG08,FRACTAL SHIPPING SA,54881,53.65853658536586
MAGIF SOCIETA' A RESPONSABILITA' LIMITATA,529900Y1BNK0F88Y9D02,BAJER SOCIEDAD DE RESPONSABILIDAD LIMITADA,26469,76.92307692307692
Aleks-Projekt OÜ,64880056B1QM17D5G804,AO TSKB PO SPK IM RE ALEKSEEVA,49210,56.52173913043479
JHM S.à R.L.,894500U3CNTZMB9RAW07,,,0.0
Vatsal Agarwal,648800NPML4XXE9TNB53,,,0.0
Katusepoisid OÜ,648800PS4I6ZIXKAV253,,,0.0
DIGICOM BELGIUM,648800IKAX7JJQ39F512,FONDATION SECOURS MONDIAL-BELGIQUE A.S.B.L.,7270,44.44444444444444
ARC INFRADEVELOPERS PRIVATE LIMITED,648800AG5RW29U35VI02,AO INFRAVEB,35001,60.0
PARADISI,648800Q9O43W0TKJS882,PARAVAR PARS COMPANY,39038,50.0
PRIMA ASSEVERAZIONI SRL,815600555219D8F33288,PRIME CHEER CORPORATION LTD.,33677,53.333333333333336
ABM Accountancy,648800H5Y2FTT8PPER42,THE AUDITORS FOR ACCOUNTING AND AUDITING,39976,41.860465116279066
LOTUS BIOMEDICALS PRIVATE LIMITED,894500U374A7ZBXVNC90,EX-CLE SOLUCIONES BIOMETRICAS C.A.,30421,57.14285714285714
Gocom Management,648800DPZFKSGYX2C007,GMM MANAGEMENT DMCC,48775,86.66666666666667
"G. Lux, IĮ",648800RM1QD08HGOYD06,,,0.0
NEW ERA WAREHOUSING & LOGISTICS LLP,648800Y8ARF8DASSW709,NAI LOGISTICS LIMITED,44252,61.904761904761905
WFG Werkstatt für Geotechnik ZT GmbH,98450083F96EAE7B9A63,GEOTECH HOLDINGS LIMITED,55919,38.297872340425535
FP INGEGNERIA S.R.L.,529900TYMLL0RKW5MD06,LAS INGENIERIAS S.A.S.,30268,64.28571428571428
Adriana Mangiacotti Atelier für Architektur GmbH,391200KYII23G22ZRX10,PRINCE HUAN YU ARCHITECTURAL DECORATION ENGINEERING CAMBODIA CO. LTD.,55613,44.66019417475729
Santander Mortgage Asset Receivable Trust 2026-NQM7,254900J9OY8B8FUI8Q60,OOO OTKRITIE ASSET MANAGEMENT,34507,47.36842105263158
OÜ Triumvirate,648800Z9626N467QPU86,,,0.0
BAGLA AUTOMOBILES PRIVATE LIMITED,648800XTW7ET14TAJW19,OJSC MINSK AUTOMOBILE PLANT,41318,71.7948717948718
Werbewerker GmbH,98450098B59BEF3CEA30,,,0.0
SHREE KRISHNA INDUSTRIES,335800WRDSEZ9PT2PU97,SHAHID KARIMI INDUSTRIES,22783,75.0
Leinweber GmbH,391200I5TPLIKSESW041,,,0.0
Karter Foundation,98450067B7A090C00728,AL-KAWTHAR FOUNDATION,28702,85.71428571428572
ARCIL-TRUST-2027C-011,335800TLFXBYI7V46H92,AVIA TRUST FZE,16535,51.61290322580645
"Direct Service Works, LLC",2549007LAWQXTHQ46V47,ALFA-DIRECT SERVICE LLC,34704,71.7948717948718
PAGE 3 ENTERTAINMENTS,894500U31KQGCCLZZS86,"MARIMBA ENTERTAINMENT, S.R.L. DE C.V.",21104,71.11111111111111
"""ЮНИМЕТ"" ЕООД",6488004MANP4IMVM2028,,,0.0
VAANI ICE AND COLD STORAGE PRIVATE LIMITED,648800EONWGYPY0XNF22,"VNV STORE, S.A. DE C.V.",56054,58.82352941176471
ARCIL-TRUST-2027C-009,335800R4BB93YZ7WFY57,AVIA TRUST FZE,16535,51.61290322580645
S.C.P. SHORELINE GROUP HOLDING COMPANY,254900N0S8SOU3KYL209,PRINCE HOLDING GROUP,54750,80.85106382978724
FERRONIX INVESTMENT CASTINGS PRIVATE LIMITED,894500U2W16OPDA4C828,ALSTONE INVESTMENT SA,38536,69.56521739130434
KUNAL KEHAR,648800E9WHO0PJHBJJ67,,,0.0
ARCIL-TRUST-2027C-001,335800TEB33BEY64HJ75,AVIA TRUST FZE,16535,51.61290322580645
WELPAY BROKER SL,95980069LD7RQMZN7H93,LIMITED LIABILITY COMPANY BROKER EXPERT,44804,56.41025641025641
Dennis Gertje,391200NB199C4IOF9808,KAT DENNINGS LIMITED,51883,64.0
LEGHA BUILDERS PRIVATE LIMITED,648800QWKW9SA7SO3D35,ML BUILD EAD,32040,61.53846153846154
ASESORES FISCALES SALAMANCA SL,894500U2QHMX2DY8OO11,AL-SALAH ISLAMIC ASSOCIATION,10408,54.54545454545454
SHREE SAI SUPPORT PRIVATE LIMITED,6488006VC72KYVMI8V46,ECT AVIATION SUPPORT LLC,58505,64.86486486486487
Greater Achieve Limited,391200CM7M40QEH9F694,OJSC ACHINSK REFINERY,18292,58.06451612903225
"Arcadian Partners Prague, s.r.o., osoba rizikového kapitálu",254900TZX6HVULI2GG69,ORBITA KAPITAL PARTNERZ,47254,51.94805194805194
KYSAR SEEDS INTERNATIONAL PRIVATE LIMITED,64880078ERPMC7JBG403,STARS INTERNATIONAL CO. LTD,17041,81.81818181818181
Theissen Holding GmbH,984500D60C2DY79FBD40,RTS-HOLDING JSC,34768,74.07407407407408
TED INGEGNERIA DEI SISTEMI S.R.L.,5299008S6QV09YCH6115,SEYMEH INGENIERIA SRL,24679,65.11627906976744
SARANYA PROTEINS PRIVATE LIMITED,894500U2KY35FEMD1435,SARAYA AL-'AREEN,32491,71.42857142857143
SUNIL KUMAR,648800OM1CDA1GFLG087,A Y A UNIVERSAL DENIZCILIK KUMANYACILIK LIMAN HIZMETLERI ITHALAT IHRACAT LIMITED SIRKETI,48424,21.978021978021978
J.B. Lolkema Beheer B.V.,724500JRHK20L3PUK462,GHADIR TOSE-E SAAMANEHAYE BEHENGAAM,25946,38.46153846153846
م م ذ مونومي,984500A9A73A9742C953,,,0.0
Carla Ketelaar B.V.,724500A1FDKFC8H2O954,CARLINGTON PETROCHEM,54821,47.05882352941176
9475-3555 Québec inc.,254900M3R54AJ7FLNM17,9105 2829 QUEBEC INC,49831,62.5
9476-7217 Québec inc.,254900F2VQB4R4EYEM60,9105 2829 QUEBEC INC,49831,62.5
LuJo Holding B.V.,724500Q13PS1BLXOGU74,LUFINDO HOLDING LIMITED,51362,81.4814814814815
DEEPANKAR RANJAN GIRI,6488008FC64REJNZEZ87,AO NII GIRIKOND,37772,44.44444444444444
VIHAAN DEVELOPERS INNOVATIONS LIMITED,648800VLLQ56ZY17VF27,LLC ECHELON INNOVATIONS,48051,66.66666666666667
Nolheem Holding B.V.,724500LYEL85D83OMP58,O.H.G. HOLDING SAL,50520,76.92307692307692
Lebenswert & Wohnraum GmbH,391200X2KYLBAA465P39,LEBEDINSKIY GOK JSC,41920,35.29411764705882
Van Wegen Beheer B.V.,72450052WVL3MP3KEY62,GHADIR TOSE-E SAAMANEHAYE BEHENGAAM,25946,43.13725490196079
RTP Investors I ApS,6488009CU3ZBAQ4TIJ75,OOO TKH-INVEST,40190,64.0
A. Postma Beheer B.V.,7245002YOY096UITFP11,POST BANK OF IRAN,25618,55.172413793103445
AVENIR PAACKAGING PRIVATE LIMITED,6488001BVOYEYIRVBD59,AVENIDAS FLUTUANTES UNIPESSOAL LDA,56754,35.29411764705882
MA CMBI APAC Credit Opportunities Fund Limited Partnership,254900WSUY8LP8PFKP81,MOHAMMAD DARBANI AND PARTNERS EXCHANGE GENERAL PARTNERSHIP COMPANY,57944,57.692307692307686
Interjob GmbH,391200399M0H0MA9FT14,INTERROS LIMITED,40575,75.0
Complexe Vision S.E.C.,25490078Z7DEF5D5HS87,VIAN STEEL COMPLEX,30753,75.67567567567568
Active Sportshop GmbH,391200WB9J4FQKDDKM94,HOOPOE SPORTS AGENT L.L.C.,35014,57.14285714285714
FONDAZIONE SICILIAE STUDIUM GENERALE UNICT 1434,81560070A6F060884E44,SITTI GENERAL TRADING FZCO,42313,54.794520547945204
VAISHNAVI PROFILE INDUSTRIES,6488003XNSIJSGWCW873,SHAHID NURI INDUSTRIES,19715,72.0
VENKATA NAGA SURYANARAYANA MURTY TAVVA,6488006OT2BWEA894S44,LIMITED LIABILITY COMPANY YACHT CLUB RIVER PARK NAGATINO,46026,41.02564102564102
OLIVIA SAN NAVIGATION INC.,25490027ZO2WQ23FKL23,PONTUS NAVIGATION CORP.,39700,68.42105263157895
MOHD YUSUF KHAN,648800ABDU60VFW9QU79,MOHSEN KHANDAN AND PARTNERS COMPANY,57933,52.63157894736843
Dataslab GmbH,3912003D6LQUS3VQ4785,DATANA,47420,71.42857142857143
GILIO SRL,815600AD69F6F1170353,,,0.0
LOMURNO MATTIA DI AURELIA CRISTALLO & C. S.N.C.,8156000784454DAE5B03,GRUPO CRISTAL CORONA S.A. DE C.V.,12190,43.75
KRISHNAA INCENSE PRIVATE LIMITED,648800NBG6SVEMJDJO62,OAO GOSNII KRISTALL,37698,45.16129032258065
VASS INDUSTRIES SOCIETA' CONSORTILE A RESPONSABILITA' LIMITATA,815600819902C63AE431,BAJER SOCIEDAD DE RESPONSABILIDAD LIMITADA,26469,64.64646464646464
GIOVANNOLI COSTRUZIONI SRL,8156008A3820C9D09A80,COSTIN SHIPPING LIMITED,57134,48.64864864864865
"CALIMA SHORE TRAVEL, SOCIEDAD LIMITADA",959800MV1G8KXS6HNL66,"R.Y H. EL REMATE, SOCIEDAD ANONIMA DE CAPITAL VARIABLE",48984,60.24096385542168
NERI S.R.L.,8156001F0FE1BB896814,,,0.0
MODERN AGRO ENGINEERING WORKS,648800U6ZGDJGYXX8Z22,EUROGROUP ENGINEERING AD,32127,67.9245283018868
DAR AL MAL LIMITED,254900EQ30EB5TJ3IE97,,,0.0
"ERTIZO, LDA",984500454D75D9B9AE60,,,0.0
BT INNOVATION S.R.L.,81560074D8EE11D40E17,LLC F2 INNOVATIONS,45759,81.4814814814815
ARCIL-TRUST-2027-002,3358004DVU6JC8UR6S25,AVIA TRUST FZE,16535,53.333333333333336
AKMA HOME STORE PRIVATE LIMITED,648800EAAIC9BBDMD458,ELLISSA MEGA STORE,12471,60.60606060606061
CIRIGLIANO VITO E FIGLI S.R.L.,815600ED30DCE5730C90,INDIO VITORIO S. DE P.R. DE R.L. DE C.V.,9400,51.06382978723405
AGESCI REGIONE EMILIA ROMAGNA APS,894500U1T8CB8HYYRC64,KINGS ROMAN RESORT AND CASINO,23652,55.55555555555556
ALIFE' SRL,8156001417C920982F77,,,0.0
Südfels Ventures UG (haftungsbeschränkt),391200CGP14RZMYP8P14,CUBE VENTURES SHIPPING SA,51721,53.333333333333336
NEO-REN GREEN ENERGY SOLUTIONS PRIVATE LIMITED,6488000X1VW05XXGGR91,D.E.S. DEFENSE ENGINEERING SOLUTIONS LTD,40496,66.66666666666667
PIETBEN SRL,8156003223331EAC4E22,,,0.0
5L Bosseldorn GmbH,984500C5536408D37941,,,0.0
Dernier Ltd.,9845008QHBXF36964921,GHAZI DESTEK DERNEGI,57131,44.44444444444444
BIOMETAR S.R.L.,81560068F923F5082558,EX-CLE SOLUCIONES BIOMETRICAS C.A.,30421,35.0
SRINIVAS TIRUPATI,648800I3XLK2R1V4J481,,,0.0
GIROLDINI CABLAGGI S.R.L.,894500U1NOSJLIN33S59,JOINT STOCK COMPANY DUBNA CABLE PLANT,46653,38.297872340425535
SATYANANDA GHANA,648800ICTMCWYAG74091,STAR TRADE GHANA LIMITED,23667,68.75
3 Z E C. DI ZANI DARIO E C.-S.A.S.,8156003BCD7F53C3A958,DARIA FANAVAR BORHAN SHARIF,51299,34.61538461538461
DPAM L Bonds EUR Chronos Green Bonds 2028,391200I9YRS37N2LNI77,ASIA GREEN DEVELOPMENT BANK PUBLIC COMPANY LIMITED,35838,45.333333333333336
DPAM L BONDS EUR CHRONOS 2030,391200YTF5KC27T9U767,,,0.0
Hulshof Vermögensverwaltung GmbH,391200A7Z9DP5RGC6K48,COMANDO VERMELHO,57817,37.2093023255814
RPV HOLDINGS LIMITED,2549004N4W4QOHDZLQ58,RG HOLDINGS LTD,44210,86.95652173913044
JAIPUR TRADING COMPANY,335800N2CXGXP1DSY192,"AL-BASHIR TRADING COMPANY, LTD",8211,78.57142857142857
TRIDEV AGRO INDUSTRIES,6488000QJ0SMG9ZWRY59,TIVA GROUP INDUSTRIES,16524,83.72093023255813
DPAM L Bonds USD Chronos 2029,391200BUUZI0CX207Q79,,,0.0
NECESSA SECURITY & INTEGRATED SERVICES PRIVATE LIMITED,648800H36EJGLPOOLX17,FEDERAL SECURITY SERVICE,21344,70.0
DPAM L Bonds EUR Medium Term,3912007KIL2RM0PWXX67,MARIEL CONTAINER TERMINAL S.A.,58203,49.056603773584904
BMP STEEL S.R.L.,815600632FB7154D4C88,SABA STEEL,28303,73.6842105263158
DPAM L Bonds USD Chronos 2030,391200ZYGUHRXCB7WP80,,,0.0
INDRAKEEL PHARMACEUTICALS PRIVATE LIMITED,648800OJR3EIS5N3W020,SR CHEMICALS AND PHARMACEUTICALS,57356,71.69811320754718
ABHAR PROPERTIES PRIVATE LIMITED,6488009QHTYYZB9L6I41,ALDAR PROPERTIES,33282,87.5
PILOTALLOY CAST LLP,894500U1I58RYJB7G878,CASTLE SECURITY AND PROTECTION LLC,29856,48.78048780487805
Søgaard Laursen Holding APS,648800PDXTAEXX8DZF65,"MAGUS HOLDINGS USA, CORP.",26205,68.29268292682926
NIVA NUTRIFOOD PRODUCTS PRIVATE LIMITED,648800NEB5Y5FXVEW790,ALUMINAT PRODUCTION AND INDUSTRIAL COMPANY,15909,60.37735849056604
ARCANA SRL,894500U1CLP0BJZBSO21,"ARCASDENOE, S.A.",58377,62.5
BHARAT INGOT PRIVATE LIMITED,648800KWTBCDOPHBPA26,"BHARDWAJ, S.A. DE C.V.",54709,52.17391304347826
PEPPERYL HOSPITALITY LLP,6488006UMLX0O2X9WH93,PRINCE HOSPITALITY MANAGEMENT CO. LTD.,55867,61.224489795918366
Oronde,648800L3Y5E89GQVAZ69,,,0.0
RVAM Prima Fund VCC,254900LUG6NEGXLEZX53,AL MASHREK FUND,12746,51.61290322580645
Südvolt GmbH,3912004CLOK1KX4XVE39,,,0.0
ARCIL-TRUST-2027C-013,335800OBERFLO9BDMV77,AVIA TRUST FZE,16535,51.61290322580645
Nebula Nexus Energy Pte. Ltd.,254900HMHRPGSSER2789,UNICIOUS ENERGY PTE. LTD.,40761,64.70588235294117
"MISSION EQUITY I, F.C.R.E SA",9598004SGVFTSG6M8H04,GOOD EQUITY TEAM PTE. LTD.,55562,48.64864864864865
KFK Projekt AB,9845002LCAA912A11F58,WA'D PROJECT,11346,60.86956521739131
R.C. FOAMS PRIVATE LIMITED,335800R6ZSMXTRF2UT35,,,0.0
S2CR CONSEIL,894500U17258OKNG5493,LLC CONSOL-STROI LTD,26505,66.66666666666667
KATAM PRIVATE LIMITED,3358001RW94UVPO1UP56,KATA'IB KARBALA,46348,40.0
DESAI GEMS,335800OJITKCNSNPOW15,"TATES DESARROLLO, S.A. DE C.V.",12278,48.275862068965516
VISHAL TEX FAB,335800C0TE1G9B66U294,VISHNU INC.,47660,40.0
LIVIA TIBERINA S.R.L.,894500U11ILH1LBKHK43,"OJ LIVING TRUST, S.A.P.I. DE C.V.",56974,43.24324324324324
MAHESHWARI QUILTS PRIVATE LIMITED,3358006JPG1OBR0CIC48,QUILAB,54917,34.78260869565217
DUBEY AND COMPANY HOTELS PRIVATE LIMITED.,6488007VDQRPOVFLYB30,K B HOTEL CO LTD,54172,66.66666666666667
ARCIL-TRUST-2027C-012,3358000SHA6HYREXY223,AVIA TRUST FZE,16535,51.61290322580645
VINOD KUMAR ARJUNDAS HUF,335800SNUQ245HJO8O81,GOSUDARSTVENOYE PREDPRIYATIYE AGRO-FIRMA MAGARACH NACIONALNOGO INSTITUTA VINOGRADA I VINA MAGARACH,18888,29.508196721311474
OIL & BULK S.R.L.,894500U0VZ1PELZOU065,ARCTIC BULKER LIMITED LIABILITY COMPANY,43127,45.16129032258065
ABCO INFRA SOLUTIONS,335800LNZ4QEL6ZBHN50,PRO RATA SOLUTIONS B.V.,42979,73.6842105263158
RAJENDER KUMAR,648800APK3V5TFQE4636,A Y A UNIVERSAL DENIZCILIK KUMANYACILIK LIMAN HIZMETLERI ITHALAT IHRACAT LIMITED SIRKETI,48424,21.276595744680847
MANIK MACHINERY MANUFACTURERS PRIVATE LIMITED,6488003SIBAM2K1DAU43,SHARQ CEMENT MANUFACTURERS,25931,65.45454545454545
RUDRASHIV ESTATES,335800A8ZKPOMDE8CP97,SOVA REAL ESTATE LLC,35328,66.66666666666667
SHRI KARNI SALES,3358008KW4Q1PB5N8O58,B K SALES CORPORATION,55876,56.00000000000001
PAWAN PUNIT CHOWDHARY,335800WL7YQOQJMLOJ50,,,0.0
TOSHEE INDUSTRIES PRIVATE LIMITED,648800JYLZBNX59BE333,SHER MATCH INDUSTRIES (PVT.) LIMITED,10607,78.94736842105263
GREEN NEXUS INNOVATION PRIVATE LIMITED,335800XU4S6D1UCBUA27,LLC ECHELON INNOVATIONS,48051,73.17073170731707
SOLACE ASSET LIMITED,3912001O3MAT8ROJJI57,ASSET ELECTRO LLC,45249,64.0
TIRUPTI TRADE LINK,6488007Y0JC1VU0WTV34,BEIRUT TRADE SAL,28173,66.66666666666667
ARCIL-TRUST-2027-001,3358009C13RJ2M8CE579,AVIA TRUST FZE,16535,53.333333333333336
CHRISTOPHE POUGET,894500U09SUMUOO67S34,CHRISTODOULOS G. VASSILIADES & CO. LLC,42059,50.0
ARCIL-TRUST-2027C-004,335800025S3ACM6MJ344,AVIA TRUST FZE,16535,51.61290322580645
Elektro-Wagner Wenzel Wagner oHG,391200L74JN9VHMIZI77,AO KONSTERN GRANIT ELEKTRON,35864,54.23728813559322
ARCIL-TRUST-2027-010,335800BF8PN8RTBHAM37,AVIA TRUST FZE,16535,53.333333333333336
ABINAYA MARKETING,335800B0OHJAFD820A74,INDISOL MARKETING PRIVATE LIMITED,55906,70.58823529411764
NAV DURGA ENTERPRISES,3358000Z6E60DUFJH224,LORA ENTERPRISES LIMITED,23270,70.27027027027026
BLNWRK Finanz Zwei GmbH,3912006APQ1LWM9IQ951,B-FINANCE LTD,24223,59.25925925925925
AADNYA CONSTRUCTION LLP,335800N748GAARLRZN19,ARC CONSTRUCTION COMPANY LIMITED,33948,80.0
ECOCREDENCE ENERGY PRIVATE LIMITED,894500TZYPR3KQ0EWO33,COVART ENERGY LIMITED,47040,64.51612903225806
BLNWRK Finanz Eins GmbH,391200RILL6JSR0U1C20,HOME CREDIT & FINANCE BANK LLC,45808,57.14285714285714
محمد علي صابر ابو غنيمة,254900H05JTXKJNJJS20,,,0.0
VIRENDER MALIK,648800WAZ0NXR7CCII34,LIMITED LIABILITY COMPANY RAZREZ MALINOVSKIY,48903,38.095238095238095
ALDE S.A.S. DI ALDEGHERI CLAUDIO E PAOLO,8156007731A311B08797,CLAUDIA MERCEDES VARGAS GIRALDO SOCIEDAD POR ACCIONES SIMPLIFICADA,20209,38.38383838383839
MADIREDDY RAMAKRISHNA REDDY CONTRACTOR,335800T2C5V7Q0BHO787,MARIEL CONTAINER TERMINAL S.A.,58203,53.968253968253975
JAISARAM KALUJI CHOUDHARY,6488001QY8QCZ6BA9351,SANATE CHOUBE SHOMAL COMPANY,30385,48.88888888888889
TechShores Limited,9845007C10M4I754D702,TECHNOMAR,50497,63.1578947368421
Blömer Feinkost GmbH,391200SDML9KMY7I3622,REPUBLICAN SINN FEIN,7141,34.285714285714285
VISHAL AGGARWAL,648800Z133UIWTZDUY77,VISHNU INC.,47660,38.095238095238095
RAM KISHOR YADAV,6488001GXJNUTWNIPY20,PASARGAD PARVAZ KISH CO,55526,55.55555555555556
C.T.P. PETROLI S.R.L.,894500TZT67BXQOJ9428,DNP PETRONIC,28010,69.56521739130434
AAKAR DESIGN CONSULTANTS PVT LTD,984500647DE69CDD1184,SYNERGY CONSULTANTS LIMITED,16837,65.11627906976744
M S B CHEMICAL INDUSTRIES,894500TZNMNKARCNLK51,PARA CHEMICAL INDUSTRIES,10887,81.63265306122449
ALGOFILL LLC,9845003O3EC467BVE054,LLC ALGORITM,37504,62.5
Red Wing Credit Union,648800W48O9PHY52P818,REGIONAL CREDIT,47418,66.66666666666667
PURECOT FIBRES LLP,335800ZC9K6J6EGCF666,ARMY OF THE PURE,7140,52.17391304347826
RANI VIJAY,648800E23FLRV4YLFB28,,,0.0
ENGINEERINGLAB S.R.L.,8156009DF46CA129FE34,VEB ENGINEERING LLC,18287,82.75862068965517
PARMANAND SAH,648800CL50EOCBWUQV49,,,0.0
HQ3000 AB,657400KOXX70ANW3OT70,,,0.0
ARCIL-TRUST-2027-006,335800C2LWGHU9ECU229,AVIA TRUST FZE,16535,53.333333333333336
MAHESHWARI GARMENTS,648800O2HS8RMQGCF388,NICE FANTASY GARMENT COMPANY LTD.,9539,46.15384615384615
ARCIL-TRUST-2027C-008,335800WV954MW36VAD81,AVIA TRUST FZE,16535,51.61290322580645
UHCP,894500TZCJK10SOWAG71,,,0.0
ARCIL-TRUST-2027-007,335800QGFP83P0LIEC78,AVIA TRUST FZE,16535,53.333333333333336
Glyxtoph UG (haftungsbeschränkt),98450054BF9C4696CE79,SANAYE HAFTOME TIR,10863,37.5
AVATUR S.R.L.,894500TZ1GGHQU14ZC88,AVAT ENDUSTRIYEL SISTEMLERI IC VE DIS TICARET LIMITED SIRKETI,51210,20.33898305084746
AMK TRUST PTE. LTD.,254900M8R9L8FIBBBW16,AL AMIN TRUST,6912,84.21052631578947
OVERMATCH OÜ,98450089D9E13ADD7566,KRU OVERSEAS LIMITED,52027,58.33333333333333
SERVICE INDIA COMPANY,335800D50B3REB6ZQX58,NT SERVICE,45738,78.26086956521739
IST innovative sealing technologies GmbH,391200XS7AHLRR96WA21,"BEIJING ALITE TECHNOLOGIES CO., LTD.",9750,68.85245901639344
UAB RenVi Consulting,894500TXNKIL00283C19,RB CONSULTING LIMITED,42745,78.78787878787878
aga stuudio OÜ,648800MFSW6A7AZH6321,,,0.0
GARNET MINERALS CORPORATION,335800O5UUJCNEVCHL90,BUGAMBIRA MINES LTD,57939,60.0
ALP NONWOVEN PRIVATE LIMITED,335800UKUXG6NJQ32C12,,,0.0
BACHU & CO,335800Y0UWVUI2HI3P94,BUSHRA BACHIR SHIPPING & LOGISTIC SERVICES L.L.C.,42317,22.22222222222222
HMH GmbH,98450095980CX83TR111,,,0.0
"UAB ""Matika""",894500TXI0YTD0QCFS23,MATIN SANAT NIK ANDISHAN,22251,41.17647058823529
TONIQUE RESTAURANT & BAR,335800XF31T4FOLIJJ56,HABANERO'S RESTAURANTE,37269,68.18181818181819
ONETECH LIMITED,984500C72BFBCB3B9731,,,0.0
ZAGAMILAW NETWORK SERVICE SOCIETA' A RESPONSABILITA' LIMITATA SEMPLIFICATA,815600532B1E9CAC1204,HIGH NUTRITION SOCIEDAD DE RESPONSABILIDAD LIMITADA,26470,55.00000000000001
Trapp Tief- und Gleisbau GmbH,391200XFVCNWEUY6UJ13,V A TRAPEZNIKOV INSTITUTE OF CONTROL SCIENCES OF RUSSIAN ACADEMY OF SCIENCES,50892,28.888888888888886
PREM BUILDERS (INDIA) PRIVATE LIMITED,335800ECVO9JPAL7A798,IRAN SHIP BUILDING CO.,13115,59.45945945945945
MAHESH KUMAR TANWAR,648800QNSVCMRX0XZM94,MAHER TRADING AND ENGINEERING,21562,45.45454545454546
AGNITIO FZE,9845004445YB03B79352,,,0.0
FVG ENGINEERING S.R.L.,529900YV1CY1TFAP6286,KDG ENGINEERING PRIVATE LIMITED,51092,86.66666666666667
The Trustee for SHRI TRIUPATINATH SERVO LAND FIXED UNIT TRUST,984500FA4760B85C8A25,PALESTINIAN AND LEBANESE FAMILIES WELFARE TRUST,15492,52.08333333333333
GLOBETECH INDUSTRIES PRIVATE LIMITED,33580024Q2SIO5H65H82,"GREEN INDUSTRIES, LTD",27165,77.77777777777779
RAMANI URBAN INFRA PRIVATE LIMITED,894500TX6XVA322L4O09,USM URBAN MINING LIMITED LIABILITY COMPANY,42056,54.54545454545454
FIN MARKETING & COMMUNICATIONS LIMITED,9845000F8N86F8B81C58,IMATEL FOR COMMUNICATIONS,29858,77.55102040816327
KINGMAKERS INSTITUTE PRIVATE LIMITED,894500TX1EBIG2QPH470,MARTYRS INSTITUTE,10411,75.67567567567568
BASARRO 2026 SL,959800G1TYUB04581D65,"BASALTOS TONALA, S.A. DE C.V.",12298,42.42424242424242
BONACCHI ILIANA S.R.L.,529900PJ9M6MCCK5PL51,EBTEKAR SANAT ILIA,27164,54.54545454545454
LEE CLARKE FAMILY TRUST,9845002A3EA10D1ED965,JAMMAL TRUST BANK S.A.L.,27189,60.0
MERCIVORA EXIM PRIVATE LIMITED,894500TWVURQT3ETTK50,MAIWAND EXIM PRIVATE LIMITED,26097,61.53846153846154
The Trustee for MA The Glen Shopping Centre Fund,9845009F14373E8GE260,MAPUTO SHOPPING CENTRE,11796,62.06896551724138
AMANDA GOLD S.R.L.,529900MZNR3Q0GWP5852,AMAN HOLDING PRIVATE JSC,26887,69.56521739130434
Werner Sülzer-Kulturstiftung,391200FOSP90FTNUYS05,TSARGRAD-KULTURA OOO,36329,45.45454545454546
AUTOMATION SYSTEMS AND SOLUTIONS (INDIA)PRIVATE LIMITED,6488003MDVBIXIF9JJ29,INFORMATION SYSTEMS IRAN,15096,65.51724137931035
"iShares Cayman Macro AlphaBeta Active ETF, Ltd.",529900O7DJMO6T6YFA35,ALPHA SHINE MARINE SERVICES L.L.C,49849,47.05882352941176
YDRA EVENTS PRIVATE LIMITED,648800AN9JXMKPSAV709,EVENTOS LA MORA,21090,78.26086956521739
SUPERTINO S.R.L.,5299005T3E7D4AI5M864,SUPERCHIP LIMITED,49128,66.66666666666667
EVERFAST ENCLAVE & BUILDERS PVT LTD,648800ZVWUW00M85HS89,KAY ZONE BUILDERS AND DEVELOPERS,19973,56.60377358490566
RADE RANCH PRIVATE LIMITED,648800SD0UKJI4B71F74,RANCHO LA DORADA,26798,78.26086956521739
Synpulse Beteiligungs GmbH,98450058782A0661BF07,BETENSH GLOBAL INVESTMENT & DONG DONG SHIPPING LIMITED,54334,33.84615384615385
LAQSHYA HYDERABAD AIRPORT MEDIA PRIVATE LIMITED,648800J33I6A6PCDUC57,AKHTARABAD MEDICAL CAMP,7946,55.55555555555556
HRM WAYS,6994000TKJM3VNOQQY42,WAYSIDE CORPORATION,19182,53.333333333333336
SHERA GLOBAL VENTURES LLP,648800T885EFCSGGCX37,VENTORA GLOBAL SERVICES,34068,72.72727272727273
MAHAVE SOLAR SYSTEMS PRIVATE LIMITED,894500TWQB7Z642Y6031,LIMITED COMPANY LASER SYSTEMS,45768,66.66666666666667
VSD ENTERPRISES LLP,335800F5BQMJHXXGUB16,GOLDVAST ENTERPRISES COMPANY LIMITED,50833,80.0
Maurelius C.V.,724500OBDLCFY9I74434,,,0.0
Meijer Managing B.V.,724500W9768RKDUU8460,SOVFRACHT MANAGING COMPANY LLC,20291,60.60606060606061
Mouthaan en de Bruijne B.V.,724500CN5FF3LR1P2602,,,0.0
FARMACIA ALL'ASCENSIONE S.A.S. DI FRANCESCA E ALBERTO DEI ROSSI & C.,815600B4CEA1DF4B7549,CENTRO DE INVESTIGACIONES DEL NIQUEL CAPITAN ALBERTO FERNANDEZ MONTES DE OCA,58616,48.38709677419355
GOVISIT S.R.L.,8156007D7A67156D6E11,,,0.0
"GRZEGORZ PIEKARCZYK PHU ""WEKTRA""",259400QBUUFZILMV2Q44,,,0.0
Neo Commerce GmbH,391200E2A1FUR9RQKG47,DAY E-COMMERCE,25624,76.92307692307692
Bullhound Capital Fund VII SCSp,894500TWF84FW5F6UW25,MAXTRUM CAPITAL SDN BHD,51192,55.55555555555556
Harrah International B.V.,72450099C4AEUX10SV96,AGR INTERNATIONAL LIMITED,35305,86.48648648648648
KRIPTIA SOCIETA' A RESPONSABILITA' LIMITATA,815600A3713C4D1CE676,BAJER SOCIEDAD DE RESPONSABILIDAD LIMITADA,26469,77.5
Rimain Holding B.V.,7245009NSI8ZXC5QTL35,MOBIN HOLDING LIMITED,29624,81.4814814814815
Rebels Without a Boss B.V.,7245000GQKQJ6HKCYK29,GREEN WITHOUT BORDERS,44619,71.42857142857143
F.J. van Gijn Holding B.V.,724500X6D6N5Y7IXOX29,TIAN FANG HOLDINGS LIMITED,40209,70.27027027027026
Turnovate B.V.,724500JUS8V7CERN0F13,,,0.0
OBRES I EXCAVACIONS GARCIA REYES S.L.,959800GPJH8697MLR810,FINCA LOS TRES REYES,16637,54.54545454545454
TM Alendorper Beheer B.V.,648800LAKGHVU3RWV398,GHADIR TOSE-E SAAMANEHAYE BEHENGAAM,25946,36.36363636363637
SHRI NARAYANI EDUCATIONAL & CHARITABLE TRUST,33580065QMVACVKPKH16,AL-HARAMAYN AND AL MASJID AL AQSA CHARITABLE FOUNDATION,8223,61.904761904761905
MAHAVEER GOLD PALACE,335800DSKT7VYE0TS662,MEROE GOLD CO. LTD.,29107,60.0
"Ing. Rabajdová Jarmila, s.r.o",097900CAKA0000351406,,,0.0
"Špeciálne systémy a software, a.s. v likvidácii",097900CAKA0000351503,SPECIAL SYSTEMS PHOTONICS LIMITED LIABILITY COMPANY,47585,60.526315789473685
"M line, s. r. o.",097900CAKA0000351697,MILETUS LINE LTD,52813,58.33333333333333
Alverna Shipping B.V.,7245002QDZHMO0CGCC29,ALEAH SHIPPING INC,56616,86.66666666666667
J.J. Nijdam Beheer B.V.,724500JMJLORI9FM5I80,GHADIR TOSE-E SAAMANEHAYE BEHENGAAM,25946,35.29411764705882
APS Holding B.V.,7245008NS2XL73Z93U36,RB HOLDING LIMITED,42744,82.35294117647058
ANANTA DEVELOPERS,648800KRUBB4B4LBBE22,ALABUGA DEVELOPMENT OOO,45714,66.66666666666667
Moleneind Holding B.V.,724500C0MZMKDMW52A77,MOBIN HOLDING LIMITED,29624,80.0
SAPORO ENTERPRISES S.L. (SOCIEDAD UNIPERSONAL),959800KCMK8KJUZ9N254,ISSA EMPRESA UNIPERSONAL,15711,66.66666666666667
D.J. in 't Veld Holding B.V.,724500UDNFROKNKXVE64,DOT ONE HOLDING,58176,68.57142857142857
Hankere Krishnappa Sudharani,648800XLARQBQE8OMJ72,OJSC KRISTALL STATE RESEARCH INSTITUTE,37698,42.622950819672134
Veenvliet Beheer B.V.,724500N5ESC8WNVHCK21,GHADIR TOSE-E SAAMANEHAYE BEHENGAAM,25946,39.21568627450981
OFTALMOSALUT S.L.,959800SMB9JHV7LRAC28,,,0.0
Tarifa LALYL B.V.,7245006B08YZCTEIN702,JAYSH RAJAL AL-TARIQAH AL-NAQSHBANDIA,11749,41.860465116279066
LEONESSA PARTECIPAZIONI S.R.L. - SOCIETA' BENEFIT,529900X6916B0PQFAW41,SOCIETE GENERALE DE PAIN,28178,56.666666666666664
VITRALUX S.R.L.,815600D25DF17D5F8284,,,0.0
Tjoem+ B.V.,724500063C2G94SCLR16,,,0.0
BOB HEAVY EQUIPMENT RENTAL & TRANSPORTATION PRIVATE LIMITED,335800AFLJ3OZWKI7034,ASTORIA STAR HEAVY EQUIPMENT TRADING L.L.C,49670,67.53246753246754
The Old Sock B.V.,724500JR03AHYHB24J72,,,0.0
CARINGBAH PTY LTD,98450006755CFXFD8D70,CARIBE SOL,8124,52.17391304347826
DHRUV GUPTA,335800Z9QW63BUQV6F67,,,0.0
KAPPTIVE STUDIO S.L.,95980011T6L223311C63,KEIS STUDIO,47671,68.96551724137932
VIJETA PRINTS,648800GDNZ85HQ5YWT47,RAYAN PRINTING,23144,51.85185185185186
DVTR INC.,984500D077453BDZC682,,,0.0
PATODI & SONS,894500TYQDCYGVDDO819,AKHTAR AND SONS PRIVATE LIMITED,52051,63.63636363636363
Companisto Trust Service LXXVII UG (haftungsbeschränkt),391200EZCGJ714MKJ919,TRUST INSURANCE SERVICES S.A.L.,27191,51.94805194805194
TIRUPATI INDUSTRIES,335800HNQNYA14XV8362,7TH OF TIR INDUSTRIES,10863,75.67567567567568
GOWHAR AHMED WANI,648800R7LRTLC1JRRM23,MAULAWI AHMED SHAH HAWALA,15005,52.38095238095239
Shongololo Strategies,6488003DB0XJSMTFM152,FALCON STRATEGIC SOLUTIONS DOO,28120,58.82352941176471
FLERODO S.R.L.,529900NMZUC48N0PXX34,,,0.0
NAKODA ENTERPRISES,335800WSZ8337CWGHI66,LORA ENTERPRISES LIMITED,23270,82.35294117647058
"ACOF X GCF, L.P.",636700FWXF9XS99ITN09,,,0.0
GEMISASOBO Holding GmbH,391200HYAYF6M9E90N08,"GEMUHO HOLDING, INC",19939,75.0
CHILIKURI RAGHAUANAND,6488006PTS9KKUMW6V91,HAVANATUR CHILE S.A.,8132,55.55555555555556
BALLARINI INTERNI S.R.L.,8156008D92D88E3CE022,INTERNATIONAL BATTALION,7475,65.0
NEXUS HIVE HOLDINGS S.L. (SOCIEDAD UNIPERSONAL),9598009MPT70A95YB245,INVERSIONES MINERAS H.D. EMPRESA UNIPERSONAL,12440,61.1764705882353
GEEDUP STREET WEAR 2026 PTY LTD,9845003DDAED10394B42,MAIN STREET 1095 PTY LTD,28659,55.319148936170215
MINDSET SECURITIES PRIVATE LIMITED,335800YDQMX1XDKQQU88,SB SECURITIES SA,18753,77.41935483870968
MARVEL CONSTRUCTION,648800TQL3LIZ5Q2E677,MEAMMAR CONSTRUCTION,29784,82.05128205128204
Physio Bart Dingenen BV,894500TYKTT6TW1I0O94,ANO INSTITUTE OF ENGINEERING PHYSICS,50913,49.056603773584904
Pearl No.1 SP2,254900R1KXNGYNFU8022,ROYAL PEARLS,21554,46.15384615384615
"Heinrich Boquoi & Sohn e. K., Inh. Cahit Kerenciler",391200E47WBF866IMO39,OJSC KEREMET BANK,52743,35.08771929824561
CAR WASH POINT DI CARDONE UMBERTO E C. S.A.S,815600122D458A544548,"EL PALOMAR CAR WASH, S.A. DE C.V.",13012,53.57142857142857
Vinco ehf.,648800YYO8NBOF8IXY34,,,0.0
PHOROTECH SURFIN (INDIA) PRIVATE LIMITED,335800OCCVMP4VXB1N92,ZEN SHIPPING & PORT INDIA PRIVATE LIMITED,48721,62.22222222222222
SAKSHI INSTITUTE OF MARITIME FOUNDATION,648800LA5CP35B8AC873,INSTITUTE FOR DEFENSE EDUCATION AND RESEARCH,41481,66.66666666666667
PRUTHVISHA DEVELOPER,335800KF7GFG6PM3O510,HANISTA DEVELOPER GROUP,24587,74.4186046511628
UNIMARO GmbH,3912007SAA1BQECH6S13,UNIMATIK MSK,47432,52.63157894736843
Jonassons Företagen AB,648800GK8PK4ACR3S311,LAKE FOREST SP Z O O,51404,55.55555555555556
SONDRUP BILCENTER A/S,894500TYFA9F6WPMD458,DARKAZANLI EXPORT-IMPORT SONDERPOSTEN,6913,41.379310344827594
LAMECE S.L. (SOCIEDAD UNIPERSONAL),95980018AM4E7AM8GA09,ISSA EMPRESA UNIPERSONAL,15711,66.66666666666667
Sweetish Goodies Sverige AB,6488009QJ4GEZPB0RI33,AL-HAMATI SWEETS BAKERIES,6932,52.17391304347826
AARYA ENTERPRISE,648800QG89RFKUCQA845,ANFASAR ENTERPRISES S PTE LTD,39358,75.67567567567568
ANK GOLF LOGISTICS PTY. LTD.,984500E4907EJC1E8C90,GUANGZHOU YK LOGISTICS COMPANY LTD,54499,72.72727272727273
VATS INSTA PROFITIES PRIVATE LIMITED,335800RG5K7M04XFND90,INSTAR LOGISTICS,23543,61.111111111111114
Hemiunu Research AB,648800DUY0K6UA4Y8858,RESEARCH INSTITUTE - 2,32739,66.66666666666667
Hoeylaerts MGMT,894500TXYNM49YPZEG22,SHANGHAI LEGENDARY SHIP MGMT,51383,37.2093023255814
BAABUS PRODUCTS PRIVATE LIMITED,335800TJNQ45Q1BPGS14,LLC PRODUCTION COMPANY AQUARIUS,39141,70.58823529411764
RIVOLD MEDIA ApS,648800EBI8OQPIV46C16,MEDIN PRODUCTS,58003,61.53846153846154
VINAYAGA BLUE METAL,648800AEJBOHO55FON88,EVY BLUE LTD,57436,59.25925925925925
KPI Ventures AB,98450074EBZ58ACA9974,PARK VENTURES SAL,42331,80.0
RANDERS MALERFORRETNING ApS,648800TGWS5QD1EAZX48,MALEK ASHTAR UNIVERSITY OF TECHNOLOGY,13152,42.10526315789473
ADRIATIC FAMILIA HOLDING S.R.L.,815600E8E2964B9C3298,ATLAS HOLDING SAL,28527,64.86486486486487
STRUCTIFORM CONSTRUCTIONS PRIVATE LIMITED,64880065CGIYYDNAIF74,MULTI CONSTRUCTION PVT LTD,44450,74.4186046511628
FSeverinsen Holding ApS,648800LSDMVQXEYE4519,"DELVEST HOLDING, S.A.",651,70.58823529411764
LOA Capital Holding GmbH,984500A4C78DEC7A9546,CAPITAL TAP HOLDING L.L.C.,48960,89.47368421052632
INCOM DANMARK v/ Michael Lissau,648800BXDTCBVCLGVG07,LA NUEVA FAMILIA MICHOACANA,39376,51.85185185185186
OM PRAKASH SINGH,648800YD8F9IL2YIN383,SINGH DAILY CULTURE PRESS LIMITED,29606,48.78048780487805
HOME TRENDS,648800NUZH7T0T79MD77,TREND GYO,37485,70.0
INCOM DK HOLDING ApS,648800PEKA07C2E28D52,PRINCE HOLDING PLC.,55612,73.33333333333334
ASHISHPRATAP POULTRY,6488002IM0A2SDHU1G17,ASHIQ JEWELLERS CC,39540,36.8421052631579
NOVORAYO POWER PRIVATE LIMITED,335800K29OA1JSIO3W55,POWER ANCHOR LIMITED,28339,69.23076923076923
WISE PROPERTIES (AUST) PTY LIMITED,984500EU371O7A645D46,ONE CLASS PROPERTIES (PTY) LTD.,16037,70.83333333333333
PANNE,64880006GQM3RAYKC719,,,0.0
DD Mobility Services GmbH,391200ESNJ9V0FO07K48,O G SERVICES FZE LIMITED LIABILITY COMPANY,50430,76.19047619047619
CLUSTER TOPCO PTE. LTD.,875500NH6UWT2JOX5960,,,0.0
MONTAÑA I CABALLE SL,959800X5L392FAWLYU31,LOS CABALLEROS TEMPLARIOS,15838,53.333333333333336
Xeraki,648800M2O5UG03LON840,,,0.0
ASHAPURA TRADING CO,335800XUBUOG0X4WVH88,"AL-BASHAIR TRADING COMPANY, LTD",8211,83.87096774193549
SK CARBIDE TOOLS PRIVATE LIMITED,3358000XNRRW20IKAL36,RBH TOOLS LTD,48824,64.0
Triple Bottom Line GmbH,984500E00D0663F6S698,DOTONE TRIP,58182,68.96551724137932
SEO-Sonderabfall Entsorgung Oberbayern GmbH,984500E050FB4D0B6409,DARKAZANLI EXPORT-IMPORT SONDERPOSTEN,6913,37.33333333333333
IG STRATEGIC SYSTEMS PRIVATE LIMITED,33580002PYSSLPF5NW88,DISTRIBUTED LEDGER SYSTEMS LLC,48103,65.21739130434783
KRISHNA MATERNITY HOME AND PEDIATRIC CENTRE PRIVATE LIMITED,335800T3RYHYUDTOZQ78,CENTRO DE ENTRENAMIENTO SEAR,46219,56.25
RADHARANI TRANSPORTS,3358003SB40815DLJ579,RED SEA TRANSIT AND TRANSPORT,42315,75.55555555555556
The Trustee for THE AMT TRUST,9845008945502BC76769,UR-RAMAT TRUST,12294,70.96774193548387
GALACTIC HORIZONS SDN. BHD.,984500A76893C9DC7419,AFRICA HORIZONS INVESTMENT LIMITED,23266,58.82352941176471
Sirge OÜ,64880003MBLL0Y78OG93,,,0.0
REENA SAHU,984500U0A30D3658F815,,,0.0
SURYA LOGISTICS,335800RMYUQ5W6174N45,ZR LOGISTICS SAL,37677,81.4814814814815
"ADVICE, INTELLIGENCE AND MANAGEMENT",648800TRTOS07T86ZE45,MAIN INTELLIGENCE DIRECTORATE,21343,71.1864406779661
Dew Holding ApS II,9845001463A0D2CBB702,IFIC HOLDING AG,11628,76.92307692307692
BHAGWAN KAILASH KASHINATH APPA GOLD AND SILVER MERCHANT BODHAN,335800T1VQZ27RGWLB77,GOLDEN GLOBAL VARLIK KIRALAMA ANONIM SIRKETI,58545,45.09803921568627
PRAKASH VITTHALRAO SURVASE,648800N75Y860T2HYT27,3RD TECHNICAL SURVEILLANCE BUREAU,43337,47.45762711864406
DMAWRI BUILDCON PRIVATE LIMITED,335800P64H3X4WSQUA76,VVN BUILDCON PRIVATE LIMITED,56050,66.66666666666667
INVERSIONES MORANRUEDA SL,52990073MN1B9K91PD64,"MEDAL INVERSIONES, S.A.",19199,80.95238095238095
VISA HUT PTY. LTD.,984500CE07A5D05BEF75,,,0.0
ANANT MARBLES AND GRANITES PRIVATE LIMITED,335800BKRMBRH9MLQU76,ALMAZ-ANTEY GPTP GRANITE,43070,52.17391304347826
SONA US SW SHINNECOCK,254900TYTES8PTZC4R98,SHINE RESOURCES QINGDAO CO LTD,51193,40.90909090909091
MALISHYA SOLAR POWER GREEN ENERGY PRIVATE LIMITED,3358001LB3SEI3ZG7F14,GHADIR MEHRIZ SOLAR ENERGY,25950,64.40677966101696
EKAAKSH HEALTHCARE PRIVATE LIMITED,3358008D2ODIS7URC845,,,0.0
BlockIT OÜ,648800NG2L4AFYFVZM94,BLOCK NIROU SUN CO,12951,64.0
JSJ GROUPS,335800GV3PD3DY2C0M45,JST GROUP LIMITED,50817,84.21052631578947
"GREEN MEADOW PARTNERS DE, LLC",2549008GW9AFXH2NDD93,MEHRDAD GERAMIAN NIK AND PARTNERS COMPANY,57890,68.0
JKM INVESTMENT PVT LTD,335800D36O5QXLNEXX33,KBX INVESTMENT,54182,85.71428571428572
ELECTRO CONTROLS,335800JS1IDZLR9H7T10,AMITRON ELECTRONICS LLC,49945,62.857142857142854
DOM CATERING & EVENTS LTD,98450006061A89C2FC18,CONCORD CATERING,22527,62.857142857142854
Gedser Remise,648800O8CWJPJO1B8F83,NABCO MONEY EXCHANGE & REMITTANCE CO.,47068,40.90909090909091
Aava Advisory ApS,648800ECANQ6HU572891,KEY ADVISORS PTE. LTD.,55581,64.0
TVSS AGLER RD LLC,254900IXPWKRYWPB3V59,,,0.0
SHREE JAI JAGDAMBEY RICE MILL,3358007W4D3SEZD3N898,MEHRAN PAPER MILL,17355,47.82608695652174
680 FULTON STREET OWNER LLC,254900RWW7FF85IWLE24,MAIN STREET 1095 PROPRIETARY LIMITED,28659,54.90196078431373
SSRI 1 SUBHOLDING S.A.,984500966403EE1D4B67,,,0.0
NAFADIER SL,959800K91WV9Y3N0YF58,OJE PARVAZ MADO NAFAR COMPANY,33594,37.5
SATYAM TRADERS,335800IJA2Y5GY8GQG94,SALITA TRADE LIMITED,40961,76.92307692307692
"ACO X CO-INVESTMENT MASTER FUND (A), L.P.",636700OX3WDZXAAP7B43,AL MASHREQ INVESTMENT FUND,12746,75.47169811320755
KINGSMEAD INTERNATIONAL PRIVATE LIMITED,648800WGYLJTFTLN3K16,"KINGS ROMAN INTERNATIONAL COMPANY, LIMITED",23652,87.5
Hayfin Maritime Yield Fund II SCSp,636700S7M9VM24MJW150,BLUE SEA MARINE INCORPORATED & FAATEH MARITIME INCORPORATED,57875,55.38461538461539
LRF4 MIA AGP 9 & 10 LLC,254900NHS9QX1L5FUU74,,,0.0
Aröd Invest AB,636700H2JGP0H41LNH84,LLC A INVEST,46053,84.21052631578947
Dokter Kim Van Langenhove,8755003ZEBHUK8OS8V56,OY LANGVIK CAPITAL LTD,18311,35.0
AB Whaxta,636700AREYPW6UXLYZ67,,,0.0
Hildingastigen AB,636700FVPFAMZPROUS43,,,0.0
Altra SveaReal AB,636700I8F6BZWMTBLW23,LLC ALTRABETA,43859,60.86956521739131
Dakar International Holdings Limited,636700AVV8EPMFS2SM18,ASYAF INTERNATIONAL HOLDING GROUP,18536,81.9672131147541
Direct Meat Service Sverige AB,63670012YPLIBV0BJT86,DIGITAL SERVICES EAD,32014,63.829787234042556
KM Infra Consulting AB,636700N6VABB95C97D10,FORT CONSULTING OOO,43104,76.47058823529412
ART Y SCHOCK Unternehmergesellschaft (haftungsbeschränkt),984500BFB5638ANHE693,THE PALESTINIAN SCHOLARS ASSOCIATION,57716,34.48275862068966
Mesterkatz AB,984500B96120C3EC8E66,AKTSIONERNOE OBSHCHESTVO VSEROSSIISKII NAUCHNO ISSLEDOVATELSKII GEOLOGORAZVEDOCHNYI INSTITUT UGOLNYKH MESTOROZHDENII,47934,11.111111111111116
BUKTA HOLDING AS,6367001SJ32HPWL7IN42,ATLAS HOLDING SAL,28527,76.92307692307692
HUBBLE IMAGING PRIVATE LIMITED,335800GJTFU27TQZ8W25,"D2 IMAGINEERING, C.A.",23886,50.0
TVEDESTRAND BUTIKKEIENDOM AS,636700HHHTEMX0K1KJ81,,,0.0
RAMANDEEP KAUR HOLDING AS,636700J07WIF7WOWAU61,MARANER HOLDINGS LIMITED,25468,68.42105263157895
No68 ApS,63670049A1223ZJDFA39,,,0.0
GEOWN CASPER PROPERTIES PRIVATE LIMITED,335800S2Z1WNWZ7LXS41,DREW PROPERTIES PTE. LTD.,55570,73.6842105263158
1903 Invest,699400Z2HZ9LPXRA7N72,LLC A INVEST,46053,73.6842105263158
Owljob ApS,636700TYVNQGBH47LU80,,,0.0
INSPIRA SKYHAVEN REALTY PRIVATE LIMITED,3358007ONDHNIW0CVR40,LIMITED LIABILITY COMPANY INSPIRA INVEST A,34378,53.06122448979591
ABHEY METAL,335800WS3RMCI4I4PT21,BROTHER METAL S.A.,57112,75.0
AMANAN RETAIL INDIA PRIVATE LIMITED,335800VAHQQ4T0Y0EM94,AMANA DIAM DMCC,42334,62.06896551724138
SWAMYNATHAN VELMURUGAN,6488002ZR21OO9ZB0C35,VELMUR MANAGEMENT PTE LTD,22606,56.41025641025641
MOHIT TRAVELS,335800PBVXEWXBCPR362,MAHAN TRAVEL,24706,72.0
JEET AUTOTEX LLP,335800F3A86PMFL93V63,AUTOLEX TRANSPORT LTD.,27292,55.172413793103445
SANA SYNDICATE PRIVATE LIMITED,335800CZ9TURN8MT5K87,PAYA SANAT SINA,30367,55.172413793103445
CFMARC TRUST - 242,9845003EEZ1A42FB6391,MOMAR TRUST,6912,66.66666666666667
SHREENATH INFRACONE,335800BHINOMEUXGTP72,SHREYA LIFE SCIENCES PRIVATE LIMITED,51297,56.41025641025641
STAR HABITAT PRIVATE LIMITED,335800TP60J8O432XO49,EAST STAR COMPANY,21545,66.66666666666667
SHREE KRUPA BUILDERS AND DEVELOPERS,335800HWEGV1GAMZXV52,KAY ZONE BUILDERS AND DEVELOPERS,19973,81.35593220338984
AlphaChi Pearl No.1 SPC,254900262P2MIIQHV849,PEARL LOTUS LIMITED LIABILITY COMPANY,50451,50.0
"VA9 GROVES, LLC",254900OGK4364VWP8271,HARMONY GROVE CORPORATION,51906,60.86956521739131
AVANI BUILDCON,335800CFVAUTU5VXBO76,AVANI LINES INC,54991,64.0
STEALTH INVESTMENTS PTY LTD,98450038B8124DFEAD77,STREET INVESTMENTS PVT LTD,44469,78.04878048780488
SHREE MAHADESHWARA FABRICATION,335800O7UFXQH29EOS84,SHANGHAI MAHAN INTERNATIONAL TRAVEL SERVICE COMPANY LTD,58224,52.05479452054795
HIGHTECH SOLUTIONS,335800VIGG9CZB54QD13,LLC INNOTECH SOLUTIONS,48585,83.33333333333334
FOOD AND BEVERAGE FINANCIAL TOOL,9845006E4010FE4J9E98,TAWASUL FINANCIAL EXCHANGE,27972,62.96296296296296
KRISHNA SAI ENTERPRISES,335800P0PKY3KYFFHC61,KAFAK ENTERPRISES LIMITED,17770,75.0
SHREE ADITI BUILDCON,335800RXASR45ZJGBF52,AL' AMIR FOR CONSTRUCTING AND BUILDING,34480,56.52173913043479
IMAGES MULTIMEDIA PRIVATE LIMITED,335800WS61OGS1EV2J48,"MULTISERVICIOS AGSA, S.A. DE C.V.",10645,56.41025641025641
Kraft Expeditions GmbH,984500F9B5B890BF7L05,AKALI EXPEDITIONS,54361,64.70588235294117
IFSL CARRINGTON GLOBAL DIVERSIFIED FUND,213800S3KD7Z2ES4EB86,MIGHTY DIVINE GLOBAL FUND SPC,55968,58.82352941176471
INCLUSION HOUSING COMMUNITY INTEREST COMPANY,213800PF5O1D2NKFZM44,INFRACOM COMMUNICATION NETWORKS FZE,53833,59.70149253731343
CHURCH ST PSYCHIATRY LIMITED,213800D4XBABOZPL4N18,,,0.0
ORION CLO 2027-10 LTD.,213800M8ZLISDQU86Q27,AO NPO ORION,50259,55.172413793103445
LOUMEN AG,506700723CQ9B37Z0855,,,0.0
RICHARD LEIGH PENSION SCHEME,213800ECI3BTK1TAV839,KALA PENSION TRUST LIMITED,11637,52.17391304347826
ORBIAN FINANCIAL SERVICES LXXXI LIMITED,213800PY885B8HDJ2R55,GPB FINANCIAL SERVICES LIMITED,20315,75.47169811320755
IFSL CARRINGTON OEIC,213800LSFCTAR869HL11,"A Y S CARRIER INTERNACIONAL, S.A. DE C.V.",21071,48.0
SPADES COVERED BONDS LLP,213800EYK7Y9JCF2ML29,,,0.0
THE PETER DELLER WILL TRUST,2138003A4RCRU1DOPG35,AR RAHMA WELFARE TRUST,19682,53.333333333333336
HELMSDALE HOUSE,2138006CKOSR1UI6IH06,BEST DIAMOND HOUSE DMCC,42325,60.60606060606061
WINDROSE HOLDINGS III (DIFC) LIMITED,213800XFV4BIV9TIB919,TOSE-E DIDAR IRANIAN HOLDING COMPANY,25634,62.96296296296296
CHALCOT PARTNERS LIMITED,213800YCJ67SNRUYML66,CODE A PARTNERSHIP,44454,70.58823529411764
AJN WEALTH MANAGEMENT LTD,2138009VXJ2H8FOTIM28,CALIBER WEALTH MANAGEMENT LTD,40826,82.6086956521739
RISDON FAMILY SSAS,2138002KBXDKM79KST75,KANILAI FAMILY FARMS,23324,57.89473684210527
COATS (TURKIYE) IPLIK SANAYII AS,2138003NYNXG1S3TVL83,MSO LOJISTIK TIC VE SANAYI LTD STI,48757,56.14035087719298
THE ELLA BENNISON DISCRETIONARY TRUST NO1 2012,213800HMK4H5YD5S9N60,76 BENMORE GARDEN TRUST,42311,52.3076923076923
TALWORTH NO.6 LTD,213800VSKF8K3ACW3635,,,0.0
SE HOTEL INVESTMENT S.À R.L.,2138001PXM8C3PYENX47,AL 'AHD COMPANY FOR TRADE AND INVESTMENT,57559,69.56521739130434
"RISOUL Y CIA., S.A. DE C.V.",213800MDLNE8HR9URW70,JOINT STOCK COMPANY FEDOROVO RISORSES,47798,31.818181818181824
THE FELDMAN PENSION FUND,213800E74QWTUHS6KV30,NPF VTB PENSION FUND JSC,18734,60.0
BWL ASSOCIATES LIMITED,213800H63GUTOXQ4VT36,AL-SALAH ASSOCIATION,10408,64.51612903225806
LONGSHOT LIMITED,213800YFFVASAYLZDX74,LONGSTONE TECHNOLOGY CO LIMITED,55408,50.0
THE KATHLEEN GERTRUDE CLAFFEY WILL TRUST,213800GQ4PLKOI8ZBL07,AR RAHMA WELFARE TRUST,19682,48.275862068965516
ROCKHOPPER EXPLORATION (HYDROCARBONS) LIMITED,213800YRD8DTVM842W79,KOREA OIL EXPLORATION COMPANY,20581,57.14285714285714
WILL OF WILLIAM ALAN SENTANCE,2138002DHFVYFAU8RL08,ALAN ENERJI URETIM SANAYI VE TICARET LIMITED SIRKETI,36075,42.85714285714286
PREMIER WASTE (UK) PLC RETIREMENT BENEFITS SCHEME,21380078UK6DREDOIQ04,MIRAGE FOR WASTE MANAGEMENT AND ENVIRONMENTAL SERVICES SARL,21566,49.43820224719101
日本マスタートラスト信託銀行株式会社/T070006298,353800N4CIMPS4NK5459,,,0.0
FOX TAVERNS (SCOTLAND) LTD,21380012WU4998HLUO77,SCOTPAK BUILD PVT LTD,19682,36.36363636363637
IOI SERVICES LIMITED,213800B6IOOWNDLP4F85,"GOMEI AIR SERVICES CO., LTD.",28110,80.0
ROSEMARY JILL EDWARDS WILL TRUST (B & C PORTFOLIO),213800QEVIOUD2RYWB58,YEVPATORIYA COMMERCIAL SEA PORT,18320,46.753246753246756
IFSL CARRINGTON GLOBAL EQUITY FUND,213800T87GPRP2YRVQ64,C I FONDO GLOBAL DE ALIMENTOS LTDA,26987,61.53846153846154
RESEARCH AND INNOVATION FOUNDATION,213800SS2T31YWRDO244,JERUSALEM INTERNATIONAL FOUNDATION,15493,71.875
THE FRANCES VALLEAMAH VALAYDON-PILLAY PERSONAL INJURY TRUST,213800UVMTSML5EXE876,VAED ASSOCIATION FOR PRISONERS AND RELEASED PERSONS,55987,48.97959183673469
INVESTINDUSTRIAL CORPORATE SERVICES LIMITED,213800S6YOJYFMNWOG49,PLACENCIA SERVICES INCORPORATION,53320,68.65671641791045
DPAM DBI-RDT B GLOBAL EQUITY,213800OJ54SROO2UAR37,TRADE BRIDGE GLOBAL INC.,56855,59.57446808510638
TAG WORLDWIDE FRANCE,213800R1CZ86VDSO3530,WORLDWIDE LPG LIMITED,52508,66.66666666666667
CONTRACTING OFFSHORE SERVICES S.P.A.,213800ZYTJGCON2IRO11,STARS COMMUNICATIONS OFFSHORE,17044,68.96551724137932
ARTEMID SENIOR LOAN V,213800VBP75CYHPW3J54,ARTE Y DISENO DE CULIACAN S.A. DE C.V.,12086,60.86956521739131
TAPURIA & CO LIMITED,2138009MEFZFE18D3U41,KFAR TAPUAH FUND,4700,43.47826086956522
CGI AMPLUS OPPORTUNITIES VCC,2138006MIY4FGD7BMA89,,,0.0
PUMA ENERGY PROCESSING SERVICES LLP,213800XM9ZIKNMZMYM13,RED BOX ENERGY SERVICES PTE LTD,48803,66.66666666666667
AMUNDI RISPARMIO PROTETTO 12 MESI 12/2027,213800VSH6SRK8Z15U75,VANGUARDS FOR THE PROTECTION OF MUSLIMS IN BLACK AFRICA,16364,44.705882352941174
PRISCILLA SCHLICKE REVOCABLE TRUST,2138009ENZMK2QTLCC41,TRUST LIFE INSURANCE COMPANY S.A.L.,27192,55.55555555555556
FRANGLETON INVESTMENTS LTD,213800OK6ZSPZESFOJ18,ALSTONE INVESTMENT SA,38536,80.0
ICM ADVISERS LIMITED,213800YHCAZ8UMZGCU71,SAI ADVISORS INC.,24428,75.0
REPSOL E&P S.À R.L.,2138007UBAGWQP2NDY26,,,0.0
FRUNATURAL S DE RL DE CV,4469000001F156DOYI48,JSC NNRPA N A MV FRUNZE,52653,37.83783783783784
COMERCIALIZADORA FINCAF SA DE CV,4469000001EZBOKLR988,"COMERCIALIZADORA TOQUIN, S.A. DE C.V.",10653,84.61538461538461
DREIT II F/6629,4469000001F184AGK398,,,0.0
V3D s.r.o.,315700CUK8QJNIZWRN76,,,0.0
AUSTEN FUNDING DESIGNATED ACTIVITY COMPANY,635400VMRXVRFWTFQ491,GTLK EUROPE CAPITAL DESIGNATED ACTIVITY COMPANY,37862,68.49315068493152
SGD VI MASTER FUND SCS-SICAV-RAIF,635400UR8FUBLZVXFS09,PALESTINE RELIEF FUND,7917,48.14814814814815
Northgrove s.r.o.,315700X7LHAXST789Z76,OPEN JSC NORTHERN SHIPPING COMPANY,37030,55.55555555555556
"RHAPSODY V, podfond APS CREDIT FUND",3157002YP7AKNKXOSF64,NPF VTB PENSION FUND JSC,18734,52.0
P&P Media s.r.o.,315700GIZKHCICI8TG55,MEDIN PRODUCTS,58003,59.25925925925925
Moravia Finance s.r.o.,315700UHL1RMH3QXBE21,ORKA FINANCE,45211,70.96774193548387
ARCUS ADVISORY LIMITED,635400QVMFDIARNSU514,SINO RS ADVISORY PTE LTD,36277,73.33333333333334
ELMWOOD EUROPEAN CLO 7 DESIGNATED ACTIVITY COMPANY,635400KQMZBGB3YATS23,GTLK EUROPE CAPITAL DESIGNATED ACTIVITY COMPANY,37862,71.60493827160495
ΤΗΛΕΛΗΣ ΠΕΤΡΟΣ ΚΑΙ ΣΙΑ Ε.Ε.,635400WDAXTTG5M9WN97,,,0.0
Patrimonium Fiducia Foundation s.r.o.,31570010N2LIQID2HT22,AL-SHAHID FOUNDATION- PALESTINIAN BRANCH,10412,60.0
ELMWOOD EUROPEAN CLO 9 DESIGNATED ACTIVITY COMPANY,635400OYLUKCLR7J9N20,GTLK EUROPE CAPITAL DESIGNATED ACTIVITY COMPANY,37862,71.60493827160495
ELMWOOD EUROPEAN CLO 8 DESIGNATED ACTIVITY COMPANY,635400H8CKOGANEYIW47,GTLK EUROPE CAPITAL DESIGNATED ACTIVITY COMPANY,37862,71.60493827160495
GIM EURO SHORT DURATION GOVERNMENT ENHANCED FUND,635400AKXRUW7GY47N20,GOVERNMENT OF IRAN DEPARTMENT OF DEFENSE,10392,51.21951219512195
"SILVER POINT EURO CLO 5, DESIGNATED ACTIVITY COMPANY",635400H2RVUTSO2KL870,GTLK EUROPE CAPITAL DESIGNATED ACTIVITY COMPANY,37862,73.17073170731707
ELMWOOD EUROPEAN CLO 6 DESIGNATED ACTIVITY COMPANY,635400BXVIFERSTZ4G81,GTLK EUROPE CAPITAL DESIGNATED ACTIVITY COMPANY,37862,71.60493827160495
Florian Gnegel Holding Beteiligungsgesellschaft mbH,9845006BF490543A0E42,BELARUSIAN CEMENT COMPANY HOLDING,46478,52.77777777777778
METAL EUTECTIC SA DE CV,9845005DAJ62A4FF5673,BROTHER METAL S.A.,57112,53.333333333333336
Axel Heinz Beteiligungs UG (haftungsbeschränkt),984500547390FE7F9414,BETENSH GLOBAL INVESTMENT & DONG DONG SHIPPING LIMITED,54334,42.69662921348315
Posner Metals Limited,894500TXT42CMZE3QW29,URAL METAL PROCESSING COMPANY LTD,49185,64.70588235294117
"NEURONREFERENCE, LDA",254900EJEJR9EAM2W693,,,0.0
"HERDADE DO RIACHO, SOCIEDADE UNIPESSOAL LIMITADA",254900VUGCKLL708P233,BAJER SOCIEDAD DE RESPONSABILIDAD LIMITADA,26469,55.81395348837209
HelpBus Oy,743700WPD49JJSVXY121,ARMY OF THE EMIGRANTS AND HELPERS,17289,34.48275862068966
Pharmacon Oy,743700P9TS3O8O872Y75,CEC PHARMATECH LTD,16319,60.86956521739131
Asunto Oy Mechelininkatu 27,743700KB4Q2HNHU8MY17,LLC MECHEL MINING MANAGEMENT COMPANY,50333,58.33333333333333
Ferne Oy,743700C63Y78ULL2YY72,THE FERN LIMITED,44247,88.88888888888889
Fonsimed Oy,743700UFHFOX1ZP7J382,,,0.0
Maarakennus Savetek Oy,743700XA5KTOQHXYTX47,,,0.0
Olkaa Oy,7437005UBE8VG7TPO469,,,0.0
N.J. Consulting Oy,743700TLG8SAVGYX9K67,RB CONSULTING LIMITED,42745,84.61538461538461
Tuisku & Henri Oy,743700TR3DM7T0KGWE23,,,0.0
BIndotrade Oy,743700BD468FVJW1MV49,,,0.0
Apair Oy,74370024OK9IC542VV72,,,0.0
Fanison Oy,743700L38QJ0J9F5V885,FANI OIL TRADING FZE,34957,52.17391304347826
Hugo och Maria Winbergs stiftelse sr,7437000A00ZWG9QXRF56,AL-AQSA SPANM I STIFTELSE,7637,51.72413793103448
Innodentis Oy,743700Z3IQHGD1GS8E48,INNODRAIV,47387,63.1578947368421
Milland Oy,743700VCRZZIPAVKTE46,MILLAB SINTEZ,47623,60.0
Muutosavain Oy,74370091M0D7A3MUP987,,,0.0
Noktum Oy,743700IK42PN3V2KCV16,,,0.0
Ankoradum Oy,7437002S8GKWZFQWT956,ANKOR OOO,49268,71.42857142857143
Rosa Consulting Oy,7437009G7LWY6J6DS827,RB CONSULTING LIMITED,42745,85.71428571428572
"PENINSULA POINTE LL, LLC",2549002102MRT8TDZB60,POINTER ELECTRONICS,50763,63.1578947368421
"SUMMIT OF UPTOWN LL, LLC",254900D9I8U29C4LGM95,BULGARIAN SUMMER,32007,37.5
"Peppertree LL, LLC",254900E6XVAYPQ6WYO56,,,0.0
Azori AB,9845005702BB0C2AAA47,AZORIA SHIPPING COMPANY LIMITED,47802,50.0
SALTBOTT VENTURES LIMITED,254900FGA0GLCM3A5K90,LLC VEB VENTURES,35004,68.96551724137932
Fortress Lending Fund V (U-A) I.L.P.,254900UE95131DMT7V59,NPF VTB PENSION FUND JSC,18734,50.98039215686274
DIAMETER CAPITAL SOLUTIONS GP LLC,254900PTTU6KKQHU1V10,ASIA MATERIAL SOLUTIONS COMPANY LIMITED,50115,73.46938775510203
Diameter Capital Solutions Advisor LLC,254900I0PCQPVOGR5I11,AVIATION CAPITAL SOLUTIONS LTD.,19712,73.33333333333334
"TRIANGLE TOWN PLACE 2026, LLC",254900JBBEXHHZM07Q95,GOLDEN TRIANGLE BANK,47148,59.09090909090908
ASSOCIATION INTER ENTREPRISES PENLY 3/4,969500JERVT5SAXH2B84,AL-NUR PRISONER ASSOCIATION,56269,66.66666666666667
FCPI ODYSSEE PME CROISSANCE 2026,969500AIXS4F9F7WB136,ODYSSEY MARINE INC.,56840,47.82608695652174
RIGATONI HOUSE LABS SOCIETA' A RESPONSABILITA' LIMITATA,8156001FE39523A80006,BAJER SOCIEDAD DE RESPONSABILIDAD LIMITADA,26469,67.3913043478261
MAFATE SHC,969500UP4SLTSXWPTB72,,,0.0
C.V.I. INVEST,969500L0YCTGYROKSO85,LLC A INVEST,46053,77.77777777777779
PDVM HOLDING,969500C0ZTOY8I90IN69,MTV HOLDING,52176,78.26086956521739
MFK VAP,969500REIT7RWEMD6C83,,,0.0
LE SILEX,969500SLPG6WSS4ANK54,"SICHUAN SILENCE INFORMATION TECHNOLOGY COMPANY, LIMITED",52112,18.6046511627907
VITORES CONSEIL,969500YZIPMYJW3H3M06,"PLM CONSULTORES, C.A.",23894,60.60606060606061
H.C.R.,969500AI7YJCZ4P6X526,,,0.0
SOCIETE USINAGE HAUTE TECHNOLOGIE,9695008S2X9UPYW3KS18,JSC ADDITIVE TECHNOLOGIES CENTER,39182,68.85245901639344
CIE INTERNATIONALE DES WAGONS CITERNES,969500MD0U5CZAU4NJ80,AL-FADEL EXCHANGE AND INTERNATIONAL TRANSFER COMPANY,43416,66.66666666666667
HAPPE DEVELOPPEMENT,969500UTWG10ED4UGL20,HAS-DEVELOPMENT JSC,18740,82.35294117647058
EQUINOXE,9695007QMB1T25FT7961,KEKOTECH EQUIPMENT LIMITED,49137,53.84615384615385
MKW N CO,9695005MQMMQ6F9SW948,,,0.0
ACOLYT INVEST,9695008JGPQSJIZV0D13,LLC A INVEST,46053,76.19047619047619
MVM,9695005DE59TRNMIJ035,,,0.0
PRIVACY HOLDINGS,96950070MEIZT2UAQQ20,PRINCE HOLDING PLC.,55612,80.0
SC LUCERA,969500LMH2AS0JCA0288,LUCERO IMPORT S.A.C.,11412,61.53846153846154
A.N.L.,96950091V5MULFL4GM07,,,0.0
CIPANGO,969500DCT4WXVTFYWG83,,,0.0
PARIS EN BOUTEILLE,969500IEGKJEDKH77X20,BOUTIQUE LA MAISON,424,60.60606060606061
KIMLEE,969500I9HR2UOVU8LO47,,,0.0
WILDCARD,969500ADPEEU07MOTM28,TEO BOON CHING WILDLIFE TRAFFICKING TRANSNATIONAL CRIMINAL ORGANIZATION,37901,12.658227848101266
DIAGNOSTIC MAURIENNE TARENTAISE,969500Z3XVHKMQETF906,DIAGNOSTIKA M LLC,48546,50.0
SC 48 RUE COLBERT,969500TM38CO56BIAX21,,,0.0
PETILLANTE,969500YP2XUPE4YJSR11,,,0.0
MAM CONSEIL,969500JTKCG0ITYE4X98,CONSTELLO INC.,26216,60.0
ULTIMAT,969500VT7T9283RGM868,ULTIMATE SPIRIT LIMITED,54824,63.63636363636363
DIOSCURES ADVISORY,9695007H9RJ6LZKH7L29,SINO RS ADVISORY PTE LTD,36277,64.70588235294117
FINTANO,9695007W0KP15G7YWD06,FINTENDER JSC,34738,62.5
FRESH3D,9695000RUKTMU9OQ4U31,FRESNO HOME S.A.S.,30269,55.55555555555556
ISPIRA GROUP,969500FEN0LFO8O9LQ12,SUPERWAVE GROUP LLC,51289,74.07407407407408
A.R.I.N,969500GY4NQCKL044P43,,,0.0
PR FINANCE,969500S0A8RDJQ3P0H91,M-FINANCE LLC,29868,84.21052631578947
WAGRAM 75,96950054PXERJBRTDW71,,,0.0
SHOWLAB,9695000D6HDALQZ55V82,CARIBBEAN SHOWPLACE LTD,8865,46.15384615384615
KOKO ISLAND,9695005DUTRL8NZMZS28,JUND AL-ISLAM,7472,57.14285714285714
PA2O CONSEILS,969500WY4MBTKAZKNY22,CONSTELLO INC.,26216,63.63636363636363
LAUW INVESTMENT,969500MHVXUF67L3PR32,WALDAU INVESTMENTS LIMITED,42209,84.84848484848484
AXIOS INVEST,969500NX703Q8S3PLN07,LLC A INVEST,46053,80.0
FREMJA NETWORK,969500ZACKPWBAN53F41,JAMAL NETWORK,16278,74.07407407407408
Arohi Global AI SPC,2549006J67X7CO5FPW82,AVANTI GLOBAL GROUP S.A.S.,27239,63.1578947368421
NORTHLAND HEATHBROOK LLC,254900ZUJRD1BAJ50G74,NORTH SOUTH CARGO,48709,48.64864864864865
"MARBELLA INDUSTRIAL OWNER 2, LLC",254900U1CK439YH25H72,LA TIJERA PARQUE INDUSTRIAL,13420,66.66666666666667
Kabton Invest ApS,984500F839857AD55084,TOUR INVEST LLC,58499,75.0
Thebjornnordlund AB,984500FA0F449FFWFU68,,,0.0
LGVP IVY (INVESTMENTS) LLC,254900LO3UCLW60B7X17,SHINE. X INVESTMENTS PVT LTD,44465,71.7948717948718
"LGVP, LP",254900O4RUBYP62LWA59,,,0.0
LGVP GCA LLC,254900PFNPB07VC7CQ65,,,0.0
INTEGRIA HEALTHCARE (AUSTRALIA) PTY LTD,2549004P38BQ0IYWR367,PALESTINIAN UNION IN AUSTRIA,7918,52.459016393442624
"SHADY GROVE CENTER, LLC",254900ISZMHWXBH2U290,PROVENZA CENTER,13420,72.72727272727273
DT-SG LLC,2549002T70ZCM2V30C65,,,0.0
JS-SG LLC,2549000EU224YQM12I49,,,0.0
RB-SG LLC,254900LJL475EJG72Q81,,,0.0
"Matan Doswell, LLC",2549001WDOV73V27M608,MATAJER NOVIN MADA'EN COMPANY,28684,41.17647058823529
"SENADO MANAGEMENT, LLC",2549004154CXBCRIOZ42,NAI MANAGEMENT GMBH,44271,83.87096774193549
"TPG Merlin Cayman SPV A, L.P.",254900QUH156XJCCNE86,MERLUZA GROUP LIMITED,51898,27.77777777777778
ProjecT 226 UG (haftungsbeschränkt),9845006IBA5D38473A79,GMI PROJECTS HAMBURG GMBH,30763,49.056603773584904
COMO BC LLC,254900MZJD3Z5UCG1C88,AL-HARAMAIN FOUNDATION : COMOROS ISLANDS,8592,19.047619047619047
"FRANK'S FOREIGN CAR SERVICE, INC.",254900D8PAH8LCT61J79,INFINITE FORCE CARGO SERVICE HK LIMITED,49354,68.96551724137932
"3101 ARCHER ROAD B3, LLC",254900IB5EJ754NA0978,MARITIME SILK ROAD LLC,28107,43.24324324324324
7080 BROOKS FARM ROAD LLC,254900H7MZY41FV0J831,AO RAU FARM,48728,56.25
"NEXT APARTMENTS OWNER, LLC",2549002I9FJIX4K6TE86,SWEET APARTMENTS,26468,70.27027027027026
"FIELDS WEST PROPCO, L.P.",254900IA81NC7GT8GP69,ISIS WEST AFRICA PROVINCE,23845,60.46511627906976
"ORF V Rivermont Square, LLC",254900E70BVN4TG3YU70,THE HORROR SQUADRON,8085,54.054054054054056
"ORF Lakeshore, LLC",254900AT4FL7S1FAT788,LAKE FOREST SP Z O O,51404,46.666666666666664
"ORF V Sugar Creek Plaza, LLC",254900P1WL2Y58L56854,SD DEPO PLAZA,51430,55.55555555555556
AUTUMN LEAVES CONSULTING LIMITED,254900VBTYBYHEBGJW45,DEVICE CONSULTING CO. LTD.,43134,68.29268292682926
FERME GÉPAQUETTE (2009) INC.,254900A9R1SXBAUY6M58,LA FERME KITOKO FOOD,24675,36.8421052631579
كليك فون,254900R0UTS47C6D4A03,,,0.0
BAXTER DIGITAL LLC,254900LRJ4FUKY7CD939,LLC RUS.DIGITAL,36367,56.00000000000001
M. DEKKER BEHEER B.V.,254900Y2IFJZXAQ6V575,BEHENGAM TADBEER QESHM SHIPPING COMPANY,56997,43.47826086956522
LOL MEZZANINE BORROWER LLC,254900PZ6YJX7H7XFP80,,,0.0
SARK CAPITAL SRC OPCO HOLDINGS LLC,254900TT67R4XAZAJL46,CAPITAL TAP HOLDING L.L.C.,48960,69.38775510204081
350 PARK OWNER LLC,254900B7KCQM87M2FO63,CENTRAL PARK LIMITED,57509,53.84615384615385
SHAREDTABLE INC.,254900SWZYTXNA20TT25,SOLDIERS OF THE SHARIA,16475,53.84615384615385
VSR LONDON HOLDINGS LIMITED,254900A5W1SM7XDC5U27,NOUR HOLDING SAL,28168,70.96774193548387
"SHI 2026 HUDSON PROPCO, LLC",254900Q5PAEF17OD3T31,OCEAN PROPERTIES GMBH,44275,42.10526315789473
"CONSENSUS CLOUD SOLUTIONS, INC.",254900X22A5NZ7CBJ405,CLOUD SOLUTIONS LLC,54569,75.0
CHOCOLATE FONDUE SL,25490073855WP18BNL05,FOND YAMAL,52032,41.379310344827594
Leto Midco Limited,254900R6U174IH9S3V74,,,0.0
"Whitehall MacArthur Road, LLC",254900RJTN8D9MPVD977,WHITE HANDS CHARITY,57133,60.46511627906976
EVERESTEER INC.,254900A53UPMOFZRLP95,OOO EVEREST GRUP,36465,72.72727272727273
EJJR LIMITED,254900PX4RUUOWZ51X19,,,0.0
"LCR WALPOLE, LLC",254900GYK20FP25G4705,,,0.0
"VšĮ ""JumpUP""",254900A3N5JKB64VFG65,,,0.0
"Ira Hyundai-Maitland, LLC",254900XOTBLWDULRHL45,,,0.0
Punxsutawney Integrated Partners LLC,254900MDZB31G4329Q27,STRATEGY PARTNERS GROUP JSC,36426,61.81818181818181
"Abry Liquid Credit CLO 2026-5, Ltd.",254900HG313IM9JZ1759,ANSAR FINANCE AND CREDIT FUND,12478,48.14814814814815
DEVEREUX CAPITAL LLP,2549008H3PBY0YC7IX70,CHEER CAPITAL LIMITED,55922,75.86206896551724
"AF5 AMMENDALE, LLC",254900UZNIGDDAIIPU69,AMMERSHAM COMMERCIAL VENTURES LIMITED,17100,38.095238095238095
BLUE RIVER CORPORATE LTD.,254900E2WT45J5FME077,CORPORATE FINANCE BANK LLC,51809,66.66666666666667
"HN MANSION MEZZ, LLC",254900GY6YBKDHH6UU75,ZEOLITE MANSFORD SDN BHD,51167,51.28205128205128
Jordan Landing LLC,2549007K4RIBBPSK9W40,GOOD LAND COMPANY,30668,60.86956521739131
Isomorphic Trading LLC,2549007RBUNB2QAWDT55,DOLPHIN TRADING COMPANY LIMITED,23670,72.72727272727273
"HN MANSION, LLC",254900G4Q0LF80KPMN17,AL MANSOOREEN,7140,60.0
MONTES GLOBAL OPPORTUNITIES SICAV P.L.C,254900PAXEAKESXNFJ89,STAR MERIT GLOBAL LIMITED,55918,60.0
"RP 200 N Owner, LLC",2549002V4C3BFQ9XYN74,STATE OWNED FOREIGN TRADE UNITARY ENTERPRISE BELSPETSVNESHTECHNIKA,34776,25.0
Invesco QQQ Nasdaq 100 DC Trust,25490017RLVY45XYJZ08,INVERSIONES LA QUINTA Y CIA. LTDA.,7291,53.333333333333336
CENOMAN ANALYTICS,2549000WKFZ4G2MIXN48,ANALYTICAL MARKETING CHEMICAL GROUP,48665,57.692307692307686
"23A BESS INFRASTRUCTURE, LLC",254900QNWSO8FZ0QRJ38,FANAP INFRASTRUCTURE,55014,74.4186046511628
FT Vest Nasdaq-100 Dual Directional Buffer ETF - December,254900Q1X0G2P05OZA30,MINISTRY OF DEFENSE DIRECTORATE OF DEFENSE INDUSTRIES,33537,47.05882352941176
"RCG-Martinsburg VIII, LLC",254900ZTHWGK4TL0EG79,MARTYRS OF YARMOUK,20010,40.0
HANSKAR AS,984500D4F2RE96BT5159,HANSA SHIPPING INC.,58116,47.61904761904761
LPA COL PROPCO COTA 1 S.A.S.,254900UX50UQ0FJL2L06,LIMITED LIABILITY COMPANY AFORRA PROPERTY,40814,43.47826086956522
ENTERTAIN-IN HOSPITALITY STAFFING LTD,984500EB2DY1809F2E17,MICHIGANTAP HOSPITALITY PRIVATE LIMITED,56049,57.14285714285714
M SQUARED TECHNOLOGIES VCC,254900XZTLQLL3IBML26,MCS TECHNOLOGIES GMBH,16013,71.42857142857143
"ALLEN'S PLACE, LLLP",254900G03KOZO4IV5B20,CANDY PLACE LIMITED LIABILITY COMPANY,49455,56.41025641025641
"RANGER 35 CC BLDG 1, LLC",254900N81JHNXTI9MC18,LARGE RANGE LIMITED,26689,53.333333333333336
YUMEARTH HOLDING COMPANY,254900F9A6S0VMPAPO25,RTS-HOLDING JSC,34768,74.07407407407408
"CRE-JDG BRIDLE CREEK OWNER II, LLC",254900LAZ25Z6R9G2A92,SILVER BRIDGE SHIPPING CO-HKG,27533,50.90909090909091
HARRIS FREEMAN 1981 LLC,254900WTPXJ5KJCY5P24,GATHERING OF THE FREEMEN OF THE EAST,27763,53.65853658536586
JK LAKERS LLC,2549002VSW9CBPAILR71,GREAT LAKES BUSINESS COMPANY,10118,41.379310344827594
TINTEGGIATURA MONTI DI MONTI ALESSANDRO & C. SNC,8156005205E638348A13,CENTRO DE INVESTIGACIONES DEL NIQUEL CAPITAN ALBERTO FERNANDEZ MONTES DE OCA,58616,43.24324324324324
AUDIT-TAX & CONSULTING SRL,815600C07EC8B671A017,BAIA CONSULTING LIMITED,34138,74.28571428571429
INTERFAMA SRL,815600E3A8280511BE14,INTERFIAR S.A.,8740,77.77777777777779
MARPI HOLDING SOCIETA' A RESPONSABILITA' LIMITATA,815600D8D70547EB7A53,HIGH NUTRITION SOCIEDAD DE RESPONSABILIDAD LIMITADA,26470,73.6842105263158
MAGRINI RAFFAELE & CECI GRAZIELLA S.N.C.,815600E67A2D49066B74,LA NIVERNAISE DE RAFFINAGE SAS,58434,43.63636363636364
NEWFIM S.R.L.,8156003F5F8A9F55FA31,,,0.0
TOWER REAL ESTATE S.A.S. DI GENTIAN MUSTA E C.,8156000222B6FAB69B28,CAMBODIAN HENG XIN REAL ESTATE INVESTMENT CO. LTD.,55997,58.22784810126582
AUTOSERVIZI GAVAZZI S.R.L.,815600975EAC4A018397,QUALITY AUTOS S.A.,17253,50.0
OFFICINA IANNARONE S.N.C. DI IANNARONE GIOVANNI E GEPPINO,815600E866704BDD4315,JOINT STOCK COMPANY 18TH NAVY SPECIAL DESIGN AND ENGINEERING OFFICE,51114,47.706422018348626
ΓΙΩΡΓΟΣ ΚΑΙΜΑΚΛΙΩΤΗΣ & ΣΙΑ ΛΤΔ,984500A99D6Y01F5ID81,,,0.0
MILA CERTOSA,8156007AB3C8D20E1759,MILAVOUS GROUP LTD,54839,53.84615384615385
ASKM S.R.L.,8156004BD0BCFB80BB11,,,0.0
PENTRIA LUX S.R.L.,815600A0DD60A3102259,PENTANE CHEMISTRY,13439,42.85714285714286
"SKY HORNELL GENESEE, LLC",254900C5Y1GSL9LAPU62,KOREA YONBONG GENERAL CORPORATION,9347,50.0
Revenant Energy Operating LLC,254900L5MTYVZP4JN265,OPUS ENERGY TRADING LLC,39538,63.63636363636363
ADDENBROOKE MARINAS (CHURCH POINT) PTY LTD ATFT ADDENBROOKE MARINAS (HOLMEPORT) TRUST,254900BQXH8W5DONGO35,FEDERAL STATE UNITARY ENTERPRISE KRONSTADT MARINE PLANT OF THE MINISTRY OF DEFENSE OF THE RUSSIAN FEDERATION,36097,45.238095238095234
"LGVP MANAGEMENT, LLC",254900T2S4N34EGLEG26,BLD MANAGEMENT,37221,82.75862068965517
"LGVP PARTNERS, LLC",2549005FGKYOHPKIHD65,LAVASANI AND PARTNERS COMPANY,57948,73.33333333333334
LGVP Carry LLC,254900FU9EVOW4MZ5B49,CASH & CARRY RETAIL STORES,12458,41.17647058823529
Bubonem B.V.,724500HPS3UYDBYUCS52,,,0.0
DATA-T LTD,984500C504E7E3DFBA70,DATANA,47420,66.66666666666667
Alkemade Retail B.V.,724500X6XSR8V1EBQL02,ALKES TREID LLC,34661,61.53846153846154
Effektief Holding B.V.,724500YP5Z1WHC9CED68,"DELVEST HOLDING, S.A.",651,68.75
Biltstraat Wijn & Whisky B.V.,724500I9IYCBO58JCW30,,,0.0
"634 EAST BEAR BLVD, LLC",254900JEN5UIO1XLLR25,BRIDGE BEAR LLC,52182,55.172413793103445
"701 EAST ELM STREET, LLC",254900L925B1H76V0M49,KAVEH EAST STEEL COMPANY,30418,62.857142857142854
"820 SOUTH ROBBERSON AVENUE, LLC",254900ROCSO8S0H0IS31,SOUTH SEA ENERGY LIMITED,54198,52.38095238095239
"835 SOUTH JEFFERSON AVE, LLC",254900Q24YD54LQ32V58,SOUTH FRONT,31212,58.82352941176471
Deplanu Haarlem B.V.,724500LO0Y4GBYZ8RP24,,,0.0
VINTAGE REAL ESTATE PARTNERS IV (INTERNATIONAL) OFFSHORE AB LLC,9845000B810A0BA0DB35,TIANJIN CREATIVE SOURCE INTERNATIONAL TRADE CO LTD,48622,63.91752577319587
AEQ QUANTUM TECHNOLOGIES LTD.,984500A4D6A2ADD09A52,RUSATOM ADDITIVE TECHNOLOGIES,43196,75.47169811320755
Anglesea Insurance Group Ltd.,254900S4LMF2SY5T8W47,ASIA SUN GROUP,41316,68.42105263157895
Aluminum AA3104 Ltd.,2549001K7XWV7CAGRB80,ALMAHDI ALUMINUM CO.,28292,70.96774193548387
The Onaway Trust,254900HHY6AIU90Z9325,AVIA TRUST FZE,16535,72.72727272727273
SERVICE MAINTENANCE,984500506ECF8AF41553,LE MONDE MARINE SERVICES LIMITED,52938,75.0
SEINE DISTRIBUTION,9845000QC1E48E5A8304,ETT DISTRIBUTION BV,46810,82.35294117647058
CLINIQUE SAINT DIDIER,9845009E72FEFC0WEF71,BANK SAINT-PETERSBURG PJSC,40924,47.61904761904761
ORIGINES IMPORT,984500C82F7889FJ0293,IMPORTEKS,47982,66.66666666666667
D & P ARCHITECTURE DE COMMUNICATION,984500J49C5A5DK47A41,ARCHITECTONIC CORP LIMITED,57527,60.46511627906976
SPÓŁDZIELNIA SNB W BIAŁYMSTOKU,259400DFTQM1VDDGVT84,,,0.0
THE CONEY CONSULTANCY LIMITED,98450052ED964DAEG859,TCH CONSULTANCY,45736,68.75
"CRC COMMUNITY SUPPORT ORGANIZATION, INC.",254900QLWM1GPWM7B484,ISLAMIC RESISTANCE SUPPORT ORGANIZATION,9949,65.75342465753424
BALDWIN JAZ LLC,254900GVH2C9LNS15I78,,,0.0
"LA MARCA VINI E SPUMANTI SOCIETA' COOPERATIVA AGRICOLA,CONSORZIO CANTINE SOCIALI DELLA MARCA TREVIGIANA,LA MARCA VINI E SPUMANTI,CONSORZIO CANTIN E,LA MARCA,C.C.S.M.T.,TREVI,TREVINMARC,CON.CA.SO.,SO.MA.TRE.,L.M.V.S.,C.L.M.T., FOSCARO,OPITERGIO,DOGADO,IN FORMA ABBREVIATA""LA MARCA VINI E SPUMANTI SCA""",815600CD5C9B001C8870,AUTONOMOUS NONCOMMERCIAL ORGANIZATION FOR THE STUDY AND DEVELOPMENT OF INTERNATIONAL COOPERATION IN THE ECONOMIC SPHERE INTERNATIONAL AGENCY OF SOVEREIGN DEVELOPMENT,36360,37.772397094430985
HELIX FINANCE LTD.,9845005O9E40AR957F51,HALEEL FINANCE LTD,47447,81.4814814814815
SIMPLENIGHT INC.,254900B5V2ZG7R5LTN91,SIMPLY ADVANCED LIMITED,55557,38.46153846153846
بيتامايستر انتربرايزيس ش.ذ.م.م-منطقة حرة,9845001E4671C939CC16,,,0.0
"BAIN CAPITAL PRIVATE EQUITY (ASIA), LLC",254900FOEWKQOOISZV90,AVIATION CAPITAL SOLUTIONS LTD.,19712,64.0
AKINCI TEKNOLOJİ ANONİM ŞİRKETİ,254900DCIXFZGQYV9Q46,AKTAU PETROL TICARET ANONIM SIRKETI,36074,60.60606060606061
Aston CM (Jersey) Limited,254900OOPT0VOZEFM356,ASTORIA STAR HEAVY EQUIPMENT TRADING L.L.C,49670,35.29411764705882
"GROVE HOTEL, LLC",2549003YIVOICPBVXJ19,HARMONY GROVE CORPORATION,51906,66.66666666666667
Ucak Holding ApS,9845005F62A74FE70C87,MAKO HOLDING,18325,83.33333333333334
IKA ALBRECHT SPÓŁKA KOMANDYTOWO-AKCYJNA,259400X1UFPYBWAUAA90,AKTSIONERNOE OBSHCHESTVO NAUCHNO ISSLEDOVATELSKII INSTITUT KOMANDNYKH PRIBOROV,52650,37.60683760683761
Savile Brown Associates Ltd,254900MSTFJCGRL9EM43,AL-SALAH ASSOCIATION,10408,70.0
Quantify Anduril Winners and Infrastructure ETF,25490004Y2V1K5Y76Q82,LIMITED LIABILITY COMPANY INFRASTRUCTURE CORPORATION AEON,45979,58.33333333333333
OAK ISLAND VERMÖGENS- UND BETEILIGUNGSGESELLSCHAFT mbH,984500497BB1D6C3DB16,BETENSH GLOBAL INVESTMENT & DONG DONG SHIPPING LIMITED,54334,45.16129032258065
Foundry Associates Owner LLC,254900XT7JRM7SBQ1012,AL-NUR PRISONER ASSOCIATION,56269,66.66666666666667
Albemarle Square LLC,254900NR3NCIVHGYVP33,HALHUL SQUAD,4709,57.14285714285714
Defiance Daily Target 2X Long Pasqal ETF,254900Y192QIFL9IAD48,TARGET ELECTRONICS,42004,48.275862068965516
De Lijster S.A.,254900MPSN36N7TDC975,,,0.0
Bizzfeld UG (haftungsbeschränkt),9845001E1F1097D83D92,SANAYE HAFTOME TIR,10863,37.5
STRATEGIES FOR PERFORMANCE,69940050HN9SCRN7ZN81,UNIQUE PERFORMANCE GENERAL TRADING L.L.C,46353,64.28571428571428
ROBIN ENERGY FINANCE LTD.,529900JOM1VNAFWZKS39,FORNACIS ENERGY TRADING CO. L.L.C,49837,69.76744186046511
Barings CLO Ltd. Acadia,254900YG3CC0WT5KF269,SECOND ACADEMY OF NATURAL SCIENCES,12215,53.06122448979591
Gifting Technologies GmbH,98450060DFDD41107754,OOO LENDING TECHNOLOGIES,34617,80.0
ADELL COOPERATIVE UNION,254900PYLQAO21XL2866,BASIJ COOPERATIVE FOUNDATION,25017,74.50980392156863
3137 ELWOOD PROPCO LLC,2549000HYGO8B6XAO326,PROPERTY-VB OOD,32033,48.484848484848484
EDR QUARTZ CORE EUROPE EQUITY ACTIVE UCITS ETF,984500DF403611491286,GTLK EUROPE DESIGNATED ACTIVITY COMPANY,37861,51.94805194805194
EDR QUARTZ CORE GLOBAL EQUITY ACTIVE UCITS ETF,9845001K2DE58B3FEF90,KORYO GLOBAL CREDIT BANK,20569,48.57142857142858
10015 ALONDRA LLC,254900BIHUMD0ON6QC60,"ALONDRA PRODUCE, S.P.R. DE R.I.",21570,40.0
Krammer Technik GmbH,52990043MTDBTBVHMF31,FORENT TECHNIK GMBH,23145,68.96551724137932
Proten NZ MezzCo Limited,25490092Y4MXRT7Y2I74,AO PROTON PM,49207,57.14285714285714
DEWIRA,984500425AE9C9478F02,,,0.0
MILLOR INVEST AS,984500O751003DEACF05,"M INVEST, OOO",29101,76.19047619047619
Uncotec AB,65740040VAEBWPUFVU11,,,0.0
e.con nature energy GmbH & Co. Betriebs KG,529900VDE1DRSAOVPG90,SINA ENERGY DEVELOPMENT,30366,54.90196078431373
WIND-projekt Verwaltungs GmbH & Co Windenergieanlage Breitling KG,529900Q2ZOKBEPOK0S52,OZEAN IMMOBILIEN PROJEKTENTWICKLUNG VERWALTUNGS- GMBH,44198,50.5050505050505
Windpark Neu Guthendorf GmbH & Co Betriebs KG,529900CKZIAT0M7V8380,WINDHAM COMMERCIAL GROUP INC.,26220,46.42857142857143
JIMJEN HOLDINGS LTD,9845000FFB6Z7A060A16,MIKAM HOLDINGS LIMITED,37765,75.86206896551724
VNMO Speditionsgesellschaft mbH,529900Z05PRFO6G0C249,BMA SPEDITION GMBH,42728,44.99999999999999
DP PECOS HOLDINGS LLC,254900WYWC3470IHHM91,PICOTIN HOLDINGS LIMITED,49485,72.72727272727273
TRUST VALENTINA PRELLE,81560066CCB819ED8725,LIMITED LIABILITY COMPANY VELES TRUST,40783,55.81395348837209
The Trustee for CPOF King William Trust,25490061C50XQHUV2D56,KINGS ROMAN RESORT AND CASINO,23652,50.0
SAN.SAN. S.R.L.S.,5299006R4ENBNJW3DW96,WINDROSE TACTICAL SOLUTIONS S.R.L.S.,56371,36.36363636363637
Breitbandnetz Südermarsch UG (haftungsbeschränkt) & Co. KG,52990007IXV0HGTUQ286,SANAYE HAFTOME TIR,10863,30.76923076923077
OBREMO ENERGY & TELCO SL,959800V9LZSS1D1ZW603,"TECHNO ENERGY, S.A.",27233,62.857142857142854
RCKT Mortgage Trust 2026-CES7,2549007Q9AKL7F4TIV81,76 BENMORE GARDEN TRUST,42311,57.692307692307686
RCKT Mortgage Trust 2026-CES8,254900S0NOKPM3C9CQ27,76 BENMORE GARDEN TRUST,42311,57.692307692307686
RCKT Mortgage Trust 2026-CES9,2549007JXTW7R2XICR82,76 BENMORE GARDEN TRUST,42311,57.692307692307686
The Joseph Rex Muxlow Will Trust,648800QULRA290GJ5Z71,LMG LIGHTHOUSE TRUST REG,50044,53.84615384615385
VS Digital Europe Ltd.,984500G55775959B9C37,LLC RUS.DIGITAL,36367,71.42857142857143
Lab Solutions West AB,657400ZMVU2QAN2SE016,NAL SOLUTIONS COMPANY LIMITED,49366,70.96774193548387
Convexa Prop LLC,254900YG1XHBIXF06F73,OCEAN PROPERTIES GMBH,44275,57.14285714285714
CENTRUINK INFRACON PRIVATE LIMITED,648800HSJZPT92NALT34,JSC NAUCHNYY CENTER ELINS,39183,61.53846153846154
ORME S.R.L.,815600588C897FEFAE83,,,0.0
ASIF KHAN,648800UWE4P1QZ5JK126,KHANDAN EXCHANGE,57933,48.0
Amfissa Holdings Ltd.,98450040N9K39042DD35,AMAN HOLDING PRIVATE JSC,26887,78.57142857142857
EAST WEST AUTOMOBILES,98450055F97EBQ569C15,SES AUTOMOBILE,8882,80.0
HBO Ventures GmbH,984500F7C3E887C67C06,LLC VEB VENTURES,35004,83.33333333333334
CARNYX FLAGSHIP FUND LP,2549008ZCNG31L9CQZ62,ERA FUND LLC,34668,50.0
JIDCA,984500983AD6D7E43E26,,,0.0
THE MINAL THOMAS LIVING TRUST,2549004IZF1EYJGVYD62,"OJ LIVING TRUST, S.A.P.I. DE C.V.",56974,62.5
YANA FABRICS,648800HXSMPMBAM1CH24,OOO FABRIKON,50897,60.0
ROMIT BHATTER,6488008OTFQ0DZPKXS50,ROMIK S.A.,19938,44.44444444444444
ECEL SPÓŁKA Z OGRANICZONĄ ODPOWIEDZIALNOŚCIĄ,648800420JOICTKCM985,CALLLYNC SPOLKA Z OGRANICZONA ODPOWIEDZIALNOSCIA,57210,89.13043478260869
EKARTHYA VENTURES,648800NBD6CPX03G9S40,BARKAT VENTURES,30876,75.0
Longxiang 1 Company Limited,2549006M98D3OXFD0029,LONGFORD TRADING L.L.C,40956,51.85185185185186
AADITYA INFRAS,648800ZKIHEIQPYGLW58,AO INFRAVEB,35001,56.00000000000001
M/S PRIME CAPITAL SOLUTIONS,6488003I3MIDSY0Z1U39,MAX MARITIME SOLUTIONS FZE,47302,69.38775510204081
TRINITY MOTORS,648800Y2UMNIHDRPCQ94,MOTORINVEST,46433,64.0
SRI BADRINATH AGRO FOOD INDUSTRIES,648800N5D16LFJAG1373,RDC TR INDUSTRIES DOO BEOGRAD,47588,63.49206349206349
KIRI COSMETICS LLP,648800K7K69U6KPW6C93,GAVIA BEAUTY COSMETICS PTY LTD,42256,55.00000000000001
CHAITANYA CONSTRUCTIONS,648800MLAR8C5676BW34,AZERBAIJAN CONSTRUCTION,25890,73.91304347826086
LUMINAIRE EDUINFRA PRIVATE LIMITED,648800K5B65SIOEQEK58,LUMIERE ELYSEES,24744,48.484848484848484
SAIVCONGER CIMINI SOCIETA' COOPERATIVA AGRICOLA,81560004CD419DA4A151,"CORPORATIVO ARZACA, SOCIEDAD CIVIL",21083,63.29113924050633
FEDERAZIONE NAZIONALE ANZIANI E PENSIONATI (F.A.P.) ACLI,815600BF262FE65E3766,FEDERAZIONE ANARCHICA INFORMALE/FRONTE RIVOLUZIONARIO INTERNAZIONALE,56429,55.46218487394958
CHHATTISGARH RICE MILL,648800SWZY0K9MQ5SE94,MEHRAN PAPER MILL,17355,46.15384615384615
JARULSS REALTY SOLUTIONS LLP,648800S26TRGJ0OSL308,PRO RATA SOLUTIONS B.V.,42979,71.42857142857143
SARATHI CHARITABLE TRUST,648800NN983Z8ZG6CX15,AL-IHSAN CHARITABLE SOCIETY,9333,66.66666666666667
Factorise Alpha Oy,648800UQHKGHXAXBPE55,ALPHA TECH TRADING FZE,30644,60.60606060606061
TIRUPATI VINIMOY PRIVATE LIMITED,648800BPGL4MNMBT1T10,,,0.0
The African White Crow Trust,254900GZTX0PWT2PIL57,EURO AFRICAN GROUP LTD,24393,61.904761904761905
BDS GROUPE,648800I410E952CLIM81,AMS GROUP LLC,48665,73.6842105263158
KATEYA,254900G54GJCFPGKEK03,KATEHON,36319,61.53846153846154
CHANCHLA DEVI,648800K14VT1HMTB9Y39,JSC CHANNEL ONE,37197,58.33333333333333
JEHNA B.V.,724500OCE0J5UFRZ5P91,,,0.0
HARJOT SINGH,6488001ED5G0JSSRX050,SINGH DAILY CULTURE PRESS LIMITED,29606,43.24324324324324
Laeven Gynaecologie B.V.,724500NG8BD2OSQOCZ67,,,0.0
Stichting Jamaja Invest,724500XXHTL5BFGWMO36,STICHTING ISRAA,53923,73.6842105263158
VICTOR LUXURY LIMOUSINE PRIVATE LIMITED,648800VD3Y8WMI8TP523,MINERA LA VICTORIA SA,57902,63.1578947368421
Podopaul B.V.,724500CDC1U842CKIV89,PODOLSKKABEL,46572,60.0
MANOJ KRISHNA TARALE,648800KQ9D006D90S371,TOWSE SANAYE NIM RESANAYE TARASHE,54326,49.056603773584904
J.SCHNEIDER GmbH,9845006D9K8B3DB83A55,,,0.0
IV Totaalbeheer B.V.,724500AUKWCEUNI2DI52,LIMITED LIABILITY COMPANY TOTALZED,47508,48.484848484848484
FORTENA,648800Z3Y1WZBBFM2S89,LLC FORTA,43139,83.33333333333334
RRS IMPEX LLP,648800CGNN6ITXMIY825,MAVASAL IMPEX PRIVATE LIMITED,40928,63.63636363636363
Ullmann Ventures UG (haftungsbeschränkt),9845005EI1V5AEACB642,VANGUARD MARINE VENTURES INC.,57781,54.83870967741935
PAWAN KUMAR GUPTA,648800WS0I1QDXSF0G73,AYA UNIVERSAL TRADING DENIZCILIK KUMANYACILIK LIMAN HIZMETLERI ITHALAT IHRACAT LTD STI,48424,22.22222222222222
TYSON IT SOLUTIONS PRIVATE LIMITED,648800ZYSHJPOJC0H049,LLC INNOTECH SOLUTIONS,48585,66.66666666666667
SUPREMUM LABS INC.,254900MPARZUY85LYU77,SUPRIM LUBRIKANTS,47416,60.0
DLT GROWTH,254900RR7EBBXY0BOW67,"GROWTH TRADING CO., LIMITED",56428,50.0
JSL MARKETS LLC,254900ZUGAHSHH7Y2R15,INDISOL MARKETING PRIVATE LIMITED,55906,64.28571428571428
HERSSENS-TOLLENAERE,648800GK5D1OM4XKCX64,HERSTEL TRADING LIMITED,40934,47.05882352941176
LFDE Active ETF - Global Convictions Equity UCITS ETF,984500YB5FXOH8E14A79,JOINT STOCK COMPANY COMMUNICATION EQUIPMENT,48583,48.837209302325576
GLARECO,648800DKY8SY971FCV75,,,0.0
Curatum SA,98450096884IE365KS65,,,0.0
SC Wolf,648800PBBVMYPLU8KS30,WOLF HOLDING COMPANY,22554,52.63157894736843
Casa Bun Holdings,98450080C69C610E8417,BUOYANT HOLDINGS LIMITED,44269,72.72727272727273
LFDE Active ETF - Europe Buffer Equity UCITS ETF,9845003615F765E65050,GTLK EUROPE DESIGNATED ACTIVITY COMPANY,37861,54.54545454545454
ACE INT V SP,254900G6KM7ZVMF3UW56,,,0.0
AMOL YADAV,648800WNN4HH1ALIDU52,PERSIAN GULF FAJR YADAVARAN GAS REFINERY COMPANY,26845,31.999999999999996
M/S SMART HUB ENTERPRISES,6488003F0UR77F891B65,MYANMAR GEMS ENTERPRISE,31651,70.83333333333333
Productos Avicolas El Calvario S DE RL DE CV,254900B9L3A794ESJC16,PRODUCTIONS PIPO S. DE R.L. DE C.V.,51108,64.40677966101696
SUDHA BEBARTTA,648800RUIEW3XOWE3A79,,,0.0
ARTEMADERA CB,984500A984DFR9E04B58,ARTEMIS HEART LTD,52949,53.84615384615385
ASEEDO TECHNOLOGY PRIVATE LIMITED,648800KFQV6DJS350H92,TAS TECHNOLOGY COMPANY LIMITED,49857,83.87096774193549
"K PLAY SYSTEMS, LLC",984500A8AF1FA870DF34,AK SYSTEMS,41991,75.0
VARACHHA RMC,648800JHW2LNVMIZRP66,SHAHID VARAMINI INDUSTRIES,22786,31.57894736842105
JAYA NIRMAN INFRA PRIVATE LIMITED,648800D1NLORHL4GKH65,LLC INFRASTRUCTURE MOLZHANINOVO,18281,45.45454545454546
P Gesar Holding AB,984500B3EA842AMABF25,ELLISSA SAL (HOLDING),12464,73.33333333333334
PRAMOD MURALIDHAR NANAWARE,648800XNHWFHV463KO62,DZIARZAUNY VAJENNA-PRAMYSLOVY KAMITET,34778,41.269841269841265
RAJ INFRATECH,6488005U473FYZDKVZ50,LLC RKS INFRASTRUCTURE,46038,58.06451612903225
SAMPING POLYMERS PRIVATE LIMITED,6488009KPX9AIDRW9M09,TIVA POLYMER CO.,16527,64.28571428571428
CAE NORTH EAST TRAINING INC.,9845005554F341FA8E74,EAST ASIA GENERAL TRADING CO. LTD.,39822,66.66666666666667
CRYSTAL PEAKS PROPCO LIMITED,254900ERT9D0TEU18E30,THE CRYSTAL GROUP SAL,48330,66.66666666666667
S & P DEVELOPERS,648800RUDLL759ZPBV92,"SOHO DEVELOPERS, INC.",19151,82.75862068965517
Burgundy Global Equity (ex-US) Fund,894500TW9OKO963B7C22,MIGHTY DIVINE GLOBAL FUND SPC,55968,54.83870967741935
بي26 سيستمز ش.م.ح,25490056250PYKLWUX27,,,0.0
JEWEL LIGHTS,648800X8SAX3BBELHL05,AL SULTAN JEWELRY,27973,61.53846153846154
HJM-Holding ApS,648800C4UQQ92VH11027,CHAM HOLDING,12744,86.95652173913044
Lægeklinikken v/ Amena Wardak,648800MNSMJICAKL1B52,TAAMIN SANAT AMEN COMPANY,55288,40.0
IJB Investments Limited,254900D3W07HV74P8I78,CEIBA INVESTMENTS LIMITED,58205,87.5
Alliance Gold Finance S.à r.l.,984500D0ADLA68OCCF60,FINANCIERA CIMEX S.A,30630,62.5
CUVAS Net Systems ApS,648800WIWJO9ZVH6CY87,LIMITED COMPANY LASER SYSTEMS,45768,73.33333333333334
EMBA INVEST ApS,648800RS1MJ5B4JIJX56,LLC A INVEST,46053,84.21052631578947
KRISTELIG GYMNASIUM AS,636700S88HNQJG2JSW97,OAO GOSNII KRISTALL,37698,58.82352941176471
SRI ANGALAMMAN INFRA PRIVATE LIMITED,648800J8NDZTCRTAEZ46,FANAP INFRASTRUCTURE,55014,55.00000000000001
PVM SOLUTIONS,648800LB68A18F1PCR34,B AND P SOLUTIONS PRIVATE LIMITED,53882,84.61538461538461
NITISH KUMAR,648800JQ1TV9Y6AEXL96,FGUP NITI IM AP ALEKSANDROVA,47902,40.0
"""ПРИМДРАЙВ МЕХАНИКС"" ЕООД",254900NGGZ63UK1TLA37,,,0.0
OÜ KT Ehitus,984500AB0OC598WA9303,,,0.0
Cobra Resources Plc Employee Benefit Trust,2549005ZHM1BBBKJFN51,INDUSTRIAL RESOURCES GENERAL TRADING LLC,42023,56.75675675675676
A61 Rheinland Vermögensverwaltung KG,529900ZOJ3CKWCJAN391,COMANDO VERMELHO,57817,40.816326530612244
NITIN AGRAWAL,648800Q06VZPM1SV6I33,FGUP NITI IM AP ALEKSANDROVA,47902,43.90243902439024
OM NEMINATH INFRA LLP,6488002D6FTGTJ21Y316,LLC VTB INFRASTRUCTURE INVESTMENTS,40198,51.06382978723405
Airesol Management Ltd.,254900FDV0HUYB2LU824,ABR MANAGEMENT AO,20283,80.0
FONDI 1936 SOCIETA' A RESPONSABILITA' LIMITATA,815600F82F27E23B8838,BAJER SOCIEDAD DE RESPONSABILIDAD LIMITADA,26469,72.28915662650603
Epitomi Fund Limited,2549008FF1687ZQQDW62,ERA FUND LLC,34668,60.0
PETUNIA ESTATE LLP,64880050QD1QT5FWVW89,OCEAN ESTATE COMPANY LIMITED,44272,69.23076923076923
SOHAIL AHMED ANSARI,648800JJ8216B5SPVL11,ANSAR AL-SHARI'AH,16477,78.78787878787878
GIANO S.R.L.,815600CD3C169E92F198,OCEAN GLORY GIANT OGG SA,51369,38.46153846153846
REENA,648800E6PYQ31YDAGO28,,,0.0
OM PARSHVANATH WAREHOUSES LLP,648800MUCA19SRBX1F25,SMART WAREHOUSE GROUP OF COMPANIES - IQSKLAD,49951,59.375
AMAZOR POWER PRIVATE LIMITED,6488009JF7AGTKOC9C17,POWER ANCHOR LIMITED,28339,75.0
DOBARIYA CHEMTECH PRIVATE LIMITED,648800F805HL71DY6V76,GLOBAL INDUSTRIAL CHEMICALS LIMITED,55005,54.54545454545454
AMAR PUNJABI FOODS,648800XGQH3NFP43M863,ASASI FOODS FZC,26998,55.172413793103445
ASA Global Credit SPV,254900YV5OOMQTYF2P44,KORYO GLOBAL CREDIT BANK,20569,71.11111111111111
MS VENTURES PRIVATE LIMITED,648800UUVMRCZJ0SPZ95,SME VENTURE LLC,34674,81.81818181818181
SANKATMOCHAN HOSPITALS PRIVATE LIMITED,6488007UQNND79ZLT187,MICHIGANTAP HOSPITALITY PRIVATE LIMITED,56049,62.22222222222222
บริษัท นิวบอร์นทีดีเอช จำกัด,254900FKX5CQP6LXSE55,,,0.0
SIDHI VINAYAK FASHIONS PRIVATE LIMITED,64880009UL5AH871ZH46,"VNV FASHIONS, S.A. DE C.V.",56053,59.45945945945945
Stellatrion ACC Fund I AB,636700QM8NVY7P6BOK54,BENEVOLENCE INTERNATIONAL FUND,7322,57.692307692307686
SANJAY GUPTA,648800EL3BB65CX8ZN13,WUHAN SANJIANG IMP. & EXP. CO. LTD.,23063,41.17647058823529
B M CHAVAN INFRASTRUCTURE PRIVATE LIMITED,648800ACZZD003Z13T23,FANAP INFRASTRUCTURE,55014,75.55555555555556
INDORAMA FERTILIZER FZE,9845003A8CCCN5D97E39,HORMOZ UREA FERTILIZER COMPANY,26831,73.17073170731707
VACANZA IN AS,894500TUQ92ZVCSINS03,"ASSIS REALTY AND VACATION CLUB, S.A. DE C.V.",46214,35.89743589743589
MOHAMED KUNJU MOHAMED ISMAIL,648800R0JAR7E40JT766,MOHAMED HASSANE ISMAIL,42279,56.00000000000001
SATYAB GEMS AND JEWELS PRIVATE LIMITED,648800LAYXWIEBE2SQ74,AL SULTAN GOLD & JEWELRY,27973,59.45945945945945
D & Z CONSULT,699400WUF4Q2756CGC71,RB CONSULTING LIMITED,42745,66.66666666666667
FormaHome,894500TVHYTU29FWXK09,FORMER JUNDALLAH OF IRAN,12299,40.0
Capiton Management GmbH,894500OTYQFOF7E8HK47,CLIO MANAGEMENT CORP.,27036,84.84848484848484
KONBIL VENTURES LLP,648800WADCM3XPGD1N78,LLC VEB VENTURES,35004,74.07407407407408
YSP NIRMAN INDUSTRIES,64880093WGFQZK7G7W96,PULSE NIRU INDUSTRIES,26567,76.19047619047619
ROHAN JAIN,648800ZGY46D8A77HV04,,,0.0
CHANDAK NORTHSTAR REALTY PRIVATE LIMITED,894500TUVSMRIC4EBC81,NORTHSTAR TRADING CORPORATION,16837,58.53658536585367
SPORTSCLICK PRIVATE LIMITED,894500TU42VXBFH01K10,HOOPOE SPORTS LLC,35014,50.0
DM DATA CENTRE SOLUTIONS LIMITED,98450072B038C0648662,PRO RATA SOLUTIONS B.V.,42979,71.42857142857143
Synpulse Software Solutions AG,984500B9FFDCDDB03F44,SMART SOLUTIONS LTD,51191,61.904761904761905
ORLEN BUDONAFT SPÓŁKA Z OGRANICZONĄ ODPOWIEDZIALNOŚCIĄ,259400LAG8X2J72UK276,ROSETTA GAMING SPOLKA Z OGRANICZONA ODPOWIEDZIALNOSCIA,56336,79.62962962962963
TRW SPORT SPÓŁKA Z OGRANICZONĄ ODPOWIEDZIALNOŚCIĄ,259400GB4X3CSJP5S508,INTER-TRANS SPOLKA Z OGRANICZONA ODPOWIEDZIALNOSCIA,42725,82.0
HYPERION ONE NINE PROJECTS PRIVATE LIMITED,648800BQU5WXL0YN1191,AL-INMAA FOR ENTERTAINMENT AND LEISURE PROJECTS,18221,58.06451612903225
PROTOITURES,699400P7RGUX5OCIVT16,PROTEI ST LTD,48657,60.0
PINKI SHARMA,648800EFVO9G3PA8SU12,NITC SHARJAH,15118,66.66666666666667
ORIGO COPIA LTD,9845002F42BF83971B35,CASA TEQUILERA EL ORIGEN DEL TEQUILA S.A. DE C.V.,58074,32.55813953488372
FUTR UG (haftungsbeschränkt),9845009B1FCD99D38111,SANAYE HAFTOME TIR,10863,40.90909090909091
Anton Kittelberger Ventures KG,254900AW80T6OJKZ6O97,BARKAT VENTURES,30876,57.14285714285714
DEEPAK GUPTA,648800VSK3N7SCE0OC23,DEEP CURRENT SHIPPING L.L.C,56394,36.36363636363637
TSUJIKAWA INDIA PRIVATE LIMITED,648800QXTAP34WLTZG28,INDIAN MUJAHIDIN,12914,58.06451612903225
Remy Bleijendaal Beheer B.V.,72450001QYGKSWOK9158,GHADIR TOSE-E SAAMANEHAYE BEHENGAAM,25946,37.93103448275862
Maatschap Steunebrink,724500QC6RQJQGZRJV32,STG. INT. STEUN AANARMEN STICHTING ISRAA,53923,44.067796610169495
Blauwmark Beheer B.V.,724500N5MK572JNC2O48,GHADIR TOSE-E SAAMANEHAYE BEHENGAAM,25946,39.21568627450981
SC CORE,894500TVYLH4Z7FJW853,"SISTEMA CORESCO, S.A.",19176,54.54545454545454
GET CAMERA CREW B.V.,254900NND719Q8C44F39,RIHS-CAMEROON,10923,50.0
Merto-Donk B.V.,7245001NE5MCHP9JIW42,,,0.0
SPFPL DE CHIRURGIEN DENTISTE DU DOCTEUR MOUNSI,894500TVNIDLP8RSL475,IRON MOUNTAIN ENTERPRISES LIMITED,24671,41.17647058823529
Ars Chirurgica B.V.,724500KRVGORXEHRWW48,,,0.0
PRASHANT GARG HUF,64880028UHV7GDN2K197,,,0.0
MODGIL FILLING STATION,648800KCMEDV9ZBRMD66,AL NOUR BROADCASTING STATION,9611,55.319148936170215
Auronix Global SL,894500TUKPJ88DGN0804,AVINEX GLOBAL LIMITED,51151,66.66666666666667
Shirtje bezorgd,7245008YTKSZX5TO5163,ROSHAN SHIRKAT,15005,48.275862068965516
RDP Ventures FZ-LLC,9845005L474F3D87A410,PARK VENTURES SAL,42331,71.42857142857143
Laca Holding B.V.,724500B5FXPXXYGE3H90,PAPA HOLDING LTD,48096,83.33333333333334
STAGOT POTATOES PRODUCT LLP,648800UZLGNKJSGC1H63,JSC PRODUCTION ASSOCIATION STRELA,37661,61.53846153846154
M. Run Beheer B.V.,724500Z4EPNKHWMM3238,GHADIR TOSE-E SAAMANEHAYE BEHENGAAM,25946,38.297872340425535
ENERGY GRUPO DACORD SL,254900B6DV39FE9EX303,ARCTIC ENERGY GROUP LIMITED LIABILITY COMPANY,43124,62.745098039215684
VISHAL KUMAR AGARWAL,6488005415E1YFT47X82,A Y A UNIVERSAL DENIZCILIK KUMANYACILIK LIMAN HIZMETLERI ITHALAT IHRACAT LIMITED SIRKETI,48424,31.999999999999996
Primoporto Holding B.V.,724500X36LBTV5JV2E27,OBORON HOLDING LLC,50757,75.0
DANSK FORST PRODUKT ApS,984500BA89D1EAC01445,JSC PRODUCTION CORPORATION KRISTALL,50352,57.89473684210527
"MARLIN CAPITAL CONDUIT 2, LLC",98450080W32YFC20A929,DENIZ CAPITAL MARITIME INC,46878,65.21739130434783
Garpenrud Holding AB,894500TV6VQASAS5MG85,ARIMERO HOLDING LIMITED,34616,75.0
Kommstart 4161 AB,636700QCTPBGNG1VGD92,FKP SAMARA PLANT KOMMUNAR,49349,41.02564102564102
R.M.& SUMITRA EDUCATION,6488005JP7X9SE8OEG35,SCIENTIFIC EDUCATION KOREA STUDIO,34022,56.60377358490566
KYRO TEA COMMODITIES PRIVATE LIMITED,648800U2SO104R1BQ458,GOLDEN COMMODITIES LLC,26542,73.6842105263158
HOLDCO SUPRATEC,894500TVT1XDC83O8O72,NORATEC HOLDINGS LTD,49779,64.51612903225806
JU-KASA CRAFTS PRIVATE LIMITED,648800BUM5LZ75EVG321,CRAFTWAY CORPORATON PLS,45037,37.83783783783784
KARAN DIGAMBAR KODRE,648800VGW1RL4ZVNM708,PARS NICKEL KARAN KABIR,25961,55.81395348837209
UHUB TECHNOLOGIES PRIVATE LIMITED,894500TU9MFOYESVP416,TOP TECHNOLOGIES SARL,24755,78.78787878787878
SANJAYKUMAR RAGHAVJIBHAI AVAIYA,648800F372HY7MNWI174,KEYHAN SANJESH AZMA,54049,40.0
CORESTONE SIA,894500TV1C6J5BG9YW17,"SISTEMA CORESCO, S.A.",19176,71.42857142857143
BCRED CLO 2026-3 LLC,254900HFVHMLLXSX7Q79,,,0.0
NOORJAHAN,648800M84M34HJ0VNA51,NOOR PLANTATION INVESTMENTS LLC,24429,38.888888888888886
MJ GLOBAL INVESTMENTS LIMITED,254900XK4CPVIP63I527,ARIES GLOBAL INVESTMENT LIMITED,56720,77.27272727272727
ARCHNA DISTRIBUTORES PVT LTD,648800RYTHY3O6MR7997,ABINGO DISTRIBUTORS LIMITED,52224,76.92307692307692
aquada GmbH,98450053N5D13660FA03,AQUANIKA LLC,16809,71.42857142857143
Axxion SIF-Tourte,529900DJU0UXSH897920,IRAN AIR TOUR,58495,60.0
MEWAR PAINTS,648800TUU83LN07SPI66,ARFA PAINT COMPANY,12956,72.72727272727273
SNOWDROP INFRACON PRIVATE LIMITED,648800BTW0F86BDHCR04,LLC INFRASTRUCTURE MOLZHANINOVO,18281,50.0
"TOP AV FINANS, TUNE ApS",894500TT1A1JUK5UGO28,PRINCE FINANCE PLC,55939,56.25
Torrent Legacy Holding Sàrl,254900ODBAUB5G3B2X53,OGC-VICTORIA HOLDING LTD,37452,66.66666666666667
Algemene Electriciteitsonderneming Roelkens,984500780EF5F4D03962,DAMAVAND ELECTRICITY AND POWER ENGINEERING,25956,61.728395061728406
MARKARYDS FÖRSAMLING,64880035WKJ5SZM52249,AL-MARKAZIYA LI-SIARAFA,47001,50.0
JANARDHAN TRADERS,648800NLPBRRVMSURX09,SHAHNAWAZ TRADERS,10606,70.58823529411764
SHAGUFTA JAMAL,6488005TV99NY8TQXR03,MUHAMMAD JAMAL GROUP,16278,52.94117647058824
Green Capital,894500TB0QSQ5QJYWO58,RT-CAPITAL LLC,37790,78.26086956521739
VISHAL KAPUR,6488000OC2WXSCVHB111,VISHNU INC.,47660,44.44444444444444
BAKAR TRADING LIMITED,2549001ANXCV7GRLK479,"AL-BASHAIR TRADING COMPANY, LTD",8211,85.71428571428572
Puratek Anlagentechnik GmbH,5299005ORCVYRP5BE498,,,0.0
AENAAR INNOVATION PRIVATE LIMITED,648800JY8SUEMHXM5503,LLC ECHELON INNOVATIONS,48051,72.22222222222221
TIRUPATI CARRIER LIMITED,894500T0PD0ADZG22G18,"A & S CARRIER INTERNACIONAL, S.A. DE C.V.",21071,54.54545454545454
BLANQUEFORT,894500TTYJC5OG54E039,BLANC BANK LLC,45809,38.095238095238095
ORO INFRACON PRIVATE LIMITED,648800XYGSXL5OQCPW82,LLC RKS INFRASTRUCTURE,46038,53.333333333333336
SANJAY KAPOOR,648800EO5GJK207JEC77,WUHAN SANJIANG IMPORT AND EXPORT CO. LTD,23063,48.78048780487805
CMV HOLDINGS LIMITED,254900ENFKUXL1F2I928,CHAM HOLDING,12744,83.33333333333334
mikkeli as,894500TUF5ZGLE4RCO11,,,0.0
SIMU - Fertigungs- GmbH Sachsen,98450037VY86C70D3G31,LIMITED LIABILITY COMPANY FERTOING,36556,48.78048780487805
HIND-AGRO INTERNATIONAL PRIVATE LIMITED,648800GM1T5PBZFI5Z31,AGR INTERNATIONAL LIMITED,35305,85.0
Vifford SCSp,5299006DLPNI1JONAP03,,,0.0
OPTIMA COST CONSULTING SL,9598001WNJQEVF920C80,TRILEMA CONSULTING LTD,40803,69.76744186046511
EINAR YTTERSTAD HOLDING AS,636700QLJ96JUICD3F29,UNITED GENERAL HOLDING SAL,37420,66.66666666666667
OLIVIER MORACCHINI,894500TTNG8MEHHD2W31,MORAL SECURITY POLICE,39258,51.28205128205128
IRISH CREAMERY MILK SUPPLIERS ASSOCIATION,984500B59FB71BA77738,SILK WAY RALLY ASSOCIATION,49529,62.68656716417911
SRISAILAM INDUSTRIES INDIA PRIVATE LIMITED,648800JM4YP8Y40VVA30,SHAHID BABAII INDUSTRIES CO.,12524,68.0
A & S CONSTRUCTIONS,894500SUUQ544OWN7C88,ARC CONSTRUCTION COMPANY LIMITED,33948,84.84848484848484
RUDHRAMAMBA TRADERS,9845005691D8E6B7F014,SHAHNAWAZ TRADERS,10606,66.66666666666667
MAHALAKSHMI GARMENTS,894500TJHLZY9PPBW867,A & M MAHAR COMPANY LIMITED,31332,48.275862068965516
APEX TRADING COMPANY,894500T9HBB1RX96D440,ANVEX TRADING L.L.C.,49666,88.0
Dr. S. Van Cauwenberge,6994003I3JECPRPM7I09,,,0.0
SNT INTERNATIONAL PRIVATE LIMITED,6488001AKKFJ28J15Z24,STARS INTERNATIONAL CO. LTD,17041,88.88888888888889
DHARMESH RAMESHBHAI AHIR,64880035XJ5MEJISWF14,RAMENSKY INSTRUMENT-MAKING FACTORY,37663,41.379310344827594
"MORGAN STANLEY PRIVATE EQUITY INDIA CV GP ONT, L.P.",254900M20NXX9UY55P31,"MORGAN GOLDEN MINING, S.A. DE C.V.",37271,52.63157894736843
Anne og Rene Vesterlyng Holding Aps,648800S142FD9UQ2LH40,TIAN FANG HONG KONG HOLDING LTD.,40209,62.06896551724138
JS Vermögenssicherung GmbH,98450009P64N969DA727,COMANDO VERMELHO,57817,37.83783783783784
World of Products GmbH,894500SV09OVRO8IUW74,TROCANA WORLD INC.,27429,66.66666666666667
BERIOS UK LTD,254900RQGKD5B4Z8M260,TANTK IM.G.M. BERIEVA PAO,36432,43.75
OSWAL PLYWOOD PRODUCTS,648800NRKXDJDAVSDP37,JSC PRODUCTION CORPORATION KRISTALL,50352,58.53658536585367
SHRI RAM EDUCATION AND WELFARE SOCIETY KKR,648800PLOL7EVAGX3J29,AL-FURQAN FOUNDATION WELFARE TRUST,7149,60.86956521739131
SARAN ASSOCIATES ATELIER PRIVATE LIMITED,894500T90ONQUZ9JEG11,ASSOCIATES OF PARTNERS SAL OFF-SHORE,42276,67.9245283018868
Suveren Polering ApS,6488004Y8HVPQKNK8277,JOINT STOCK COMPANY POLEMA,49247,35.29411764705882
BNP PARIBAS S.A.,724500FKD8I3413UNM96,PARITET,49314,44.44444444444444
Damgaard-Invest ApS,648800TA1AEN7HUX3S64,LLC A INVEST,46053,69.56521739130434
PIAZZAVENEZIA - SOCIETA' A RESPONSABILITA' LIMITATA,529900T5Z4GDRBLGYK04,BAJER SOCIEDAD DE RESPONSABILIDAD LIMITADA,26469,69.76744186046511
SIXTEENBYNINE LIMITED,984500939FCF828E4588,SIXTH YAMAGUCHI-GUMI,13071,36.36363636363637
MOENS VERPAKKINGEN,648800XC34J74TLIZF49,,,0.0
BARUQUIN SLP,529900O1CL8SO0JXMH64,OOO BARUS,36425,58.82352941176471
Globestate SA,894500TVCFA2FA41A015,GLOBALTEC LLC,47778,73.6842105263158
MALLIKARJUNA TILES AND STONES,335800P6Q9TJ3JVFLG98,"COMERCIALIZADORA VILLBA STONE, S.A DE C.V.",37268,52.459016393442624
MAGPIES OAK LIMITED,984500C76AECFE086804,,,0.0
HICKMAN AI & DATA SCIENCE LTD,98450051D52KBBC99F08,SCIENCE OBEDIENT INTERNATIONAL COMPANY LIMITED,57701,56.60377358490566
BADIRO,64880027H8YTLAA18Z81,BADICA,18430,66.66666666666667
Orchard Jersey LLC,254900SJHD0CIYGFQP74,ORCHIDIA REGIONAL GEN. TRAD. & CONT. CO.,48309,40.0
VIJAYALALITHA AQUA FEEDS AND NEEDS,9845008D71A0AB36C673,AQUA PURE WATER INC.,55955,40.0
RAYBOR ASESORAMIENTO Y GESTION SL,894500TQF1PHZVJWC865,"ASESORIA Y SERVICIOS IMPORTADORES, S.A. DE C.V.",56782,52.17391304347826
Capella Alpha Master Fund,254900XYG17JOHQQOQ41,AKHMAD KADYROV FUND,30610,50.0
NOLEDA,648800GK6U696F4H1Q04,,,0.0
CONSTRUCT GROUP HOLDINGS LIMITED,9845004E10A6CP454E85,DJECO GROUP HOLDING LTD,35065,74.4186046511628
JACOBPHILLIPS LIMITED,98450065C1BT2BF63888,,,0.0
CFMARC TRUST - 258,9845008AA85D90A2EA31,MOMAR TRUST,6912,66.66666666666667
KRISHNA AGENCY,894500TIET5KSUE6BC48,KANSO FISHING AGENCY LIMITED,23666,70.58823529411764
Sport Plus Garden Service,648800N6RISU0JJ2QI33,PRINCE SMART GARDEN CO. LTD.,55850,72.72727272727273
GLOBAL KNOWLEDGE MANAGEMENT CONSULTING SL,894500TTHWOURI5HFC24,LIMITED LIABILITY COMPANY CONCORD MANAGEMENT AND CONSULTING,22526,62.5
SKY HARBOUR GROUP CORPORATION,529900VNWUGXETEP2I38,MAHROUS GROUP,20090,73.33333333333334
LONDON CHESS CLUB LTD,98450095B55E8H4EDF87,CHASCA LONDON LIMITED,57882,73.33333333333334
Mandioca Industries Limited,984500SCD70437D3CA46,JOZA INDUSTRIES COMPANY,10927,76.47058823529412
HIGHLANDS PROJECTS SL,52990083AM9BP50VT106,TC NORD PROJECT,37062,61.111111111111114
EASTFIELD RESOURCES LTD.,529900OMYJYFX844X827,JSC FEDOROVO RESOURCES,47798,70.27027027027026
Vibur IT Services FZ-LLC,25490037KIO3D5V2JM86,FIRST VPN SERVICE,57975,70.27027027027026
ELECTRIC ROYALTIES LTD.,529900UKY4LWS6BHUK47,KALAYE ELECTRIC COMPANY,10122,72.72727272727273
T & J Design I/S Torben Frisch/Jonna Frisch,894500TSVQHS7KTYT423,DESIGN PARTNER MICROCHIP LLC,49102,52.3076923076923
300 VALENCIA DRIVE NM LLC,254900KS5IUS1H43C391,VALERIAN LABS DISTRIBUTION CORP.,45315,46.808510638297875
CONQUEST RESOURCES LIMITED,529900QYCCQ53IV0XM36,COSMO RESOURCES PTE. LTD.,29064,78.78787878787878
COMERCIAL VILARRASA SOCIEDAD ANONIMA,5299003TRS2LDHXSOK58,"L-INMO, SOCIEDAD ANONIMA DE CAPITAL VARIABLE",26326,68.42105263157895
GREENVALE ENERGY LTD,529900Z28APRJHGXWS73,JSC FINVAL ENERGY,50724,75.86206896551724
SAUNDERS INTERNATIONAL LIMITED,529900KD8ZNFYGNK6185,STARS INTERNATIONAL CO. LTD,17041,87.8048780487805
SINERGETICA HOLDING S.R.L.,894500TI3Q21IVQF0892,IFIC HOLDING AG,11628,70.96774193548387
LUCIFER N 1 LTD,254900M5CFTT99XU9D42,LUCIANO HOTEL AND SPA,36001,50.0
SRI BALAJI IMPEX LIMITED,9845006F84A1F2DF0062,SHREEGEE IMPEX PRIVATE LIMITED,51097,53.333333333333336
ESSE ERRE IMMOBILIARE S.R.L.,894500TPSVIFFY8DQ058,SERVICE IMMOBILIERE ET GESTION SAS,38037,58.82352941176471
Karnalyte Resources Inc.,529900DA1GMJZLH41729,ARC RESOURCES CORPORATION LTD,33948,75.0
Ashwath Enterprises,894500TRCB03TRJ69K43,EAST AND WEST ENTERPRISES,7149,75.0
H.VAN DEN ABEELE & CO,648800ZZKN8F8NIWMO60,,,0.0
M/S SACRED HEART EDUCATION SOCIETY,894500TRYH76DOUOVS60,SOCIETY OF ISLAMIC COOPERATION,6936,59.01639344262295
LE PRIEURE,894500OEEVZ4Y32FEG35,,,0.0
ATEX RESOURCES INC.,529900DG8ZQERT8BP924,ARC RESOURCES CORPORATION LTD,33948,81.4814814814815
MIKSTOL POWIDZKI SPÓŁKA KOMANDYTOWA,259400N6J6UZSF6RJR74,AO NII KOMANDNYKH PRIBOROV,52650,45.90163934426229
BEAS BOTTLING SOLUTIONS PRIVATE LIMITED,894500TTCD534ITLRS77,MEXPACKING SOLUTIONS,42026,69.76744186046511
AG Astley House PropCo Limited,529900CF2LS0G4DQDV74,HOUSE OF ART LIMITED,42302,57.14285714285714
CGEC PRIVATE LIMITED,6488008P33I0WJPG6119,,,0.0
BLOSSOM GOLD INC.,529900FKV5MOYVBZA240,DOTONE GOLD COMPANY,58178,60.86956521739131
BEST INFRA SOLUTIONS PRIVATE LIMITED,335800DZWTDGGOLD9L62,NAL SOLUTIONS COMPANY LIMITED,49366,72.72727272727273
The Nomadic PM ApS,894500TSQ6Y0KLI35K08,,,0.0
SHRI BALAJI INDUSTRY,894500TFSKTIY5S86W24,SHAHID BABAIE INDUSTRIES,12524,72.72727272727273
S J DEVELOPERS,894500THC0B7BZ30QG32,"SOHO DEVELOPERS, INC.",19151,82.75862068965517
APEX ACTSOFT TECHNOLOGIES PRIVATE LIMITED,648800U9P8IVRC8JHG64,COAL TECHNOLOGIES,23580,76.19047619047619
MM Capital GmbH,2549000BHX0VIMJPK929,CAPITAL S.A.L.,28539,82.35294117647058
"AUTOSERVICIO EL NUMERO 13, S.L.",959800YQURX98HNS2D25,AUTO SERVICIO JATZIRY S.A. DE C.V.,15114,48.97959183673469
M.J. QUINN UNLIMITED COMPANY,254900LWUGRAG066QD91,GAMES UNLIMITED OOD,32117,64.86486486486487
Alycia Gommers,648800IEYFDUIBJ6OY28,,,0.0
TRABAJOS Y REFORMAS ANDALUZAS SL,959800HLC0YK7YA8XE61,PARSA TRABAR PERSIA INTERNATIONAL TRANSPORTATION COMPANY,52505,42.50000000000001
QUANTUM COMPUTING INC.,529900CDGY17USDW2C30,QUANTUM OPTICS LTD,48522,77.41935483870968
M/S SHIVA ENTERPRISES,894500TH0X7O20F9FC74,MOHAMED ENTERPRISES,49150,75.0
OKLO INC.,529900WDIA7LYI9ILD14,,,0.0
SHRI RENUKA TRACTORS,335800LZO3Z86ZX92D36,IRAN TRACTOR MANUFACTURING,25041,60.86956521739131
ALMASAR MINERALS LIMITED,529900W9H680XXRWLY82,ALMACENES UNIVERSALES S.A.,57955,64.86486486486487
INVERSIONES INMOBILIARIAS ARAUCO SL,894500TS40QY0O6KJC81,INMOBILIARIA ROFI S A,24680,67.85714285714286
Synpulse International AG,984500D4A67CD3OA6388,SOLOS INTERNATIONAL LIMITED,57914,82.92682926829268
LUBI HOLDINGS INVEST LIMITED,254900A9TD0GCXE4Q982,"PANLI HOLDINGS, INC.",19149,70.58823529411764
TNR MODERN RICE MILL,335800DQ0NUQTRMUKS55,3D MODERN PRINTING PRESS,49813,59.09090909090908
FORTUNE HOSPITALITY AND INFRA LLP,335800EFQ5MU95EACI10,MICHIGANTAP HOSPITALITY PRIVATE LIMITED,56049,62.5
AOV PROTEINS PRIVATE LIMITED,894500TT6TLBHJHQ4804,AO PROTON,41976,76.19047619047619
DEEPCORE LABS PTE. LTD.,984500EE65B1FN8AC771,"DEEP OFFSHORE TECHNOLOGY COMPANY,  P.J.S.",13116,48.64864864864865
PROFICIO BUSINESS SOLUTIONS PRIVATE LIMITED,3358007KK97YLF6HHA36,B AND P SOLUTIONS PRIVATE LIMITED,53882,65.0
NARI INFRA,64880019TALEOG6Y1483,JSC INFRAVEB,35001,55.55555555555556
SANSAR AUG 2026 V TRUST,335800I3LJM3ONBRV768,AL-ANFAL TRUST,7140,52.94117647058824
RINYSHAA AGRO INDUSTRIES PRIVATE LIMITED,335800SDKZC8HZXRU872,SANAM INDUSTRIES GROUP,9763,78.26086956521739
ARCIL-TRUST-2027C-007,335800W6YSWQ9CRG5A32,AVIA TRUST FZE,16535,51.61290322580645
"YTG WOOD WORKS, S.L.",959800Q4G5MZ6XG82B90,PERKO WORKSHOP FAMILY,43545,47.36842105263158
Maoeg ApS,894500TSKNE8XM67I072,,,0.0
PIAMO S.R.L.,529900FQOZVFDX52XV39,,,0.0
CFMARC TRUST - 257,984500D6VFCF82B7E619,MOMAR TRUST,6912,66.66666666666667
Munch Aut. Fys. Holdingselskab aps,894500TSF3UHAMUBUG90,AF TELEKOM HOLDING OOO,42035,60.86956521739131
ARCIL-TRUST-2027-009,335800DED6R5Y2A6H672,AVIA TRUST FZE,16535,53.333333333333336
CONTROL ELECTRIC COMPANY PRIVATE LIMITED,648800HWRFSJF8GN3991,AMITRON ELECTRONICS LLC,49945,68.57142857142857
Scanfuels International AB,894500TTSZSE1GT8QG88,SES INTERNATIONAL CORP,8882,85.0
RAJESH POWER PROJECTS PRIVATE LIMITED,894500TOVM7TM293SO88,NORD PROJECT LLC TRANSPORT COMPANY,37062,65.11627906976744
FUSION ELECTRONICS PRIVATE LIMITED,335800THZC9OH85F1V11,JSC RUSSIAN ELECTRONICS,18770,86.48648648648648
CFMARC TRUST - 256,9845006U88BC5BB9C180,MOMAR TRUST,6912,66.66666666666667
CFMARC TRUST - 247,9845006CC0712B65E028,MOMAR TRUST,6912,66.66666666666667
Synpulse Österreich GmbH,984500707ED5ACA65A38,OSTEC-ST LTD,42865,51.85185185185186
K M i Umeå AB,984500E61D9D694CF024,,,0.0
"SIA ""REATON FOOD""",984500L48B8FE86FD528,LAMA FOODS INTERNATIONAL S.A.R.L.,25144,61.53846153846154
BLEAK SPÓŁKA Z OGRANICZONĄ ODPOWIEDZIALNOŚCIĄ,259400NSX4Z3IBHDHW06,LAKE FOREST SPOLKA Z OGRANICZONA ODPOWIEDZIALNOSCIA,51404,87.5
Index Control GmbH,894500TNYCX7S69TVC66,POUYA CONTROL,15605,61.53846153846154
281 CROWN STREET INDIA EQUITY FUND,3358009ZN5ATJPEIZJ41,OKRESTINA STREET DETENTION FACILITY,31677,49.27536231884058
PEAK PROCESSING LIMITED,529900PWBNN9MSJAML44,DATA PROCESSING OF EAST LLC,48662,74.28571428571429
Shri Dharidevar Agro Enterprises,6488003BPFT7NVQTGM98,ANFASAR ENTERPRISES S PTE LTD,39358,67.9245283018868
CFMARC TRUST - 259,98450091049O5C545F79,MOMAR TRUST,6912,66.66666666666667
Alexander Reinecke Holding GmbH,9845009EAA2ED049D189,ALEXANDER ELECTRIC DON,48519,66.66666666666667
Zorg Asset Management Ltd,254900U06U9NVX6FT419,ONE ASSET MANAGEMENT AG,50043,87.8048780487805
VIRIDIAN METALS INC.,5299005A2SH40ILB7R91,METAL SPRINT,47527,66.66666666666667
AMAR JYOTI FASHIONS PRIVATE LIMITED,648800PBG9RA7RPIVP72,"VNV FASHIONS, S.A. DE C.V.",56053,58.82352941176471
"общество с ограниченной ответственностью ""Аликвота""",253400ZYQC9W7TBR6Q14,,,0.0
Manatuto Renewables Power S.A.,529900L3BOPRBCV0PK41,VELES MANAGEMENT LTD,40782,53.65853658536586
PRIYANKA AGARWAL,648800K8VU52EWXZUO28,,,0.0
F.LLI BONCODDO DI F. & A. S.N.C.,894500TPNBYNSYWI2G51,,,0.0
AROSS SRL,894500TQ9I5QCW80OO06,AROSFRAN,12457,61.53846153846154
MANORAMA FUEL POINT,335800UVFLV98G4FF776,OMAN FUEL TRADING LTD,29625,66.66666666666667
ANPA S.R.L.,894500TPHSEW5ZKMEW24,,,0.0
CFMARC TRUST - 260,984500SCEP73C0B3WA76,MOMAR TRUST,6912,66.66666666666667
PATRI POULTRY FARMS,894500TFY4DAL543UG28,KANILAI WORNI FARMS,23324,57.89473684210527
PENILO PHARMA PRIVATE LIMITED,894500TPC8V4J08QRC37,CITY PHARMA SARL,28535,66.66666666666667
CYBERDYNAMICS INDIA PRIVATE LIMITED,894500SUE3HT7QX08O77,ASCEND AVIATION INDIA PRIVATE LIMITED,51161,55.00000000000001
S&L INVEST,894500TC936V9L705446,"M INVEST, OOO",29101,77.77777777777779
Bio-Development Partners ApS,6367002PSDV47T6QGK88,"SG-DEVELOPMENT, AO",18740,73.17073170731707
برابودها انفستمنت ش.ذ.م.م-منطقة حرة,2549009XKZDD6F6PL380,,,0.0
CHHATRASAL VIKAS MANDAL,648800V155RZZOVN7V07,KOREA MANDAL CREDIT BANK,48219,46.808510638297875
SHRI AGARWAL TRANSPORT,894500TH6GRFOZR52W50,CAROIL TRANSPORT MARINE LTD,27426,71.11111111111111
MAHABIR CHEMICALS,648800LHC39KD1W0MX75,SAMAN CHEMICAL COMPANY,28687,70.96774193548387
GIULIA SALEMI S.R.L.,815600E7EE27DA710205,B K SALES CORPORATION,55876,45.45454545454546
ADRA HOLDİNG ANONİM ŞİRKETİ,984500C464754B5BF158,AKTAU PETROL TICARET ANONIM SIRKETI,36074,64.51612903225806
TOWNWINE LIMITED,98450081C7F2C0651E81,DIMOND TOWN SHIPPING COMPANY,55875,28.57142857142857
RIVALS SPORTS INC.,9845004FAC49BG7ABR43,BEST SPORT COMPANY,39588,60.86956521739131
S.T.S. MOBILE S.R.L. (SERVIZIO TECNOLOGICO SPERIMENTALE) IN BREVE S.T.S. MOBILE S.R.L.,5299002ZWWV6766ZVV70,JOINT STOCK COMPANY CENTER OF RESEARCH AND TECHNOLOGY SERVICES DINAMIKA,37685,55.00000000000001
ZERITIS GROUP LIMITED,254900GL06NJPJRC2R91,OTKRITIE LTD GROUP,34499,74.07407407407408
SUDHATI TRANSPORT,335800U91Q4W8669K247,AZZA TRANSPORT,10369,70.96774193548387
Flamingo 09 26,335800ZFU4FMG987LE30,FLAMINGO CLUB,8865,66.66666666666667
Ceqada Capital AB,636700D7ZIRMSOGDDW67,TADAWUL CAPITAL,45908,75.86206896551724
WHITELINE CARDAMOM ESTATES PRIVATE LIMITED,335800J9BG2DH2YFFA89,REAL ESTATES INT LTD EOOD,32080,59.57446808510638
SRI VENKATESWARA SWAMY FILLING STATION,6488005A3HTHYL6M3969,EL-ZAWRA SATELLITE STATION,10658,52.459016393442624
SAMRIDDHI CABLE INDUSTRIES PRIVATE LIMITED,894500TRSXNEQPIT8849,SHAHID BABAIE INDUSTRIES,12524,76.0
AL.FE. S.R.L.,81560078AFFBEE7ED411,,,0.0
KUS RENEWABLE PRIVATE LIMITED,984500559E5DB1DT7603,IRAN HELICOPTER SUPPORT AND RENEWAL COMPANY,23463,36.36363636363637
Sagar September 2026,3358006O0L5EH4350B56,LIMITED LIABILITY COMPANY SEPTEMBER,47964,56.41025641025641
MS MANORAMA COMPLEX,335800IE763A1FGD7846,SHAHID MOYASAMI COMPLEX,30562,66.66666666666667
A J MILLS STORES,648800P11XSHPP4KFF61,CASH & CARRY RETAIL STORES,12458,60.0
EYE GATE REALTORS PRIVATE LIMITED,648800ZWGGRCJ4VF4L34,RG REAL ESTATE GMBH AND CO. KG,44244,64.51612903225806
NIBATSKHEM MARANG,3358000W3IY8SIR3O311,MARA SALVATRUCHA,15412,48.484848484848484
SICAPREF SOCIETA' COOPERATIVA,529900QMOHGKWHU82127,SOCIETY OF ISLAMIC COOPERATION,6936,72.72727272727273
Robert Steindl Logistik- und Transportberatung GmbH,894500TDBW18QGI5Q004,LOGISTICA Y TRANSPORTE NORVAL LTDA.,11841,60.75949367088608
SRI RAM CHANDRAN KUMAR C A AND GENERAL MERCHANTS,335800ICTGZHVKC1IR53,MASS COM GROUP FOR GENERAL TRADING AND CONTRACTING,48310,58.13953488372092
PLAZMA INSTITUTE PRIVATE LIMITED,894500TQKL99MUVRZS37,RANA INSTITUTE,29848,80.0
S.B. CREATION,648800GN9AJ4G667AB77,7TH SENSE CREATION,31353,68.96551724137932
PrincipalTrade L.L.C-FZ,984500G6A64BAATB0433,PRINTING TRADE CENTER GMBH,23146,57.89473684210527
LAXMI SALES,335800CF3HYE5PU99659,B K SALES CORPORATION,55876,60.0
FRESHFRIDGE FOOD AND TECH LLP,894500TQ3YLYPWW51470,FRESHVALE EOOD,49536,57.14285714285714
MAA SHANTI CONSTRUCTION,648800OG4D79BTYWBL20,MULTI CONSTRUCTION PVT LTD,44450,78.04878048780488
DHIRAJ ANIL MALPANI,335800TA2MFBS3LFWW56,,,0.0
"Partners Group Co-Investment Infrastructure N (USD) C-I, L.P",6367005CEI4KIE4HY272,LLC VTB INFRASTRUCTURE INVESTMENTS,40198,64.28571428571428
TRAIL MASTER INSTALLATION LLP,6488008G6EKGQQIGE964,LIMITED LIABILITY COMPANY MASTER RM,50814,59.09090909090908
POKKALA ARUMUGAM GUNAVATHI,6488002HIZXW5CWQDO74,AL GUNADE,43456,25.0
"GLOBAL EQUITY MARKET NEUTRAL ALPHA AND CAPITAL EFFICIENCY FUND, LLC",9845008H8EF11F54ED26,LIMITED LIABILITY COMPANY ORBITA CAPITAL PARTNERS,47254,52.74725274725275
"Horizon Environment & Climate Solutions Partners Employee Offshore Fund, L.P",9845004603E43641B210,"NATIONAL ASSOCIATION FOR THE PROTECTION AND DEVELOPMENT OF FOREST, ENVIRONMENTAL, AND ANIMAL WEALTH",44619,50.331125827814574
PTP Holding 2022 ApS,648800V3Q8JAZTGJTC05,200G PSA HOLDINGS LLC,20264,72.72727272727273
DHAVAL HARILAL VORA,648800A56J2WL3B17Y95,,,0.0
MARISQUERIA GARGO S.A.,959800WQMSR680HCTP97,GOLDEN ARGO MARINE SERVICES CO,56380,59.09090909090908
Atreides Private Opportunities II Access Offshore LP,984500071DFF854A5652,WISON OFFSHORE & MARINE ZHOUSHAN BASE,52248,55.263157894736835
GSF ENGINEERING,648800107GCRZNWPP474,MCS ENGINEERING,16014,86.66666666666667
SBH PRIVATE S.R.L.,894500SEJ5XQGNXFUG27,,,0.0
YOGI CONSTRUCTION,894500SEDMDYTOLK6W70,CONSTRUCTION JIHAD,10053,80.0
SCREENUS GmbH,984500D2CC7AD9DQ5D60,CONCEPTO SCREEN SAL OFF-SHORE,36083,42.42424242424242
NISHYAM BUILDCON PRIVATE LIMITED,984500D4575F94E0AC21,VVN BUILDCON PRIVATE LIMITED,56050,71.42857142857143
CELYA,9845003FB5AE8A45AB46,,,0.0
GRUPO BIMBO UK LIMITED,984500FEES8936E86D53,GRUPPO DOMANO S.R.L.,27240,59.25925925925925
Kommstart 4142 AB,894500SDATJLCTAEM030,FKP SAMARA PLANT KOMMUNAR,49349,41.02564102564102
GP Consult Oy,894500TP6PBCW0WV3S18,RB CONSULTING LIMITED,42745,70.0
M/S Ashok Kumar Amit Kumar Jain,894500S7LQ86QI2VEG14,AMITIS JAZIREH KISH SHIP MANAGEMENT CO LLC,51862,51.515151515151516
M/S JAI DURGA TRADERS,894500S4TYCD8U51MG50,MA GOLD TRADERS PTY LTD,39581,60.0
LEVAL 22,984500Y441F62BEAG998,ISLAMIC STATE OF IRAQ AND THE LEVANT-LIBYA,19890,30.76923076923077
F & S SERVICE SRL,894500S4DBP2BW5ENS12,NT SERVICE,45738,76.19047619047619
SOMAN AND ASSOCIATES,894500TRNE3N3Q6XKO58,AL-BUSTAN ASSOCIATION,22257,70.58823529411764
KM Holding GmbH,894500S47S5AOWTJ0874,MTV HOLDING,52176,85.71428571428572
SHIVANSH CONSTRUCTION,335800W9TIYAHUPEMS32,WINNERS CONSTRUCTION COMPANY LIMITED,33949,78.04878048780488
HARI CONSTRUCTION,648800HKDTFCZJPNYL97,CONSTRUCTION JIHAD,10053,85.71428571428572
Thresher Dynamic Master LP,894500S3G2EGI064QG05,"POSH 8 DYNAMIC, INC.",26217,54.054054054054056
EDULAB EDUCATIONAL EXCHANGE PRIVATE LIMITED,5299009RHESKQLZYB340,AFAK DUBAI EXCHANGE COMPANY,25069,65.21739130434783
VITA Capital Partners I SCSp,984500D7D75AD8XE4472,LIMITED LIABILITY COMPANY SIGMA PARTNERS,52715,65.38461538461539
The Trustee for AA Family Trust,984500O63EA5D91FEA44,SWIRU TRUSTEE LTD,38536,61.111111111111114
VINIT DISTRIBUTORS LLP,6488001V211MNCGQRD24,LTD NISSA DISTRIBUTION,47620,72.22222222222221
PT. KARUNIA BARA SEMESTA,254900TDQEA3FEHDOV02,AL-BARA' IBN MALIK BRIGADE,55423,53.333333333333336
SUBHENDU DASH,894500S2TW7DY2UM4888,BLUE DASH GENERAL TRADING COMPANY LIMITED,58275,42.10526315789473
SCI C.M.,894500S0ZDM6AAW29K82,,,0.0
JJP Solutions Oy,894500TOQ2O1Z2X85455,B AND P SOLUTIONS PRIVATE LIMITED,53882,84.61538461538461
BALAJI SALES,894500RUD105U3P94O67,B K SALES CORPORATION,55876,66.66666666666667
ARCIL-TRUST-2027-003,335800UNH20RQ5WOAL32,AVIA TRUST FZE,16535,53.333333333333336
FUNDACJA RODZINNA RODU BUCZYŃSKICH W ORGANIZACJI,259400KRW7Z2YYOFQU81,ORGANIZACIJA PREPORODA ISLAMSKE TRADICIJE KUVAJT,10923,52.08333333333333
IKONIC INTERNATIONAL WEALTH FZCO,9845005A4FF5B1DA9F26,FALCON INTERNATIONAL SIA,25000,71.42857142857143
AHALYA CONSTRUCTIONS PRIVATE LIMITED,894500RMTF3JK0J62G53,ARC CONSTRUCTION COMPANY LIMITED,33948,77.77777777777779
YOGA LAKSHMI NARASIMHA AGRO INDUSTRY,335800YOESXJQ6RWMF98,AGROINDUSTRIAS CIMA S.A.S.,20207,61.81818181818181
BIPIEMME S.R.L.,8156008F1D4AD0A9D105,,,0.0
CHEMSPAN MARKETING,894500TRHUJVGQV1X467,INDISOL MARKETING PRIVATE LIMITED,55906,62.857142857142854
GYNAAECARE VARTHU,648800N3HDACJA3SJT98,,,0.0
POOJA VEGETABLES,335800HD79FD4EX6P142,GOOD LAND INTERNATIONAL COMPANY FOR THE IMPORTING AND EXPORTING OF VEGETABLES AND FRUIT,30668,39.473684210526315
RIYAZ AHMAD,648800L9M6Y3WONVL126,NEW AHMADI COMPANY LTD,13128,57.14285714285714
SRI DHANALAKSHMI JEWELLERS,648800HV7YC4MLLF8532,ASHIQ JEWELLERS CC,39540,63.63636363636363
ON OFF LIGHTING CO,648800Q7TI3H4M6F5X17,MIDAS LIGHTING LIMITED,51264,62.06896551724138
TORRES FAMILY INVESTMENTS LTD.,254900ZJSCN9YJXJVI90,AL 'AHD COMPANY FOR TRADE AND INVESTMENT,57559,71.11111111111111
SPG ENTERPRISES,648800MT6AX1HHEO6J11,ENTERPRISE SPE PULSAR JSC,38180,77.77777777777779
INDEL INDUSTRIES PRIVATE LIMITED,335800PVI3CCMMKSRY86,INAND INDUSTRIES COMPANY LIMITED,47592,87.5
SILVER GAIN INC LIMITED,2549008WRFKMML78R938,SILVER TETRA MARINE CO.,54909,66.66666666666667
QUALITY FASTENERS INDIA,335800HXU0WTEPURXT16,LIMITED LIABILITY COMPANY WORLD OF FASTENERS TD,48557,62.745098039215684
BITORA SDN. BHD.,984500DB48EE4540AA21,,,0.0
SOLUNE SDN. BHD.,984500BAD84CC07Q8S38,B AND P SOLUTIONS PRIVATE LIMITED,53882,59.25925925925925
HINDUSTAN ROLLING MILLS PRIVATE LIMITED,335800I0JLL7T51D3V96,YAZD INDUSTRIAL CONSTRUCTIONAL STEEL ROLLING MILL,30755,55.55555555555556
ASHOK KUMAR JAIN,648800P2NWRAB99M8K59,A Y A UNIVERSAL DENIZCILIK KUMANYACILIK LIMAN HIZMETLERI ITHALAT IHRACAT LIMITED SIRKETI,48424,22.916666666666664
VAMANA DEVELOPERS,648800PYI5B4KCFBJA68,LANDTEK DEVELOPERS,19974,74.28571428571429
Sente Fastigheter AB,636700ZCJJL249JBSV34,SENTIMARE ENTERPRISES LIMITED,49480,52.63157894736843
Ostkustens tandvård AB,984500A3O83A7EF9E458,TANDHIM HURRAS AL-DEEN,27318,42.10526315789473
RADHE ENTERPRISE,894500R213YWDIZGQG40,LORA ENTERPRISES LIMITED,23270,81.25
GOPI GARNEPUDI,648800FDKQ90CZV54I42,,,0.0
LITTORIA LIGHTING CO,6488005Z2VQ6HMIIAP95,MIDAS LIGHTING LIMITED,51264,70.96774193548387
VERTEX HOLDINGS CORPORATION,254900F9XU0LZTJI0266,NORATEC HOLDINGS LTD,49779,77.41935483870968
Nubitek Industrial IT SL,254900CUOXHYNLH6R677,JOINT STOCK COMPANY STEEL INDUSTRIAL COMPANY,50811,69.23076923076923
SHREE SUNDERS RESTUARANT,335800NX82I46GJJCC34,RESTAURANTE BAR PUNTA DEL ESTE,11774,56.00000000000001
Devlop AB,636700JPAS3UEWYSLG69,,,0.0
RUPESH KUMAR BHADRA,648800OAVVWYH59PHP37,A Y A UNIVERSAL DENIZCILIK KUMANYACILIK LIMAN HIZMETLERI ITHALAT IHRACAT LIMITED SIRKETI,48424,28.282828282828287
BOMPELLY BHOOMESHWAR,648800SC08B7S5UDQ119,BHOOMI HK LIMITED,50945,41.379310344827594
XING QING (AUST) PTY LTD,254900U50O6YKHJF9J08,XING TIAN DI CO LTD,57183,60.0
FORTUNE INDIA PRINTERS,335800EZ0O1F93W1FU87,UNIVERSAL FORTUNE TRADING LLC,57579,63.829787234042556
AB CAPITAL SR.L.,894500R0N80ZMP0JUG44,RT-CAPITAL LLC,37790,81.81818181818181
Spark Fintech Limited,984500485DCI7D4B1E55,OOO PSB-FINTEKH,34668,66.66666666666667
KIOT INNOVATIONS PRIVATE LIMITED,894500TNN9TOI7M2K866,STC INNOVATIONS LIMITED,49936,83.87096774193549
KASHYAP PETROLEUM,335800DLB6GBFF3YSV54,"PAPA PETROLEUM CO., LTD.",28049,77.41935483870968
MAGA SOCIETA' SEMPLICE,894500QZKF6M5TPE9K94,AL-SALAMEH SOCIETY GAZA,55988,63.41463414634146
BRIGHT CONNECTS LIMITED,254900F5S8TP3UKTBL30,BRIGHT SHORE INC LIMITED,49969,66.66666666666667
JAI GOPAL FOOD INDUSTRIES,648800Q03UWG7I3C2R84,GOLFRATE FOOD INDUSTRIES,12453,77.55102040816327
FUNDACJA LYCZKO FUNDACJA RODZINNA W ORGANIZACJI,2594004UHY626TQDR315,AL-BAKOUN ALA AL-AHD ORGANIZATION,8083,51.35135135135135
CAPRI MOMENTS S.N.C. DI FABRIZIA BRUNETTI E MARIA CONSILIA RUOTOLO,52990071ZFWHBC5RRH05,LIMITED LIABILITY COMPANY MODERN MARINE ARCTIC TRANSPORT SPG,47845,48.5981308411215
Crafeo Packaging Solutions,648800K7AGRURI3N6C36,MEXPACKING SOLUTIONS,42026,78.26086956521739
BM TECHNICAL & LEGAL & BUILDING SL,959800ZHAFBH4NVKDS27,ATBIN ISTA TECHNICAL COMPANY,53936,60.0
HIMANSU SEKHAR BARISHAL,64880011OF505WBIXO58,SHERKAT-E BARID FANAVAR ARIAN,55013,50.0
INTELLIBUILD ENGINEERING PRIVATE LIMITED,648800GEF4BZ03IYPO62,INTECH ENGINEERING LTD,44845,76.19047619047619
JORAS INDIA PRIVATE LIMITED,894500TNHQ9WV8A6WO53,TR6 PETRO INDIA LLP,56405,61.53846153846154
Bischof Bau und Baustahl GmbH,529900SNXQ3VQ4ICKG80,OZEAN BAUSTOFFE GMBH & CO. KG,44221,46.15384615384615
"CHANCE TV LAND OWNER, LLC",254900AHNG3D5F7BBX75,NEW LAND MONEY EXCHANGE COMPANY,26700,69.76744186046511
YOGESH KHATRI,648800HRQLMUTZ6SJ837,KHATIRJI GROUP,24903,44.44444444444444
SRI CHAKRA SPICES,335800XPBCHU9BH7N314,SPICY CODE COMPANY LIMITED,43439,44.44444444444444
BYBUS - SOCIETA' CONSORTILE A RESPONSABILITA' LIMITATA,81560075234F53189906,BAJER SOCIEDAD DE RESPONSABILIDAD LIMITADA,26469,69.6629213483146
MOHIT CHANDWANI,648800H9VOKMVLXP7L57,ZORAH CHANNEL,10658,57.14285714285714
Abhishek Malani HUF,6488001UHDYMM20ALN14,FEE BANK MALAYSIA,25681,55.55555555555556
ABHISHEK JEWELLERS,335800S0OMP5S8855782,ASHIQ JEWELLERS CC,39540,72.22222222222221
SREDF TK Co-Invest SCSp,2549006WM2SZ4L6ODN93,STREET INVESTMENTS PVT LTD,44469,63.1578947368421
BDOT TECHMEC MANAGEMENT AND MULTISERVICES PRIVATE LIMITED,648800RCEDTFID78S918,PRINCE TIMES HOTEL MANAGEMENT CO. LTD.,55845,66.66666666666667
SHRI MURARI MUDRANALAYA,335800VWPAP0VBS02Z95,MURAD EN SONS DIAMONDS,42337,44.44444444444444
SILVERGATE INVESTCO PTE. LTD.,254900BW8JASIVPDUH64,SIGNAL-INVEST OOO,46088,68.75
2205 Holding B.V.,7245003KKKUU36YCOM32,LLC HOLDING GPM,47832,69.56521739130434
AMG Holding B.V.,724500STNV87FVKGHD56,GMCG HOLDING CORP,54838,86.95652173913044
EIGHT LEO INVESTMENTS PTE. LTD.,254900AKSCY8DTDVMP03,LEGO INVESTMENTS EOOD,44287,80.95238095238095
Vita Minor B.V.,724500XCBEKB8PTQ9278,UP MINOTOR-SERVIS,34744,59.25925925925925
Amme Holding B.V.,894500TNC6Q588YB9406,CHAM HOLDING,12744,83.33333333333334
WP Beheer B.V.,7245009Y38OMCV1GPL34,BEHENGAM TADBEER QESHM SHIPPING COMPANY,56997,35.0
SOLID TOOLS INDIA PRIVATE LIMITED,335800RMMU43GGLVUH64,IRAN CUTTING TOOLS COMPANY,15632,57.14285714285714
Rademaker Estate B.V.,7245001EX5Y8LMEA5W77,RG REAL ESTATE GMBH AND CO. KG,44244,73.33333333333334
AABIPORT PRIVATE LIMITED,335800UXNC6SI020YL44,,,0.0
AMM ENTERPRISE,64880078W9SVHXCDT705,"BELLOSOM ENTERPRISE, INC.",11401,72.72727272727273
BIOPHYTIX SOLUTION LLP,335800MCX5M43VEI7U88,B AND P SOLUTIONS PRIVATE LIMITED,53882,70.96774193548387
Definitely Maybe B.V.,724500IFINB20TQWW805,,,0.0
Balanzs Nederland Holding B.V.,724500ET26M8ZN8XU376,FLEURETTE HOLDINGS NETHERLANDS B.V.,23257,65.45454545454545
Wi IPP BESS Schornsheim GmbH & Co. KG,529900S2YS3WKAOLSC68,THE PALESTINIAN SCHOLARS ASSOCIATION,57716,40.0
G Hall Family Trust,648800DL0D7Q2QF2V193,AVIA TRUST FZE,16535,62.06896551724138
Burghouts Beheer B.V.,724500D9VMX0G5K2YZ09,GHADIR TOSE-E SAAMANEHAYE BEHENGAAM,25946,39.21568627450981
Braz B.V.,724500O14W69AP4Y0002,IL-BRAZZOL,23410,57.14285714285714
Sterneberg Praktijk B.V.,724500755JIIYGQ57L61,STERLING SHIPPING INCORPORATED,46608,50.0
MEGATEK S.R.L.,81560035170186BE1853,MEGATRADE,16997,75.0
Fin Accounting,648800MBETFDPC8OXG47,THE AUDITORS FOR ACCOUNTING AND AUDITING,39976,61.904761904761905
ARCIL-TRUST-2027-012,3358007UP3300BN1N346,AVIA TRUST FZE,16535,53.333333333333336
EDIL CUCCHI SRL,529900T32WPTJ89N9U46,,,0.0
SPICE BAZAAR PRIVATE LIMITED,894500TN6N6DL9MFLK60,FSUE SRPE BAZALT,16862,57.14285714285714
VZF B.V.,7245009H62RNK5MN6493,,,0.0
AKSHARAM IMPORTS LLP,648800PM9AW6G9CQ0G05,AVIA IMPORT,173,66.66666666666667
Identity BidCo GmbH,529900E7XCM5U4P2BD47,THE HATIKVA JEWISH IDENTITY CENTER,4700,45.45454545454546
"FARGUIPER, UNIPESSOAL LDA",98450058C5C2BZDC6987,BUSINESS UNITED UNIPESSOAL LDA,55549,66.66666666666667
ARCIL-TRUST-2027C-002,335800EZY3TGT67DMS14,AVIA TRUST FZE,16535,51.61290322580645
Innofocus Services,6488000VE82GKKSC2542,INFORMATICS AND SERVICES CORPORATION,47576,78.94736842105263
DECRAN HOLDING,6488009XGKEOYMASNH78,CHAM HOLDING,12744,76.92307692307692
Altitude III Offshore Master L.P.,984500F56A140593D129,INTERALIMENT OFFSHORE COMPANY,28180,61.224489795918366
MINCO INDIA PRIVATE LIMITED,335800BH8PWER8H0ZQ48,INDIAN MUJAHIDIN,12914,66.66666666666667
"LLF 6590 SHILOH, LLC",254900PNO1YYCEW8GK25,,,0.0
JM Volendam Holding B.V.,724500DKB5I8AG1Y5841,YONA HOLDING,20219,70.96774193548387
COMUNE DI ROTTOFRENO,815600A99FC49A7A4960,DIFUSO COMUNICACIONES S.A.,28549,53.65853658536586
SONY TRADERS,894500TMVK2UBAYOAG42,SINO TRADER COMPANY,23479,78.26086956521739
AMRIL-IRCON JOINT VENTURE,335800GKB4QQFYTUBN85,INTERNATIONAL CHEMICAL JOINT VENTURE CORPORATION,9526,72.1311475409836
WORLD TRADE SOLUTIONS INC.,9845003FR8D8FD8F7C52,TGR WEALTH SOLUTIONS LTD,52079,73.17073170731707
S G P CONSTRUCTION COMPANY,335800ADANWOIMXZC257,PB SADR CONSTRUCTION COMPANY,35998,84.21052631578947
"""Jonny"" Schokoladen Gesellschaft m.b.H.",984500C501372D4QE716,THE PALESTINIAN SCHOLARS ASSOCIATION,57716,48.38709677419355
Pistorius & Partner GmbH,529900V5NMPKE3IWX392,PORTEASE PARTNERS LLP,58403,70.58823529411764
S.S Enterprises,894500QBJPIUKQ886W09,ENTERPRISE SPE PULSAR JSC,38180,77.77777777777779
"INDIANAPOLIS LOGISTICS PARK NORTHWEST BUILDING V, LLC",2549009DB4EC0SU6UU70,LIMITED LIABILITY COMPANY NORTHWESTERN BEARING COMPANY,46661,56.41025641025641
Firstmac Asset Funding Trust No. 1 Series Auto No. 4 Security Trust,894500Q52WGLRIDAPK79,"CASTLE COMPANY FOR PROTECTION, GUARDING AND SECURITY SERVICES",29856,53.21100917431192
SHREENATH CONSTRUCTIONS,894500TJY8N96NOYUW66,FURAHA CONSTRUCTION PVT LTD,44459,76.19047619047619
AMAR SINGH DHAKAR,648800WPPADR4OHWGI69,SINGH DAILY CULTURE PRESS LIMITED,29606,52.38095238095239
M L D MYLON PRIVATE LIMITED,3358006GH1EKTQP6C660,,,0.0
FREDDO AGROTECH PRIVATE LIMITED,335800XA5HFMNKAW2612,OOO AGRO-REGION,36658,61.53846153846154
Gebr. Schmidt GmbH & Co. KG,529900TUI2O4JJ7G6W92,,,0.0
PARSHWA BUILDTECH LLP,894500TLYAS8HEZED454,PARS OIL CO.,16031,56.00000000000001
KRIDHA & CO.,648800SRFQIAYECBHC20,,,0.0
ADITYA & ASSOCIATES,894500TMQ0J2OBMSMW37,ASSOCIATION FOR PALESTINIAN AID,7911,59.09090909090908
SUHAAR INC,648800SNFFLR7NQRJC87,SUHADA'A AL-YARMOUK BRIGADE,20010,40.0
NOYAH B.V.,72450080ZZOFVKSA5Z23,NOYAN ABR ARVAN CO.,43519,40.0
SOCIETA' AGRICOLA GIULIARI SILVANO E C. S.S.,5299009NA4GX4MYDZ234,AGRICOLA COSTA ALEGRE S.P.R. DE R.L.,31146,55.88235294117647
Forzlink Engineering AB,636700TQQ95XZAH3AM38,FATER ENGINEERING COMPANY,11792,75.67567567567568
Greenlap IT GmbH,529900S5FCXLU9FKEP51,PETRO GREEN,15966,63.63636363636363
SAYED APSAR ALI,648800GOCM7YP2DVO823,SAYEH BAN SEPEHR DELIJAN CO.,36005,46.15384615384615
SREE VISHNUPRIYA MOTORS,894500OIKJSV6KZ62G55,STREET MOTOR SERVICES,44470,54.54545454545454
BRIDGECUBES IT SOLUTIONS,648800XASFB09E2FF813,INDUSTRIAL SOLUTIONS,13372,68.18181818181819
"SVENSKA FÖRENINGEN FÖR IMMATERIALRÄTT, SFIR",894500O5BUKUA6LJSO17,FOREIGN LIMITED LIABILITY COMPANY SLAVKALI,33371,56.25
CONSTRUCTION EQUIPMENT COMPANY,894500TQQ4T19U7NNC86,MULTI CONSTRUCTION PVT LTD,44450,75.0
SHREE SUMATINATH INDUSTRIES,648800U4P0B104IK1508,SHAHID SHUSTARI INDUSTRIES,23433,67.9245283018868
ONDALINE COSMETICI S.R.L.,5299008CXCAAQT01OV86,COSMOS LINES INC,52675,60.0
PROMO HOUSE GIL SL,529900N250JSPAO75Y47,NPO PROMODEL,45765,53.333333333333336
PUNEET BUILDERS PRIVATE LIMITED,894500RAT29NRGSL1484,A.S.P. BUILDERS,25887,59.25925925925925
GMR TECHNOLOGIES PRIVATE LIMITED,335800X9ACKC84QJ5W11,MCS TECHNOLOGIES GMBH,16013,87.5
INTELNATIONAL OÜ,984500E97BA4FE8D4536,KOBI INTERNATIONAL COMPANY,46874,82.35294117647058
YASHODA DEVELOPERS,648800D2371IFEFPX632,"SOHO DEVELOPERS, INC.",19151,84.84848484848484
ADD ON SECURITIES PRIVATE LIMITED,894500TMEXFJECZ1BS77,SB SECURITIES SA,18753,73.33333333333334
SRI VENKATESWARA TRADERS,894500R6YHJGSXJLO822,VENTUS TRADE LIMITED,54619,61.111111111111114
SavvyLong (2X) TSM ETF,254900F68XOJ31PNYB02,,,0.0
SavvyLong (2X) SanDisk ETF,254900Q6NABGSI9Z3V36,ROCKET SANDBOX LTD,57854,42.10526315789473
SavvyLong (2X) SK Hynix ETF,254900OJ46AWK2YVVT83,,,0.0
Leistilä Way Oy,648800RDYXPYI0UCYW52,ZIBA LEISURE LIMITED,57960,50.0
RAMANDEEP KAUR,64880097VC28TDK39X32,RAMAN COMPANY,30411,52.63157894736843
ALPHA TRANS SHIPPING PRIVATE LIMITED,648800RCKDUG8VBOJN15,ATLANTIC SHIPPING AND TRANS,25844,83.72093023255813
AD ENTERPRISES,894500QF8QP9WA5BW893,CHLODWIG ENTERPRISES SA,38219,76.47058823529412
M.S.G.M. - SOCIETA A RESPONSABILITA LIMITATA,894500QDJRNTVHINP413,BAJER SOCIEDAD DE RESPONSABILIDAD LIMITADA,26469,77.92207792207793
MIRTO SRL,894500QO0P01A7YG6W21,,,0.0
THAKKAR VIPUL HARISHBHAI,648800J34PB3UUX6ZO96,,,0.0
Explorateur 8,894500QLV3BACHC51493,CRYPTO EXPLORER DMCC,48097,64.28571428571428
"NORTHWOODS OWNER, LLC",2549002EJ36NRWGGSC31,PUMORI NORTH WEST LLC,47499,54.54545454545454
TERVIX GLOBAL TECHNOLOGIES PRIVATE LIMITED,648800DWWYX8XW7RCI76,COAL TECHNOLOGIES,23580,74.4186046511628
AMARIS TECHNOLOGIES S.R.L.,5299004YUK1KK0TY0491,MCS TECHNOLOGIES GMBH,16013,85.71428571428572
Y M & M LIMITED,254900PZK4ZFYH1FY498,,,0.0
HALLAND GRUPPEN AS,894500QX3QEBY4FBSO15,VENDE GRUPP,47405,61.53846153846154
DULAL DUTTA,894500TR17WKJSVEYG15,,,0.0
M/s GOBINDA EXPORTS,894500T9687IHYLF2095,"M. D. S. IMPORT EXPORT CO., LTD.",28044,63.1578947368421
SWARNBHUMI ASSETS MANAGEMENT COMPANY,6488003M249HG3ICEO02,ONE ASSET MANAGEMENT AG,50043,75.0
SHIVAYU AYURVED LIMITED,3358004H27Y59OEHR083,VEENA SHIVANI ESTATES PRIVATE LIMITED,56052,44.44444444444444
V&PP INFRASTRUCTURE PRIVATE LIMITED,648800C51FVK31VHIB55,LLC RKS INFRASTRUCTURE,46038,81.08108108108108
Erika Ringseis GmbH,529900VYSQ59XVJDYY03,QUEENS RING LIMITED,54624,48.0
ANANTA LANDMARK TRADING LLP,648800JRCK5TTEZ1GL46,JANAT AL-ANHAR TRADING COMPANY,46870,71.42857142857143
Gladius Customized Tail Hedge Strategy LP,2549001OAQT6EXQX3V82,THE STRATEGIC CULTURE FOUNDATION,31213,48.484848484848484
NIDHI POLYCHEM PRIVATE LIMITED,64880037A0BE6KJ0TN12,NII POLYUS,37668,66.66666666666667
ASMITA BAHUUDDESHIYA SHIKSHAN SANSTHA,894500TM9DVRRDN5O888,LIMITED LIABILITY COMPANY SANSARA,48840,44.44444444444444
GODSPEED IMMIGRATION AND STUDY ABROAD PRIVATE LIMITED,648800JSR3EPYKJC5G49,MARKAN WHITE TRADING CRUDE OIL ABROAD CO. L.L.C,55718,51.42857142857142
UTTAM MAITY,6488005B31A8KMHKJM17,,,0.0
CLOUD VENDING SL,9598009H05URYMEY7P69,CLOUD SOLUTIONS LLC,54569,64.51612903225806
CHEMO BIOLOGICAL LIMITED,648800QOUGX71AHMCS03,SYSTEMS OF BIOLOGICAL SYNTHESIS LLC,48834,63.63636363636363
SUPERCOOK RICE MILL PRIVATE LIMITED,648800X06EG7QLW6YT88,SUPER SOURCES INDUSTRIAL CO LIMITED,54159,55.81395348837209
SILGATE SOLUTIONS LIMITED,335800754X583TKYP711,SMART SOLUTIONS LTD,51191,81.25
RADHIKA LINGALA,648800PXPYOJXYREMY26,LINGHAO INDUSTRY SHANGHAI CO LTD,52191,44.99999999999999
M/S.SHUV LAXMI MOTORS,894500TM3UC04EBA0O06,SANAYE MOTORSAZI ALVAND PRIVATE COMPANY,48734,50.0
Transporte Rudolf Brunnhölzl Omnibusunternehmen - Baustoffe - Öltransporte e. K.,9845001EA5ED1C44DX15,LIMITED LIABILITY COMPANY SOVREMENNYE GORNO TRANSPORTNYE TEKHNOLOGII,48887,49.20634920634921
SANKARALINGAM PRABAKARAN,648800LDKQ8WKPYFGG42,JSC SANKT-PETERBURGSKOYE MORSKOYE BYURO MASHINOSTROYENIYA MALAKHIT,36046,30.23255813953488
PRS AGRO SOLVENT,6488005ZIOKZ9G264F22,SOLVENT ORGANICS FZE,54043,68.75
SARMENTS INVESTISSEMENTS S.A.R.L.,815600F91DB9EC34A081,STREET INVESTMENTS PVT LTD,44469,76.19047619047619
HELIOFLUX SOLAR PRIVATE LIMITED,33580015MHJGM4LRY981,ROSTELEKOM SOLAR,44851,58.06451612903225
GUJARAT STATE CIVIL SUPPLIES CORPORATION LTD EMPLOYEES P F TRUST,335800H9N0XT1UXP2Y39,"OJ LIVING TRUST, S.A.P.I. DE C.V.",56974,50.70422535211267
SHREE VALLABH TRADE LINKS,335800NYNDMZUIVB6R60,SMART LINES TRADING FZC,46579,54.54545454545454
"Valo Ventures Management, L.P.",254900U3G7Y9DUCJOO94,VELES MANAGEMENT LTD,40782,75.0
CAL ITALIA S.R.L.,529900LC260PKF2YXP28,TRO ITALIA,10486,60.0
DERA GROUP SRL,529900J7S48IGSSGFV31,AEZA GROUP LLC,54566,80.0
DAULAT RAM LULLA,648800IN6E1LB9SEMX92,JAMAAH ANSHARUT DAULAH,21405,52.63157894736843
MANDAU HOLDING Befektető Korlátolt Felelősségű Társaság,98450073DDD5C8908548,MATRIX METAL GROUP KORLATOLT FELELOSSEGU TARSASAG FELSZAMOLAS ALATT,49780,67.21311475409837
"PENNANTPARK CLO 11, LLC",984500C45670EN3EDL21,,,0.0
Fortius Innovations GmbH,52990083ULYRKQ47QA31,LLC F2 INNOVATIONS,45759,78.78787878787878
FERRO DOME INDUSTRIES,335800875N6UOYACOB22,DAEWON INDUSTRIES,20579,73.6842105263158
"PENNANTPARK CLO X, LLC",984500APBF67855CAC26,,,0.0
"PENNANTPARK CLO 12, LLC",9845007DO0487D15A825,,,0.0
VICKY LULLA,6488006ENK4KLJDOJ977,,,0.0
ROLIGHED JANDERUP HOLDING ApS,648800OMYGFNKBPR5486,HOLDING COMPANY INTERROS OOO,38240,63.41463414634146
"CHANTILLY LEGACY, L.P.",254900RAL49N34U4PI83,JSC CHANNEL ONE,37197,51.85185185185186
Tomjama B.V.,724500S2L12SGBABBJ66,,,0.0
DURMAN CAPITAL G.P.,894500LDV1UVW7FJ3S02,PROGLAN CAPITAL LTD,23264,75.86206896551724
MONEYPLANT FX LTD,894500LAS6VJ4KTY0O08,SILSILAT MONEY EXCHANGE COMPANY,21125,55.55555555555556
EOS Holding GmbH,894500QIMOS5XVEOAG95,"GEMUHO HOLDING, INC",19939,80.0
MTS SRL,894500R2NA5YXGAZCO51,,,0.0
Bistro Service Dragovits GmbH,9845001E72BQ5E3D8E71,"GOMEI AIR SERVICES CO., LTD.",28110,66.66666666666667
RDP FOAM INDUSTRIES PRIVATE LIMITED,3358000O99O391QVZU46,FAM INDUSTRIEL SOOT CO.,30371,73.6842105263158
ASOCIADOS & MARTINEZ GIJON HUMAN CONSULTING GROUP SL,9598008EP4NQ2H8HSD41,MASS COM GROUP GENERAL TRADING AND CONTRACTING COMPANY WLL,48310,56.52173913043479
Lightup Network Solutions GmbH & Co. KG,894500SVRZFPYKVX4O37,ELEMENTO SOLUTIONS LIMITED,30124,65.11627906976744
AIR TECNOLOGY SERVICE SRLS UNIPERSONALE,8156001C4BF420E06454,ABHAR TECHNOLOGIES AND SERVICES PRIVATE LIMITED,51090,69.6969696969697
NP HOLDING SRL,815600C63DDADD952670,PAPA HOLDING LTD,48096,81.81818181818181
EKO WORK S.R.L.,815600A20E0898F69C61,B-WORK S.A.S.,26471,71.42857142857143
YGD MADRID NORTE 2019 SL,959800AQXRC96L6C1355,NORTH SOUTH CARGO,48709,43.90243902439024
BONUOMO CHIARA,815600B539E765E57931,BONUM CAPITAL LLC,38053,66.66666666666667
TEKNEGAS S.R.L.,815600D60FB3839E0F64,"TEKNOLOGIYA 5, OOO",46823,57.14285714285714
AADNYA CONSTRUCTIONS,3358005XEX4O1TYYON49,ARC CONSTRUCTION COMPANY LIMITED,33948,77.77777777777779
BEA MEDIA COMPANY S.R.L.,815600C781A8BD5C6815,MEDIA LEND,53997,73.6842105263158
BTB MARKETING PRIVATE LIMITED,335800EWGWKM6CJ23R46,INDISOL MARKETING PRIVATE LIMITED,55906,66.66666666666667
KOTAK NATWARLAL MOHANLAL (HUF),984500B53F9C6BD75570,MOHAMMAD WALI MONEY EXCHANGE,13129,46.42857142857143
Esko Holding B.V.,724500LPLW1UUBSDCN51,"GEMUHO HOLDING, INC",19939,76.92307692307692
M.M. HOSPITALITIES,894500TOKJ4AC3LCHK64,MICHIGANTAP HOSPITALITY PRIVATE LIMITED,56049,61.53846153846154
TOGNONI TENDAGGI S.R.L.,5299008R7QFVTZTQPV67,,,0.0
TECNO OFFICE GLOBAL S.R.L.,815600A4B819929C7696,VENTORA GLOBAL SERVICES,34068,66.66666666666667
OFFICINE ORTOPEDICHE SRL,8156001DD10566442948,OFFISCOOP NV,26747,55.172413793103445
RR PHARMACEUTICALS PRIVATE LIMITED,894500TLSR8GUFNIPK56,REEM PHARMACEUTICAL,21564,86.48648648648648
Holding Janssen B.V.,724500GTNYSOUAE95P15,AL MASHREK HOLDING,12746,73.33333333333334
The Trustee for Natgen Development Trust UC22,9845005S4A87C7DD0730,NATURAL RESOURCES DEVELOPMENT AND INVESTMENT CORPORATION,12212,62.33766233766234
RADON BARRIER CO. LIMITED,9845002CFF5C6D64FF05,BARRIO 18,55416,54.54545454545454
Everfigures B.V.,724500LUJCFGHAVIHI31,EVERFIT COMPANY LIMITED,31352,66.66666666666667
Marc Smit B.V.,724500NT6D5A4YKKVZ63,MARCH 23 MOVEMENT,15585,53.84615384615385
KENT CONSTRUCTIONS PRIVATE LIMITED,894500TLN7OP7GBN2002,TET KHAM CONSTRUCTION COMPANY LIMITED,11306,82.05128205128204
PARAS HANDICRAFTS,335800RINHIMDIWQWT89,PARAVAR PARS COMPANY,39038,55.172413793103445
JNE Beauty,724500VC4D978WCSJ645,GAVIA BEAUTY COSMETICS PTY LTD,42256,44.44444444444444
Lapiscopia,648800C2QK3LOKTBRA03,,,0.0
DENZOUR NUTRITION PRIVATE LIMITED,335800SRU3YIDEBRDZ54,HIGH NUTRITION S.R.L.,26470,64.51612903225806
Oberu Holding B.V.,724500G6BHEA56JU0931,OBORON HOLDING LLC,50757,81.4814814814815
Shop-Apotheke Service B.V.,894500TN13MLYAAJY056,MEHDI BROTHERS SHIP SERVICES PVT. LTD.,27264,69.38775510204081
M G GRAIN PRIVATE LIMITED,894500TLHO4XKGZREG21,GRAINS MIDDLE EAST TRADING DWC-LLC,48314,41.02564102564102
Pihtla Mekituba OÜ,9845008RB1A7581M8026,,,0.0
SAMEERAN FOODS AND BEVERAGES LLP,894500TLC4L5XHNVQW13,MAIWAND BEVERAGES LIMITED,26099,63.41463414634146
BILBAO NORTE CAPITAL SL,959800RD9U6JP7ZW9C69,BONUM CAPITAL INVESTORS CORP,38054,65.21739130434783
MILETA INVEST a.s.,894500TR6RGC6S7AM022,"M INVEST, OOO",29101,76.19047619047619
Alebra Holding B.V.,724500QXHWOJOVVN0I63,ATLAS HOLDING SAL,28527,81.4814814814815
Keeebab Invest AB,894500TOEZKIP49GU016,MACKA INVEST CO LTD,56377,69.23076923076923
MM TRUST SEP 26 I,335800PXXAOHOC5BCF73,THE SISTER TRUST,41493,62.06896551724138
"KDEV, LLC",984500BBB3E4CA0A0575,,,0.0
MFMF LLC,98450000E2F80C7EE021,,,0.0
POB AVOCAT,894500RXWIMTIOAH6G59,,,0.0
Groundwater Consulting Services s.r.o.,894500TQVOCSWTJJAW21,JSC CONSULTING GROUP POSTPROCESSOR,48746,70.76923076923076
POSH OFFICES PRIVATE LIMITED,335800BI4SP7JHW9HP95,"JM PROVIDERS OFFICE, S.A. DE C.V.",39482,58.82352941176471
MAA MANSA COMMODITIES (INDIA) LLP,894500TKVHXV0JO8S827,MILAVOUS COMMODITIES HOLDING LIMITED,54841,65.45454545454545
Krappsjö Holding AB,98450073ED89E93BC426,RTS-HOLDING JSC,34768,74.07407407407408
Schäff GmbH,98450044ZLE864004C05,,,0.0
GUOTONG ROMEO HOLDINGS LIMITED,984500A52CDC4F1BIB32,DOT ONE HOLDING,58176,70.27027027027026
I.RO. - IMMOBILIARE DI ANGELO ROSSI E C. - S.A.S.,894500TP15RL91KZG854,SERVICE IMMOBILIERE ANTIBES SAS,38036,57.14285714285714
MICHAEL LOBO,3358000I3KCGCGIKIB46,BODEGA MICHIGAN,12896,59.25925925925925
Handelsmaatschappij mr. Twinckle,724500GNSH8E5B39TR80,STAR TWINKLE SHIPPING LIMITED,54140,57.692307692307686
DPAM L BONDS EUR CHRONOS 2029,3912004CW0G52F0MEP44,,,0.0
NvdW Holding B.V.,7245008DUUO7RA1S9S27,MTV HOLDING,52176,78.26086956521739
MAXEDV Beratung GmbH,98450002B2E7ACE5F080,BERATEX GROUP LIMITED,27194,42.85714285714286
TargetGrowth Sweden AB,984500FC410E06607638,TARGET ELEKTRONIKS,42004,54.054054054054056
ΜΥΡΩΝ ΑΝΩΝΥΜΟΣ ΤΕΧΝΙΚΗ ΕΤΑΙΡΕΙΑ,529900B2EKC03VC1X979,,,0.0
DPAM L EQUITIES GLOBAL TRENDS,391200CN3GHS5XO6QI27,ARIES GLOBAL INVESTMENT LIMITED,56720,57.692307692307686
LF ENGINEERING S.R.L.,815600BDDAA9C3AD0148,FATER ENGINEERING COMPANY,11792,83.87096774193549
Oceanquest AB,657400OUGVY8SU0ZYP33,OCEANOS JSC,29885,70.58823529411764
SELLATORA ASSET MANAGEMENT (IRELAND) LIMITED,894500TKKEUBQL0HH457,OOO NAVIGATOR ASSET MANAGEMENT,34506,70.0
J.J. PLYWOODS AND BOARDS,894500TO3WGZF5LPIW40,PRESS SUPERVISORY BOARD,15543,43.90243902439024
VENUS UTILITY SERVICES & MARKETING PRIVATE LIMITED,335800KTYNDQZTZL9U78,SINO MARINE SERVICES LTD,56589,65.38461538461539
DPAM L EQUITIES SUSTAINABLE PLANET,3912007MUBRI5G75B253,SUSTAINABLE ELECTRONIC DEVELOPMENT,30282,61.76470588235294
GS NEARN LIMITED,64880064T7DF2YB6TO71,,,0.0
SBAC Bank PLC.,9845000M63B557EK2F20,BLANC BANK LLC,45809,84.21052631578947
CENTRI 2026,335800URX9V0VEGMO494,CENTURONIC LTD,48387,57.14285714285714
HLØ HOLDING ApS,648800DRUDMJCLAQ0K40,CHAM HOLDING,12744,78.26086956521739
EquiBalance OÜ,894500TNSTDG56XY7S54,KEKOTECH EQUIPMENT LIMITED,49137,43.75
SAMTA REALTY,335800VUWDDQS7GCO912,USA REALLY,26234,72.72727272727273
FLYT ENTREPRENØR AS,636700K9GUBMQE1YXG14,IRON MOUNTAIN ENTREPRISES,24671,53.65853658536586
DPAM L NAVIGATOR,3912004XDZ60GL2VC022,LIMITED LIABILITY COMPANY NAVIGATOR,47482,68.57142857142857
P2P JAIRAM PRIVATE LIMITED,894500TKEVAK3LOLTK93,,,0.0
CONDOR PARTNERS PTY LTD,984500MF9SEC4A643722,CODE A PARTNERSHIP,44454,70.27027027027026
LOGOLETRAS SOCIEDAD LIMITADA,984500CDD1DDFF0B5767,BAJER SOCIEDAD DE RESPONSABILIDAD LIMITADA,26469,62.68656716417911
ELSAFI Holding B.V.,724500WVIQIZOJLE4838,ELLISSA SAL (HOLDING),12464,82.75862068965517
DARDI AGRICOLTURA SOCIETA AGRICOLA S.S.,894500TPYF272XK9DK48,AGRICOLA COSTA ALEGRE S.P.R. DE R.L.,31146,61.53846153846154
C. Numan Holding B.V.,724500BX9N2EIXGK8M33,KUNLUN HOLDING COMPANY LTD.,27468,75.86206896551724
R. Hellendoorn Dienstverlening,7245004MI16OE7GXY807,,,0.0
APJ VENTURES PRIVATE LIMITED,3358006YVWOIN6WP1414,PARK VENTURES SAL,42331,80.0
Maggie B.V.,7245004DIG9L4YN9AI46,,,0.0
NORTEC A/S,636700LZMAAG8E38U881,NORTH SOUTH CARGO,48709,59.25925925925925
First Trust Investment Grade Floating Rate Income ETF,254900ZUKTV4ZTBBJR75,RUSSIAN AGENCY FOR EXPORT CREDIT AND INVESTMENT INSURANCE JSC,18272,56.86274509803921
KRIPA PLASTOPACK LLP,33580069W8I8B7DS5Z43,JOINT STOCK COMPANY PLASMA,37777,58.82352941176471
K G LIFE SCIENCE PRIVATE LIMITED,894500TMKGZB1CAWZC41,SHREYA LIFE SCIENCES PRIVATE LIMITED,51297,66.66666666666667
ISOTMOREN SL,959800DJ6SHL5CUHRZ77,PARS ISOTOPE COMPANY,25628,66.66666666666667
CAE SIMUFLITE INC.,9845007AFD52F3D41405,SIMULATION & DIGITAL TWIN,50889,50.0
سما الأمل لتجارة الهواتف المتحركة ش.ذ.م.م,984500CE3648F5X3D011,,,0.0
HP IT-Solutions GmbH,984500E3A53907981572,PRO RATA SOLUTIONS B.V.,42979,78.78787878787878
Bullseye Bidco B.V.,7245005LDL1MAAZZDN40,PRECIOUS BULLION DMCC,52106,40.0
ORIT TECHNOLOGY SOCIETA A RESPONSABILITA LIMITATA SEMPLIFICATA,894500TK3S70TN0UIG52,HIGH NUTRITION SOCIEDAD DE RESPONSABILIDAD LIMITADA,26470,60.0
ProBau Service GmbH,52990058TE2QHCZ0MW15,PALM SERVICE LIMITED,25841,76.92307692307692
MMB invest Öregrund AB,636700IQKQBFE6LWYV37,"TREID-INVEST, OOO",26674,64.51612903225806
شركة بوروي اوتوموبيل المحدودة,9845009UE070Q1FA0F73,,,0.0
MarBoi B.V.,7245008344ELG3W40475,PRAISE MARBLE LIMITED,55926,52.63157894736843
ABC 24 B.V.,724500ALKNZV56KEFR92,,,0.0
POWER STALK ENERGY PRIVATE LIMITED,33580025U5S4VCIYIG43,ENERGY GOSTAR SINA COMPANY,30366,66.66666666666667
RCP Dutch Residential XVII C.V.,724500X6VF2Z6OBIFE48,"RESIDENCIAL CANAL VIEW, S.A.",19172,58.82352941176471
S.O. B.V.,7245004360JFRHB5XH20,,,0.0
NATRAJ AGROTECH & BEVERAGES,335800ARB8DJMHQNCP39,MAIWAND BEVERAGES LIMITED,26099,57.14285714285714
Fimatol beheer B.V.,724500DO1H8NBOP5XK23,GHADIR TOSE-E SAAMANEHAYE BEHENGAAM,25946,44.89795918367348
"TREBOR, društvo s ograničenom odgovornošću za trgovinu i usluge",7478XETLCDE5JCXJQ803,DRUSTVO SA OGRANICENOM ODGOVORNOSCU RAD 028 ZVECAN,33990,69.72477064220183
Stichting Juridisch Eigenaar R-Zero BTC,724500FWY6TA0207D285,"STICHTING WERELDHULP-BELGIE, V.Z.W.",7270,51.42857142857142
G.O. B.V.,7245001JH9CN44PHUY83,,,0.0
YAPIFI B.V.,724500HW5E1V1OKUQZ43,RMB YAPI INSAAT TAAHHUT SANAYI VE TICARET LIMITED SIRKETI,49345,14.54545454545455
UNNAMED LIMITED,984500A0405E597F9565,,,0.0
Blackstone Asset Based Finance Collective Investment Fund,25490053RG2TFHVJ1545,AL ATTA ISLAMIC BANK FOR INVESTMENT AND FINANCE,24545,55.91397849462365
USHUR TECHNOLOGIES PRIVATE LIMITED,6488001Z6FMG6RGVMR25,TOP TECHNOLOGIES SARL,24755,76.47058823529412
ENERGY ADVISORY SERVICES PRIVATE LIMITED,335800PP36DGDYEUP275,RED BOX ENERGY SERVICES PTE LTD,48803,72.34042553191489
PROTEAN HOLDINGS LTD,984500LC5B84FAEA9F20,PICOTIN HOLDINGS LIMITED,49485,81.25
MAK GLOBAL METALS PRIVATE LIMITED,335800S6OZCJEXENJ346,JSC MARSHAL.GLOBAL,36359,70.96774193548387
ENEA ZUL SL,959800D890VWYD265014,,,0.0
ARCIL-TRUST-2027C-014,335800OKKG1P2ZQ7VY64,AVIA TRUST FZE,16535,51.61290322580645
INFINITE TECH SOLAR PADARA 1 KUSUM A PRIVATE LIMITED,335800RBNUVZQHWYGS46,JOINT STOCK COMPANY 171 SEPARATE DESIGN TECHNOLOGICAL BUREAU,51112,52.27272727272727
VP FOODS AND HERBALS PRIVATE LIMITED,894500TI99LT5V2ANS15,LAMA FOODS INTERNATIONAL S.A.R.L.,25144,55.00000000000001
Leverage Shares 2X Long SBE Daily ETF,529900Q8558EPX0ZQR02,GREAT SHARE INTERNATIONAL LOGISTICS LIMITED,46737,47.22222222222222
ONEIFY PTY LTD,98450082B6D0703EFC84,,,0.0
DM HOLDING S.R.L.,529900HJKH1561K28895,LLC HOLDING GPM,47832,85.71428571428572
R. S. OIL INDUSTRIES,894500TJC2G6MQDG8O63,PULSE NIRU INDUSTRIES,26567,76.92307692307692
GLOBAL GREENVILLAGE SL,959800P4PMX1BMM44T69,SEVEN SPIKES GLOBAL,58201,63.41463414634146
KIARA TRADING & INVESTMENTS LLP,648800F5EW76Y69PBJ17,LOU TRADING AND INVESTMENT COMPANY LIMITED,27589,80.85106382978724
ARCIL-TRUST-2027C-010,3358001JQF010B7QUG62,AVIA TRUST FZE,16535,51.61290322580645
A.L. S.R.L.,9845001M8473A644F606,,,0.0
NEMINATH ISPAT,335800CCN9APNBOLL946,,,0.0
CLEAN MAX PLATINUM PRIVATE LIMITED,3358001Y0LP160DYR924,PLATINUM LAI INTERNATIONAL HOTEL,57244,60.0
JANAKALYAN PRATISTHAN,335800XR8K6YNBLMJQ70,JANAT AL ANHAR GENERAL TRADING LLC,46870,50.0
ARCIL-TRUST-2027-008,335800W8F6DCL7JATS41,AVIA TRUST FZE,16535,53.333333333333336
OLD FARM PARTNERS MASTER FUND LP,2549000BDI50PUWYN630,MOHSEN KHANDAN AND PARTNERS COMPANY,57933,61.53846153846154
MALAYIL PAINTS,335800E19F8X5ILFAD52,ARFA PAINT COMPANY,12956,66.66666666666667
The Sandy and Anne Adam Trust,648800CUFTQK0Y19ZU25,AZMAT-E-PAKISTAN TRUST,7946,65.11627906976744
OÜ Kõrtsi Mahetalu,984500B00C39EFVC3B73,MAHER TRADING AND CONSTRUCTION COMPANY,21562,50.0
MANITHAM PESATTUM TRUST,894500TK9BQSGMCQ6087,AL-RAHMAT TRUST,12294,62.857142857142854
ISHAAN ELECTRONICS LLP,335800VF4DC028QMVQ40,HANA ELECTRONICS,23519,88.23529411764706
NARENDRA MAHESHWARI,64880069TPY10QPTIW51,MAHER TRADING AND ENGINEERING,21562,36.36363636363637
LeagueShares NHL-BUF-1X Ltd.,529900ZYSGY0NTVRKO51,PALESTINE LEAGUE,7918,51.28205128205128
OSTERWETUS SPÓŁKA Z OGRANICZONĄ ODPOWIEDZIALNOŚCIĄ,984500D91D8EE1DDFE88,ROSETTA GAMING SPOLKA Z OGRANICZONA ODPOWIEDZIALNOSCIA,56336,82.6923076923077
Letsfundly AB,6488005K5GMTV4UHWL84,,,0.0
LeagueShares NHL-EDM-2X Ltd.,529900YN5F9J6Y5CX425,PALESTINE LEAGUE,7918,51.28205128205128
ADITYA STEELS,335800D51IA797BHML97,HAMRIYAH STEEL FZC,42079,74.07407407407408
SILVER FOODS HOSPITALITY,894500TJ6IWEZR1KL416,MICHIGANTAP HOSPITALITY PRIVATE LIMITED,56049,55.319148936170215
LeagueShares NHL-BOS-1X Ltd.,529900YH5XYDVQJBDZ28,PALESTINE LEAGUE,7918,51.28205128205128
KESHAV TRADING,3358007FW9TPUKMBSJ64,OKHAR TRADING LIMITED,54243,81.4814814814815
LeagueShares NHL-CGY-1X Ltd.,529900VOC26JCH57M696,PALESTINE LEAGUE,7918,51.28205128205128
LAKSHMIPRIYA STEELS PRIVATE LIMITED,3358003LIV954A4QC913,HAMRIYAH STEEL FZC,42079,72.72727272727273
ARCIL-TRUST-2027-005,335800CL6JIBH2J6NI40,AVIA TRUST FZE,16535,53.333333333333336
VIJAYA AND CO,894500TJ0ZCNCRPOXK73,,,0.0
LeagueShares NHL-CAR-1X Ltd.,529900VIYWIAHPQM2192,PALESTINE LEAGUE,7918,51.28205128205128
American Express Hong Kong Limited,2549008GPHHOHAVYNW71,"HONG KONG AEONIAN COMPLEX CO., LIMITED",39819,70.58823529411764
ARITHA CONSULTING SERVICES PRIVATE LIMITED,335800Z8VBTJYMVWHL96,DEVICE CONSULTING CO. LTD.,43134,74.4186046511628
LeagueShares NHL-CAR-2X Ltd.,529900SZWEP9UGYWNQ10,PALESTINE LEAGUE,7918,51.28205128205128
OM SAI BAHUUDDESHIYA SEVABHAVI SANSTHA,648800YGYT2256L3LC49,STATE ENTERPRISE SEVASTOPOL SEA TRADING PORT,18322,41.463414634146346
ANODE METALS PRIVATE LIMITED,894500TIVFSVPSDTA030,DANDONG METAL COMPANY,23476,72.0
LeagueShares NHL-CGY-2X Ltd.,529900SNSJBWITFEK134,PALESTINE LEAGUE,7918,51.28205128205128
BELGIAN BOX OFFICE,69940005T0DTLSYSPA04,OFFICE NO. 39,12209,60.0
EDILEM S.R.L.,8156007478C8FAD46397,,,0.0
S.C.A. -*SERVIZI E CONSULENZE AZIENDALI DEL DR. GIOVANNI DONATI E C. - S.A.S.,894500TIPW942T1XMG67,NATIONAL AVIATION SERVICE COMPANY,40187,48.78048780487805
Mag. Christoph Oberleitner Steuer-beratungsgesellschaft m.b.H.,9845007DYAD1BE374783,STICHTING INTERNATIONALE STEUN RECHTSTREEKS AAARMEN,53923,38.095238095238095
FinCapital Szolgáltató Zrt.,6488006SVLHUWMKJ0093,FINCA LOS TRES REYES,16637,47.82608695652174
S PREETI CASHEW INDUSTRIES,6488008VGLAUDHZUD814,7TH OF TIR INDUSTRIES,10863,68.18181818181819
OMITRA WEAVE,3358003NWXFQO3A31Y85,SELKBAF SPINNING AND WEAVING FACTORIES,30393,34.78260869565217
R.K.TRADING CO.,894500SBGAYDP1BURC23,,,0.0
SRI VENKATESHWARA STONE METAL,648800TDDKMEI9RITY32,METAL & MINERAL TRADE S.A.R.L.,11610,54.16666666666667
ARCIL-TRUST-2027C-015,335800Q116M3AI2LOL94,AVIA TRUST FZE,16535,51.61290322580645
Farrel Corporation,894500PBIN17730H2W43,,,0.0
Hombaiah Gollahalli Lokesh,648800MINRL0H4CVCK19,,,0.0
JB McKendrick Family Settlement,9845001I40K4ABEA6852,ASHDALE SETTLEMENT GERCO SAS,34057,61.81818181818181
"PROJECT EVERGREEN BUYER, INC.",254900KTI39HEQTEFH28,GMI PROJECTS HAMBURG GMBH,30763,55.81395348837209
PRACOWNIA KALAMUS SPÓŁKA Z OGRANICZONĄ ODPOWIEDZIALNOŚCIĄ,2594001JZAJCOBMFWV60,ROSETTA GAMING SPOLKA Z OGRANICZONA ODPOWIEDZIALNOSCIA,56336,81.08108108108108
S S Enterprises,894500RU7HGE74DDH452,ENTERPRISE SPE PULSAR JSC,38180,77.77777777777779
BORRONI S.R.L.,815600529178AA9D8181,,,0.0
C.C.T. COMPAGNIA CONSULENZE TESSILI DI GIOVANNI ROSSI S.A.S.,894500TIKCPCFTQ1YW29,"REI COMPANIA INTERNACIONAL, S.A. DE C.V.",43842,50.63291139240506
TAJINDER PAL SINGH,648800ROOE1NCPHRGX03,P.C.C. (SINGAPORE) PRIVATE LIMITED,11623,51.61290322580645
OK RIG ApS,648800HUBBZR4LRHT576,,,0.0
G2F,894500RSCYV6JCETMG34,,,0.0
FOOD4MED SPÓŁKA Z OGRANICZONĄ ODPOWIEDZIALNOŚCIĄ,259400SVU53RKIAESQ24,LAKE FOREST SPOLKA Z OGRANICZONA ODPOWIEDZIALNOSCIA,51404,84.84848484848484
DEVFORTH SPÓŁKA Z OGRANICZONĄ ODPOWIEDZIALNOŚCIĄ,259400FQSAORZ8IIWH06,LAKE FOREST SPOLKA Z OGRANICZONA ODPOWIEDZIALNOSCIA,51404,86.86868686868688
AKCo,648800BZYBQHTGRFQQ46,,,0.0
NORDELEKTRO A/S,984500FI5AD3BDF6D753,NORD GOLD SE,37505,51.85185185185186
ElbWorks GmbH,98450059ED6777B73F37,,,0.0
KAMATHS NATURAL RETAIL PRIVATE LIMITED,64880027XN325OG7NA31,NATURAL GIFTS B.V.,39594,57.14285714285714
BYEHJØRNET AS,648800URQTS9OE7ORP43,,,0.0
WISA Baubetreuungs- und Bauträgergesellschaft mbH,984500VA1B6B1D07BD07,"GRUPO WISA, S.A.",18951,29.629629629629626
JTC NYBORG ApS,984500684A0CBAFFE523,,,0.0
SECOND CHANGE LTD,98450066C982BD2D8024,JSC CHANNEL ONE,37197,66.66666666666667
Ruko Holding OÜ,984500C0140F45RF7177,NOUR HOLDING SAL,28168,81.4814814814815
Atrya Technologies SIA,648800CZ0UN5M4WVZ402,0DAY TECHNOLOGIES,35137,76.92307692307692
Shreya Jain,648800A8MSDAMKFMP029,SHREYA LIFE SCIENCES PRIVATE LIMITED,51297,58.06451612903225
"COVINGTON 18 AND NORTH CREEK HOLDINGS, LLC",254900N4986CFTHNQX90,NORTH GROUP HOLDING CORP.,16859,61.53846153846154
FTC SPA,8156001F80B51BFF5C09,,,0.0
GOURAV CHADHA,648800ZO0VKVFWXFEY19,CHADORMALU MINING & INDUSTRIAL CO.,28287,43.90243902439024
GENERAL PROCESS STEERING,648800IP9F9RWCPLCU77,POLINEX GENERAL TRADING LLC,15695,72.34042553191489
RAMASAMY SUBRAMANIAM,894500QD8OKALIUWE026,UR-RAMAT TRUST,12294,47.05882352941176
C.S. Andersen Holding ApS,9845005EH5DB49382B46,"DELVEST HOLDING, S.A.",651,70.58823529411764
HARI BALLABH CHHIPA,648800VY5LHOHJK3D321,BALLITO BAY SHIPPING INCORPORATED,26654,51.28205128205128
MUTHUKUMARAN MODERN RICE MILL,894500QG0GG436SQ6007,LIMITED LIABILITY COMPANY MODERN FORGING TECHNOLOGIES,49401,48.484848484848484
SHALIGRAM REALTY,894500QIS8BXKUQJY093,USA REALLY,26234,61.53846153846154
Sõbra Raamat OÜ,648800NHVK13976R6W74,INDUSTRIA DE PESCA SOBRE EL PACIFICO S.A,6824,40.816326530612244
GOEL BUILDCON,894500S8ZM63HC1SAG49,VVN BUILDCON PRIVATE LIMITED,56050,72.0
TARSEM CHAND GOYAL,648800G0ZRV6S39EQG81,CHANGBAI GLORY SHIPPING LIMITED,55216,48.78048780487805
K G APPARELS,894500SADI40860P6G84,LLC SPC LASERS AND APPARATUS TM,45769,51.42857142857142
OÜ RKT Varapada,6488009QI92WU5EF6F63,SHAHID VARAMINI INDUSTRIES,22786,34.14634146341463
Kunsthaus Brigitte und Karl Wilhelm Schüßler,3912009S5N5KKO29KE87,SULEIMAN SHAH BRIGADE,44620,48.484848484848484
RPP VerwaltungsGmbH,894500S4IV8TYVHABC16,ENVIGO VERWALTUNGS GMBH,44271,64.86486486486487
DEMIGEST IMMOBILIARE SOCIETÀ SEMPLICE,815600C3E84617E7A458,SERVICE IMMOBILIERE ET GESTION SAS,38037,65.67164179104478
BATTRANS RYSZARD HAŁAKUC,259400AEJW6G77ETNM30,AL-QA'IDA KURDISH BATTALIONS,13041,57.14285714285714
NAMAN LIFESTYLE LLP,894500SZXN9G72SNSO51,SOVCOMBANK LIFE JSC,34750,53.333333333333336
GLOBAL INVESTMENT CONSULTING,984500CBB7547B4ELD31,ARIES GLOBAL INVESTMENT LIMITED,56720,74.50980392156863
VIL - SA SRL,894500SY34O8JAU3Y044,,,0.0
ASHOK DI HATTI,648800L4E23W1FTIPY21,,,0.0
ARCIL-TRUST-2027-013,335800XZQ5RMC36LLM52,AVIA TRUST FZE,16535,53.333333333333336
JAIN KRUSHI KENDRA,335800NQEBCCIVSC1439,,,0.0
MERCURY WEALTH MANAGEMENT SDN. BHD.,2549006O4AKFDXQ4DL82,CALIBER WEALTH MANAGEMENT LTD,40826,65.51724137931035
THE NASDAQ STOCK MARKET LLC,648800494MZ5A4R7C209,JOINT STOCK COMPANY NS BANK,51825,63.1578947368421
Karli GmbH & Co. KG,8755000DU6MVAHIDW729,,,0.0
ARCIL-TRUST-2027-014,335800FQ3UJGXV9G8C51,AVIA TRUST FZE,16535,53.333333333333336
INTERLEAF TECHNOLOGY LIMITED,894500THY6I9VWEJCO23,ELE TECHNOLOGY CO LTD,50946,82.35294117647058
SHREE RIDDHI ENGINEER,3358005BVO834C8DT645,RAH ROSHD ENGINEERING CO,53830,66.66666666666667
"Nasdaq Texas, LLC",648800XHWMV5WKGQK251,,,0.0
ICONIC GROUP,335800E4M8E4Q5Q1HT23,NIT GROUP FZE,49404,76.19047619047619
Henrik Oluf Lange Holding ApS,9845005E909D0F3EE563,JIAXIANG ENERGY HOLDING PTE. LTD.,30144,62.5
LAVINIA HOLDING SRL,894500SXS1KP9C6CMW64,"PANLI HOLDINGS, INC.",19149,75.86206896551724
TRUST PELLEGRINI,815600884241F6566F02,TRUST LOGISTIC,43317,66.66666666666667
MEDIA CONSULTING INTERNATIONAL,9845008EDEE1C1YC3R65,INTERNATIONAL AIRLINE CONSULTING,8247,77.41935483870968
ARCIL-TRUST-2027-011,335800UG9CVE17RG1X66,AVIA TRUST FZE,16535,53.333333333333336
GOUTAM KUMAR NANDI,64880053LRQMZBKA1N06,AYA UNIVERSAL TRADING DENIZCILIK KUMANYACILIK LIMAN HIZMETLERI ITHALAT IHRACAT LTD STI,48424,24.0
NASDAQ PHLX LLC,648800KCZ9Z55QESOM95,,,0.0
ANITHA VEMULA,648800ZFEGD8ZKOULH91,,,0.0
MEDICINA E SICUREZZA DEL LAVORO S.R.L.,8156008B524932B2A407,ELLA MEDIA SERVICES LLC,29859,60.86956521739131
SUVARNA PROCESSORS,6488007OVJSR10UX3593,URAL METAL PROCESSING COMPANY LTD,49185,56.41025641025641
"NASDAQ EXECUTION SERVICES, LLC",6488000YMOLMUVQMFH49,PARS AVIATION SERVICES COMPANY,13109,68.08510638297872
QTP HOLDINGS LIMITED,894500THN3EQLXQS1K51,STG HOLDINGS LIMITED,16830,83.33333333333334
CMB S.R.L.,815600EEC62F2451B678,,,0.0
SID SS,8156006F361AE32F7911,,,0.0
بايبت فنتيك م.م.ح,9845008C7D1E700EE984,,,0.0
BKYO HK Fintech Limited,9845003E8498DBC06098,OOO PSB-FINTEKH,34668,53.84615384615385
HEŇAWELDING s.r.o.,648800JIGQZ25TUIGC20,"HENAN JIAYUAN ALUMINUM INDUSTRY COMPANY, LIMITED",27025,34.78260869565217
A1 HOME STAY AND RESORT,648800OVA5U4158DPQ28,FIVE STAR RESORT PTE LTD,40497,68.57142857142857
ASHIRWAD ROPE INDUSTRIES,648800RDUV9TJYQYHU09,IRAN AIRCRAFT INDUSTRIES CO.,23464,70.83333333333333
DALVERTON CAPITAL MANAGEMENT LP,254900E3TUKSZ9YHRJ18,CAPITAL TAP MANAGEMENT AND CONSULTANCIES L.L.C.,48961,68.75
PRPM FUNDIDO 2026-1 DESIGNATED ACTIVITY COMPANY,984500EF50CZ6B11AD49,GTLK EUROPE DESIGNATED ACTIVITY COMPANY,37861,65.71428571428571
M.P.A. SRL,8156002BB755BBBC7672,,,0.0
SURYA TEX COM INDIA,335800NL412JX94LPT95,RIHS COMMITTEE FOR INDIA,10923,56.41025641025641
NARESH SAMPATLAL JAIN,6488006LSZA4KA4AJQ33,NARENJESTAN HOTEL AND BUILDING DEVELOPMENT,25898,33.89830508474576
KOTHAVALE CAST-TECH PRIVATE LIMITED,64880047HZPYQNU7M291,CADY TECH HK LIMITED,46716,58.06451612903225
ARCADIA S.R.L.,815600F8F9BBDEF4B318,"ARCASDENOE, S.A.",58377,58.82352941176471
muchomota Holding UG (haftungsbeschränkt),984500CFE060487CME79,TIAN FANG HONG KONG HOLDING LTD.,40209,51.515151515151516
QAF – LOW DURATION FUND,894500THHJUYYYEWE093,LIMITED LIABILITY COMPANY MARKET FUND ADMINISTRATION,34542,56.14035087719298
"Marathon ABL Evergreen Master Fund B, L.P.",254900DXVVLW2D8MNQ55,THE MASTER OF THE MARTYRS BRIGADE,46348,55.172413793103445
"RiversideFM, Inc.",254900OF7NIG7BJUV511,SWORD RIVER LIMITED,55944,63.63636363636363
KW CAPITAL PARTNERS LTD.,984500478B51AD63CK75,MARSHALL CAPITAL PARTNERS,17449,77.27272727272727
SREE RANGAA AUTO AGENCY,6488000T8T8SDTFCMR94,IRAN SPACE AGENCY,27324,65.0
INFINITE TECH SOLAR TALAWARA 2 KUSUM A PRIVATE LIMITED,3358003YTWRS4CMMLB82,CHINA SILVER STAR INTERNET TECHNOLOGY COMPANY,24977,50.66666666666666
IGIA SOCIETA' SEMPLICE,815600408BD0541FFA65,PALESTINIAN RELIEF SOCIETY,7911,63.829787234042556
KETHAIYA SHANMUGAVEL MARIAPPAN,648800JHRRBMYJP19M98,SHANGHAI JIUTAI NEW MATERIAL TECHNOLOGY CO LTD,54165,55.072463768115945
YAP MOK SENG & SONS SDN.BHD.,984500A5A9F94BDN9195,AMIN ABU SHANAB & SONS CO.,8407,53.333333333333336
CLARISAS CONVENTO MADRE DE LA CONSOLACION,959800LQ3STS0P7A5263,"COLINAS PROYECTOS Y CONSTRUCCIONES, S.A. DE C.V.",56783,58.33333333333333
PANCALIA SOCIETA' SEMPLICE,815600C6EDD330024860,PALESTINIAN RELIEF SOCIETY,7911,66.66666666666667
MARINA S.R.L.,8156002F89A870D7BE06,VELA-MARINE LTD.,24833,70.58823529411764
S S MOTO CORPZ,6488000KZ428C9QDZ745,"CORPORATIVO SOSVAL, S.A. DE C.V.",21086,57.14285714285714
SUNRISE REAL ESTATE S.R.L.,81560093B67FD277C761,RG REAL ESTATE GMBH AND CO. KG,44244,78.78787878787878
NICEA S.R.L.,894500TGPU44S1RI4869,SIAM NICE COMPANY LTD.,9541,71.42857142857143
SREENARAYANA VISWADHARMA MADOM CHARITABLE TRUST,335800FDF6C3MV1T1X80,RAHMA CHARITABLE ORGANIZATION,20981,57.89473684210527
PEHG GmbH,984500E5F2B58DC63862,,,0.0
H & B Enterprise Pension Scheme,254900WX37ZO80LVVS30,NUMBER 2 MINING ENTERPRISE,40657,65.45454545454545
SHRI VENKATESWARA YARN,6488001D626CDCAAME64,RECONSTRUCTION ORGANIZATION OF THE HOLY SHRINES,28694,35.483870967741936
SIA Krumins Investments,894500TGKAKD52FMGO26,SKORUS INVESTMENTS PVT LTD,52104,78.04878048780488
HemSol Group AB,657400HX2N28OQLZ0T96,HMS GROUP JSC,44970,85.71428571428572
"PIONEER HOME HEALTH SERVICES, INC",2549006KPJM3KFNTKE27,LULE ONE SERVICES INC,52170,66.66666666666667
POPATBHAI KALUBHAI GANGANI,6488009AWLG5SE0PI204,SHANGHAI GANG QUAN TRADE CO.,22245,56.00000000000001
VJ Mckendrick Family Settlement,9845003EEBEA7B938795,ASHDALE SETTLEMENT GERCO SAS,34057,61.81818181818181
C.S.A. Vama Holding ApS,98450073D7L3CCDEFF05,SHAM HOLDING COMPANY SAL,12744,71.42857142857143
PONDEUSES JL INC.,254900PCB1UR7HYJ6676,,,0.0
SHREE CHAMUNDA TRADING CO,64880041Z78SQ6XQJ942,"HEBEI ATUN TRADING CO., LTD.",32313,75.0
PRABHAT STEEL CORPORATION,894500TGER0LI33QT410,SABA STEEL,28303,78.26086956521739
VENREX COINVEST BOLT LIMITED PARTNERSHIP,98450037EB653F51FA77,TREND REAL ESTATE INVESTMENT PARTNERSHIP,37485,66.66666666666667
ARCIL-TRUST-2027C-005,335800E38XQ88SFBMX74,AVIA TRUST FZE,16535,51.61290322580645
ARCIL-TRUST-2027-004,3358005OO1BXQDPL6Z50,AVIA TRUST FZE,16535,53.333333333333336
GURUKRUPA FABRICS,648800V40N4GIBN3KW94,OOO FABRIKON,50897,48.0
STARSAZURA PRIVATE DRIVER,984500E836FALTD11056,YANBIAN SILVER STAR,24977,61.111111111111114
NEELA FILM PRODUCTIONS PRIVATE LIMITED,984500B39FR1ZBFD9622,JSC PRODUCTION CORPORATION KRISTALL,50352,68.29268292682926
AJACK LIMITED,254900G8SA2SWP4LAD53,,,0.0
VENREX COINVEST COLOUR LIMITED PARTNERSHIP,984500F2E13896FDTA80,VAKILI JOINT PARTNERSHIP,26536,62.06896551724138
"AZUL 2, FONDO DE TITULIZACION",959800AT2BDMK38C0707,"BOUNGALOWS VILLA AZUL, S.A. DE C.V.",21072,48.97959183673469
"CAZORLA, FONDO DE TITULIZACION",959800CF02WP5GAWYZ08,FONDATION SECOURS MONDIAL A.S.B.L.,7270,46.42857142857143
KONNEKT LOGISTICS,894500TG97GTV3RV5K84,INSTAR LOGISTICS,23543,72.72727272727273
SHUBH SHREE DESIGNER,648800VJ42OCOBARNO13,DESIGNER GARAGE,44460,62.857142857142854
G&I XI SEQUOIA 4 LP,254900B138WYJC1P6Q31,SEQUOIA TREUHAND TRUST REG,41476,47.61904761904761
Shri Vasudevkrishna Hospitality LLP,648800182DIIVTTIW515,MICHIGANTAP HOSPITALITY PRIVATE LIMITED,56049,62.96296296296296
HANUMANTHAREDDY THUMMALAPALLY,648800WDN7MYKMM4RC21,CROWN CASINO CHREY THUM,57196,42.307692307692314
MediSkatt GmbH Steuerberatungsgesellschaft,391200A00XL3Z21YE774,PESCA MEDITERRANEA LIMITED,23418,54.54545454545454
SIA IBC INVEST,648800528TOSZ6ANUF31,SIGNAL-INVEST OOO,46088,74.07407407407408
YALAVARTHI DAIRY PRODUCTS,648800ZJR5WBMZUNH914,MEDIN PRODUCTS,58003,56.41025641025641
"Eurodata, UAB",648800E96JH3A9LQLX19,GARANTEX EUROPE OU,36025,53.333333333333336
MANYA HOMES PRIVATE LIMITED,648800EXWWE30D4QFR45,NFT HOME DMCC,58259,63.1578947368421
PRADEEP ROY,648800R2UUSR9L65CW17,RESPUBLIKANSKAYE UNITARNAYE PRADPRYEMSTVA TSENTRKURORT,33171,33.84615384615385
THANGARAJ VENKATESH,648800RHM46MLEJM8287,,,0.0
ESCALATE AUTO ZONE LLP,648800JG5MPOEA2V6Z19,AUTO PARTS EAST FZCO,51227,57.89473684210527
ACCESS DATA SYSTEMS PRIVATE LIMITED,648800GFKHANHXBY3T87,ACS SYSTEMS LIMITED,50944,73.33333333333334
Shubham Prajapat,648800RRNO6NOMFI7V44,,,0.0
Bank- en verzekeringsagent REGIO TIENEN-SINT-TRUIDEN,648800RZRGCMCK6B3024,BANK CENTER FOR INTERNATIONAL SETTLEMENTS LLC,22488,52.27272727272727
AIN INDIA 2 PRIVATE LIMITED,6488005KNKOSKOQFRH48,ASCEND AVIATION INDIA PRIVATE LIMITED,51161,62.5
RAVI SANKAR,648800CA5V88D68JHU68,RAVIN SMART VOICE INSTITUTE,39620,42.10526315789473
ANAVEEL RENEWABLES PRIVATE LIMITED,254900AFXVG8TF96B753,IRAN HELICOPTER SUPPORT AND RENEWAL COMPANY,23463,44.89795918367348
GPMG LIMITED,984500D0977F06CE4D54,,,0.0
DATAKRIJGER,648800OOV67JB7H29776,DATAK TELECOM,13119,50.0
AIA Real Estate Fund VI,8755003YRLNJAMOVDI64,VVN REAL ESTATE L.L.C,54713,68.42105263157895
RISE DEVLOPERS,648800D0SF7QOJVITB79,EAST RISE CORPORATION LIMITED,55048,60.86956521739131
CEMLO LTD,984500255KEFB1D3CD70,,,0.0
ELIXIR NETWORK PRIVATE LIMITED,894500TFN19RB6GCJC32,FOXTROT NETWORK,52433,68.96551724137932
VIVAIO SRL,8156006B4FAA56813E32,LIMITED LIABILITY COMPANY PRODUCTION AND COMMERCIAL COMPANY VIVA,48692,19.047619047619047
VLBH LLP,335800I2UVBA41BB5V73,,,0.0
divitiae GmbH,391200XNN2S0SVH4HB93,AL-HAMZA DIVISION,44623,54.54545454545454
Simsalasim AFO GmbH & Co. KG,529900NL6KY9PGJ1JJ89,,,0.0
GENIUS IT SOLUTIONS LIMITED,984500C11PB8Z7F41115,INDUSTRIAL SOLUTIONS,13372,71.7948717948718
DANISH PROJECTS INDIA PRIVATE LIMITED,648800X397JSMJXPCG92,ARAB PROJECTS COMPANY S.A. LTD.,8342,64.70588235294117
TRILL Consulting & Trading GmbH,894500TFHHPZO74GVS25,TRILEMA CONSULTING LTD,40803,71.42857142857143
RECOV ITALIA S.R.L.,81560074E9D4A9B43587,TRO ITALIA,10486,81.81818181818181
YAKSI DEEPTHI REDDY DESIGNS PRIVATE LIMITED,648800S728J3NSGV1C51,RADUGA DESIGN BUREAU,35876,51.06382978723405
PARDEEP JAIN,648800IOM1GYZP4PF712,FAN PARDAZAN,16419,58.33333333333333
G.E.C. INVESTIMENTI S.R.L.,8156007D6E3BBC7C3666,3ZED INVESTMENT,44458,77.41935483870968
AHUJA VIJAY NOTHMAL,648800IFA2QGTJ5FJG33,,,0.0
OMKARA JADE LLP,648800MQQELMQ74KU286,"MYANMAR IMPERIAL JADE CO., LTD.",31136,50.0
YUVRAJ GURUNG,6488009O5V9ISBK8HD04,,,0.0
IMPAG INDIA PRIVATE LIMITED,3358007WQGHM3DP6W986,ASCEND AVIATION INDIA PRIVATE LIMITED,51161,50.0
SUCHI AGARWAL,6488001TYAEAL1OV8004,,,0.0
KUNAL PATRA,6488004G86DAOVX32Z19,"PATRACA, S.A. DE C.V.",10640,57.14285714285714
SUN SIGN INTERNATIONAL LIMITED,9845005EC75465A97492,"SUN SCIENCE INTERNATIONAL CO., LIMITED",53149,89.36170212765957
JK & T ENGINEERING MATERIALS PTE. LTD.,9845009A6415A67QC409,WATERFALL ENGINEERING LTD,50419,76.59574468085107
ARCIL-TRUST-2027C-003,335800KG209L4GYTDX82,AVIA TRUST FZE,16535,51.61290322580645
RAJEEV GARG,648800Y1X7CEEA1W7V07,,,0.0
SRI RADHAA TEXTILES,648800BZP9FX3IHDLR57,HEJAB TEXTILE COMPANY,30398,62.5
FIRST TRUST VEST EUROPE EQUITY MODERATE BUFFER UCITS ETF - April,25490054MTUQKHQBGN05,PUBLIC JOINT STOCK COMPANY MODERN COMMERCIAL FLEET,34741,46.15384615384615
SAJJALA SREE COTTON GINNING INDUSTRIES,335800VZR9V3ROKNOC43,PENGLAI JUTAL OFFSHORE ENGINEERING HEAVY INDUSTRIES CO LTD,49524,60.67415730337078
FIRST TRUST VEST EUROPE EQUITY MODERATE BUFFER UCITS ETF - October,2549009K0X0IJA1UJA27,FIRST OF OCTOBER ANTIFASCIST RESISTANCE GROUP,7142,47.16981132075472
FIRST TRUST VEST EUROPE EQUITY MODERATE BUFFER UCITS ETF - January,2549009OB7AP2K1GE082,EUROPEAN LEBANESE INTERNATIONAL TRADE S.A.R.L. ELIT,50519,45.28301886792453
FIRST TRUST VEST EUROPE EQUITY MODERATE BUFFER UCITS ETF - July,254900TAQUCTB4MUOB47,EUROPEAN INSTITUTE JUSTO JUSTICE,34020,45.16129032258065
FIRST TRUST VEST LADDERED U.S. AUTOCALLABLE BARRIER & INCOME UCITS ETF,2549006J2KLRSCXDOY92,OPEN JOINT STOCK COMPANY BELARUSIAN AUTOMOBILE PLANT,41319,45.45454545454546
FABRONA KNITS LLP,648800WFXH2HUYUOFH49,OOO FABRIKON,50897,57.14285714285714
DEPLOY SIA,984500LSEA148494D477,,,0.0
FOGACCI DIVISIONE CASA S.R.L.,81560084F8352FEFE674,IS EAST ASIA DIVISION,23844,69.76744186046511
MA DEVSSAR ENTERPRISES PRIVATE LIMITED,6488001YFBQS32665794,ANFASAR ENTERPRISES S PTE LTD,39358,74.4186046511628
Bålsta Optik & EyeClinic AB,894500TFBY6817SL8883,LIMITED LIABILITY COMPANY AB OPTIKS,44281,52.63157894736843
KOSOF TRUST,648800YQ0RINMDYYL130,TRUST LIFE,27192,66.66666666666667
ZEND CONSULTING,894500TF6EMGE8GPKO62,RB CONSULTING LIMITED,42745,78.57142857142857
AMIT DUA,648800ZC8NZ8Z0X1V817,AMITO TRADING LIMITED,54613,57.14285714285714
mutares Holding-103 GmbH,3912004YS9W11I3ORV76,AL MASHREK HOLDING,12746,70.58823529411764
Dewee Beheer B.V.,724500CTC6POURPQRR44,GHADIR TOSE-E SAAMANEHAYE BEHENGAAM,25946,42.553191489361694
SWETA AGARWAL,648800FS5LOC5QP73559,,,0.0
G. Valk Holding B.V.,724500QES7W9YHZTM454,MAKO HOLDING,18325,76.92307692307692
Adagium Consulting & Investing B.V.,724500L4X35UX7UR2267,ARCH CONSULTING AND ENGINEERING,29783,69.0909090909091
ASHWIN FULCHAND JAIN,6488006AJV58GEXBJZ26,,,0.0
MARO Beheer B.V.,7245000391T1UDNL9W38,MARO SANAT ENGINEERING,16443,54.54545454545454
MANIFATTURA VITTORIA - SOCIETA' A RESPONSABILITA' LIMITATA,81560061E1E098B32453,HIGH NUTRITION SOCIEDAD DE RESPONSABILIDAD LIMITADA,26470,64.70588235294117
Cardioloog H.J. Kruik B.V.,7245001N90ULWYKX8298,ROSARIO NIEBLA CARDOZA A. EN P.,10361,41.666666666666664
AR SUPER SPECIALITY HOSPITAL,648800XO29LL3HK7GX57,SPECIAL MATERIALS CORPORATION,49259,57.77777777777777
Triple J Beheer B.V.,724500N4BQOZFY88M966,DOTONE TRIP,58182,46.15384615384615
ANGEL FABRICS,335800BHSVNNLS64YW32,ASIAN SEA ANGEL,54458,64.28571428571428
B. Boersma Holding B.V.,724500KCGA2NWVQGEE40,AMAN HOLDING PRIVATE JSC,26887,68.96551724137932
O'Keeffe Orthodontics Holdings Ltd,894500TF0V2OR94TX409,RISEONIC HOLDINGS LTD,44286,59.57446808510638
GVR POULTRY FARMS,648800AKX8K03BQRAN35,KANILAI WORNI FARMS,23324,50.0
Foppen's Franse Frietjes B.V.,7245007LSXBO8TW1PB59,AMERICAN FRIENDS OF THE UNITED YESHIVA,4700,47.27272727272728
K K STEELS,335800B7ZXKAP0630I36,SKS STEEL COMPANY,28286,73.6842105263158
CLEAN MAX MUOI PRIVATE LIMITED,3358008XIKJDOVNW0I66,RKS CLEAR VODY LLC,46040,50.0
REQON B.V.,724500R1YAIY5Q368503,,,0.0
Neviko Anstalt,636700OGGGTG04TN5Q46,AVIATRANS ANSTALT,8213,64.51612903225806
SRI VISHWA VARAHI PHARMACEUTICALS PRIVATE LIMITED,648800DU377ZD9SC1Q59,REEM PHARMACEUTICAL,21564,61.53846153846154
FORMECO - S.R.L.,815600CD6636E0AAB138,FORMER JUNDALLAH OF IRAN,12299,35.71428571428571
SHREYA INFRASPACE,984500A7DE5A97039735,SHREYA LIFE SCIENCES PRIVATE LIMITED,51297,64.86486486486487
NERONE SRL,815600C381F92FD72320,NERO VODKA,35012,50.0
CHITTARANJAN DEBNATH,648800ZSKWDWINOX4364,"CHIT LINN MYING CO., LTD.",54752,45.714285714285715
ESENTA14 S.R.L.,815600C038419ACE4F98,,,0.0
POLO DELLE ENERGIE RINNOVABILI S.R.L.,8156000FAE589B515056,LIMITED LIABILITY COMPANY ENERGO ARSENAL,50816,59.25925925925925
Phoenix Market Solutions FZ-LLC,984500E3IAC50EBAC795,MPHASIS MARINE SOLUTIONS FZE,56922,70.58823529411764
SHREE VISWA VARAHI INFRA DEVELOPERS PRIVATE LIMITED,64880068RSCROJWD8545,HANISTA DEVELOPER GROUP,24587,58.62068965517242
SOGATHE N,894500TEVBIX49SY9K09,SOGAZ INSURANCE,49161,50.0
Half Moon Anstalt,6367005CWEOSUKMV4I93,AVIATRANS ANSTALT,8213,58.82352941176471
PANJ ENVIRONMENTS PRIVATE LIMITED,3358002O6PQAES1NDU15,OCEANEN ENVIRONMENTAL SCI.& TECH.,50499,59.57446808510638
CON-TATTO SERVIZI - SOCIETA' COOPERATIVA SOCIALE - ENTE DEL TERZO SETTORE,815600A8B84E3264F665,STATE ENTERPRISE EVPATORIA SEA COMMERCIAL PORT,18320,52.727272727272734
YITRAN TECHNOLOGIES INDIA PRIVATE LIMITED,64880044M45LGJF6PZ58,DIPAUL TECHNOLOGIES JSC,45029,72.72727272727273
WECHAIN FINTECH PTE. LTD.,984500A1E04A0E2F5B45,OOO PSB-FINTEKH,34668,53.84615384615385
NOLA CONSULTANCY & SERVICES S.L.,959800RRRYM6LBH5J083,HELMATIC CONSULTANCY DMCC,57074,66.66666666666667
Celadon Stiftung,636700QAXP8Y019HAZ95,AL-AQSA SPANM I STIFTELSE,7645,42.10526315789473
RAM BAN JEWELLERS PRIVATE LIMITED,6488001D0JQIL5HKD565,ASHIQ JEWELLERS CC,39540,62.857142857142854
C. Müller Beheer B.V.,7245004GMA9A31A05J59,MULLAH NAZIR GROUP,15830,42.42424242424242
APNA VAISHNO DHABA,3358001D90DL9T10T255,SILSALAT AL DHAB,21125,45.16129032258065
RISHABH SANITARY APPLIANCES PRIVATE LIMITED,648800LMU7ZBMSFIF709,AMANA SANITARY AND PAINTS COMPANY L.T.D.,28534,62.5
STORE PESARO S.R.L.,8156001BD345FE0D2F60,ELLISSA MEGA STORE,12471,60.0
Kenselaar Consulting B.V.,724500AU4FSFPLWGD967,RB CONSULTING LIMITED,42745,72.72727272727273
SOCIETA' UNIONE OPERAIA DI MUTUO SOCCORSO LOCOROTONDO,815600EB6ADDB792F620,OFFICER'S UNION FOR INTERNATIONAL SECURITY,39756,53.333333333333336
SUD METAL PROVENCE,894500TEPRZ5HAH2M029,URAL METAL PROCESSING COMPANY LTD,49185,66.66666666666667
PELLETTERIA SELVI DI LAURA E DANIELA SELVI S.N.C.,5299007TVPX10B250K79,NET SISTEM DANISMANLIK VE EGITIM HIZMETLERI LIMITED SIRKETI,50437,45.36082474226804
THE BEE HIVES,3358008KVALSSBII2544,HIVE AUTONOMOUS DRONE SOLUTIONS,49942,35.0
CENTRO REVISIONI IMOLA S.R.L.,529900GTDG0N1GX2LE04,MASHHAD CENTRAL PRISON,29903,63.63636363636363
SANTORO CREATIVE HUB SRL - SOCIETA' BENEFIT,815600C3E4EF6E372E26,WAED CAPTIVE AND LIBERATORS SOCIETY,55987,59.70149253731343
SUBRAMANIAM SHANMUGAM,648800MOWN0MEP9XJW38,SHANGHAI ZHANJIA TRADING CO LTD,50928,57.77777777777777
VIANDANDO S.R.L.,8156006C6FBAAB3F5C94,VIAND,54923,71.42857142857143
Alex Olsson AB,984500E9A37048DF6326,ALEXSONG PTE LTD,35036,73.6842105263158
G K GARMENTS,335800U1KGG29L51WK44,NICE FANTASY GARMENT COMPANY LTD.,9539,56.25
JK REAL ESTATE SRL,815600BE1F61EBC70D20,RG REAL ESTATE GMBH AND CO. KG,44244,78.57142857142857
SHAAN GROUP OF PG,6488001HMKFUU8P6QP95,MEGHAN GROUP LIMITED,51631,76.92307692307692
H SQUARE INDUSTRIES LLP,3358002G7VIQSL82QD94,7TH OF TIR INDUSTRIES,10863,75.67567567567568
SAS FINANCIERE ALBANO,894500TEK8FDUB56YG50,B-FINANCE LTD,24223,69.23076923076923
Crocus Anstalt,636700G0HG5X3YTKSN15,AVIATRANS ANSTALT,8213,64.51612903225806
VAULT SOCIETA' SEMPLICE,81560084A768E539D322,BIR WA ELEHSSAN SOCIETY,9333,53.333333333333336
Montreux Beheer Elst B.V.,724500DVF2LJZWL6OU38,MONTECARLO BEACH SAL,28166,50.0
CO.PA. APPALTI SRL,815600857F94965FA877,LLC SPC LASERS AND APPARATUS TM,45769,42.42424242424242
LANDWEB HOLDINGS LIMITED,984500M59E58D7474629,LARK HOLDINGS PTE LTD,36277,75.86206896551724
Brunnhölzl GmbH,984500A9038CDB8B4868,,,0.0
Pound Property AB,9845008KCA3B203AED74,PROPERTY-VB OOD,32033,75.86206896551724
PARAS DHANSUKHBHAI GANDHI,648800IJJSE7IB30TO97,FUNDACION PARA LA PAZ DE CORDOBA,8134,47.05882352941176
COLBECK SERVICES LIMITED,254900NYZVMV08YEHU10,ROKEM SERVICE,52593,68.96551724137932
ANTNAN HOLDINGS LTD,254900IKKI05CNPTIS79,AMAN HOLDING PRIVATE JSC,26887,81.4814814814815
Moko Productions Pte Limited,254900QJQGG3XXMZRD13,ERYK PRODUCCIONES SAS,56353,72.72727272727273
lilyvette,894500TEEOVM7BTBAW77,LILY SUITES COMPANY LIMITED,43441,60.0
G&W Kälte- und Klimatechnik GmbH & Co. KG,984500991DEBBEHDB647,AO ODK-KLIMOV,35336,41.02564102564102
WELLKNOWNS SYNDICATE,648800PNJ6LLGDYHL069,NEWTECK WELL SERVICE LLC,51601,44.99999999999999
Valk Enterprises Holding B.V.,724500UHT9FE9SCF8B98,GOLDVAST ENTERPRISES COMPANY LIMITED,50833,77.27272727272727
Archipelago Partners AB,657400UJCYBP9VNYXC21,AMEREUS PARTNERS PTE LTD,40245,66.66666666666667
Vanguard U.S. Small-Mid Cap Active ETF,52990024NPRK5X3K5D89,VANGUARD TACTICAL SUPPLY LIMITED,58145,53.333333333333336
Poké Delft B.V.,724500QT09Y4PUN17C86,AO KRASNYI DELFIN,48492,44.44444444444444
AMS ORBIT EXIM PRIVATE LIMITED,648800WFA9QS0MS1JU66,OCEANIC ORBIT INCORPORATED,53818,59.25925925925925
Anand Aggarwal,648800C0N35AJHCNFW61,,,0.0
RajRishab Hotel LLC,2549004IPPEJ2AUHF561,KAIBO HOTEL,54172,69.23076923076923
SRISAMRAKSHA ESTATES PRIVATE LIMITED,6488006I1OE2606U2W06,SOVA REAL ESTATE LLC,35328,61.111111111111114
HOLDING 820,894500TE95BUKCHFNC44,LLC HOLDING GPM,47832,72.72727272727273
VISH CITI PRIVATE LIMITED,648800A27E4Q9SB7O863,CITIIMPEX,47481,55.55555555555556
Öskaret Konsulting AB,98450040FBC639M5B006,VYGON KONSALTING OOO,42719,64.70588235294117
Prismatic Master Fund,2549002RCR7Q7D86MP15,DASTGERD PRISON,34143,61.111111111111114
BRISKCO POWER SOLUTIONS LLP,648800P3KGW41A6LKK02,B AND P SOLUTIONS PRIVATE LIMITED,53882,72.22222222222221
AKASH KUMAR AGRAWAL HUF,6488009TDO75F2OEH637,AGRAT CHEMICALS AND PHARMACEUTICALS,57357,40.74074074074075
BAD & ENERGI A/S,648800654DRW508JT288,ADH ENERGY FZE,57857,66.66666666666667
Sultan Mohammed Alghanim Spare Parts Company,558600POMWXTBYSCKU62,ALI MOHAMED CHAMS & PARTNER,23025,62.295081967213115
IMMO 9,894500TE3LS2XD5JZS31,RG IMMOPROJEKT GMBH & CO. KG,44242,40.0
The Trustee for MPP Hervey Bay Trust,9845003C8F6C05AA4974,LEDRA TRUSTEE SERVICES LIMITED,42065,60.0
TINA ET VITTORIO,894500TDY28BADTOC808,MARUN TADBIR TINA COMPANY,40763,36.36363636363637
liberoo Brasschaat,648800KGHP03VVF64N33,BALOCH LIBERATION ARMY,26953,55.00000000000001
VEERANNA RAVI KUMAR,648800HFH1BPSTN0QD44,AKU TEJARAT RAVIZH KISH COMPANY,57143,52.38095238095239
LOCKER TRADING LIMITED,9845003B387976D6CJ45,OKRYU TRADING COMPANY,52131,81.4814814814815
UAB DELUVIS,875500LKC10EDKD13P30,,,0.0
GARAGE DIMECK,894500TDSIOJNEHSOO88,DESIGNER GARAGE,44460,71.42857142857143
M/S SNEHANKITHA EDUCATIONAL SOCIETY,648800AWCYTQUGOIQP80,SOCIETY OF ISLAMIC COOPERATION,6936,58.06451612903225
Food Machines Spółka z ograniczoną odpowiedzialnością,894500TDMZ4S0F5X1424,LAKE FOREST SPOLKA Z OGRANICZONA ODPOWIEDZIALNOSCIA,51404,84.61538461538461
KEDIATRADINGCOMPANY,335800Y1K4VD1X8HU098,,,0.0
IMWmedicalbusiness B.V.,724500468YHLF6OEX912,,,0.0
"IOD APPLICATIONS, S.L.",959800RBLH91N8XC0M73,LLC APPLICATA,47532,57.14285714285714
Tripple V Beheer B.V.,724500IX7Q3QAM24GR11,DOTONE TRIP,58182,44.44444444444444
DeutschAkademie GmbH,391200RH4V6VRI2U6617,NDA NORD-DEUTSCHE INDUSTRIEANLAGENBAU GMBH,39537,38.46153846153846
IJzeren Totaal B.V.,724500FKEVBAPX833S70,PERU TOTAL MARKET E.I.R.L.,11411,50.0
Stichting Steun Alzheimercentrum Amsterdam,724500TSGASC7SIM1W70,STG. INT. STEUN AANARMEN STICHTING ISRAA,53923,62.5
SHREERAM HEAVY ENGINEERING PRIVATE LIMITED,6367008KW3GFJYXY6O62,SERNIA ENGINEERING,35076,72.72727272727273
PRODUITS PYLEX INC.,2549007RQPN4CY56M430,MEDIN PRODUCTS,58003,50.0
Kammari B.V.,724500IG2EHJUN8LTY37,,,0.0
VIVIANA LIFE SPACES PRIVATE LIMITED,335800XMEJHS952U2626,SHREYA LIFE SCIENCES PRIVATE LIMITED,51297,56.41025641025641
MANGAMMA FOODS PRIVATE LIMITED,648800NKT8SRJING4293,LAMA FOODS S.A.R.L.,25143,75.0
SJP Development Corp Ltd.,254900TQDIHX1S5LRZ13,HAS-DEVELOPMENT JSC,18740,86.66666666666667
SVX Suomi Oy,6488005UPDACFS6TMR34,SUOMEN VASTARINTALIIKE,49260,38.70967741935484
myotis GmbH,8755006JTOPON5P6QL19,,,0.0
FOSSIL FUEL,335800EDDRB5KH539W81,ASIA FUEL PTE. LTD.,40759,70.0
BHARAT INDUSTRIES,335800W3JT2C1GAQI257,AZARAB INDUSTRIES LLP,53935,82.35294117647058
GNT Beheer B.V.,724500CX3GTDJM5X3H04,GHADIR TOSE-E SAAMANEHAYE BEHENGAAM,25946,40.0
The Trustee for HEC QST Unit Trust,984500A4C0FDH741DE35,SWIRU TRUSTEE LTD,38536,56.41025641025641
MANNAT TRADERS,335800CL3HNS60XANJ11,SHAHNAWAZ TRADERS,10606,70.96774193548387
ELLIS DAVID LIMITED,984500CE92L1YA79BA41,SWORD OF DAVID,4700,63.63636363636363
TA Holding B.V.,724500JLGLBSV96RT586,T1 HOLDING,47691,90.0
NIRMAN GROUP VENTURES,335800WTOWGDNVGDPF23,RUSSIAN VENTURE COMPANY,35244,72.22222222222221
SUSHRUTA LTD,984500A9FG4EBE756434,KENZO SUSHI,21664,42.10526315789473
SRI MARUDAMALAI ANDAVAR WIND ENERGY PRIVATE LIMITED,335800RLSNAM2WZU4D51,GHADIR CASPIAN GILAN ENERGY,25935,54.83870967741935
F.P. S.R.L.,81560063FA641D1A7207,,,0.0
UNIQUE AIRA LINED VALVES,6488002OWDX88H84ML53,UNIQUE STATION TRADING,55477,56.52173913043479
AIW,894500TDHFL0DFU1DK82,,,0.0
DEXTER TRUST 2026,335800T2TKFRVJPR6387,THE SISTER TRUST,41493,62.06896551724138
TOUCHEGLOBAL SL,529900YZYMULXXFSZ724,,,0.0
HILL & HATCH,335800ZPFH1D7TN9DE59,,,0.0
"""PRZEDSIĘBIORSTWO KOMUNIKACJI SAMOCHODOWEJ W GRODZISKU MAZ."" SPÓŁKA Z OGRANICZONĄ ODPOWIEDZIALNOŚCIĄ",2594004B9R7JCRVGLI31,SHELBIT TECHNOLOGIES LTD SPOLKA Z OGRANICZONA ODPOWIEDZIALNOSCIA W LIKWIDACJI,58288,67.05882352941177
M WHEELS,648800QILW5OWNTZDE44,MINSK WHEEL TRACTOR PLANT,34769,42.42424242424242
ARKAMARIS HOSPITALITY PRIVATE LIMITED,335800G47VDEJQOMGM66,ARKAN MARS PETROLEUM FZE,54731,58.53658536585367
Bosler Investment Limited,254900W8WDPMOYW8HK56,BUALI INVESTMENT COMPANY,25621,78.78787878787878
Sebastian Weisbrodt Lohnunternehmen GmbH,39120071W6QB5384QV27,SEBASTIANO,15709,44.44444444444444
SARDARA SINGH COLD STORAGE,335800D59OREQ7CNI533,CASH & CARRY RETAIL STORES,12458,52.0
SANGAL BROTHERS LLP,335800ZHWCOYEECBVX74,VAALY BROTHERS PVT LTD,44463,82.75862068965517
NIKUNJBHAI VALJIBHAI VAGHASIYA,9845007Z0DCJ2E0FOA68,,,0.0
PIXADOO VISUALS PRIVATE LIMITED,335800N0OQ34Q0D7ZF28,STUDIA PIXAGIO,50428,62.06896551724138
iSales AB,894500TD6CHH3H6A2G22,,,0.0
Petit Information Management B.V.,724500VR28FVOLNIET66,INTERNATIONAL MARINE MANAGEMENT FZE,52172,71.1864406779661
Witthohn u. Faust GmbH,391200G8RBFO8MI3G527,EMPRESA DE SERVICIOS DE COMPUTACION COMUNICACIONES Y ELECTRONICA DEL NIQUEL RAFAEL FAUSTO OREJON FORMENT,58614,18.181818181818176
SAGAR NAGAPPA AWATI,6488009EHINTMGFKA935,JAMA'ATU AHLIS SUNNA LIDDA'AWATI WAL-JIHAD,16363,42.622950819672134
SAINATH TRACTORS,335800RW30A0331MYV13,MINSK WHEEL TRACTOR PLANT JSC,34769,58.53658536585367
MADAN TRADING,335800K5622WVTJZMP57,AYDAH TRADING LLC,19733,84.61538461538461
MAYUR TRADING,335800S61B1D0S4GRB74,LZMAR TRADING LIMITED,49668,84.61538461538461
SHREEJI TRADERS,335800ZAEO5HZOOFD116,SINO TRADER COMPANY,23479,69.23076923076923
DHARMA CORPORATION,648800IOOQD5TR877D34,,,0.0
Rådstugan Invest Norrköping AB,894500TCPPU66J6N3S43,TUR INVEST TOO,58499,58.53658536585367
Woodfield Re SPC Limited,6488005GWXSKR00JX444,WOODFORD ENTERPRISES LIMITED SASU,34063,53.65853658536586
J C OIL MILL,3358006SXSJN4U3JEN52,MILLAB SINTEZ,47623,48.0
ARUSH INDUSTRIES,335800ALWHTR32C99E79,AZAR AB INDUSTRIES COMPANY,53935,83.87096774193549
NEELAM CONSTRUCTION,335800NHOW0YB4WNRD74,MEAMMAR CONSTRUCTION,29784,82.05128205128204
Pandra Borch B.V.,724500JHHCQFAU0HVX25,PANDA MALDIVES PVT LTD,44451,46.15384615384615
JEMIX GLOBAL SL,959800865P23V14B7Q91,TETIS GLOBAL FZE,46332,74.07407407407408
didex GmbH,391200ICUGY3E8JY3403,,,0.0
Quantum Entanglement B.V.,724500NVBQ2N77YTG896,LIMITED LIABILITY COMPANY QUANTUM,50321,59.45945945945945
AMBE ENGINEERS PRIVATE LIMITED,33580038EV8L6SCDMU54,S 7 ENGINEERING LLC,47939,68.96551724137932
ANACOTT STEEL,894500TCK6AEJJURG887,ASCOTEC STEEL,11613,76.92307692307692
SSG PHARMA,33580041RBLDN38YS732,SHAHED PHARM,28530,63.63636363636363
"LUXISLA, SOCIEDAD LIMITADA",5299007HOCEUNT365U90,BAJER SOCIEDAD DE RESPONSABILIDAD LIMITADA,26469,65.625
LACUNZA MATERIAL PORCINO SA,9598006259BWKA8MBR65,ASIA MATERIAL SOLUTIONS COMPANY LIMITED,50115,63.829787234042556
YA Holding B.V.,648800WETHH6ZI4JKI87,YONA HOLDING,20219,90.9090909090909
Evermore Holding AB,894500TCEMQMWKIVSO39,"GEMUHO HOLDING, INC",19939,73.33333333333334
PFI Holdings S.A.S. LLC,9845002E4FLF03A37427,"PANLI HOLDINGS, INC.",19149,84.61538461538461
TRUST ENTERPRISE,648800VI2KE5VSRGLE07,OSTEC ENTERPRISE LTD,42864,81.25
Gold Cup Trading B.V.,648800T16WMYE8MK2T25,POLO TRADING,24756,78.57142857142857
"HANCOCK SPRINGS, LLC",9845006ECDP6E7D3F405,SPRING ELECTRONICS,48708,60.60606060606061
G und S Bauart GmbH & Co. KG,3912001GHH60AUA73470,,,0.0
EBENEZER PALACE,648800X8L6YYB4PB1O51,HOTEL PALACE,8735,59.25925925925925
RPC Development B.V.,724500X9QCDP855NLU48,HAS-DEVELOPMENT JSC,18740,80.0
Anteryon International B.V.,7245007642BMDXGNL722,AGR INTERNATIONAL LIMITED,35305,82.05128205128204
Parijat 2026,335800XNEJIR1N4ULK88,PARITET,49314,52.63157894736843
Erlebniswelt Gallien GmbH,529900YIXTBZY3DVVB33,ARTUAL GALLERY,42323,47.05882352941176
"ZEL TRINITY MEMBER, LLC",98450075F5A5069B2413,TRINITEX LLC,34680,53.84615384615385
MRL INVESTMENTS (MU) LTD,9845008BE151F4D79Q60,MARWA INVESTMENTS LIMITED,52096,80.0
Rückenschmerzpunkt GmbH,98450066D538FDB0E460,,,0.0
EKAM HEALTHCARE,6488002CPDWAXEZQPU07,,,0.0
YADHUVANSHI TECHNICAL TRAINING FOUNDATION,648800R5GDMGHR6SG396,AL-HARAMAIN HUMANITARIAN FOUNDATION,7199,63.01369863013699
EVENTS GROUP - ARCHITECTURAL & ENGINEERING SOLUTIONS S.R.L.,8156003A2493128E7A62,AL-INMAA GROUP FOR ENGINEERING AND CONTRACTING,18220,60.24096385542168
PARVEEN KUMAR,64880036WGLHGIN2OI38,OJE PARVAZ MADO NAFAR COMPANY,33594,47.05882352941176
Seilerei Haanl GmbH,984500154EEI409CC493,,,0.0
CF&R ENERGY MH01 PRIVATE LIMITED,335800YIIAHJXPMCGD34,A THREE ENERGY FZE,46357,66.66666666666667
KONBIL BANER PROJECT LLP,648800FKBHNHT3DQS257,ARAB PROJECTS COMPANY S.A. LTD.,8342,66.66666666666667
Alaknanda 2026,335800N9MGZRFQ9DNR63,,,0.0
ZAREENA BEGUM NIZAMUDDIN,648800K3ZC3XLRAR5K48,EKOFERMA ZARECHE OOO,36328,44.99999999999999
SAIKAM DEVELOPERS,335800NE18E27DSIB422,"SOHO DEVELOPERS, INC.",19151,75.0
MARWAR SERVICES,335800K82P8EGGLETZ11,GALERAN SERVICE CORP,56833,73.33333333333334
TECHNO PROPERTY DEVELOPERS PRIVATE LIMITED,894500TC3JN3MLV4HK26,TECHNOLOGY AND DEVELOPMENT GROUP LTD,8408,70.37037037037037
Invictus 2W 2026,335800KSC0K4Z08T9E10,SOCIETY FOR THE CALL/INVITATION TO THE QURAN AND THE SUNNA,19949,29.629629629629626
INFONOVUM TECHNOLOGIES PRIVATE LIMITED,648800F2S1Z1QJY62T48,PSV TECHNOLOGIES LLC,40914,73.6842105263158
Leicke GmbH,529900VHR1P00FOFLJ85,,,0.0
UVU TECHNOLOGIES PRIVATE LIMITED,335800C0F7CCI1A0SD21,TOP TECHNOLOGIES SARL,24755,81.25
HEGDE & SONS ENTERPRISES LLP,648800ASIARZ59QDQO86,MOHAMED'S ENTERPRISE,49150,76.19047619047619
GIO.IA SRL,8156002B1108E71B2923,,,0.0
AJINKYA ENTERPRISES,3358002EJZOYXKENNW43,ANFASAR ENTERPRISES S PTE LTD,39358,75.0
OTTOBRE HOLDING SRL,81560048E49E28FA8D21,NOOR HOLDING SAL,28168,81.4814814814815
JB REAL ESTATE HOLDINGS LLC,254900V0RWMCWTE56F56,BEIT EL-MAL HOLDINGS,7115,70.0
RAL PROPERTY MANAGEMENT GROUP LLC,254900JUC2DN71JEMU45,STAR MANAGEMENT GROUP GMBH,55543,76.0
Felix 2W 2026,335800MT4EW2EH01TM48,FELIX B. MADURO S.A.,19147,44.44444444444444
Gaia Impact B.V.,724500E0G9606BBGUD70,"IMPAN-COL, S.A.",15865,50.0
LumaBIT GmbH,529900AGIYW9H540X440,,,0.0
SRI BHAYRAVESHWARA TRADERS,636700NZIHSN6WWL1B85,SHAHNAWAZ TRADERS,10606,60.46511627906976
The Trustee for Dunmore Property Trust,98450094CDD063AA2F07,SMILE PROPERTY AND TRAVEL LTD,26466,54.90196078431373
SUJITKUMAR AMBICA PRASAD SINGH,648800315VZ477B09X31,STRAIT SHIPBROKERS SINGAPORE PTE. LTD.,30222,44.827586206896555
SMH ENTERPRISES,3358006CWJ9DZ196BW11,MOHAMED ENTERPRISES,49150,82.35294117647058
Balsam Trust 2026,3358002BXNNCHYGQLY14,AVIA TRUST FZE,16535,59.25925925925925
AMIT KUMAR MAURYA,6488008I8EQ3I3R30X91,AMITO TRADING LIMITED,54613,46.666666666666664
MAA TARA FUELS,648800PKG7ZF81LEMH87,OMAN FUEL TRADING LTD,29625,70.96774193548387
MVD B.V.,72450030H4KBY9Z14D93,,,0.0
CMPL AUTOMOBILES PRIVATE LIMITED,3358003YINAEAC6TTB41,CROWN AUTOMOBILES,26175,78.78787878787878
SRI LAXMI ENTERPRISES,335800582LT43LVBBT45,LORA ENTERPRISES LIMITED,23270,75.67567567567568
STILE FARO S.R.L.,815600DBFFFA21ECD217,FARO GRILL,56815,70.0
SUMIT ENTERPRISES,335800Y810PPKVBFS112,OSTEC ENTERPRISE LTD,42864,78.78787878787878
VENKATHIRR ONE GRID PRIVATE LIMITED,648800M9EOP3S8OKKT55,,,0.0
NAUCZYCIELSKA SPÓŁDZIELNIA MIESZKANIOWA,259400HBQ4IBLHI7XK09,NAUCHNO PROIZVODSTVENNAYA FIRMA DOLOMANT,48659,43.0379746835443
Len Asset Management GmbH,391200JHN4VCTZLCNY07,ONE ASSET MANAGEMENT AG,50043,80.0
LOFTET TRADING PRIVATE LIMITED,648800NWCD0GWI094A87,AMOTT TRADING COMPANY LIMITED,57506,81.4814814814815
PARITOSH KUMAR GARG(HUF),33580001T2T5VO6W6Z36,PARITET,49314,33.333333333333336
MEENAKSHMI JEWELS LLP,335800E0TSKE9QN8K742,AL-KHALIDY JEWELRY COMPANY,24760,56.25
R.R.C.O.R.P. CONSTRUCTIONS PRIVATE LIMITED,648800SIX0ZUFISCKH06,PAEKHO CONSTRUCTION SARL,39499,71.7948717948718
"Steel Form, spol. s r.o.",097900CAKA0000351212,SOUTH ROUHINA STEEL COMPLEX,30442,59.57446808510638
DEN s. r. o.,097900CAKA0000351309,,,0.0
DUKOTRANS s. r. o.,097900CAKA0000351018,,,0.0
Tulp Hypotheken Holding B.V.,724500X13BZVETK16R13,TOKENTRUST HOLDINGS LIMITED,48119,66.66666666666667
KONDININ FUNDING CO PTY LTD,529900Q4CLVHAH5XD654,IRANIAN MARTYRS FUND,10410,60.0
Hopper B.V.,724500G73FE95ECGBP62,,,0.0
M/S AXIOM CONTROLS & DEVICES,894500TBY03BZMJ8U075,OJSC AGAT-CONTROL SYSTEMS,48007,56.52173913043479
FIDUSOL LTD,9845001F95BF3E452D73,,,0.0
SHREE CONSULTANTS,335800EGI68OQ04L5X32,SYNERGY CONSULTANTS LIMITED,16837,77.77777777777779
Click Europe Bidco GmbH,391200ROIZHTEXNJ3U15,COMMITTEE FOR EUROPE AND THE AMERICAS,10923,55.81395348837209
Veritas Wealth Management (Pty) Ltd,2549005U5KW3UMX1S495,PERIDOT SHIP MANAGEMENT,34960,69.23076923076923
JAGDISH GUPTA INFRACON PRIVATE LIMITED,648800YR19WC2YF07003,INFRACOM COMMUNICATION NETWORKS FZE,53833,45.28301886792453
MAHALAXMI FIBERS PRIVATE LIMITED,648800X6VKBI8N6Z9X29,LLC FIBET NAMI,47957,61.53846153846154
Van der Mark Holding B.V.,7245006CV2W83OYC7U07,ORKA HOLDING AD,45208,74.28571428571429
Rietzschel Holding GmbH,894500TBSGJKCN7D6G07,RTS-HOLDING JSC,34768,75.86206896551724
Tidius Beheer B.V.,7245002LVT1MR70TSG71,GHADIR TOSE-E SAAMANEHAYE BEHENGAAM,25946,37.5
EROSCAB RENTING GROUP S.L.,959800BZGSX1HJ6H8A87,ABU REIHAN GROUP,26565,65.0
SUJIT RAJKUMAR KHIVANASARA,648800QZVX56MN84Y149,,,0.0
Larming Holding B.V.,724500SCGJCP70GI8257,LARK HOLDINGS PTE LTD,36277,78.57142857142857
MANOJ SAHU,648800IH33V23XZJT065,MANOMETR OOO,46641,44.44444444444444
LAXMI NARAYAN SHOPEE,894500TBMWZSPNVHIW24,PLOYDAENG GEM SHOP,9547,52.63157894736843
JADUA FRESH FARMS PRIVATE LIMITED,335800VYOACQOEG0DL23,FRESH AIR FARM HOUSE,30523,64.86486486486487
Augenzentrum Kamppeter Kemnath MVZ GmbH,3912005VBPJIUJ892925,VA BO KAMPANI EOOD,32120,34.61538461538461
meridian Windpark Schmieritz GmbH & Co. KG,391200FS3XE1H4HDJL02,RPF MERIDIAN JSC,48555,55.00000000000001
SHASHI SHESHWAR PRASAD,6488001OXC7JUADCAU41,JOINT STOCK COMPANY RAZREZ SHESTAKI,50320,36.73469387755102
MONARCH FARMS,335800FENP4TI59T9396,KANILAI FARMS LIMITED,23324,61.53846153846154
CHROMICAL DIGITAL TECHNOLOGY PRIVATE LIMITED,648800DHIDE8HE4DYZ67,CENTER OF DIGITAL TECHNOLOGIES,47514,72.72727272727273
JANBHAWNA TIMES PRIVATE LIMITED,648800TSLVLP2M2QTW13,"TIMER BANK, AO",50610,64.28571428571428
FoCM Fischer GbR,391200KGQA2ESYYH5C62,,,0.0
PUNEET KHURANA,64880066BK6YHA7VNX89,ISLAMIC STATE KHURASAN,18647,44.44444444444444
meridian Windpark Eineborn GmbH & Co. KG,391200SRUI6U15E80469,AO NPF MERIDIAN,48555,63.41463414634146
MULTI SEATS PRIVATE LIMITED,335800JNEO9RMG81V813,JSC MULTIKLET,39181,70.0
QUALITRIX TECHNOLOGIES PRIVATE LIMITED,335800A377YXVHTZX443,ALEL TECHNOLOGIES LLC,29060,76.92307692307692
RAKESH KUMAR SINGH,648800GMJZ5RIIYK5D24,SINGH DAILY CULTURE PRESS LIMITED,29606,55.81395348837209
O P MUNJAL HOLDINGS,335800M9380WONOJXP93,MAKO HOLDING,18325,70.96774193548387
MERCATORS-KER Kft.,648800QXE4W1P737HA83,KERCH MERCHANT SEA PORT,18027,65.0
Hektar Konstruktion AB,636700HA4MZ03U344B16,DEVAIS KONSALTING OOO,43134,55.55555555555556
DELTAPRO TECHNOLOGIES PRIVATE LIMITED,648800GP2YR5II7T6Z07,ALEL TECHNOLOGIES LLC,29060,78.94736842105263
KUVALA CORPORATION PRIVATE LIMITED,335800D6DHGUAMWMF192,ORGANIZACIJA PREPORODA ISLAMSKE TRADICIJE KUVAJT,10923,18.518518518518523
TECHNIgreen GmbH,894500TBHDG12OJLVC61,TECHNOIMPORT,58292,60.86956521739131
S R A Aggregates,648800JV8FVSAHIAL675,VOSKRESENSKIY AGGREGATE PLANT,47718,53.333333333333336
Küchenhaus Böttcher GmbH,391200WP4172D8K3W147,,,0.0
Flex Services UG (haftungsbechränkt),984500BU9A02B748F545,SBERBANK SERVICE LLC,36418,60.0
AURA HOSPITALITY,648800UHB3ZS3J25TX98,MICHIGANTAP HOSPITALITY PRIVATE LIMITED,56049,56.41025641025641
RAJNISH GUPTA,648800QME5LX0MHV1E05,,,0.0
GRAVITY CHEMICALS AND SPECIALTIES,64880067T2WSPI2W5541,"EASTNINE CHEMICALS CO., LTD.",18661,63.829787234042556
IMMO INVEST SOLUTION,648800Y0ZOBCYIUTK447,MARINE SOLUTION PRIVATE LIMITED,53139,74.28571428571429
SAROJ NAGRATH,648800ASZNZ2E4RUNV87,SAROV NUCLEAR WEAPONS PLANT,41019,50.0
RAVINDER SINGH DAHIYA,6488008J9OBI1B3K0D60,SINGH DAILY CULTURE PRESS LIMITED,29606,56.52173913043479
JUM,894500TBBTW9FP7Q7S52,,,0.0
Strandtorp ehf,6488008DC3YYOWRA8829,JSC STRATIM,50246,47.61904761904761
ABHIJIT ARJUN JADHAV,648800FRD0KMR0IM6I79,,,0.0
VHM Upholstery OÜ,648800EX2HSE72I6W030,,,0.0
WEVOLV HEALTHCARE,335800M41TP5FG65T688,,,0.0
Leondera Software OÜ,648800TK9BIQ2JPMOF41,QESHM ARIAN DATIS SOFTWARE COMPANY,55009,56.52173913043479
BHAGWAN MARINE LIMITED,984500HUA90E6BR3BJ03,HONGYUAN MARINE CO LTD,28317,75.86206896551724
SILIUM OÜ,648800ZEOUEA0LVK0C38,SILIBORN TECHNOLOGY LIMITED,49876,28.57142857142857
Hansu Holding OÜ,648800MWCUR7MW6XHU68,NOUR HOLDING SAL,28168,71.42857142857143
TIERAMET LIMITED,335800V68CN9ZLMPZH81,,,0.0
KAPIL MULTY SERVICES,894500TB6ACHSPVUK860,LAD AIRLINE SERVICES,58533,70.0
TVISHA CAPITAL SCHEME 2,335800ALD6WCP5ERG990,CHEER CAPITAL LIMITED,55922,66.66666666666667
osaühing Krausor,6488009T9756Y6F0RM89,,,0.0
LowLevel Consulting AB,657400BDJ1YM87XAUK35,DEVICE CONSULTING CO. LTD.,43134,77.77777777777779
Osaühing Indvox,648800IAVWZ8JPTC2X29,,,0.0
BOMMINENI THIRUPATHIREDDY,6488009MLAA7C4KY3V96,THIRRJA PER UTESI,10923,42.85714285714286
"SILOTRANS, S.L.",9598000UB5HQCR6Z9A48,"SILOVYE MASHINY, PAO",23563,38.70967741935484
NORDHELM CAPITAL OÜ,648800D012WVCIQD5F10,"ROMDOUL CAPITAL PAWN CO., LTD.",28040,66.66666666666667
M P TOOLS,335800T0F9J4M9TWIU74,RBH TOOLS LTD,48824,66.66666666666667
VASUNDHARA INFOTECH LLP,335800AFTG446EGM9N64,MUNDO INFORMATICO PARAGUAY S.A.,27945,57.77777777777777
SRI GOWRI DHURGA GAS SERVICE,3358005DKBUUB7RWJS54,ENERGY OF OIL AND GAS SERVICE LLC,51526,68.0
THE PICNIC TRUST,875500N16QUMH4COV688,AL AMIN TRUST,6912,72.72727272727273
GCC DEVELOPERS PRIVATE LIMITED,648800YGU1RXWPH6IP32,"SOHO DEVELOPERS, INC.",19151,75.86206896551724
MOHAMMED ABDUL SATTAR,3358006MG9IC51S3SO85,ABDUL HAMEED SHAHABUDDIN,17271,66.66666666666667
RAJA INDUSTRIES,335800NATCLPDKO8N219,JOZA INDUSTRIES COMPANY,10927,86.66666666666667
MSO Beteiligungsgesellschaft mbH,529900UJ9Z66SZBS4672,BETENSH GLOBAL INVESTMENT & DONG DONG SHIPPING LIMITED,54334,38.888888888888886
ORBITOL PROPERTIES PRIVATE LIMITED,335800XGUMUTGZCXLO23,ORAMA PROPERTIES LTD,23272,76.47058823529412
POUSADA LTD.,984500EBF3BCDDD2DF24,,,0.0
ROLAND MANAGEMENT PTY. LIMITED,636700PHDQO1FHJZH271,RONIN MANAGEMENT B.V.,42978,75.67567567567568
RUSSO CANADA ULC,9845000BC4694DEDBL39,RUSSKI UGOL AO,52002,60.0
Quoro Advisory GmbH,391200WC5IEUICDJBE39,SINO RS ADVISORY PTE LTD,36277,73.33333333333334
BLCM Holding ApS,9845001VE94E5CCBQ821,CHAM HOLDING,12744,83.33333333333334
EPITOMI CAPITAL MANAGEMENT LLP,64880095L8SH6UMWXG89,CLIO MANAGEMENT CORP.,27036,73.17073170731707
ZHb - Zimmerei und Holzbau GmbH Gräfenthal,984500EAD9938B9FC796,NAUCHNO ISSLEDOVATELSKI INSTITUT KONSTRUKSIONNYKH MATERIALOV NA OSNOVE GRAFITA NIIGRAFIT AO,40869,30.15873015873016
Perfect Bulk (HK) Limited,6367001XXGRGCSSS4O73,PERFECT DAY CO SA,55550,61.53846153846154
Broderloge nr 5 Fyens Filantropisk Fond,648800XWQOJ0FNWHUN21,FONDATION SECOURS MONDIAL-BELGIQUE A.S.B.L.,7270,46.15384615384615
"Solex Ridge, LLC",9845000E497E0DEB4023,CARTEL DE LOS SOLES,55025,51.85185185185186
Wahlers Equity KG,391200LW9Y7APS1OPO46,GOOD EQUITY TEAM PTE. LTD.,55562,53.333333333333336
NABA KISHOR SATPATHY,6488003QU4CTC2ZC3T07,PASARGAD PARVAZ KISH CO,55526,55.00000000000001
M/S SABIYA BANGLE SUPLIER,335800W3H9CQLUHKYM31,SOLDIERS OF THE CALIPHATE IN BANGLADESH,23843,59.64912280701755
OPTIV SECURITY INDIA PRIVATE LIMITED,335800R4FJHE41WL6V11,MINISTRY OF PUBLIC SECURITY,20118,68.18181818181819
Baosteel Tailored Blanks GmbH,391200U8XEDWKRGMMZ32,BLANC BANK LIMITED LIABILITY COMPANY,45809,50.0
EQUITIES EUROPE,6367006ZOV6DJ5ULER56,EUROPEAN BEARING CORPORATION,46409,58.06451612903225
"RED CLOUD VENTURES, L.L.C.",984500Y3FC6E474DDD73,OOO VENTURE FUND SME,34674,70.58823529411764
SRIVIDYA PEETAM TRUST,636700PTG6TRY2GF0R36,AVIA TRUST FZE,16535,64.51612903225806
SREE VARAHI GEMS AND JEWELLERY,335800VSKLK6LJ86X628,HONG PANG GEMS AND JEWELLERY COMPANY LIMITED,11299,64.0
DYSTAR GLOBAL HOLDINGS (SINGAPORE) PTE. LTD.,875500YA7Q3ZF7DCCA30,PRINCE GLOBAL HOLDINGS LIMITED,55552,70.37037037037037
FIGUEROA INVERSIONES SL,9598003ZNKCMX73PGG20,INVERSIONES GANAGRO LTDA.,11856,72.34042553191489
VANTIA CAPITAL S.A.R.L. SUCURSAL EN ESPAÑA,959800RV14TUEDPF3Y34,CAPITAL TAP GENERAL TRADING L.L.C.,48962,60.0
BONDS GOVERNMENT EUR,6367006QL45OZNDRDG62,GOVERNMENT OF IRAN DEPARTMENT OF DEFENSE,10392,59.25925925925925
Landwehr + Schultz Verwaltungs-Gesellschaft mit beschränkter Haftung,3912008X3G6XSTILPG25,NAI ENERGY EUROPE VERWALTUNGS GMBH,44265,48.421052631578945
KRISHIV TRADING,335800Y78ZKISPZ4F366,HSI TRADING FZE,19711,76.92307692307692
SANNA GLOBAL LLP,335800H9ZG2CI8Z2H218,SMART GLOBAL LIMITED,57960,75.0
PREIXENS 1923 SL,959800DUK6NGYUK8JY83,,,0.0
BADRI GARDENS PRIVATE LIMITED,335800TC6H6KCO5CJW19,"ALBORADA GARDENS, S.A.",19157,75.86206896551724
"LARUS II, FONDO DE TITULIZACION",959800YQMX324Q2L2038,FONDO DE INVERSIONES DE VENEZUELA,26587,48.14814814814815
CASA MARBLE PTY LIMITED,9845009A4412AF752D84,PRAISE MARBLE LIMITED,55926,57.14285714285714
"LARUS I, FONDO DE TITULIZACION",9598006P9CF63CNXE253,FONDO DE INVERSIONES DE VENEZUELA,26587,49.056603773584904
OCEAN PEARL LOGISTICS PRIVATE LIMITED,335800HOPBV3FQHKV259,PIONEER LOGISTICS,17229,73.6842105263158
CASAGRAND HOMESCAPE PRIVATE LIMITED,335800TJQWHDBHUDAU47,"HOTEL CASA GRANDE - ULCINJ, MONTENEGRO",17613,55.55555555555556
Calelli River AB,63670083PRAEHWWYV090,CONGO RIVER ALLIANCE,48601,60.60606060606061
GLOBAL REAL ESTATE SL,9598008DWEUJJ9Y06Q72,OZEAN REAL ESTATE GMBH AND CO. KG,44604,73.6842105263158
BUESO PINEDA 27 SA,959800E6AJV3G5ENU562,GREEN PINE ASSOCIATED CORPORATION,12212,38.888888888888886
Sally TopCo AB,636700AFIUI4YDW9W654,SALLIZAR SHIPPING SAL,30206,42.85714285714286
PONS IP SA,959800P74K9KLV58ZH59,,,0.0
TEM Holding i Gävle AB,636700UA8CL9ATSU2317,UNITED GENERAL HOLDING SAL,37420,73.17073170731707
Tomas Rosén Invest AB,636700NQVOT9ZUD9M977,RENOVATSIO-INVEST OOO,49187,74.28571428571429
VESTLANDSBOLIG EIENDOM AS,636700MKFYA11F5MZX94,MUE RENTA Y VENTA DE VESTIDOS,54383,41.666666666666664
BLISS CAB ELECTRONICS PRIVATE LIMITED,3358003SJDN0W8MISU33,BAIKAL ELECTRONICS JSC,39178,76.92307692307692
AUSTREVIKA HOLDING AS,6367008G5TDEX5TK6179,ASCOTEC HOLDING GMBH,11608,72.72727272727273
ANAND SHEETALAYA,3358001YAP4ANXAJVA45,,,0.0
LANGRYGGEN INVEST AS,63670017GOGXVGRM7D13,LOBAYE INVEST SARL,29869,73.33333333333334
SLV ESTATES,335800NYN7Y9JEW6QV57,VVN REAL ESTATE L.L.C,54713,69.23076923076923
FREDERIKSBERG FORSYNINGS EJENDOMSSELSKAB A/S,6367004NIDI3E437SL26,FORSAL CHARTERING CORPORATION,54171,32.786885245901644
VIPER PTY LTD,984500BC5E0741475371,,,0.0
PROTELASE SL,9598001JP2H44PPR0S62,PROTEI ST LTD,48657,66.66666666666667
CARD BOX COMPANY,335800ZEGT05IN1RKW54,CARDIAM,18431,53.333333333333336
CHHOTI DEVI,984500F8A4A3J84AEB80,DEVICE CONSULTING CO. LTD.,43134,64.28571428571428
Chase & Catch,699400OGK0BREYGZYC46,CHASCA LONDON LIMITED,57882,33.333333333333336
"Cosmos Garage, Etablissements A. Vanderstichel et Cie",699400YFOZA5QRSMBV70,CLOSED JOINT STOCK COMPANY TECHNOLOGICAL PARK OF COSMONAUTICS LINKOS,47480,46.29629629629629
MITTAL WORLDWIDE PRIVATE LIMITED,9845003D699682CB7A73,WORLDWIDE LPG LIMITED,52508,75.86206896551724
ZM SONAR TORI LLP,335800FXLSVAMC5V5W59,SONATEK LLC,48702,50.0
NEGEN CAPITAL SERVICES PRIVATE LIMITED,33580077DOY3T07OSI50,DIGITAL SERVICES EAD,32014,71.42857142857143
M/S SIKHWAL BROTHERS,3358008FJ9R6QZBC0821,BROTHER METAL S.A.,57112,66.66666666666667
RUCHITA ENTERPRISES,335800T7H7B1VZM5O336,LORA ENTERPRISES LIMITED,23270,80.0
MAADS LTD,8755002Q7R8T5AQ4IH18,,,0.0
DRAKE TRAILERS PTY. LTD.,984500B9BCCOB0ACFC17,LIMITED LIABILITY COMPANY DRAKE,47293,54.54545454545454
SHREE KRISHNA BIO FUEL ENERGY,648800TG6T74PTA2V981,MAX ENERGY FUEL TRADING L.L.C,54826,57.692307692307686
APEX 09 2026,335800ZG8GDBMQCT4Y38,CONFIDENT APEX LTD,58194,30.76923076923077
The Trustee for Greystar Australia SY2 Trust,254900NGEMO8836G4I16,LEDRA TRUSTEE SERVICES LIMITED,42065,51.72413793103448
The Trustee for Greystar Australia NM1 Trust,2549009P1SXRCMM8J912,AR RAHMA WELFARE TRUST,19682,51.72413793103448
The Trustee for Greystar Australia SY1 Trust,254900O23716PC8K6G14,LEDRA TRUSTEE SERVICES LIMITED,42065,51.72413793103448
VEERA DHARMA REDDY EDUCATIONAL SOCIETY,648800H16BPCTB8BIY72,AL WEAM CHARITABLE SOCIETY,53915,59.01639344262295
SRI PRAGNA PRINT PACK,648800I7L30R8ABEQZ65,PRINCE SMART GARDEN CO. LTD.,55850,55.00000000000001
RAJENDRA KUMAR NAKHATMAL TAWARI,648800GFL9JL5ZS5MQ13,TAWASUL HAWALA COMPANY,27972,44.44444444444444
CLEAN MAX BON PRIVATE LIMITED,335800MRT1WWW6BQEN91,"GLOBAL CLEANERS, INC.",20560,50.0
CF WFLR HOLDINGS LLC,254900LESA09K83DAV55,LARK HOLDINGS PTE LTD,36277,75.86206896551724
MYTRUCKING LIMITED,984500859966SE0P4F56,,,0.0
STAGE 3 HOLDCO LLC,2138002L3O94QJRMR404,STG HOLDING LIMITED,16830,64.0
ORBIAN FINANCIAL SERVICES XI LIMITED ZWEIGNIEDERLASSUNG DEUTSCHLAND,213800Q3K6VZ61XFZV41,DAY IRANIAN FINANCIAL AND ACCOUNTING SERVICES COMPANY,25626,56.00000000000001
OCEANIC OPPORTUNITIES CORP.,2138008LN2K97UM1ZO65,OCEANIC ORBIT INCORPORATED,53818,70.58823529411764
Laser Digital Japan株式会社,353800M96FKX7JR0ZJ26,DIGITAL SERVICES EAD,32014,60.46511627906976
OCEANIC POWER CORP.,2138006L14U2HBQDMM21,OCEANIC ORBIT INCORPORATED,53818,76.92307692307692
CybrIT GmbH,50670013E6658LXK8V64,,,0.0
PROPERTY ADVISORS LIMITED,213800QX3CR3WX33IY95,KEY ADVISORS PTE. LTD.,55581,75.86206896551724
DWS GROWTH DEBT FUND S.C.A. SICAV-RAIF,2138003E9BG6A5FV5V64,RUSSIAN DIRECT INVESTMENT FUND,34036,49.23076923076923
I.S.D. BROWN FURBS TRUST,213800AKXYZPWAOZTS33,AL-RASHID TRUST,7201,60.60606060606061
THE BEARD ENTERPRISE TRUST,213800QRS2WXTM8GH635,TITAN-BARRIKADY ENTERPRISE,35333,75.0
AMUNDI HK – GLOBAL EMERGING MARKETS EQUITY FUND,213800BK9RT2BUCBWE81,LIMITED LIABILITY COMPANY MARKET FUND ADMINISTRATION,34542,56.790123456790134
FRASERS RETAIL LIMITED,213800V8562QCVX2J297,RETAIN PROSPER LIMITED,55554,71.42857142857143
HERITAGE SQUARE LIMITED,2138005ICI7OQW2H5653,SOUTHERN HERITAGE LIMITED,55464,75.0
NEWBURY BRIDGEPOINT FOUNDERS FUND (CAYMAN) L.P.,2138004BEK8X4SBGUP90,JSC FAR EAST AND ARCTIC REGION DEVELOPMENT FUND,18273,48.10126582278481
VULNERABLE BENEFICIARY TRUST FOR ROWAN CLARKE,213800PEG9NO3135S576,LIMITED LIABILITY COMPANY VELES TRUST,40783,48.38709677419355
株式会社日本カストディ銀行/015026548/321909,3538003S23YK7Z44VI25,,,0.0
INVESTINDUSTRIAL MANAGEMENT LIMITED,213800TKU11L2JT5EA24,SINA INVESTMENT MANAGEMENT CO.,30378,71.69811320754718
RISEQUANTUM GROUP LIMITED,213800YCYESHQUDPHG71,RIQUEZA GROUP LTD,58316,73.33333333333334
FWB EXECUTIVE SEARCH LIMITED,21380014JCYVG4OPJA20,AL-QURESHI EXECUTIVES,48186,63.1578947368421
MARSHALL WACE ASSET MANAGEMENT LIMITED,213800KYQ4TBW46ITT17,LLC VEB.RF ASSET MANAGEMENT,35024,75.47169811320755
PENDRAGON GROUP PENSION SCHEME,213800J1TK2CEG7RPQ34,INDEPENDENT INSURANCE GROUP LTD,40878,59.64912280701755
"JSC ""INDUSTRIAL DEVELOPMENT FUND""",213800BQ1BOW3UY8NJ90,NATIONAL DEVELOPMENT FUND OF IRAN,27445,80.70175438596492
ALPHA MOBILITY SA,213800J6G8AQ7NIF6N59,KGB ALPHA,30702,60.86956521739131
D.H. BROWN FURBS TRUST,213800QSETP3T5OB6866,JOINT STOCK COMPANY PUBLIC TRUST BANK,51832,53.06122448979591
BARBROOK ASSOCIATES LTD,213800VU3G2VTS5T8707,ASSOCIATES OF PARTNERS SAL OFF-SHORE,42276,62.5
BEDLINGTON WHIPPET LIMITED,213800M9JJB1IFPV3672,,,0.0
株式会社日本カストディ銀行/015257269/137269,353800TIF7TQDOM70J51,,,0.0
THE EDWARD JACK MAGEE SETTLEMENT,213800OE4C28FKPY2J83,ASHDALE SETTLEMENT GERCO SAS,34057,65.38461538461539
APEX GLOBAL ENERGY LIMITED,213800FNZSYW9Q4IPD80,GLOBAL ENERGY COMPANY S.A.S.,27236,83.87096774193549
Swiss Financial Research AG,5067001J8BF20N1P2A80,RUSSIAN FINANCIAL CORPORATION,24026,68.29268292682926
Trosper GmbH,5067008YNQN8I05KCV39,,,0.0
PHILIP GWYN WILL TRUST,213800IYI2J6U5QU4O47,LIMITED LIABILITY COMPANY VELES TRUST,40783,51.162790697674424
ROBERT HOLL-ALLEN WILL TRUST,2138009SHJPYGX65XT07,KORYO GLOBAL TRUST BANK,20569,54.90196078431373
THE RILLEY GRANDCHILDREN'S DISCRETIONARY TRUST,213800JRGT283LWZJT03,TRUST INSURANCE SERVICES S.A.L.,27191,54.54545454545454
FALKLAND WOOL GROWERS LIMITED,213800H4PSX455HC7E72,"GROWTH TRADING CO., LIMITED",56428,28.57142857142857
ATLANTIC 2025-01 TRUSTEE LIMITED,213800U2TF1S4CAPB955,HS ATLANTICA LIMITED,46612,55.55555555555556
BEECHVALE SSAS RETIREMENT BENEFIT SCHEME,213800JMBYF4VHN9KJ11,STG.BENEVOLENCE INTERNATIONAL NEDERLAND,7330,48.10126582278481
GM TECHNICAL CONSULTING LIMITED,213800ROJUQJ1HGLNF03,DEVICE CONSULTING CO. LTD.,43134,70.0
THE KOSSE COMPANY LTD,213800JBGAUK1MNTJ215,,,0.0
NOHO HOLDINGS LTD,213800YCQT8PVSZTPN14,NOOR HOLDING SAL,28168,88.0
AAFAQ ISLAMIC FINANCE PSC,213800O5XEN7FZPJWR75,AL-ATAA ISLAMIC BANK,24545,73.6842105263158
R.M. BROWN FURBS TRUST,2138005NK76V4ZE1BU85,AR-RAHMAN TRUST,12294,57.14285714285714
CAMBRIDGE VISION LTD,213800LPZM25YUOZ9T58,VISIONS MALDIVES PVT LTD,44468,62.5
ATLANTIC 2026-01 TRUSTEE LIMITED,213800RFN5C5OU4NX730,HS ATLANTICA LIMITED,46612,55.55555555555556
BUTTONS LIMITED,213800O3VTH6DBKUGS34,,,0.0
PENTWATER ALTERNATOR FUND LP,213800RUXM3AQ22AGQ12,WELFARE AND DEVELOPMENT FUND FOR PALESTINE,7917,54.23728813559322
BLACK FRIARS LANE INVESTMENTS LIMITED,213800TXS715E9M7KK25,FIRST ISLAMIC INVESTMENT BANK LIMITED,25802,75.86206896551724
ELIZABETH ANN HEWSON WILL TRUST,213800JIQTCALJFNYA70,KALA PENSION TRUST LIMITED,11637,57.14285714285714
J.S BROWN FURBS TRUST,213800XKSXJ252QOQH37,JOINT STOCK COMPANY PUBLIC TRUST BANK,51832,56.00000000000001
CROFTLANDS LIMITED,213800CUPHEWDWIPI125,,,0.0
COLLER EQUITY OPPORTUNITIES AGGREGATOR - I SCSP,213800G42N6JYWYMDA35,JOINT STOCK COMPANY VOSKRESENSKY AGGREGATION FACTORY,47718,51.685393258426956
GEOFFREY REID FAMILY TRUST,213800UQGIGUMJDTNP32,76 BENMORE GARDEN TRUST,42311,57.14285714285714
JASCE IT CONSULTING LIMITED,21380044SNEI6RUVZ254,DEVICE CONSULTING CO. LTD.,43134,77.77777777777779
POLARIS MARINE CONSTRUCTIONS PTY LTD,984500B56E3037D3A242,LIMITED LIABILITY COMPANY POLAR CONSTRUCTION COMPANY,50160,70.0
ONEMARKETS ALTERNATIVES MACQUARIE INFRASTRUCTURE EVERGREEN FUND,635400ZYKFRIFFNJYK70,FEDERAL STATE UNITARY ENTERPRISE CENTER FOR OPERATION OF SPACE GROUND BASED INFRASTRUCTURE,44297,56.16438356164384
Belchen Investments a.s.,315700D6NOA27FJ9H543,BONUM INVESTMENTS OOO,38057,77.77777777777779
Victory holding a.s.,315700NTWM4HASH1ZL57,GIANT VICTORY HOLDINGS LIMITED,55469,81.08108108108108
"Agentura Amos, zařízení pro další vzdělávání pedagogických pracovníků, s. r. o.",315700R1TUHJV70V9K70,YALING (SHANGHAI) INTERNATIONAL CARGO TRANSPORTATION AGENCY CO LTD,49542,42.74809160305344
RL Immo 43 s.r.o.,315700C6QO2GO9NM3F81,RG IMMOPROJEKT GMBH & CO. KG,44242,50.0
JSK Meditex Holding a.s.,3157001PJ1F304BEEG34,STANMIX HOLDING LIMITED,46726,70.58823529411764
BTL Energy a.s.,315700SGQNNBXDA7AR30,ATIC ENERGY FZE,57577,76.19047619047619
HALO AIRFINANCE 2026-1 DESIGNATED ACTIVITY COMPANY,635400RKXG7G2XLGJS77,GTLK EUROPE CAPITAL DESIGNATED ACTIVITY COMPANY,37862,61.728395061728406
ARK BIDCO LIMITED,635400JONJPJYBPBGC17,,,0.0
Obec Kateřinice,315700N8VGA86WVTC063,KATEHON,36319,45.45454545454546
HZ TRUST a.s.,315700RH9IHH20P6XO64,AL-RASHID TRUST,7201,70.0
GAMMANNE Invest a.s.,3157000H13K7DN3I9644,LLC A INVEST,46053,69.56521739130434
Obec Lovčice,315700OKQDOOKO3RIS74,,,0.0
PERIGENT LIMITED,9845002E2D4EF2EERD92,PERIDOT SHIPPING & TRADING LLC,34960,37.5
A.C DONALDSON & D.L DONALDSON,9845009E043AC667A647,RIHS GENERAL COMMITTEE FOR DONATIONS,10923,44.067796610169495
Signlabs Sweden AB,98450036C0C3CA72D863,OAO VNII SIGNAL,37719,53.84615384615385
Brandt Urban Living GmbH,9845009D1A156F594E63,USM URBAN MINING LIMITED LIABILITY COMPANY,42056,57.77777777777777
REMARKABLE WATER BLASTERS LIMITED,984500A40FD6C485E672,OCEAN WATERS MARITIME CORPORATION,51680,52.17391304347826
ATEŞ ORMAN ÜRÜNLERİ NAKLİYE İNŞAAT SANAYİ VE TİCARET LİMİTED ŞİRKETİ,789000SQGSKZK17L1O75,OWN UCAR GIDA INSAAT SANAYI VE TICARET LIMITED SIRKETI,56290,75.47169811320755
Meckelborg Financial Group Ltd.,894500TAK45F8SKBY005,MEHR EQTESAD FINANCIAL GROUP,25037,70.37037037037037
West World Paper Inc.,894500TAV78YIR839412,HADI'S WORLD INCORPORATED,49145,64.28571428571428
Yan Legacy Entico FZ-LLC,254900E0MF0VI0NCC202,LIMITED LIABILITY COMPANY LEGAL CONSULTING COMPANY TRO YA,48802,45.28301886792453
Sharmed Oy,743700UM9OPJKVLCML68,SIMAN-E SHARGH,25928,47.61904761904761
Viljami Keittiöt Oy,743700ZUDFMFISP77707,,,0.0
Weck-Cap Oy,74370069JC2B5I41LJ84,,,0.0
S. Thil Oy,743700C0RBACDY5HS617,,,0.0
Töölön Pianokeskus Oy,7437008R7F4Q0O46PP69,OKE PRECISION CUTTING TOOLS CO LTD,52245,48.88888888888889
Oy Finndev Ab,7437006GUKCE0C0A3U66,FINNISH RESISTANCE MOVEMENT,49260,29.411764705882348
Avenida Management Oy,743700GR7XUXCJ8BI136,OOO LADOGA MANAGEMENT,24204,80.0
Kulma 4 Oy,7437001QUOAR3ID8EP40,,,0.0
Molentum Oy,743700VWCZY6OTIAZ744,NAUCHNO ISSLEDOVATELSKI INSTITUT MOLEKULYARNOI ELEKTRONIKI AO,35937,20.28985507246377
Vehmaan W Invest Oy,743700QEHC1UOJEIP711,MACKA INVEST CO LTD,56377,71.42857142857143
Goman Consulting Oy,743700WZAC7430BSXZ18,VYGON CONSULTING,42719,87.5
Kasco Oy,743700Q9J3SSIIVUR907,,,0.0
Eitan Global Bond LP,254900NRYSN5FUMFEH64,KORYO GLOBAL CREDIT BANK,20569,63.41463414634146
NITROFER S DE RL DE CV,984500A8C638954FDC88,,,0.0
T&M Holdings Japan株式会社,254900Y0MHDZOYLGN106,"PANLI HOLDINGS, INC.",19149,66.66666666666667
RALLY DATTO SUPER PTY LTD,254900XP40GXEBDTUL94,PRINCE SUPER MARKET CAMBODIA CO. LTD.,55849,48.97959183673469
BTG Pactual Performing Credit LLC - Management Series,254900YQ8Q399V5P7O54,SCF MANAGEMENT SERVICES DUBAI LTD,46622,60.526315789473685
"CEDAR POINTE BY LENNAR HOMEOWNERS ASSOCIATION, INC.",254900BKOQNTDA0XO425,RAHMA WELFARE ASSOCIATION,20981,60.0
METAL MECANICA MACON SA DE CV,984500R2FDF97909F815,DANDONG CHISONG METAL MATERIALS COMPANY,22603,59.25925925925925
Fidelity SAI Systematic Macro Fund,254900B327PE5KIRKL25,LIMITED LIABILITY COMPANY MALVIN SYSTEMS,41115,55.172413793103445
LEPP FARMS INC.,9845001BFFUABF137C74,FARMLANE PRIVATE LIMITED,56300,66.66666666666667
INOCAP ELECTRIFICATION MONDE,969500HCT3HI9WN3FE41,GILAN ELECTRICITY GENERATION MANAGEMENT,25929,59.70149253731343
HERES,969500K0V27V898PIV32,,,0.0
FINANCIERE AJL,969500RR63V85RTW2555,ACG FINANCE LIMITED,43093,72.0
"SOCIETE EN NOM COLLECTIF CTL 2503, PAR ABREVIATION SNC CTL 2503",969500DR1RX854B2O417,"ASSOCIATION FOR EDUCATION, CULTURAL, AND TO CREATE SOCIETY - SIRAT",8225,48.275862068965516
MNQAR Cayman Fund Limited,254900ON0SMAKMBG8C82,AKHMAD KADYROV FUND,30610,61.111111111111114
LA CUISINE DE VERKINE,969500VDZEAOM8CZE370,GPM VERKHNE MENKECHE LLC,47847,51.42857142857142
SARL CELAM,969500SDZMETLNZEU041,CELAJES DE YORK CDY SA,56744,38.095238095238095
MINERES,9695001QU7ACAOTM7D94,MINERVEN,26523,80.0
ESPACE HANDICAP EMPLOI,969500CLS4CPR971ZG19,EMPRESA DE EMPLEOS TEMPORALES LA UNICA LTDA.,11869,54.23728813559322
PIPAGA,969500PHVHX9IIMPUC43,,,0.0
HORUS,969500PTY2K8LQWDX887,,,0.0
LEEN,9695002KB2OLYGFPDL40,,,0.0
E2MA,969500X99RDUMUC3NZ60,,,0.0
HOLDING AC,969500Q56LKYCDPTQN30,GMCG HOLDING CORP,54838,81.81818181818181
CITADELLE,969500MEAFJYLDKCZH94,CITADEL OOO,41111,87.5
MG BIOGAZ,969500BFHAAOPAALV660,BIOGRAD LLC,48544,62.5
VERTIS,969500CZCUZPRW25BO87,VERTIKAL LIMITED,44852,71.42857142857143
FINANCIERE FLAUBERT,9695005SQWA8Z8I10H35,GLENDOR FINANCE S.A.,19183,64.70588235294117
SOZIYA,969500HWCE13B4Q0AS56,,,0.0
EXPERTISE IMMOBILIERE PROFESSIONNELLE,969500UJUW6U619BS216,SERVICE IMMOBILIERE ET GESTION SAS,38037,59.70149253731343
STILGAR GLOBAL DATA,969500WXE980N58YOR13,GLOBAL STAFFING S.A.,56539,64.70588235294117
BLISS PARTICIPATIONS,969500H1AWNBLWOW4378,COMMUNIST PARTY OF THE PHILIPPINES,7234,55.319148936170215
CIBERT COMMERCE,96950032KW8W25WZEP56,BAKHTAR COMMERCIAL COMPANY,30220,60.60606060606061
ARCAE,969500F69F7H0SXDBH92,"ARCASDENOE, S.A.",58377,66.66666666666667
RL INVEST,9695000Q5HC6TZ3LMB86,"M INVEST, OOO",29101,82.35294117647058
COBO CONSEILS,9695006DJ8DM0JTPTJ28,"PLM CONSORCIO, C.A.",23893,55.172413793103445
HORIZON ENGINEERING PROCESS,96950076EK7IRPYC2S04,LINGOE PROCESS ENGINEERING LIMITED,42899,83.01886792452831
SELARL SOVET,969500CSTORL17L1TY26,32 COUNTY SOVEREIGNTY MOVEMENT,6853,33.333333333333336
SCI DU 62 2 RUE DECANNES,969500N42M2MM1SNN865,DECART OOD,32037,35.29411764705882
CARREMAN INTERNATIONAL HOLDING,969500AHCV5VF08GDB37,AFRICAN TRANS INTERNATIONAL HOLDINGS B.V.,24668,78.78787878787878
FINANCIERE TCONSTANT,9695001YONKVJ3OOEU41,OLAX FINANCE LIMITED,49131,62.5
SALET,969500DZ96PKCTZDZZ89,B K SALES CORPORATION,55876,57.14285714285714
BRESTPORT,969500Z03VPZIJRU3202,BRESTOBLISPOLKOM UVD,31675,48.275862068965516
GROUPE BOREANE,969500DCBBY28S6LPN89,BERATEX GROUP LTD.,27194,74.07407407407408
MAYER & ENFANTS INVESTISSEMENTS,969500FFBJYRZZR42I82,EAST STAR INVESTMENTS LIMITED,42739,72.0
COREL,969500CHISLB7U3MVC40,COREYDAN S.A.,58057,61.53846153846154
ADELPHI,969500C9CN9NBF5JPH98,ADELABAD PRISON,29900,54.54545454545454
L.E.D HOLDING,969500P7CCM3RDMXPS59,LTS HOLDING LIMITED,19045,81.81818181818181
FINANCIERE PATRIMONIALE DE PARTICIPATIONS,9695005GKZ4CCA8ITX37,FONDO FINANCIERO PRIVADO PRODEM S.A.,26591,57.971014492753625
LE BRISTOL,969500Y0P84EOZUPWS60,,,0.0
FINANCIERE CPM,9695001TEVHCNEQKSO77,DCB FINANCE LIMITED,16086,72.0
IMMOSTOC,969500P81UFX59KVNK46,RG IMMOPROJEKT GMBH & CO. KG,44242,45.45454545454546
CASEL HOLDING,9695001A9YCNAW54PF59,CHAM HOLDING,12744,80.0
EURL PERIBOIS MATHIEU,96950059FT4C7GXMED38,PERIDOT SHIP MANAGEMENT,34960,45.45454545454546
CILM HOLDING,969500D625O32RBEVR09,CHAM HOLDING,12744,83.33333333333334
ASSOCIATION ST MICHEL HAUT,969500847ZBQYW0SSI66,HAYAT YOLU ASSOCIATION,57136,70.83333333333333
VALESSENS GROUP,969500A3D6JHVVW2LD96,VANESSA GROUP LIMITED,46872,78.57142857142857
116 CAPITAL,969500HZL6MRYEQ1G739,CAPITAL S.A.L.,28539,77.77777777777779
FAURETHEN,9695008X20OQYAJF1D33,,,0.0
MICKY XVI,969500AT5EBORI7CDO19,,,0.0
AF FITA,969500VMHVSEJIZZGR20,FITAGE LIMITED,54238,61.53846153846154
ALM,969500A5LSC5V56OJF48,,,0.0
MLM INVEST,969500ZASUK4B1KOVJ71,"M INVEST, OOO",29101,88.88888888888889
SOLOMIO,9695008T2A9LW5JCEG74,SOLOS INTERNATIONAL LIMITED,57914,30.76923076923077
AG FIDU,9695007NQIRYRBQW3481,,,0.0
PLC MULTIBAT,969500R90A12EK5WD092,JSC MULTIKLET,39181,70.58823529411764
EXCAP,96950087MU8D90CHB872,,,0.0
KOOPER FRANCE,96950034Y1Z6DATTHH04,ORT FRANCE,10486,78.26086956521739
OCO ENERGIE,969500R9H659DM262563,JSC ENERGIES,45084,73.6842105263158
LSCH,969500M6ULASJ6G17V12,,,0.0
VICTOIRE HOLDING,969500TUCGHJ4LLN4R65,OGC-VICTORIA HOLDING LTD,37452,77.77777777777779
ARCHOLDING,969500EAU6U8NPIU6V91,ARCH CONSULTING,29783,72.0
LE VERBE HAUT,969500O0ET4X6XQGIH57,PALAESTINENSISCH VERBAND OESTERREICH,7918,34.78260869565217
SAREK,969500B1XCN74PP31B11,,,0.0
MATCHI,9695000I5JSNT1FCE933,SHER MATCH INDUSTRIES (PVT.) LIMITED,10607,37.03703703703704
SOFIGO,969500OO66M8FX77BV58,PARKSTROY-SOFIA OOD,31997,31.999999999999996
ESD 7 FFS - COMPARTMENT A,969500AUSOKB6GC14V39,EMMR Y COMPANIA S A S,26986,59.09090909090908
HOLDING AJR,969500Z7N4BUHW4JG315,CHAM HOLDING,12744,78.26086956521739
VRX CONSEIL,969500E2SMBELQJ4LB65,LLC CONSOL-STROI LTD,26505,60.86956521739131
SACHAM HOLDING,969500MD6YO6OXSRKT66,SHAM HOLDING COMPANY SAL,12744,92.3076923076923
MAKEMO PARTNERS,9695000E2HCV4S9PDW48,AMEREUS PARTNERS PTE LTD,40245,70.96774193548387
NILOUTHEA INVEST,9695005QRZBK6FHPS059,OOO TKH-INVEST,40190,69.23076923076923
AH COUVERTURE ZINGUERIE,969500Z3TNRJFSOXAG89,,,0.0
FLORENCE,969500JXIJWZ5FCE1W68,FLORES DTO,21023,55.55555555555556
SC BLUE BIRD,969500W7AOZKLOMFQY88,SKY BLUE BIRD FZE,18134,88.0
MEXENS BIOGAZ ENERGY,9695003UX5EUWTNCN763,A THREE ENERGY FZE,46357,64.70588235294117
2GDCF,969500TQHTV3WF1EK268,,,0.0
QIFU HOLDING,969500W0SJBNEVJ5ZQ42,IFIC HOLDING AG,11628,83.33333333333334
CAMO INVEST,969500D2QEC5SVRL6512,LLC A INVEST,46053,84.21052631578947
HOMICLIP,96950072P5W6D2WS3353,,,0.0
Plastrec Inc.,254900E8VST6C0LWM531,JSC PLASMA,37777,57.14285714285714
FALCON FUND D2 LTD,254900UK4B5MI74BKU71,GRUPO FALCON S.A.,11486,61.53846153846154
"COLUMBIA CHESTER GROUP, L.L.C.",254900UCDR5CROKR0H20,CHEMICAL GROUP,15644,66.66666666666667
"BELMONT 540 APL RKC, L.P.",254900PFJTXBGWQ59568,RUP BELMYTSERVIS,46388,40.0
"OLYMPIA ORTHOPAEDIC ASSOCIATES, P.L.L.C.",254900UOM0Z9Z6OHNR54,ASSOCIATES OF PARTNERS SAL OFF-SHORE,42276,59.375
Northern Trust Collective Russell 2500 Index Fund - Lending,254900G6G1HDMC17Q504,JOINT STOCK COMPANY MANAGEMENT COMPANY OF THE RUSSIAN DIRECT INVESTMENT FUND,34337,50.90909090909091
NORTHERN TRUST COLLECTIVE 0-5 YEAR TREASURY INFLATION-PROTECTED SECURITIES (TIPS) Index FUND - NON-LENDING,2549000BAMJJ4SYRB431,TEHRAN PRISONS AND SECURITY CORRECTIVE MEASURES DEPARTMENT,21805,44.87179487179487
HMD (HMD),254900ZD3RNMPY5H8F71,,,0.0
"Birch Hill Equity Partners (Global) VII, LP",894500T6JZVGN9ZGXK66,MARSHALL CAPITAL PARTNERS,17449,58.06451612903225
"Birch Hill Equity Partners VII, LP",894500T6PJF8A9BCL426,LIMITED LIABILITY COMPANY SIGMA PARTNERS,52715,59.25925925925925
"Centre Square Village 2, LLC",254900TJ9I62Q4P2Y520,CARGO SERVICE CENTRE,46503,60.46511627906976
"INDIANAPOLIS LOGISTICS PARK NORTHWEST BUILDING VI, LLC",254900QX916CT71KEX42,ASIALINK SHANGHAI INTL LOGISTICS CO LTD,49542,56.790123456790134
TACBO (UK) LIMITED,2549008KVJIKCQU06M04,,,0.0
Skytec Supply Inc.,894500T9SEEL1VWXO822,ARMY SUPPLY BUREAU,15486,58.06451612903225
"SCOUT COLD STORAGE MCCOOK, LLC",254900QYYE03DIJJ3Z47,CELULANDIA TALLER & STORE SLRC,48089,49.056603773584904
"Birch Hill Equity Partners (Entrepreneurs) VII, LP",894500T6V2YZX8N88O91,AL HAZMI EXCHANGE KHALED AL HAZMI AND BROTHER COMPANY GENERAL PARTNERSHIP,52307,54.54545454545454
K36 Grundstücksverwaltungs GmbH,2549007J4QFSQQR0NP44,GRUN GROUP CO LIMITED,50135,33.333333333333336
GREEN ISLE SHELL FISHERIES LIMITED,984500FF1E8373EE2B30,WORLD WATER FISHERIES LIMITED,23410,55.319148936170215
RCLN PROPERTY LLC,254900VQA6VFGP3EJB49,"TROLL PROPERTIES, INC.",19187,68.96551724137932
"HUMENS AI, INC.",254900WJSNJYLQ08O309,,,0.0
FONDS DE DOTATION LE HOO,984500877OF79A365565,FONDATION SECOURS MONDIAL VZW,7270,51.06382978723405
ALICANTO DRUGS PRIVATE LIMITED,894500T9MUUTEWL20O66,ALICE COMPONENTS CO LIMITED,50346,46.666666666666664
Kath. Kirchenstiftung St. Laurentius Waldsachsen,894500LYSWJAPOB43C51,WALDAU INVESTMENTS LIMITED,42209,43.75
VanEck China Semiconductor UCITS ETF,254900BOTXBJLTSE6J37,C&I SEMICONDUCTORS CO LIMITED,46712,62.96296296296296
Carsten Liekfeldt GmbH,254900RIYCAK3KYEJT66,SHADI FOR CARS TRADING,17828,40.0
KEATES HOLDINGS LIMITED,98450092EFVE58E7NF36,NORATEC HOLDINGS LTD,49779,77.41935483870968
Smalllook Hungary Korlátolt Felelősségű Társaság,254900OXKD47L5XSBX69,MATRIX METAL GROUP KORLATOLT FELELOSSEGU TARSASAG FELSZAMOLAS ALATT,49780,64.34782608695653
"T.H.A., LLC",254900BQ7Q4L7YP27S65,,,0.0
MERIDIAN SWING TRADING LTD,9845006AF7F43DDC6484,MARANT SHIPPING AND TRADING S.A.,55219,75.55555555555556
Compeas AB,657400R91BT8GBCZJR65,COMPLIGA,48623,66.66666666666667
BTG PACTUAL ETF ASIA SEMICONDUCTORS FONDO DE INVERSION,2549000H42O6KTWP6068,ALEKSANDROVSKY PLANT OF SEMICONDUCTOR DEVICES,50882,60.215053763440864
"OTODATA HOLDINGS, INC.",2549003SG5RF7DGXSK95,KOMANA HOLDINGS LLC,34759,77.41935483870968
COBRA INSTALACIONES Y SERVICIOS SA MADRID SUCURSALA BUCUREȘTI,787200DVJDS1HCCEAH11,TALLER DE REPARACIONES DE AERODINOS SUS PARTES Y SERVICIOS AEREOS S.A.,11417,59.82905982905983
HELIN INVESTMENTS L.L.C.,25490074HD8MJNBJZN28,CEIBA INVESTMENTS LIMITED,58205,82.35294117647058
"John I. Williams, Jr. Revocable Trust Dated 05/21/1990",254900I45QI6OCVT9B10,AL-FURQAN FOUNDATION WELFARE TRUST,7149,46.34146341463414
"CHERRY HILL AND INKSTER SHOPPING CENTER, LLC",254900G0X3CCUN0M6507,KAIRABA SHOPPING CENTER,12455,62.06896551724138
THE TRUSTEE FOR MEH PROJECT TRUST,254900VFUUNJSMVW3873,NORD PROJECT LLC TRANSPORT COMPANY,37062,59.57446808510638
EAWD Aqua Infinita Minnesota L.L.C.,984500E904DCA5EBCN69,INFINITUM ASSET SERVICES,51436,53.84615384615385
Prudential Retirement Plan for Advisors Directed Trust for the Waterfall Asset Backed Credit RPA,254900DVDPHBQP6C5491,PALESTINIAN AND LEBANESE FAMILIES WELFARE TRUST,15492,45.669291338582674
"LG IOF II Fulton, LLC",254900ZER31X7UQUBC11,,,0.0
Nordsan Grupp OÜ,98450008A01C60B08E38,RODINA STROI GRUPP OOO,41515,64.70588235294117
FORD CREDIT BANK,254900ZIBIKAKLPQQN22,NORTH CREDIT BANK,22506,84.84848484848484
"TRADEBOT SYSTEMS, INC.",254900K2ZWYTHK3Z1T03,TOP SYSTEMS LTD.,47513,74.07407407407408
Sudars Capital UG (haftungsbeschränkt),98450040A13DA549C111,SBERBANK CAPITAL LLC,18669,57.692307692307686
ROMFRIEND SRL,254900VKKX3PW99YLA21,,,0.0
Schordje IT Consulting GmbH,984500392B89CC5C8888,DEVICE CONSULTING CO. LTD.,43134,71.7948717948718
PINBOARD LIMITED PARTNERSHIP,894500T50KDS9GOOE027,PORTEASE PARTNERS LLP,58403,64.86486486486487
SONITRON LIMITED,894500T7MSPU45AMIG53,SONIS CO,47415,61.53846153846154
ASSET SEGREGATED SPV 218 IC,254900TGUTHWJMLE9V18,INFINITUM ASSET SERVICES,51436,50.98039215686274
TELECOM ENGINEERING SERVICES,894500T9BRRA4XXAPK49,PROMELECTRO ENGINEERING OOO,46709,70.58823529411764
RECO JEDI PRIVATE LIMITED,254900CU4EVTFBM0TZ02,BARBARO RECORDS,26149,41.666666666666664
9540-4307 Quebec Inc.,254900ZAXWHENANF4Z78,9105 2829 QUEBEC INC,49831,62.5
TM Investment Holding GmbH,9845009C5E4A952FJE04,SPECTRUM INVESTMENT HOLDING,19276,87.5
MXCF B.V.,254900DNAMGABJOMPH45,,,0.0
DILIGENT TECHNICAL SERVICES LTD.,254900OB7ACDTRTO2923,LLC NN TECHNICAL SERVICES,50162,83.33333333333334
"TRES LEGADO LAND COMPANY, LP",2549005G36MS6YX1SG06,LAND METICS SARL,34485,59.25925925925925
"PORT OF DUBUQUE HOTEL ASSOCIATES, LLC",254900047F17YQGQ3983,ASSOCIATES OF PARTNERS SAL OFF-SHORE,42276,58.62068965517242
BC TREE FRUITS LTD.,2549005EIQB79BB04J31,V.R. FRUIT COMPANY,9540,63.63636363636363
Crossbook Desk,254900SKJYZMNUV0NB28,LA CROSSE GROUP INC,11403,46.15384615384615
Angela Holding ApS,9845001A9ECD72B69F33,ATLAS HOLDING SAL,28527,81.4814814814815
PT Polyplex Films Indonesia,984500AWB3LD54A48724,KINOSTUDIYA YALTA-FILM,18654,61.224489795918366
WESTCLIFFE INVESTMENTS LIMITED,254900ZJLLOIR5QMK933,STREET INVESTMENTS PVT LTD,44469,75.0
SKALA INVESTMENTS AS,636700GL2QWVC40S1U80,SATA INVESTMENT COMPANY,28658,87.5
PIERTECH LTD,254900RAUC2EVQG6JX88,PIERA GLOBAL TRADING L.L.C,49684,35.71428571428571
SSM DENTAL LIMITED,254900EJG9IXYFAQKL83,,,0.0
SANFORD,254900PQR5KHW66EXB49,,,0.0
SCP PERPETUAL,2549001084IDDDTX5A06,,,0.0
BULL&BEAR TRADING PTY LTD,25490007PZNCDUOLOM72,"ALLPARTS TRADING CO., LTD.",51166,70.27027027027026
"LOARD, UNIPESSOAL LDA.",254900XHMBP7D3GRAC74,AVENIDAS FLUTUANTES UNIPESSOAL LDA,56754,62.96296296296296
MAJOR77 DI LEONARDO LUCIANO & C. S.N.C.,8156001187234C875323,OCEAN LEONID INVESTMENTS SINGAPORE PTE. LTD.,54870,44.776119402985074
CERVED ESG RATINGS S.R.L.,815600A44C27DE2B6C21,LIMITED LIABILITY COMPANY GORA GOLDEN RATIO,47827,35.55555555555555
TAK TERHENTIKAN SOCIETA' A RESPONSABILITA' LIMITATA SEMPLIFICATA,815600049B023AC87604,BAJER SOCIEDAD DE RESPONSABILIDAD LIMITADA,26469,59.4059405940594
RSA SETTEBAGNI S.R.L.,8156006BD2826D3B7365,ASHDALE SETTLEMENT GERCO SAS,34057,47.36842105263158
AUTOSCUOLA TARONI S.R.L.,815600DB666845725875,AUTOS MINI,12531,59.25925925925925
TERENZICONCEPT SRL,815600C98060B94BEF81,BOSQUE DE SANTA TERESITA LTDA.,11783,30.000000000000004
"PAPILIO US FINCO, INC.",2549007BR2CYP63T9160,FINCA LOS TRES REYES,16637,50.0
GC CASTELLAMMARE SRL % GC CASTELLAMMARE GMBH,815600A0976E25B44325,MINERA LA CASTELLANA Y ANEXAS S.A. DE C.V.,11001,51.61290322580645
VALENTINI VALERIANA,8156005EB05D953B1F65,"VALERIAN LABS, INC.",45314,62.5
Wellington Private Investments Opportunities (Cayman) 9 L.P.,98450094859E73C3BE94,BANK MELLI IRAN INVESTMENT COMPANY,25421,59.154929577464785
Wellington Private Investments Opportunities (Cayman) 10 L.P.,984500880UA8EC7BA818,BANK MELLI IRAN INVESTMENT COMPANY,25421,58.33333333333333
BK PLUS EUROPE LTD,2549005IFGCZ7GWQ5740,PETRO PLUS LIMITED,23203,66.66666666666667
VSK DIAGNOSTIC ULTRASOUND & HEALTH CARE CLINIC,894500TAEKLNLT8GAG49,LIMITED LIABILITY COMPANY ULTRAN ELECTRONIC COMPONENTS,48587,48.78048780487805
S.S.CHAHAR CONSTRUCTION CO.,894500TA911VYTWKMW89,FURAHA CONSTRUCTION PVT LTD,44459,80.0
HARSUKHLAL SHANTILAL LIMITED,2549000B74OQUFPUI414,SHANGHAI TECHINICAL MATERIALS CO,49835,53.06122448979591
PICCHIO COMPANY LIMITED,254900A4FP0HFKAGOZ04,,,0.0
NEKSTA CONSULTING S.R.L.,7872007QA5PNKIHZ0430,KONEISTO CONSULTING,42729,83.33333333333334
CapHold GF ApS,984500DE55155FCF5929,,,0.0
Wellington Private Investments Opportunities (Cayman) 8 L.P.,984500575E7TE3LE6E54,BANK MELLI IRAN INVESTMENT COMPANY,25421,59.154929577464785
WENOVA KAIROS SECONDARY,9845004U02AK8CE78B14,KAIRABA SUPERMARKET,12455,47.61904761904761
SMART AND EASY,8755009BNW56KX1OYH69,SMART PEGASUS,24744,78.26086956521739
Descopedia Management SEZC Ltd.,254900QA0T392A1XIT78,ENSA SHIP MANAGEMENT PVT LTD,54989,69.56521739130434
B. Evan Burns Revocable Trust,254900PVYPKR97M7YP15,TRUST INSURANCE SERVICES S.A.L.,27191,57.692307692307686
"Old Dam Neck, L.L.C.",254900Q9YI74NYMY3648,,,0.0
"SPICE OPPORTUNITY - IDFI, LP",25490035DAKDLIHSMT65,SPICY CODE COMPANY LIMITED,43439,37.5
"HPIV Cincinnati, LLC",2549009I8UFFZZ2Z5Y33,,,0.0
TRASTU PIETRO,8156006985FF0E89E025,TRAST KONG OOO,43249,60.86956521739131
Fredrik Larsson Skogsmaskiner Aktiebolag,9845008A79E8C47D3E43,EUROPAISCH-IRANISCHE HANDELSBANK AKTIENGESELLSCHAFT,25684,43.956043956043956
Harrison Jelbert,254900E91V3IEQ5DN984,HARRY VICTOR SHIP MANAGEMENT AND OPERATION L.L.C,51056,33.333333333333336
259 Geary Avenue Inc.,254900F9MQOCTW8POW18,1425 BRICKELL AVENUE 64E LLC,20262,55.00000000000001
Stella Läkarpraktik AB,254900J1B320U4TOHE18,STELLAR WAVE MARINE L.L.C,49624,52.63157894736843
THREE SISTERS CAPITAL LTD,984500B74979A99B4421,SEPTEM CAPITAL LLC,34748,68.57142857142857
MB NIERUCHOMOŚCI SPÓŁKA Z OGRANICZONĄ ODPOWIEDZIALNOŚCIĄ,259400VI9YB9Y3EWYE98,CALLLYNC SPOLKA Z OGRANICZONA ODPOWIEDZIALNOSCIA,57210,78.84615384615384
NETWORK MERCHANTS LIMITED,254900AJSWTXAL1A1L11,HAQQANI NETWORK,15484,68.75
"Arthur Douglas Jumper, Jr. Combined Trust",254900ZQIDF0LLO5UT44,LLC AMUR METALLURGICAL COMBINE,49391,49.23076923076923
GIBBS-SANDTECH LIMITED,984500B07X44862F6010,SANDAIME KODO-KAI,17787,45.16129032258065
PEPPERSMITH LIMITED,9845008FBFC98X839B90,,,0.0
"CH DOF I-BARANOF SS STOCKTON SANGUINETTI, L.P.",254900GZ4TI5X4A7WK15,JOINT STOCK COMPANY NS BANK,51825,54.23728813559322
Kim-Tam Logistics Inc.,894500R4YFEHI6966092,LLC AM LOGISTICS,50960,75.86206896551724
FIDERE TECNOLOGIA LTDA,984500D4C7A6OUF95007,"SMT TECNOLOGIA, C.A.",20256,66.66666666666667
"Riverbank Holdings, LLC",894500PDIP66HUAWL480,RISEONIC HOLDINGS LTD,44286,74.28571428571429
Griffin Landing LLC,254900EYSY5WE918BX03,GRIFFON FZC,46647,54.54545454545454
GILDEDSYNTAX - UNIPESSOAL LDA,984500EBDB2E63AC9816,AVENIDAS FLUTUANTES UNIPESSOAL LDA,56754,65.57377049180329
The Trustee for Karter Property Trust,2549002CG7J3GEMLSR83,SMILE PROPERTY AND TRAVEL LTD,26466,56.00000000000001
HYPERFLIGHT LIMITED,984500F1DB1D7C715K83,HYPEREL FZCO,45745,52.17391304347826
"Painswick Capital Falcon Holdings, LP",254900CMMTGSM4EZ2221,VTB CAPITAL HOLDINGS CLOSED JOINT STOCK COMPANY,18729,69.44444444444444
SVAF II UK Propco 2 Limited,254900ES84VX52JQDS80,DREW PROPERTIES II PTE. LTD.,55572,48.64864864864865
SVAF II UK Propco 1 Limited,254900HWSQXQHO6FQN06,DREW PROPERTIES II PTE. LTD.,55572,48.64864864864865
SVAF II UK Propco 3 Limited,2549000V43PQDML8GR83,DREW PROPERTIES II PTE. LTD.,55572,48.64864864864865
SERVIRAD - DIAGNÓSTICO RADIOLÓGICO LDA,9845008C414EJ614D498,LIMITED LIABILITY COMPANY FORT DIALOG SERVICE,47493,55.38461538461539
LAKESHORE VENTURES INC.,529900JXQMWO7WR6V105,PARK VENTURES SAL,42331,70.96774193548387
DODICESIMA S.R.L.,815600A31E32A63AD342,,,0.0
SSREE ELECTRICALS GLOBALS LLP,894500T7XVTDE3YDTK19,GOLDI ELECTRONICS S.A.,12547,61.904761904761905
BHUTORIA DEALERS PVT LTD,894500T8V53Z7ZXNQW73,THE ASSOCIATION TO DEAL WITH PALESTINIAN AND LEBANESE PRISONERS,15492,30.98591549295775
NORTHLANDS INTERNATIONAL,8156003C4A95E7508550,WORLDFAST INTERNATIONAL LTD,25843,80.85106382978724
uusi oy kohiwood ltd,894500T8K20FY19WFS79,,,0.0
PAROHIA BUNAVESTIRE BELU,984500651C0F06DF6928,PAROS MARITIME S.A.,56850,47.36842105263158
SUPERB DESIGNS PRIVATE LIMITED,894500T83FD513A9H421,LLC RM DESIGN AND DEVELOPMENT,44000,57.14285714285714
TIRUPATI ENCLAVE PVT LTD,894500T8PLK7L0LS3C60,,,0.0
Leverage Shares 2X Long ByteDance Daily ETF,529900Y4RQ7YT952EK77,GREAT SHARE INTERNATIONAL LOGISTICS LIMITED,46737,46.15384615384615
Leverage Shares 1X Short Waymo Daily ETF,529900WOVELT2IVE5W24,SHERKAT-E IRAN VA SHARGH,16020,50.0
Kawartha Metals Corp.,894500T68WRXDBBPMG06,BROTHER METAL S.A.,57112,64.28571428571428
BFL ApS,984500Q3F43CFCCF4888,,,0.0
Metalltechnik Pittler Gmbh,894500T70MIRK7Z3W846,METALL SPRINT,47527,58.82352941176471
V & V S.R.L.,8156008F68F5DF9CA956,,,0.0
Generationenwerk e.V.,984500B73TD3A7F15C87,DAMAVAND POWER GENERATION COMPANY,25622,68.18181818181819
"CIDINSA, S.A.",9598006TJZS7L9W38G88,,,0.0
Henrik Fexeus AB,636700RPLK9B5RZ1NU46,,,0.0
SILVER-INVEST AS,636700C2K8TAICGMTO92,SOLAR-INVEST LLC,37087,80.0
FLYING KITE SOLAR LLC,254900YHC4ZV9E3ZER27,SOLAR-INVEST LLC,37087,62.06896551724138
"PEAW TEN OAKS LAND CO, LLC",254900HVDO7ERU1AKT69,SERGIEVO-POSAD LAND,34677,54.054054054054056
Garbarino Construction Inc.,254900XZEVK36EH1HW85,MEAMMAR CONSTRUCTION,29784,76.19047619047619
REPARACIONES Y MANTENIMIENTOS HERMANOS DOMINGUEZ S.L,959800CARN2R8Z82SH90,"OBRAS, SERVICIOS Y MANTENIMIENTOS C.A.",12437,59.77011494252873
INTRALOT HOLDINGS UK LTD,254900O2MYLFT600L478,HOLDING COMPANY INTERROS OOO,38240,72.22222222222221
HOBBY GARDEN SOCIETA' IN NOME COLLETTIVO DI GIANFRANCO PASTORELLI & C.,529900NHQK3AR2ZPRR28,REVIVAL OF ISLAMIC SOCIETY HERITAGE ON THE AFRICAN CONTINENT,7149,47.05882352941176
FAVEO ApS,9845003C6853ALEA9454,FAVELAB,54921,66.66666666666667
STOPCHURN LTD,648800IE0DGOFPDL0I35,STOP-IMPERIALISM,36139,31.999999999999996
SHAWBORO SOLAR MEMBER LLC,2549003MQ4SYX2TENJ68,GHADIR MEHRIZ SOLAR ENERGY,25950,55.319148936170215
Independent Platform S.A. SICAV-RAIF - 89 Equity Capital,636700RZGMU0KEXJR387,41ST CENTRAL RAILWAY EQUIPMENT PLANT,50244,56.470588235294116
RISING SUN S.R.L.,815600E9FE5ECE3FBB25,RISING TIDE SHIPPING CORP.,39671,60.0
QUADRUS SAND HILL LLC,2549006MP9KM0AFE9265,SANDAIME KODO-KAI,17787,47.05882352941176
Tauri Marketing,984500C89B0B7N7CPF16,STAR MARKET MELANYE,26796,64.70588235294117
"PNHC, UAB",64880075OXQNVXAT7C92,,,0.0
ASHOK KUMAR DHIRI,64880084HMWPX4DQPW45,A Y A UNIVERSAL DENIZCILIK KUMANYACILIK LIMAN HIZMETLERI ITHALAT IHRACAT LIMITED SIRKETI,48424,26.80412371134021
SAINI CONSTRUCTIONS,6488008Y7DBPG6GGC043,SULTAN'S CONSTRUCTION CC,39541,79.06976744186046
OMANG ENTERPRISES,648800W0DQRI8LJSXA72,LORA ENTERPRISES LIMITED,23270,84.84848484848484
BABAMANI ROADWAYS AND BOREWELLS,648800L3G87A6JXOAG64,TOWLID ABZAR BORESHI IRAN,15632,50.0
Gregor Tomitzek Holding GmbH,25490002HO40POP3RS58,NORTH GROUP HOLDING CORP.,16859,66.66666666666667
PRIMOS SRL,529900TGCCMNW7SX8I94,SISU PRIME LIMITED,57512,62.5
MOTACHI INDIA PRIVATE LIMITED,894500T7H962H5YQUW92,INDIAN MUJAHIDIN,12914,68.96551724137932
NORDFILM Packaging Korlátolt Felelősségű Társaság,648800SJWW8E3405UW45,MATRIX METAL GROUP KORLATOLT FELELOSSEGU TARSASAG FELSZAMOLAS ALATT,49780,60.3448275862069
OT-Con Oy,894500T7BPMAU6MV7C58,,,0.0
Kate Jones Consulting,894500SIZWUZZ4HXTK73,KONEISTO CONSULTING,42729,80.0
DATA SERVICES S.R.L.,815600160FFEE9FB5107,DENVAS SERVICES PRIVATE LIMITED,50786,78.57142857142857
SRC CP LTD.,254900RURRVI946Y7N10,,,0.0
Cambial Partners Investments SP I,254900RNUBEYDIYE8538,PRINCE HUAN YU CAMBODIA INVESTMENT CO. LTD.,55984,71.875
Salmaris AG,2549007ADPCF40KIAB52,,,0.0
SAI AASTHA DEVELOPERS,648800CY4Z9IFL59DS66,"SOHO DEVELOPERS, INC.",19151,66.66666666666667
Oak 1 Property S.à r.l.,6367006YBTLBZ7JALM49,"TRY PHEAP PROPERTY CO., LTD.",28050,61.53846153846154
ADVANCED BIOFUELS OF IDAHO LTD,2549004KRLLD1VNH5B27,GSK FOR ADVANCED BUSINESS CO. LTD,45288,63.63636363636363
STAR INFRASTRUCTURE DEVELOPERS,648800WU4MQS70OVTM20,LLC RKS INFRASTRUCTURE,46038,66.66666666666667
MPM SOLUTIONS,648800BNOEZREHAO4I88,B AND P SOLUTIONS PRIVATE LIMITED,53882,84.61538461538461
logWEST GmbH,894500T7662J77AZJS12,,,0.0
LETO SEGREGATED PORTFOLIO,254900B19348UZ7ZPM58,THEODOSIA MERCHANT SEA PORT,18321,53.84615384615385
RGK INVEST AS,2549002AX1SXQS27IJ16,OOO TKH-INVEST,40190,80.0
LEADERSHIP SYMPHONY AS,254900W2B38466VZQ995,NS LEADER SHIPPING INCORPORATED,47370,64.86486486486487
NORIGIN MEDIA AS,254900C3NXUZFOSGVT65,NOVYI VEK - MEDIA,23246,64.28571428571428
Sarath Babu Amara,6488006U3WM4JF3VRR53,AL-AMAQI LIL-SARAFAH COMPANY,20820,58.82352941176471
TARUN GUPTA,648800FVZW9SC65FJR70,,,0.0
Arx Ladoga Oy,64880015COG0A6Y92K89,LADOGA OOO,37023,75.0
VIJETA PAHUJA,648800MYH7GGEBUS6W41,,,0.0
RAKHI TRIPATHI,648800OXBEYXTBQWFP31,DOTONE TRIP,58182,40.0
"Sabiedrība Ar Ierobežotu Atbildību ""Omnigym Latvia""",254900ETNMAEJHGEDL77,SABIEDRIBA AR IEROBEZOTU ATBILDIBU 'FALON INTERNATIONAL',25000,77.66990291262135
Ehlers Holding UG (haftungsbeschränkt),984500UBR69C38D48B54,BELARUSIAN CEMENT COMPANY HOLDING,46478,55.73770491803278
"UP COLUMBUS OHIO STATE OWNER, LLC",2549000J2MXJFLWZZK54,STATUS COMPLIANCE,45047,53.333333333333336
Wolle Betriebs GmbH,894500SXGYH5ZDILBS26,,,0.0
COLTUR SL,984500CF6F01EDDFE187,,,0.0
PURUSHOTAM BAHETI,648800P7PJSLEVVDB776,,,0.0
KARTHIKEYAN PAVITHRA,648800HSFGK487IB1E83,TAMOZHENNAYA KARTA,34502,47.36842105263158
RAHUL RAMESHLAL SATWANI,648800ZKLPQZ2OCQ3Q81,AO RAMEK VS,48507,47.05882352941176
BSL-19,64880028UYKJ63G6OY28,,,0.0
SHIB SHANKAR SHAW,648800EKR4VYCKVPKS89,VTB BANK PJSC SHANGHAI BRANCH,17013,53.65853658536586
NEETI MALHOTRA,6488005D3H9U97N78I86,,,0.0
DEFENSOR TECHNOLOGY SERVICES LTD,25490089XZA11O9FHP09,DIVE TECHNO SERVICES,24647,75.0
ASIM KUMAR CHATTERJEE,648800GI8PD7FAMLYN91,CHATEXTECH SIA,33856,45.714285714285715
SH Holding GmbH,529900WYI996U1PMO018,SHAM HOLDING COMPANY SAL,12744,90.9090909090909
RAMJI LAL JAIN,648800OVQMNLYWJ1FY33,,,0.0
ZUPERCT INTERNATIONAL LIMITED,2549005H3PDI38GTDS69,NPC INTERNATIONAL,11620,84.21052631578947
S V TECH ENGINEERS,6488001IVUFAAWLROY19,INTECH ENGINEERING LTD,44845,72.22222222222221
168 Main LLC,254900P21UPVD035HU61,MAIN CHAIN,51322,55.55555555555556
JIWAN JYOTI SEVA SANSTHAN,648800PXDBODFMI82582,SEVASTOPOL MERCHANT SEA PORT,18322,49.056603773584904
ADH SRL,5299005H627FK5FWYK46,,,0.0
NISCI S.R.L.,815600143D0333B6B841,,,0.0
VOF Temptation,894500T5SA4MGDC2NS92,LOS CABALLEROS TEMPLARIOS,15838,35.89743589743589
KEO Seed SMA SV S.à r.l.,5299007R0T4WRGDQXU73,,,0.0
Harmónia Tata Kft,894500T4V0U0MHCSQG36,HARMONIC STATE LIMITED,55472,70.96774193548387
DEEP GUPTA,6488001SQPYCR0ZWSC73,DEEP CURRENT SHIPPING L.L.C,56394,38.70967741935484
SONAL EDUCATIONAL SOCIETY,648800V8JXWAXH76DJ74,LIMITED LIABILITY COMPANY URAL EDUCATIONAL RESIDENCE,47899,65.57377049180329
Wind Logistyka sp. z o. o.,894500T6EGBP0ANLA078,ZR LOGISTICS SAL,37677,56.25
Dycon Tech Verwaltungs GmbH,9845002FA88465468115,MAZIXON VERWALTUNGS GMBH,48292,68.29268292682926
RAJ RAJESHWAR ESTATES LLP,64880092YJ8NU9DC7H07,SOVA REAL ESTATE LLC,35328,64.86486486486487
LABDHI JEWELLERS,648800JGRSUZ6NB1X080,KHALIDI COMPANY FOR JEWELRY,24760,64.51612903225806
LNRA Trading Ltd.,9845006D14OA079H6017,LERMA TRADING S.A.,19044,88.0
ARTEMIS ELECTRICALS AND PROJECTS LIMITED,648800604Y3UPNT9JE62,KHARID-E BARTAR ELECTRONIC PARS,49918,61.01694915254237
ZANA & MELES S.R.L.,894500T63D85QBZTYW96,SAMOSTALNA ZANATSKA TRGOVINSKA RADNJA PRIZMA,33987,29.629629629629626
AKARA ENTERPRISE LLP,648800G0OYRMNGMNWC33,ANFASAR ENTERPRISES S PTE LTD,39358,75.67567567567568
DHAVAL JAGDISHBHAI SHETHIYA,648800V4OERJMPR62864,SHETAB GAMAN,12956,41.02564102564102
"3504 N Whistler Lane Fee Owner, LLC",25490025BQ8S4HUZI597,YAKERA Y LANE SAS,56339,37.2093023255814
REDDER & VATHEUER GMBH,2549001XSN05XFJS0802,,,0.0
ASHOK TUKARAM MANDAWADE,6488001Z5M90V6VZ8671,MANDEGAR BASPAR KIMIYA COMPANY,17238,48.88888888888889
RAJESHWAR ASSOCIATES,648800KZ3X73O1LOTX88,RAHMA WELFARE ASSOCIATION,20981,66.66666666666667
CHANDRA MOHAN OJHA,6488003LW2ABQANL4411,MOHAMMED ALI AL THAWR EXCHANGE,52304,53.333333333333336
ANC GmbH,9845004E1VA9B51CF356,,,0.0
SRI MAHA BHADRAKALI SEVA TRUST,648800VFZH8UC1EOUA32,KALA PENSION TRUST LIMITED,11637,58.33333333333333
MURLIDHAR TEXTILES PRIVATE LIMITED,648800M3468KCKU20481,HEJAB TEXTILE COMPANY,30398,64.51612903225806
Almacenes y Depositos Portuarios SL,529900YPWMLONKO9S064,ALMACEN ELECTRO SONY STAR,12975,53.333333333333336
AMBUROSE THANGASAMY SELVANAYAGAM,64880066QXM9OV61Y681,TRANSPORTES AEREOS UNIDOS SELVA AMAZONICA S.A.,11418,41.0958904109589
KS Energie- und Ressourcenmanagement GmbH,529900ILCGCBHPY4QW19,PKP SEGMENT ENERGO,49195,56.60377358490566
Ariomori Investment PT Limited,529900DUA21ZCVA5FG58,GHADIR INVESTMENT COMPANY,16034,71.7948717948718
Galerie Geißler Bentler GmbH,529900I8QECFUNUXM602,GALERIA PAGE,10052,50.0
The Future Fortune GmbH,254900GYRSZW8ZA99L35,CONGO FUTURE,12454,69.23076923076923
SCORDA PHARMA PRIVATE LIMITED,648800AI64KBX2XAI960,SANOVERA PHARM COMPANY SARL,28538,74.07407407407408
"AK Matyšák, S. r. o.",2549005CCQ1J6RNWIY32,,,0.0
VELAYUTHAMPILLAI SANKARAN,648800N9K8JXAVRDBF37,VELA-MARINE LTD.,24833,44.44444444444444
PATNALA CHANDRA SEKHAR PATRO,648800MPEZH6XRPR5M64,SEKHTA EPANASTATON,12605,56.52173913043479
SONDRIO DISTRIBUZIONE S.R.L.,529900D4YWVAYQLTD620,KORUS DISTRIBUTION LIMITED,34638,71.7948717948718
RBSH NLI LLC,254900QP2X2TFZXB6S32,,,0.0
CREON CAPITAL,875500GOI1WVGNR5NX68,PROGLAN CAPITAL LTD,23264,78.57142857142857
ANABASIS FUND S.A. SICAV-RAIF,815600A2CB916EA7CC71,SBERBANK FUND ADMINISTRATION LIMITED LIABILITY COMPANY,34542,48.38709677419355
THE ROYAL REGENCY,648800I95CQWTUHYYI78,ROYAL ARYA CO.,16027,69.56521739130434
Foster Industries B.V.,724500UFGIHEGAHWHI10,FARASAKHT INDUSTRIES,11198,75.67567567567568
Wow Longevity Hotel SL,52990077UGTPH4SNDW15,TAI LONG HOTEL,11307,61.111111111111114
VAIM S.R.L.,8156000BBEE03F68CA98,,,0.0
VTMR VENTURES PRIVATE LIMITED,648800AVWRY9P2Y1R890,VROOM MARINE VENTURES FZE,54048,64.70588235294117
POHERE INVESTMENTS SOCIEDAD LIMITADA,894500T5XTOE3CNYBC08,OCEAN LEONID INVESTMENTS LTD,54863,66.66666666666667
GREENSTACK ENERGY PRIVATE LIMITED,648800XH27PIQ9L7NY98,MESBAH ENERGY COMPANY,25653,66.66666666666667
"סלע נכסים בע""מ",98450078TECE876F6193,,,0.0
SKYWAYS INFOTECH PRIVATE LIMITED,648800LIBVXS4TTBBV87,LLC MECHEL INFOTEKH,50345,51.61290322580645
HIMYOUG TUFF GLASS INDUSTRIES PRIVATE LIMITED,648800SNNULTA3Y86T28,TIVA GROUP INDUSTRIES,16524,64.0
Dominus Family Capital S.à r.l.,25490073U6OIIOG79U78,RT-CAPITAL LIMITED LIABILITY COMPANY,37790,61.224489795918366
Walnut Capital,25490032T6G1GYAJXQ19,RT-CAPITAL LLC,37790,75.0
PRAKASHGANGA STORAGE PRIVATE LIMITED,648800W66G54ITZY7P62,YANGSHAN SHENGANG INTERNATIONAL OIL STORAGE CO. LTD.,55262,53.968253968253975
CC&L Q Canadian Core-Alpha Equity Fund,894500SLGLNA6TS0AG60,ANYANG CNC FORGING EQUIPMENT CO LTD,48809,48.484848484848484
"E Stockton Blvd IOS, LLC",254900TG3MT9UZZS7993,CLOSED JOINT STOCK COMPANY NORSI TRANS,41066,57.14285714285714
CONTRAF Wohnungswirtschafts-GmbH,5299001NW7DS59122037,WUHAN HUAZHONG NUMERICAL CONTROL CO LTD,51186,47.45762711864406
ZYRA LIFESCIENCE PRIVATE LIMITED,648800UP76XKBL44GP47,SHREYA LIFE SCIENCES PRIVATE LIMITED,51297,77.77777777777779
SLGI MFS Blended Research International Equity Fund,894500SLB23IJUG4MW29,BENEVOLENT INTERNATIONAL FUND,7322,62.5
AGRG REALTORS PRIVATE LIMITED,648800IUO438T7NG3Y24,AKALI REALTORS,54356,74.07407407407408
A CONSTRUIR ARQUITECTURA Y CONSTRUCCION SOCIEDAD LIMITADA,254900MA65Y3VRUG3H58,PARS BANAYE SADR INDUSTRIAL CONSTRUCTION COMPANY PJS,35998,55.670103092783506
RESIDENT Immobilien-Investment Verwaltungs GmbH,529900L1XU32GJ5T6Q08,OZEAN IMMOBILIEN PROJEKTENTWICKLUNG VERWALTUNGS- GMBH,44198,69.6629213483146
PIXIE AGRO INDUSTRIES PRIVATE LIMITED,648800IB22ZVYELHZR16,TIVA GROUP INDUSTRIES,16524,76.19047619047619
FABRIC ok B.V.,724500MO8P79VYMO2D07,OOO FABRIKON,50897,70.58823529411764
NICE WEDDING CARDS PRIVATE LIMITED,6488000BLTYX3S6VBF29,AL-CARDINAL INVESTMENTS COMPANY LIMITED,27593,47.36842105263158
ESGAROT INVESTMENTS SA,894500T5H7136EOBCO94,ARP INVESTMENTS LIMITED,49151,82.35294117647058
JAI RAMSARA TUFF GLASS INDIA,64880071576CO8B5LB82,JOINT STOCK COMPANY RUSSIAN GLASS COMPANY,49469,52.83018867924528
3109 LLC,254900WHKYCAJDA39U74,,,0.0
Noucose B.V.,724500IFOUXSQ85KWI78,,,0.0
SLGI MFS Blended Research Global Equity Fund,894500SKZYZZ9VSDBS90,SHAHID ESLAMI RESEARCH CENTER,23432,54.794520547945204
KRISHNAM DIAMOND AND JEWELLERS PRIVATE LIMITED,64880005D8GET9589D77,FIZA GOLD AND DIAMOND JEWELLERY L.L.C,52098,60.37735849056604
M&G Private Market Funds 1 SCSP SICAV-RAIF,2549004NQHJ8D45O2W91,"TSUNAMI RELIEF FUND -- COLOMBO, SRI LANKA",10486,47.887323943661976
JO Holding GmbH,529900PD68AP4PIYD742,O.H.G. HOLDING SAL,50520,85.71428571428572
PLSC HOMES PRIVATE LIMITED,64880015WOFBE0LC5I95,NFT HOME DMCC,58259,55.55555555555556
Fred Ribot Holding B.V.,724500TN9R8267GZV269,RB HOLDING LIMITED,42744,71.42857142857143
BABLI SHARMA,6488007QA0JPHBF6JT02,OOO ABSOLYUT SHAR,45695,64.0
Tonina B.V.,894500T5MQKUTE070846,,,0.0
SHREE ANNAAIE TRAVELSS PRIVATE LIMITED,6488002W5LU1KEGSC789,KANAAN TRAVEL,10894,62.857142857142854
"PRZEDSIĘBIORSTWO ""HYDRO-TECH"" KONIN Bigosiński Piotr",2594001DELLLL0Z4SH42,JOINT STOCK COMPANY RADIO CONTROL TECHNOLOGIES,48660,50.0
ENTENTA SPÓŁKA Z OGRANICZONĄ ODPOWIEDZIALNOŚCIĄ,25940019XW32Z9KNXT95,INTER-TRANS SPOLKA Z OGRANICZONA ODPOWIEDZIALNOSCIA,42725,85.71428571428572
NagpurAI Infrastructure Labs,391200TFMICM0IG9IG89,LLC RKS INFRASTRUCTURE,46038,69.56521739130434
Jarosław Łukasiewicz Fundacja Rodzinna w organizacji,25940019UY9G4SPFLN21,NEJAAT SOCIAL WELFARE ORGANIZATION,27967,51.162790697674424
HARGASSNER HOLDING POLSKA SPÓŁKA Z OGRANICZONĄ ODPOWIEDZIALNOŚCIĄ,259400QQ9WV8M06USD15,ROSETTA GAMING SPOLKA Z OGRANICZONA ODPOWIEDZIALNOSCIA,56336,80.67226890756302
IGNITE ACCESS UGANDA LIMITED,984500C06583CAB6CA78,UGANDA COMMERCIAL IMPEX,10146,55.81395348837209
Rakhi Manoj Nimodiya,648800MCKCCRFLV49U11,MANOMETR OOO,46641,42.85714285714286
GALAXIANSH RICE PRIVATE LIMITED,64880076RW6BYLYEUU83,"GALAX TRADING CO., LTD.",815,57.14285714285714
MAMTA ARORA,648800J92CPDYPMF1184,,,0.0
"AEDIFICARE NOVE NEGOTIUM, S.L.",894500T563XJWG0K1K32,"NEGOCIOS JIMAR, S.A.S.",58381,53.65853658536586
АЗЮР АЛИАНС,984500U78C8DA7D12B36,,,0.0
RAHUL KUMAR CHOUDHARY,648800KH34GQ4UR9W560,NABIL CHOUMAN & CO,46170,52.94117647058824
CapMan Nordic Infrastructure III SCSp,529900GTY2DRVIO5P340,LLC RKS INFRASTRUCTURE,46038,61.81818181818181
MANOJ GUPTA,648800BGW1DTR7IFS143,MANOMETR OOO,46641,42.10526315789473
NSR PROPERTY HOLDING LLP,648800ZUC5R9NNGKG298,NOOR HOLDING SAL,28168,68.75
Kyleam Holding B.V.,894500T5BNHBJFCFP425,MIKAM HOLDINGS LIMITED,37765,78.57142857142857
BS7 LIMITED,984500388K6B069DBA76,,,0.0
HENHAO IMMOBILIARE SRL,8156009F38B74FF36904,SERVICE IMMOBILIERE ET GESTION SAS,38037,54.16666666666667
Benthack Familienstiftung,3912001W2FS6YGWWSS05,LEBANESE AND PALESTINIAN FAMILIES ENTITLEMENT,15492,48.484848484848484
سوارد للستثمار ذ.م.م,254900FC2KCQFWCR9849,,,0.0
Surf Kiosk,984500DX69A9S0DD8A44,SEA SURF SHIPPING LIMITED,56932,44.44444444444444
لوكسورا للحلول ش.ذ.م.م-منطقة حرة,984500B0CF876F8CAC75,,,0.0
OLIVER GEORGE CONSULTING LIMITED,984500AD88F0C77E8797,VERUS CONSULTING GROUP,44544,73.91304347826086
Abigayil Caroline Chandra Discretionary Settlement 1,254900WSYTMBYT3IGE92,INTERNATIONAL SETTLEMENT BANK LLC,50604,59.25925925925925
JAMI NAVEEN KUMAR,648800VTLR5Q7CBG4868,JAMI'A SANABIL,7919,51.61290322580645
"SAXONIA - MARKETING E TRADING, SOCIEDADE UNIPESSOAL, LDA (ZONA FRANCA DA MADEIRA)",529900G5RU81D6OY7V36,MARTEN EA TRADING INSAAT VE DIS TICARET PAZARLAMA LIMITED SIRKETI,48843,53.03030303030303
GANISETTY BALAVENKAT,6488009KWWR4ITJPA508,INFOTECH BALAKOVO LIMITED LIABILITY COMPANY,47632,51.06382978723405
TARVINDER SINGH GURCHARANSINGH MOKHA,984500EU8CCB53EDBA59,SANAYE MOKHABERAT IRAN,11181,48.275862068965516
PRISM ARCHITECTS AND INTERIOR DESIGNERS,64880042NGORYHMUF286,AFRICAN TRANS INTERNATIONAL HOLDINGS B.V.,24668,56.33802816901409
Advokatanpartsselskabet TRB,648800ZF9TPWJ5JA2R53,WELFARE AND DEVELOPMENT ORGANIZATION OF ADVOCACY GROUP TO THE KORAN AND SUNNAH,21391,33.333333333333336
FRAKTIS MARKES LTD,894500T4PHA8ZI0X2W38,AL-KHAIR MARKET,23051,61.53846153846154
Infravadis GmbH,529900QISRZR1UZLSZ26,JSC INFRAVEB,35001,66.66666666666667
JAK MARITIME & LOGISTICS INDIA PRIVATE LIMITED,64880048A8YXHKZ1EC92,PRIMORYE MARITIME LOGISTICS CO LTD,24450,65.45454545454545
CRU2 LTD,984500B37D7995F96715,,,0.0
4TH WALL CONSTRUCTION LTD,984500C42E01DA3C0391,ARIA ROYAL CONSTRUCTION COMPANY,16027,72.72727272727273
WITHOUTBARRIERS LIMITED,98450072FFB145A15956,GREEN WITHOUT BORDERS,44619,38.888888888888886
SYNTESSERA LTD,98450078C9DFBCA9B895,MILLAB SYNTHESIS,47623,53.84615384615385
SOCO INVENT A/S,648800EC181M2Q0YQX83,EAST STAR INVESTMENTS LIMITED,42739,61.111111111111114
INDEPENDENT AQUA MARINE FOODS PRIVATE LIMITED,6488001YVNC75OWSFD41,INDEPENDENT INSURANCE GROUP LTD,40878,60.71428571428572
TANDLÆGEHOLDINGSELSKABET RUZBEH ASBERT ApS,648800G9TCMQCOKPV308,OBSHCHESTVO S OGRANICHENNOI OTVETSTVENNOSTYU TD ASBEST,36468,39.13043478260869
GILLZ COLD STORAGE,335800I1IR6UDWS3VE69,CELULANDIA TALLER & STORE SLRC,48089,52.17391304347826
SIRAJ,648800XR4PR3N4ZCCB86,SIRAT,8225,80.0
Trojlsgaard Holding ApS.,6488004NR0UOHGFF9M63,STROYTRANSGAZ HOLDING,16830,70.0
MADISON INTERNATIONAL,6488005IWNJ511EZAR25,MOBIN INTERNATIONAL LIMITED,29622,85.0
IMS INDEPENDENT MORTGAGE SOLUTIONS LTD,984500EECE4E4D5B7032,LLC INNOTECH SOLUTIONS,48585,61.53846153846154
BALMAIN POINT LTD,984500U0B40BC6D42B18,LLC HEAD POINT,49961,60.86956521739131
ARMYN PROPERTIES LIMITED,9845005U48EEC2B48F97,BINARY PROPERTIES PTE. LTD.,55568,84.84848484848484
WELBOURNE CONSULTING LTD,98450038S6C14A653A11,FORT CONSULTING OOO,43104,74.28571428571429
KTS STEELS,6488008WPVL1WVHS6R32,SKS STEEL COMPANY,28286,84.21052631578947
THE MOON STONE LLP,6488008QJNO4N86MN507,U-STONE LIMITED EOOD,40484,72.72727272727273
FABRICATINRO S.R.L.,2549008TAQBZF0NJJM34,OOO FABRIKON,50897,60.0
GRANITE WORLD,648800Q3NHFMYDUYKC03,TROCANA WORLD INC.,27429,69.23076923076923
JYOTI ENGINEERING AND CONSTRUCTION,648800S61HEM37YF9P23,HESCO ENGINEERING AND CONSTRUCTION COMPANY LIMITED,18997,86.66666666666667
PEKLAR PRIME GmbH,529900TIOAC5ZO609J09,PRIME CHEER CORPORATION LTD.,33677,69.56521739130434
كيه 87 للاستشارات الادارية ش.ذ.م.م,984500175FD5978F4C25,,,0.0
COCONSULT AS,254900TS8T866Z4DUG26,"COCO BEACH BAR, S. DE R.L. DE C.V.",55037,32.25806451612904
ELITE EDUCATIONAL SOCIETY,894500T48UMY2K1A4833,PALESTINIAN RELIEF SOCIETY,7911,70.58823529411764
Jupiter 9 Services SA,529900NPV9ILFXKXQA93,KIBER SERVICE,50169,70.96774193548387
ALOFT FOODSTUFF PRIVATE LIMITED,6488007QI6CWLFMVTH37,WADI ALRRAFIDAYN FOR FOODSTUFFS,40397,61.904761904761905
PAPPYTECH SOLUTIONS PRIVATE LIMITED,648800U78I1071ASKL93,MAXTECH SOLUTIONS,40912,83.33333333333334
PRIBAI TECHNOLOGY CORPORATION,98450040DHF6A50B5951,"KAIKAI TECHNOLOGY CO., LTD.",18661,82.35294117647058
Anita und Thomas Schroelkamp Stiftung,894500T0UWK20YRXQ048,AL-AQSA SPANM I STIFTELSE,7645,44.067796610169495
AXENTRA THERAPEUTICS LLP,648800OA5UJCVH8QM321,TROITSK INSTITUTE OF INNOVATIVE AND THERMONUCLEAR RESEARCH,40976,42.25352112676056
Covexim SA,529900XAI9SYXZUB7P09,,,0.0
MAGHAMI GROUP PTY LTD,2549002VZ03HJSWMQB53,MAGNEZIT GROUP LLC,52012,70.96774193548387
The Trustee for the Addenbrooke Koolewong Marina Trust,254900CPOTT0CE5WR922,PUBLIC JOINT STOCK COMPANY NATIONAL BANK TRUST,51671,52.5
HOTEL SAINT-PAUL LE MARAIS,894500T3S7ZN5M1N5K20,HOTEL SIN PECADOS,10004,60.0
GLOBEHOPPER MOBILITY,648800LETBA4HJ1RIE84,LIMITED LIABILITY COMPANY GLOBALTEK,47778,61.53846153846154
SCAN HOGG EIENDOM AS,636700U4SXKNOZPLZJ20,CLOSED JOINT STOCK COMPANY SCAN,45830,44.99999999999999
"Grassfield Parkway, L.L.C.",254900MIKQ2DX6JX6806,CENTRAL PARK LIMITED,57509,53.333333333333336
seccapital GmbH,39120057B87YMP53HY97,BLUE-STAR SECCION HOSTELERIA S.L.,11878,34.14634146341463
TRUST LUNA,529900FIUN1GCO31OY09,AL-ANFAL TRUST,7140,76.19047619047619
Kraft & Marklund Bygg Aktiebolag,636700XH2LK152DG9L89,STAR MARKET MELANYE,26796,44.89795918367348
Blue Concept GmbH,984500E5B60E3704B952,COLLECTION CONCEPT S.A.,27345,66.66666666666667
CONSTRUCCIONES IMPLORA SL,5299003COBJEKSME6E89,CONSTRUCCIONES PROGRESO DEL PUERTO S.A.,7581,69.0909090909091
Autohaus Willy Ernst Gesellschaft mit beschränkter Haftung,5299000B0B6LEJV3T114,FEDERAL STATE UNITARY ENTERPRISE DUKHOV AUTOMATICS RESEARCH INSTITUTE,41024,50.39370078740157
Palmpine Investment Limited,391200QVCM5WV6VM6K69,PRINCE PLAZA INVESTMENT CO. LTD.,55853,80.95238095238095
SRI AYUSH AYURVEDIC SPECIALITY HOSPITAL,6488006DI75HPQ1P8647,JOINT STOCK COMPANY SPECIAL DESIGN BUREAU TURBINA,37696,55.00000000000001
WBFK GmbH,529900Y1ODVO92EJ6R37,,,0.0
THE TRUSTEE FOR NORTH HARBOUR MARINA TRUST,254900RQJ1TDUIT5YK80,HARBOUR SHIP MANAGEMENT LIMITED,39677,56.14035087719298
VME Consulting,254900C58PLL44DZJZ91,DEVICE CONSULTING CO. LTD.,43134,83.87096774193549
The Trustee for Addenbrooke Mosman Bay Marina Trust,2549009BHC4AP1ONMK08,LIMITED LIABILITY COMPANY MODERN MARINE ARCTIC TRANSPORT SPG,47845,50.57471264367817
FABRIJK,894500T3MOFVIMPRI038,OOO FABRIKON,50897,80.0
Xantium Investment Limited,25490023MVAIHMBUSX19,SATA INVESTMENT COMPANY,28658,78.78787878787878
SELARL YOHANN GRASSANO,894500T43B36FKPEGO93,,,0.0
MINERVA TECNICA S.R.L.,529900U96LBAJ2VIIZ24,MINERVEN,26523,69.56521739130434
MLM PACIFIC LLC,2549004MS3SPTLFP1P26,IPS PACIFIC COMPANY LIMITED,43275,72.72727272727273
SAN MARCO S.R.L.S.,529900X9E49C7K5SYB98,MARCH 23 MOVEMENT,15585,38.70967741935484
CUGAR INVERSIONES S.L.,529900T7A7MNKNO4OZ82,INVERSIONES GANAGRO LTDA.,11856,77.27272727272727
MAVONE INFRASTRUCTURE PRIVATE LIMITED,648800EAA2WLYJH8V064,LLC INFRASTRUCTURE MOLZHANINOVO,18281,79.16666666666666
ISR PRO,894500T3XRJESLDIT412,,,0.0
BUNGE CANADA HOLDINGS IV INC.,254900UM4P453O5THV76,BUOYANT HOLDINGS LIMITED,44269,65.0
FUTURE PERFECT HOMES PRIVATE LIMITED,648800GJ0OWZ16TPMI58,FUTURE OASIS PTE. LTD.,57838,56.25
THE TRUSTEE FOR ADDENBROOKE CLEVELAND STREET UNIT TRUST,254900HCY5TL6UHP1I03,STATE UNITARY ENTERPRISE OF THE REPUBLIC OF CRIMEA 'CRIMEAN PORTS',21040,49.504950495049506
"JPW HUNGS, LLC",254900PKPOXCMRY4WT59,PALAU CHINA HUNG-MUN CULTURAL ASSOCIATION,30617,24.0
GPA S.R.L.,529900TRLDZSL1K9NJ71,,,0.0
Ellhorn Stiftung,529900WAVENBBVRWLO82,AL-AQSA SPANM I STIFTELSE,7645,36.8421052631579
Aurellix LIMITED,9845008UB0I8C0862D85,,,0.0
"LOGOSFI, INC.",2549001F9Q96RS08UD12,LOGOS MARINE PTE. LTD.,55610,63.1578947368421
PRABAKARAN,648800PQLWF63KKI7609,,,0.0
ANUPAM FURNITURE UNLIMITED,335800SFT73G92LWB022,UNLIMITED DANCE DISCOTECA SRL,26153,62.745098039215684
Wöhr + Bauer Projekt Nexum GmbH,391200BM1784NGG65V58,WA'D PROJECT,11346,50.0
JAYANTH AGRO INDUSTRIES,335800D88GIPSHD9KD97,SANAM INDUSTRIES GROUP,9763,75.55555555555556
ANGELO R VECCARI SOCIETA' SEMPLICE,529900ZV4KIUD2SOGU47,THE SOCIETY WITH LIMITED AUTHORITY ALFA DIRECT SERVICE,34704,53.333333333333336
EKIALIS,894500T3H4W3VNDVUG12,,,0.0
Majestic Marabou UG (haftungsbeschränkt),984500CLF7QF7121E086,SANAYE HAFTOME TIR,10863,46.42857142857143
KRUTHI BUILDCON LLP,648800XJZH2NCFTAHZ06,VVN BUILDCON PRIVATE LIMITED,56050,66.66666666666667
HOLDINGS IN EXILE LTD,25490047BQC78SUG8S16,BAILEY HOLDINGS PTY LTD,39582,72.22222222222221
K.V AGRO INDUSTRIES,33580057KHOWT5EDHP19,TIVA GROUP INDUSTRIES,16524,80.0
SRINIVASA RAO KOLLU,6488008MVSYH4QGDY614,BIMAKSAN TAKIM TEZGAHLARI SANAYI VE DIS TICARET MUHLIS KOKSAL VE ORTAGI KOLLEKTIF SIRKETI,52202,27.77777777777778
Wave SME 845 Ltd.,2549004RE4EJFAFVQZ96,STELLAR WAVE MARINE L.L.C,49624,51.61290322580645
ERSET LABS INDIA LLP,335800KMHV03TRBL3K25,RIHS COMMITTEE FOR INDIA,10923,55.55555555555556
HRUB INFRA PROJECTS PRIVATE LIMITED,648800Z1BHLJDKETG214,CNRG PROJECTS,36047,68.75
INVERSIONES RODRIMAN SOCIEDAD LIMITADA,529900A0PSS1INHIW476,BAJER SOCIEDAD DE RESPONSABILIDAD LIMITADA,26469,64.93506493506493
T.I.M. GmbH Tief- und Ingenierbau Mühlhausen,529900QMJ5WWDF604L03,LAS INGENIERIAS S.A.S.,30268,52.0
"Glava Livs, Åsa och Kay Samuelsson Handelsbolag",6488004I7JYGLH7CSM06,EUROPAISCH-IRANISCHE HANDELSBANK AG,25684,48.71794871794872
Wellington Partners Advisory AG,529900S0JK5IZ5SKQ783,SINO RS ADVISORY PTE LTD,36277,68.18181818181819
Bessler Immobilien GmbH,529900VQXWGDEDEBSO44,SERVICE IMMOBILIERE ANTIBES SAS,38036,57.77777777777777
F32 Merk eGbR,391200VXLE938GQHF373,LIMITED LIABILITY COMPANY MERKATOR HOLDING,49197,35.89743589743589
JURIDIC SERVEIS 5000 S.L.P.,959800XTDD46TVZ1R073,MEHDI BROS SHIP SERVICES PVT LTD,27264,54.16666666666667
ARIHANT AGENCIES,648800KGK9XLUPUZZU79,HARDSEA AGENCIES,25801,75.0
Similo Services B.V.,724500FRYD1CY28JY440,SIBERIA SERVICE CO CJSC,44158,73.33333333333334
Cringer AB,9845004F50901A0BAF77,,,0.0
BASTET ARRENDAMIENTOS SL,529900LBNATDUA6ZRO67,"COMERCIALIZADORA Y ARRENDADORA DE MEXICO, S.A. DE C.V.",57224,40.625
't Rietveld Agro B.V.,7245007569VPPOM9I028,UNITED AGRO FERTILIZER PTE. LTD.,46484,59.45945945945945
Schnell Holding GmbH,3912005NHGI287FPNJ54,SHAM HOLDING COMPANY SAL,12744,74.07407407407408
Palmpine Management Limited,391200EOUTF7XUZOSU04,NAI MANAGEMENT GMBH,44271,78.78787878787878
V.D.S. INVEST,254900B4OREDLFGRNR20,"M INVEST, OOO",29101,77.77777777777779
S.S. PLASTIC WORKS PRIVATE LIMITED,648800G2IDBKW5PSK517,SKTB PLASTIK,46434,64.28571428571428
Han van Niekerk Beheer B.V.,724500562OG2KLNRPW82,GHADIR TOSE-E SAAMANEHAYE BEHENGAAM,25946,45.614035087719294
SHALIMAR CONSTRUCTIONS,335800W496U6M004MB91,MEAMMAR CONSTRUCTION,29784,80.95238095238095
"Bostadsaktiebolaget Bangatan 19, Helsingfors",648800A5Z9XJZPUUUJ98,SOLDIERS OF THE CALIPHATE IN BANGLADESH,23843,45.333333333333336
ABN FAB INDIA PRIVATE LIMITED,648800A3CE0FM5KGYG78,ASCEND AVIATION INDIA PRIVATE LIMITED,51161,58.82352941176471
Leverage Shares 2X Long LYNX Daily ETF,529900Q5X97ACDG0SB27,SHARK INTERNATIONAL,49036,45.614035087719294
Leverage Shares 2X Short Canva Daily ETF,529900Q5IBTKD1OKRN17,AMNAFZAR GOSTAR-E SHARIF,15544,46.875
TOPPSLETTA HOLDING AS,636700S5PIK4EU1HZP32,PAPA HOLDING LTD,48096,73.33333333333334
Bright Mind B.V.,724500QWKL15Y64R9A66,BRIGHT SHORE INC LIMITED,49969,60.86956521739131
IMEX PLASTICS INDIA PRIVATE LIMITED,648800X0T2BO6D95KI42,AL-AMER PLASTIC INDUSTRY LLC,30665,70.0
Initium Holding B.V.,724500H6DMOBQPNUKW75,KHITI HOLDING PRIVATE JSC,30163,78.57142857142857
Stichting Bewaarder Speelmans Fonds,724500X9NTH68PW8Y088,STG. INT. STEUN AANARMEN STICHTING ISRAA,53923,60.273972602739725
M. Deubel Holding B.V.,724500NZOVQJATQ4S157,BEIT EL-MAL HOLDINGS,7115,72.72727272727273
SRI NARASIMHESWARA HEALTHCARE PRIVATE LIMITED,335800P9UY4U9XY6B124,ESMERALDAS NARAPAY LTDA,23616,42.307692307692314
Reality Surf UG (haftungsbeschränkt),9845008EDF5A491BD373,RG REAL ESTATE GMBH AND CO. KG,44244,50.0
NailsByMailis,724500HFYQNYA4FDX150,HAMER AND NAIL CONSTRUCTION LIMITED,34489,33.333333333333336
JvL Holding B.V.,7245005WC5W9Z3TPSQ29,LTS HOLDING LIMITED,19045,81.81818181818181
BHAGABATI STEEL INDUSTRY,648800JWEOV80GCR7M52,BONAB STEEL INDUSTRY COMPLEX,30758,69.23076923076923
Pücklerstraße 24 Projektentwicklungs GmbH,529900XDEY1SVA5AGR46,OZEAN IMMOBILIEN PROJEKTENTWICKLUNG VERWALTUNGS- GMBH,44198,57.14285714285714
Faenum Vir Beheer B.V.,724500RD5D28ZWOAUT57,BEHENGAM TADBEER QESHM SHIPPING COMPANY,56997,41.666666666666664
Leverage Shares 2X Short FormLabs Daily ETF,529900Q1FQLL23U3RL27,SHERKAT-E LIZING-E IRAN VA SHARGH,16021,47.36842105263158
Albus Vromensis Holding B.V.,724500Y9V6507RP0IL83,JOINT STOCK COMPANY ARGUS HOLDING,41054,62.5
Golftotaal Holding B.V.,724500T9TPL3EUHKYO10,FORTIANA HOLDINGS LIMITED,46722,74.28571428571429
Sebreedijk Holding B.V.,724500FCT9F1NF1HNZ28,AL MASHREK HOLDING,12746,72.72727272727273
RAJMUDRA CONSTRUCTIONS PRIVATE LIMITED,648800OF11GKGXD4JS65,FURAHA CONSTRUCTION PVT LTD,44459,78.04878048780488
JSVC Advies B.V.,72450071M1QVU9Y01S97,SAI ADVISORS INC.,24428,60.86956521739131
Drosco Junior B.V.,724500O6LDSNHC7RTN09,JUNIOR INTERNACIONAL S.A.,12976,60.60606060606061
Bles Holding B.V.,724500U50NY8NIQ5DB42,"DELVEST HOLDING, S.A.",651,81.4814814814815
Robberegt Holding B.V.,72450046GEOK2Q8XHD46,RB HOLDING LIMITED,42744,74.07407407407408
Gunter Persiehl Immobilien GmbH & Co. KG,391200QGJ2AXJ04WUM59,SERVICE IMMOBILIERE ANTIBES SAS,38036,67.9245283018868
BHK Agro AG,894500STMDQZ0U9LYW48,AGRO-PHEN,12467,70.58823529411764
AUTO GLOBAL VENTURES PRIVATE LIMITED,648800YRQ8IP9UMKTP04,GLOBAL DE TEXTILES ANDINO S.A.S.,27250,66.66666666666667
Sunny Systems Computerhandels- und Internet-Dienstleistungs GmbH,5299009KNJBWNBU67M18,LIMITED LIABILITY COMPANY HOLDING INTELLIGENT COMPUTER SYSTEMS,41113,59.61538461538461
FOLGEFONNA INVESTERINGER AS,648800EMYWAUVP1B2118,FULAM INVESTMENT LIMITED,55468,60.0
AAKASH WHEELS PRIVATE LIMITED,648800T1MBO69F4XCI07,MINSK WHEEL TRACTOR PLANT,34769,42.10526315789473
Alterswap AG,984500FDC0BRCB2A9E70,LIMITED LIABILITY COMPANY ALTEGRITY,48869,42.85714285714286
FRIENDS MOTORS,648800D9XI974179N508,MOTOJEN AUTO INDUSTRY COMPANY,25902,51.42857142857142
Rintral Trading S.L.,529900SL91ZR2GA0WA46,ISMAIL GENERAL TRADING,42279,75.0
mpoweru GmbH,529900GN1U3XUW8BT817,,,0.0
VIGNOLA 1970 HOLDING S.R.L.,529900FSURA0SEKV7P12,ORKA HOLDING AD,45208,62.857142857142854
ECOENGENERATION PRIVATE LIMITED,648800GQ794ASPXNEY73,,,0.0
WIDDINGTON RECYCLING LTD,2549003EMTVX7T132P55,,,0.0
SHREERANG BUILDTECH LLP,6488008OWT1RRQK3T580,SHREEGEE IMPEX PRIVATE LIMITED,51097,54.54545454545454
STRIVAJIN FOUNDATION,648800ZTS6QY73B2UR71,TAMIL FOUNDATION,11347,77.77777777777779
ANCONA ENERGY S.R.L.,529900AP09UEAHTZ3I59,COVART ENERGY LIMITED,47040,76.92307692307692
SHRI SHYAM STONES,335800913EWE3TMV3F93,BLACK STONE OIL & GAS SPC,56835,50.0
BHUJANG JANARDAN LAVHE,648800GZ4HE55XOVFQ43,JANAT AL-ANHAR TRADING COMPANY,46870,48.78048780487805
HTL FIN.TUR S.R.L. (FINANZIARIA TURISTICA),529900VFCZ2NZSZ64U85,ASOCIACION TURISTICA INTERNACIONAL S.C.S.,8734,59.154929577464785
STUDIO ODONTOIATRICO ASSOCIATO TURELLO E GUTIERREZ PARRA,8156005B5C71905DCE45,"ASSOCIATION FOR EDUCATION, CULTURAL, AND TO CREATE SOCIETY - SIRAT",8225,54.54545454545454
PALMAMATIC SL,984500CF9ZBD5DD77814,PALM SERVICE LIMITED,25841,48.0
ARTALI ENERGY SL,984500F5C55B5A995T42,ATIC ENERGY FZE,57577,74.07407407407408
AKR CHARITY FOUNDATION,335800YJLVOIK9CDN433,AL-BUSTAN CHARITY FOUNDATION,22257,85.1063829787234
MANISH STEEL,636700YN9QP1SWSUZE20,METIL STEEL COMPANY,29106,69.56521739130434
SHIVRAJ TRADERS,335800FPIWT77GVS8H32,SINO TRADER COMPANY,23479,69.23076923076923
SHRIYAN AGROTECH COLD STORAGE,648800OXLW4Z3BFEBF49,AGROGATE HOLDING CORPORATION,37487,57.77777777777777
SINGHAL JAIN AND CO,335800U3NH2GT9NL4X56,CCIC SINGAPORE PTE. LTD.,54168,53.84615384615385
THE THIRU FAMILY TRUST,254900K4TH50IWJKBB67,AL AMIN TRUST,6912,64.28571428571428
PRS Developers,529900I6MAS6CNKR2X94,"SOHO DEVELOPERS, INC.",19151,82.75862068965517
Seaweed Poseidon SL,529900H5VCY7BROB5B04,JUPITER SEAWAYS SHIPPING,15736,41.860465116279066
DIVYA PLASTIC INDUSTRIES,335800PDOZRZD0QX2Q85,AL-AMER PLASTIC INDUSTRY LLC,30665,75.55555555555556
Cantiro Onyx Limited Partnership,254900Y3JBBAV1S3LL10,CODE A PARTNERSHIP,44454,71.42857142857143
ERIC BREZOVAC,894500RBVV418C3QM021,,,0.0
RAM KUMAR,648800OZOL9S98YPUB81,A Y A UNIVERSAL DENIZCILIK KUMANYACILIK LIMAN HIZMETLERI ITHALAT IHRACAT LIMITED SIRKETI,48424,17.97752808988764
R R MINERALS,335800A8KR421ZD9A274,OOO VARNA MINERALZ,47848,69.23076923076923
"ZIUS, INC.",984500N4A9WC15AIBB24,,,0.0
"Xintian Logistics Management Co., Ltd",391200NTN2UQOG7ITB46,SINA INVESTMENT MANAGEMENT CO.,30378,66.66666666666667
RIVERMARK LEGACY HOLDINGS LIMITED,254900LL743A78Y58X78,LARK HOLDINGS PTE LTD,36277,68.42105263157895
SOFIYA ENTERPRISE,3358003GG4FLNF1QZ632,FEODOSIYA ENTERPRISE,16957,81.08108108108108
BIRENDRA NATH PAUL,648800YXVPWOFCAGLV41,PAUL AD SONS TRADING FZE,55476,31.57894736842105
GANGOTRI AGENCIES,335800MXV1MZTLHGLZ42,HARDSEA AGENCIES,25801,66.66666666666667
Leverage Shares 2X Short Vantage Data Centers Daily ETF,529900NG1DNIRL91SU35,LIMITED LIABILITY COMPANY TYUMEN PETROLEUM RESEARCH CENTER,44089,51.546391752577314
Leverage Shares 2X Short Westinghouse Electric Daily ETF,529900N4Q4M2HTEQMN43,GHADIR SOLAR ELECTRICITY AND ENERGY,25937,50.57471264367817
GOLDENTREE ASSET-BACKED MASTER FUND (OFFSHORE) I LP,2549004SAF9K4FQLMU92,GOLDEN ASCEND INTERNATIONAL LIMITED,55470,52.05479452054795
SKLLON ELECTRICALS PRIVATE LIMITED,648800297JA2QM8BQ590,LL ELECTRONIC LIMITED,50128,70.96774193548387
NATRAJ CATERERS,894500T2PF59OQQHKO56,CONCORD CATERING,22527,51.61290322580645
"LTC BRIMFIELD, LLC",254900WZOZNANI2J0L18,"COMERCIALIZADORA BRIMAR'S, S.A. DE C.V.",10652,43.90243902439024
Leverage Shares 2X Short SBE Daily ETF,529900TASM3RDAA6QX08,CAR ESCORT SERVICES SAL (OFF-SHORE),24563,47.76119402985075
GARG FOOTWEAR,335800YZ7GST06DFFX69,JOINT STOCK COMPANY PROFESSIONAL FOOTBALL CLUB CSKA,35019,25.0
DHYANI CREATION,335800ROHPQ5LT69EO74,7TH SENSE CREATION,31353,60.60606060606061
VINAYAGA MOTORS,335800OZL5G8C4TYZM67,VINALES TOURS,2186,64.28571428571428
"Focus Black, S.L",894500T361SKLOQ4JC32,LIMON BLACK STAR FC,54690,70.58823529411764
GANGA AGRO FOODS,335800DHVIE5AVJI8938,LAMA FOODS S.A.R.L.,25143,61.53846153846154
FIVE EXPRESS LOGISTICS PRIVATE LIMITED,335800SXCCIB9GZF3291,INTERMOST LOGISTICS EAST CO LTD,47628,65.21739130434783
AAVIHI INDIA TRUST,335800OJC8MVYE2DK839,AVIA TRUST FZE,16535,71.42857142857143
Leverage Shares 2X Short ByteDance Daily ETF,529900M6YQCN3BMZH880,SINGH DAILY CULTURE PRESS LIMITED,29606,46.37681159420289
TRANSITOS PACRISMA SL,894500T30I8SYPE8VS41,PARS RAIL SINA TRANSPORTATION COMPANY,30400,60.0
Leverage Shares 1X Short DayOne Daily ETF,529900GRHTHZ9JYQNR15,IRAN & SHARGH LEASING COMPANY,16021,46.666666666666664
Leverage Shares 2X Short Plaid Daily ETF,529900D95PTIU1D32J74,SHERKAT-E LIZING-E IRAN VA SHARGH,16021,49.31506849315068
KANHAIYA LAL LADDU JEE,335800H69TM2PL4T3F51,,,0.0
Vuolle Setlementti ry,894500SZMK5WX44WHK14,,,0.0
PROPHER LLC,98450067B4E3E6015228,"V.P. PROPERTIES, INC.",19159,60.0
MAGEMARK LA SUREDA SL,959800T1JGS277SL0A73,MAGELLANIC PHOENIX MARINE AND TRADING LIMITED,48634,43.13725490196079
ANDREAS BORGE AS,894500T1XPEFHU33AW25,ANDREA MARTINA LIMITED,23420,59.25925925925925
INSOL SPÓŁKA Z OGRANICZONĄ ODPOWIEDZIALNOŚCIĄ,984500UA62D0BA51D787,CALLLYNC SPOLKA Z OGRANICZONA ODPOWIEDZIALNOSCIA,57210,86.02150537634408
RAKSSHIT DIPPAK LODHHA,98450046946C0B77E502,,,0.0
MARICEL ESCALA S.L.,959800XUTNZS14J1Y563,MARISCOS EL CAIMAN,55026,62.5
ESTIAPACK ΜΟΝΟΠΡΟΣΩΠΗ ΙΔΙΩΤΙΚΗ ΚΕΦΑΛΑΙΟΥΧΙΚΗ ΕΤΑΙΡΕΙΑ,529900N3IESULHJCJS08,,,0.0
DISILED-DSL INDUSTRIAS SOCIEDAD DE RESPONSABILIDAD LIMITADA,959800ZNG2A3LUS3RN17,BAJER SOCIEDAD DE RESPONSABILIDAD LIMITADA,26469,75.78947368421053
The Trustee for MST Index Plus Australian Fixed Interest Trust,984500953BC3V1F94318,AL-SHAHID ASSOCIATION FOR MARTYRS AND INTERNEES FAMILIES,10410,50.5050505050505
CLEAN MAX SHICHI PRIVATE LIMITED,3358004FUHNUBTNEHP25,"AL-HAMMADI TRADING, SHIPPING, AND CLEARANCE CO., LTD.",54496,52.0
ALTUS PALACE SPÓŁKA Z OGRANICZONĄ ODPOWIEDZIALNOŚCIĄ SPÓŁKA KOMANDYTOWA,259400NKJ4S1LR16D651,ROSETTA GAMING SPOLKA Z OGRANICZONA ODPOWIEDZIALNOSCIA,56336,72.0
DHANA RATHNA INFRA PRIVATE LIMITED,648800ZR1P1D174NEA21,FANAP INFRASTRUCTURE,55014,57.89473684210527
BAJRANG IMPEX PRIVATE LIMITED,3358005UNBB7GWL7FQ35,GELRO IMPEX S.R.L.,13066,58.33333333333333
"STOWARZYSZENIE ""DLA AUTYZMU""",259400M05JT2EV4DBK69,,,0.0
MALAK BADALONA S.L.,959800YME2ZG4RBEFC39,MALAS MANAS,40681,57.14285714285714
CLEAN MAX NAM PRIVATE LIMITED,3358004FUAHXNZQZUD46,"GLOBAL CLEANERS, INC.",20560,50.0
QA CONSULTING AS,648800OP6IUPEUIX0H15,RB CONSULTING LIMITED,42745,84.61538461538461
BLM ASSOCIATES,335800NKNIOWF6ANGU32,AL-SALAH ASSOCIATION,10408,64.51612903225806
NILESH TECHNO SOLUTIONS PRIVATE LIMITED,9845005AC5AF4FCI8875,SELIN TECHNIC KISH COMPANY,41491,68.29268292682926
Lebenshilfe für Menschen mit geistiger oder anderer Behinderung Fürth e.V.,391200UKCGT9C0T25M23,FEDERAL STATE UNITARY ENTERPRISE S.V. LEBEDEV INSTITUTE OF SYNTHETIC RUBBER,43074,43.66197183098591
Universal Polychem,648800H61FSQ2OL36Q79,ALMACENES UNIVERSALES S.A.,57955,66.66666666666667
CLEAN MAX BA PRIVATE LIMITED,335800ZOP4X4CQBWD041,"GLOBAL CLEANERS, INC.",20560,51.85185185185186
G&I XI PDX 5 LLC,254900K0K6POVVY6LL34,,,0.0
CHANDER PAL,648800F86NGI2ZYD5R22,ZORAH CHANNEL,10658,58.33333333333333
KEY ISSUER DESIGNATED ACTIVITY COMPANY,894500T0E9WR40SARC06,GTLK EUROPE DESIGNATED ACTIVITY COMPANY,37861,78.68852459016394
Nordic Bioconsult OÜ,9845005F640D75EAFE30,RPK NORD LIMITED LIABILITY COMPANY,51521,52.63157894736843
SCI DU 36 RUE CHARLES CHEFSON,894500T2JVLI1RELX457,THE MERCIFUL HANDS CHARITABLE SOCIETY,55986,54.83870967741935
WELKIN SHINE INDUSTRIES,648800XFJ28XY4IX5B35,SHAHID VARAMINI INDUSTRIES,22786,69.38775510204081
Hedosophia Investments DT Limited,984500DNE0083DRL5734,CEIBA INVESTMENTS LIMITED,58205,71.42857142857143
U.O.M. TRAVEL AGENCY LIMITED,9845009F8F6B93EUFA97,HILAL TRAVEL AGENCY,10894,72.22222222222221
NEW SHRADDHA SAREES,648800Z5YIGK75NC6S25,,,0.0
SARL DU GRAND HOPITAL,894500T238Y74TEYYG49,"GROUP GRAND LIMITED, S.A. DE C.V.",26988,60.0
BRD EXIM PRIVATE LIMITED,335800XQG5ZCL7SFRE89,LLC ALABUGA EXIM,47294,60.0
HALBZEIT Investment II UG (haftungsbeschränkt),984500A9CD1DF2C41036,ALPHACONNECT INVESTMENTS II PTE. LTD.,55567,56.33802816901409
BARKER BROS. LIMITED,894500T28SHYRSQUM015,BARKAT VENTURES,30876,53.84615384615385
TOR.MEC S.R.L.,8156006A50639A7B2789,,,0.0
M/S DOWNTOWN HOSPITALITY,894500SXBEXECE6PO862,MICHIGANTAP HOSPITALITY PRIVATE LIMITED,56049,55.319148936170215
FD INVESTIMENTI S.R.L.,815600D684B48E008872,DAY INVESTMENT,25911,82.75862068965517
Leverage Shares 2X Short Waymo Daily ETF,5299009K91J7IZBZ4024,SHERKAT-E IRAN VA SHARGH,16020,50.0
GAMBINI ASSICURAZIONI S.R.L.,815600BE8CCD148FDE07,MARITIME ASSISTANCE LLC,27143,50.0
Leverage Shares 2X Long BSP Daily ETF,52990096YSFLR9W2PU79,ANSAR AL-SHARI'A IN DARNAH,16476,46.666666666666664
Leverage Shares 1X Short Vantage Data Centers Daily ETF,5299006OU9F3UTCJCL89,LIMITED LIABILITY COMPANY TYUMEN PETROLEUM RESEARCH CENTER,44089,51.546391752577314
"UAB ""AKSM Group""",648800R2NTBWHMA0CG04,ASIA SUN GROUP,41316,71.42857142857143
Nobbeflex Invest GmbH,391200I4FVNSYQWY9W93,LOBAYE INVEST SARL,29869,68.96551724137932
SAN BENEDETTO S.R.L.,8156009320DEDDDECC02,BENEATHCO DMCC,28346,54.54545454545454
JAKTKOLLEN HOLDING AS,636700YUMHY8YX9Z8O84,MAKO HOLDING,18325,73.33333333333334
CNERGY INCORPORATION,648800RGED5D00JBER05,SERVICIO DE EQUIPO RODANTE INCORPORADO,19179,50.90909090909091
comunidad de herederos de serafin sedano gutierrez,894500T1H2R4KW3GC885,EMPRESA DE SERVICIOS TECNICOS DE COMPUTACION COMUNICACIONES Y ELECTRONICA,58614,41.44144144144144
MERIDIAN SPV S.R.L.,815600C47558B28A5E88,RPF MERIDIAN JSC,48555,83.33333333333334
AXIOM SPV S.R.L.,815600A4FA74B6888F83,IZHEVSK MOTOZAVOD AXION HOLDING JSC,47749,35.0
XENO SPV S.R.L.,8156008F67D169BA6863,,,0.0
KALDRA SPV S.R.L.,8156007C8EEABA658826,,,0.0
THEROS SPV S.R.L.,815600542948EC6B9C66,"THERCUMEX, S.A. DE C.V.",54708,54.54545454545454
WELCOME INVEST S.R.L.,8156004F7FC609895D24,LOBAYE INVEST SARL,29869,74.07407407407408
VEKTOR SPV S.R.L.,81560044DDA47141FB54,"TSK VEKTOR, OOO",46441,80.0
AC SPV S.R.L.,81560005A4E357689117,,,0.0
EMUDHRA CONSUMER SERVICES LIMITED,894500T10G3TNY3TDK16,RED BOX ENERGY SERVICES PTE LTD,48803,66.66666666666667
FUTURA CONSULTING SOCIETA' COOPERATIVA A R.L.,529900JCMZ8D6PZ6PU90,"CONSULTORIA INTEGRAL LA FUENTE, SOCIEDAD CIVIL",18089,61.904761904761905
KS SMART TECHNOLOGIES LIMITED,335800XNAS6YWNN8F889,OSTEC SMART TECHNOLOGIES LLC,49305,88.88888888888889
EYTE TECHNOLOGIES PRIVATE LIMITED,6488007A6GCM9LNOLQ54,NEWAY TECHNOLOGIES LIMITED,45975,85.71428571428572
Winstinct Invest AB,648800FXU6BAO9838Z93,SIGNAL-INVEST OOO,46088,68.96551724137932
PRIYANSHU GOYAL,6488003IPSLSWA105908,,,0.0
Scorpius 09 2026,335800ZLGB7450TEWQ47,SCORE COMMERCIAL COMPANY LTD.,9542,31.25
MCJ HOLDING AS,6488004MK70XT9Q5KK08,LLC RCC HOLDING COMPANY,44987,81.81818181818181
MICHELETTI S.R.L.,8156001850E9AC380C92,MICHIGAN TAPS,56049,43.47826086956522
Bernauer Beteiligungs-Verwaltungs GmbH,529900YT6RYBIUDP7P56,NAI ENERGY EUROPE VERWALTUNGS GMBH,44265,64.51612903225806
LLP S.R.L.,81560038A29706D0E431,,,0.0
SHREE RAM IMPEX,648800BLO1PZFJP15P28,SHREEGEE IMPEX PRIVATE LIMITED,51097,75.86206896551724
MOHIT SINGLA (HUF),6488007NKUTHDZYU1P75,CCIC SINGAPORE PTE. LTD.,54168,46.666666666666664
CASADEI CLAUDIO,815600DF572F5733ED82,CASA EL VIEJO LUIS,15664,60.0
Leverage Shares 2X Long DayOne Daily ETF,529900LGVIWHOMX8HQ15,IRAN & SHARGH LEASING COMPANY,16021,47.45762711864406
GI. BI. SRL,81560037262048E06C04,,,0.0
Ernst Transport GmbH,529900KS9XTCCNFZKQ89,RED SEA TRANSIT AND TRANSPORT,42315,75.0
CO.EL.DA. S.R.L.,8156003403148F76DD31,,,0.0
AAR PAN PRINTERY INDIA PRIVATE LIMITED,648800DTAHEPAG3CB143,IRAN AND INDIA SHIPPING COMPANY,25441,58.53658536585367
FINE & SHINE COSMETICS PRIVATE LIMITED,894500T15ZNLAXFP1486,COSMOS LINES INC,52675,62.5
DAN ISSUER DESIGNATED ACTIVITY COMPANY,894500T1BJ7CXWRKOO62,GTLK EUROPE DESIGNATED ACTIVITY COMPANY,37861,72.1311475409836
RATIO SOCIETA' A RESPONSABILITA' LIMITATA SEMPLIFICATA,8156004623CB01A89063,HIGH NUTRITION SOCIEDAD DE RESPONSABILIDAD LIMITADA,26470,68.0
SHRADDHA PARIDHAN,648800MD9BG6WZOE2P57,JSC RDC PARITET,51457,50.0
Albert Jordan GmbH,529900Q64FX8PE563107,ALBERTINE DRC S.A.S.U,23267,58.06451612903225
The Trustee for MST Active Australian Fixed Interest Trust,984500ADIC71D460CB52,AL-SHAHID ASSOCIATION FOR MARTYRS AND INTERNEES FAMILIES,10410,54.73684210526315
Acallo AB,984500ADDEB1A7A6NA08,,,0.0
PARKER LEE & COMPANY PTY LTD,984500493P073C6HMF76,"LAKHTA PARK PREMIUM, OOO",35070,48.484848484848484
Leverage Shares 2X Long FormLabs Daily ETF,529900J1T6N3BHBOMQ37,IRAN & SHARGH LEASING COMPANY,16021,45.90163934426229
DAHM EJENDOMME ApS,636700OJLNAA2XN3N471,,,0.0
BRD ENTERPRISES PRIVATE LIMITED,335800WG13PIQKVN7276,CHLODWIG ENTERPRISES SA,38219,74.28571428571429
Ingenieurbüro Karl Müller GmbH,529900XSXV2ARW59UP20,SEYMEH INGENIERIA SRL,24679,57.14285714285714
AMAG AMBIENTE S.P.A.,529900EBMWG00WRXQA61,KHATAM OL AMBIA,10488,42.85714285714286
PIACENTINI BRUNO S.R.L.,81560071F45B3B6AA944,,,0.0
Leverage Shares 1X Short Canva Daily ETF,529900PPS9TQYYPWI587,AMNAFZAR GOSTAR-E SHARIF,15544,46.875
Stenshaga Konsulting AB,636700KK66EWFSHV8C51,VYGON KONSALTING OOO,42719,61.111111111111114
BDR ROADLINE,648800AVXKDTMS30QI67,DRAGON ROAD LTD,50849,60.86956521739131
DAHM HOLDING ApS,636700FP4N9SQ74VD093,CHAM HOLDING,12744,83.33333333333334
Kraemer & Feldmann GmbH,529900JKLYFBNBN0CL09,OTKRYTOE AKTSIONERNOE OBSHCHESTVO KRASNODARSKIY KRAEVOY INVESTITSIONNIY BANK,19032,23.913043478260864
ELIOS TRE S.R.L.,8156006CA0636BED4908,,,0.0
FABRIS FRANCO SNC. DI FABRIS FRANCO E FLAVIO,815600781AE6AC726014,SAAFARTEX INTERNATIONAL ZONA FRANCA BARRANQUILLA S.A.,27345,41.75824175824175
SHIMOGA RUDRAPPA DAYANANDA,648800O7EKM90P54Q493,SAMAN SHIMI KHAVARMIANEH LTD.,28687,48.0
S R N PETROLIAM,3358009T1N95WAZB0694,VS PETROLEUM DMCC,54413,66.66666666666667
FONTANA GROUP SRL,81560033DFC94674C721,COCHAN GROUP,33938,72.0
SMYK FUNDACJA RODZINNA W ORGANIZACJI,259400D01EG7EZCB2M39,WA'ED ORGANIZATION,11346,55.55555555555556
SEBA SYSTEM S.R.L.,815600DA5EFEDC418492,AK SYSTEMS,41991,76.19047619047619
PIERI S.R.L.,529900I3DNRUZKXMI698,PIERA GLOBAL TRADING L.L.C,49684,40.0
SHREE RADHARANI POLYMERS,335800U47YJ9QF6Z7019,POLYMEDICS LLC,30467,52.94117647058824
KONSTANTINOS PANOUTSOPOULOS CAPITAL ΜΟΝΟΠΡΟΣΩΠΗ Ι.Κ.Ε.,9845008107CICF978D88,CAPITAL TAP MANAGEMENT AND CONSULTANCIES L.L.C.,48961,47.19101123595506
SANJAY JINDAL,6488009YFUBT4RKD6V33,JINDALLAE,12212,63.63636363636363
COMUNE DI ZONE,8156005FBC0BB08C6514,COMUS FZCO,50417,58.33333333333333
BALEARIC DRINKS LTD,984500D8A1AD439F0804,NERO DRINKS COMPANY LIMITED,35012,46.15384615384615
RAJESH AGARWAL,648800XDWW8CUNIUWE58,,,0.0
STUDIO RIGHINI E ASSOCIATI,8156007FACD94D9A9420,ASSOCIATION SECOUR PALESTINIEN,7911,60.71428571428572
T.A.L.T. S.R.L.,5299001CTG9C46OBQN84,,,0.0
SANTA CATERINA S.R.L.,529900JJHHMEHN3XT183,LECHERIA SANTA MONICA,10366,68.57142857142857
شركة ابو الريش سنتر لتجارة الملابس والاستثمار ش.ذ.م.م,2549006E4ET9BT9Z7233,,,0.0
EMYBEL HOLDING SRL,81560091058A5A838613,HALEEL HOLDINGS LTD,47448,75.86206896551724
Potsdam Shanghai Business Center GmbH,391200AX41UGCTCF9A82,SHANGHAI NORTH BEGINS INTERNATIONAL,22244,62.68656716417911
Mayple Tech GmbH,98450043657A05C97005,FANAP TECH,55010,66.66666666666667
HOLLANDS OF EMYVALE LIMITED,98450061CDFF45C4AC19,"HOLLYWOOD VAPE LABS, INC.",45315,34.285714285714285
Chase Home Lending Mortgage Trust 2026-10,529900ADBT3KGVOUAG58,HTTS HANSEATIC TRADE TRUST & SHIPPING GMBH,25467,52.63157894736843
FUTA CO. LIMITED,984500CBEDA9DAA0BF77,,,0.0
PELUSO C.G. - S.R.L.,81560080231F28FE5528,,,0.0
VCOP Employee Offshore Investments - SubNote FCB LP,984500C4CBD2BX6F1B15,PREMIER INVESTMENT GROUP SAL OFF SHORE,24394,55.00000000000001
Ängen Skogsförvaltning AB,894500T0JTGIR046EW09,ASIAN SEA ANGEL SHIPPING CO,54458,47.82608695652174
WEST STREET PRIVATE CREDIT PARTNERS (O) CO-INVESTMENT RCF HOLDING LTD,9845008D87UA3FC76C80,SPECTRUM INVESTMENT GROUP SAL HOLDING,19276,61.1764705882353
SHRI SHANTINATH STEELS,33580054823716BL1176,SIRJAN IRANIAN STEEL CO,30760,61.904761904761905
شركة عبدالعزيز كيرتنز آند فيرنيشنجز,984500BDA4Z1A53EC740,,,0.0
SRS COMPANY,2549000473KCQ5JMI180,,,0.0
SOUTHERN ELECTRIC CONTROLS INDIA PRIVATE LIMITED,335800QH73NXQFJ2YN16,ELECTRONIC COMPONENTS INDUSTRIES CO,15097,65.625
NURIA 1961 S.R.L.,815600E223A30D450B24,SHAHID NURI INDUSTRY,19715,40.0
BLUE DIAMOND RESORT,335800HHL8UHMO3LON85,BLUE STAR DIAMOND SAL - OFFSHORE,28174,75.55555555555556
More Ux B.V.,7245007MIWZI79EELU84,"MOREXPRESS, S.A. DE C.V.",11728,50.0
JAY BHAGWAN JEWELLERS,335800X8QAJVMBGCW338,ASHIQ JEWELLERS CC,39540,61.53846153846154
Mulder B.V.,724500Z9LGNVGKAPUX75,,,0.0
NISHANT LUTHRA,648800F16S4LEM9M7I34,,,0.0
BERTI MODE S.R.L.,815600F850CF1FF41585,"BARZA STYLE & MODE CO., LIMITED",38676,53.84615384615385
KHALED S. R. ISLEEM,2549000VCACJNELQMP93,AL-KHALIDI JEWELRY SHOP,24760,54.054054054054056
Pans B.V.,724500CM7L8TA4QMP118,CLASSY PANSY TRADING AND CONTRACTING WLL,57769,22.22222222222222
MarviBraun B.V.,724500RMC7H2JKZRO510,MARVISE SMC DMCC,54899,47.61904761904761
Bhoch5 Stiftung,529900NOKPSLA1V03311,AL-AQSA SPANM I STIFTELSE,7645,32.432432432432435
Noverion B.V.,724500AD0NFWL5JKIO84,NOVELUCK TRADING LIMITED,49709,58.33333333333333
S.I.F.E. FINANZIARIA EDILIE DI GABRIELLA TROGLIA E C. SOCIETA' IN ACCOMANDITA SEMPLICE,8156000C66166040D161,EMPRENDIMIENTOS INMOBILIARIOS MISIONES SOCIEDAD ANONIMA,27943,48.88888888888889
Travi B.V.,7245009M4RVZ3J9V3L54,MAHAN TRAVEL,24706,47.05882352941176
"10FSSAC5 OPERATING PARTNERSHIP, LP",254900VRKF4YLNRRXL87,CODE A PARTNERSHIP,44454,66.66666666666667
SaLa Praktijk B.V.,724500T8917PIWFD7651,AL-SALAH ORGANIZATION,10408,58.06451612903225
J Adolfsson Project AB,636700KXR6RWKX4UIA33,WA'D PROJECT,11346,58.06451612903225
PT BUANA PAOTERE WISATA,984500F2I06CFF812077,"GRUPO WISA, S.A.",18951,48.484848484848484
AMIT DAGA,6488008V6Y0IJBIOX625,AMITO TRADING LIMITED,54613,63.63636363636363
E.T. Hagman Konsult Aktiebolag,6367002C48HIH0R5VD04,AO KONSTERN GRANIT ELEKTRON,35864,54.54545454545454
KIRAN PHARMACEUTICALS,335800UPURAZ79UT1E66,ALPHAONE PHARMACEUTICAL B.V.,44605,77.27272727272727
DELTA TRUST SEPTEMBER 2026,335800ZW5FG0JXPB1A41,LIMITED LIABILITY COMPANY SEPTEMBER,47964,53.333333333333336
TREE OF LIFE TRADING LLC,9845005D49E6C6D1C592,A WEE TRADING CO LTD,57200,73.33333333333334
Endevus ehf.,636700LG8Q8IWM420G84,,,0.0
UNICARE PRODUCTS,335800X1M6I9BKEXLM88,PRODUCTORES VAGU S.A. DE C.V.,58073,57.14285714285714
FAB fight and beauty AB,894500SZS3POK3GS5493,AKHMAT MMA FIGHT CLUB,30608,54.054054054054056
Thylé Kapítal S.A.,636700OL04MYFQ10VI13,OTKRYTIE KAPITAL,34508,75.86206896551724
Bobil AB,636700R94VXXLOT7BZ13,,,0.0
Τουριστικές και Ξενοδοχειακές Επιχειρήσεις ΔΙΑΚΟΜΙΧΑΛΗΣ ΧΑΤΖΗΣ Α.Ε.,529900MFJPSBS1ZDGY32,,,0.0
HANNAH JOSEPH HOSPITAL LIMITED,335800DIAV2ARZ13R375,MICHIGANTAP HOSPITALITY PRIVATE LIMITED,56049,44.44444444444444
SANDEEP FUEL POINT,894500SZH0M5A4T0U057,SHIP FUELS AND TRADE DMCC,58397,58.82352941176471
GRUP INDROS 23 SL,959800A3Y9JYZ80YHY26,GRUPO MINERO XILOA S.A.,57113,62.857142857142854
Immunitas Digital Steuerberatungsgesellschaft mbH,984500AENQFF9B744937,INTERNATIONAL SMART DIGITAL INTERFACE LLC,49359,56.09756097560976
647 Media GmbH,9845009FCD0F6E473B71,MEDIA LEND,53997,63.1578947368421
QUANTACO PTY LIMITED,9845004M28F6E5J39066,QUANTUM OPTICS LTD,48522,61.53846153846154
OM ENGINEERING & CONSTRUCTION COMPANY,335800E3W9FL5CH09P24,HESCO ENGINEERING AND CONSTRUCTION COMPANY LIMITED,18997,91.22807017543859
SKYPOINTER TECH II SCR SA,959800G490UV09LVE908,JOINT STOCK COMPANY STRATIM TECH,50279,56.52173913043479
M G DEVELOPERS,335800CM6BNPT7GHFL12,"SOHO DEVELOPERS, INC.",19151,75.86206896551724
SHIV SHAKTI TRADERS,648800IJSBBF55JTVC15,SHAHNAWAZ TRADERS,10606,66.66666666666667
CITY INNOVATES PRIVATE LIMITED,894500SZBH2DN5H56G61,LLC F2 INNOVATIONS,45759,64.28571428571428
Leverage Shares 1X Short FormLabs Daily ETF,529900LHE92ZRGKGB567,SHERKAT-E LIZING-E IRAN VA SHARGH,16021,47.36842105263158
RIOLA IMMOBILIARE S.R.L.,529900MJAQKXAW794A13,OZEAN IMMOBILIEN MANAGEMENT GMBH & CO. KG,44201,59.09090909090908
CENTRO ODONTOIATRICO AUFIERO S.R.L.,815600EB6065314B3988,CENTRO DE DIAGNOSTICO AUTOMOTRIZ EJE BANANERO S.A.,11904,60.0
D-FORTE S.R.L.,815600E98B91608B1A85,LLC FORTA,43139,66.66666666666667
CASA DREAM SARDINIA S.R.L.,81560095030DF69EF292,DREAMWORLD CASINO,57196,61.111111111111114
F.P. ELETTRONICA S.R.L.,815600710EDBF0D22F34,,,0.0
MEDITECH DISTRIBUTORS,335800CQMZVB1WLN9G60,ETT DISTRIBUTION BV,46810,70.27027027027026
NEW GENERATION INCOMING S.R.L.,8156001EC83A8DA24762,NEW GENERATION CARTEL OF JALISCO,17671,69.23076923076923
BPP SS 2026 S.R.L.,815600CE913D7DA49131,,,0.0
BDSOUND S.R.L.,815600F0F496F2E8B632,,,0.0
SODALIZIO CAVALIERE SRL,815600EE098E060F7C28,"SERVICIOS EMPRESARIALES SODA, S.A. DE C.V.",21119,43.99999999999999
OPALE CAPITAL RADAR CREDIT PRIVE,9845005EEF9CDF463F78,PRIMEIRO COMANDO DA CAPITAL,31632,61.01694915254237
RIVERSIDE INVESTMENTS AND CONSULTING SOCIEDAD LIMITADA,98450043B4DN78F2E468,AL ZAWAYA GROUP FOR DEVELOPMENT AND INVESTMENT SOCIEDAD LIMITADA,45901,64.07766990291262
De Bruine Beer Verenigd Bezit B.V.,64880091DDNS0H4PGT15,PALESTINISCHE VEREINIGUNG,7918,50.98039215686274
JENIVAA FAB LLP,648800ZIF067Q99G5123,,,0.0
Puro Futuro XL B.V.,64880032FYMYR20HQE46,FUTURE OASIS PTE. LTD.,57838,53.84615384615385
LUX AND ELÁN ESTÉTICA Y BIENESTAR SL,894500SYPAVB385MK803,VITAL SILUET CENTRO DE ESTETICA,11843,60.0
CHOUDHARY MOTORS,335800F8TQ8TONUC8D66,MOTORCYCLE ART LTD.,23404,53.333333333333336
WHEELS,335800NKCG0XL7A4PB67,MINSK WHEEL TRACTOR PLANT,34769,32.25806451612904
VINOD RICE MILL,335800SPTJ9F5EP0J725,MILLAB SINTEZ,47623,50.0
Commsolid GmbH,391200TVUC2QTD87ZK49,GOLDEN COMMODITIES LLC,26542,59.25925925925925
MAHALAXMI SHOPPING MALL,894500SZ5XIM0659IW54,SAHIL AL MAHABA TRADING L.L.C,49662,55.81395348837209
JOY PLAST INDUSTRY,335800F474MCYS0EGE19,PASNA INDUSTRY CO.,23479,75.0
GRANGECREST PROPERTIES LIMITED,648800NYO4OS0D4UAD90,MAJESTY PROPERTIES PTE. LTD.,55578,75.0
ASPA HERITAGE PRIVATE LIMITED,648800DKR2FAL1SIPX72,ANCIENT HERITAGE AD,32005,68.75
Epoch Stockholm AB,9845008A3C6A5D022958,JOINT STOCK COMPANY VOMZ,38140,58.06451612903225
VESTUM EQUITY LTD,648800WV9LLYPMYOHT78,GOOD EQUITY TEAM PTE. LTD.,55562,62.06896551724138
CHINTAMANI PARSHWANATH INFRA PROJECTS PRIVATE LIMITED,6488000ZLM54MNFDE995,PETRO PARSA CASPIAN IRANIAN COMPANY,52509,56.25
"ARTECHE INVESTMENTS, S.A.",894500SZ0DYUD6TDVC44,ARP INVESTMENTS LIMITED,49151,82.35294117647058
NONNO IMMOBILIARE S.R.L.,5299008H7596IKAPZX80,OZEAN IMMOBILIEN MANAGEMENT GMBH & CO. KG,44201,59.09090909090908
ENW LIMITED,6488000OJYVOVNRUKE75,,,0.0
RAMAN PREET SINGH,64880046OTG8Z11CZR54,SINGH DAILY CULTURE PRESS LIMITED,29606,47.61904761904761
Leverage Shares 2X Long Canva Daily ETF,529900H55TWO3YFI1540,ANSAR AL-SHARI'A IN DARNAH,16476,51.61290322580645
D G S BAR AND RESTORANT AND LODGING,894500SYUUF2Q7HI7S79,HABANERO'S RESTAURANTE,37269,61.224489795918366
Leverage Shares 2X Long AGKO Daily ETF,52990034I53Z9FQR1W35,GREAT SHARE INTERNATIONAL LOGISTICS LIMITED,46737,46.57534246575342
BILEVITS HOLDING ApS,984500C6441598C2D140,BEIT EL-MAL HOLDINGS,7115,72.72727272727273
ICS MOBILE PRIVATE LIMITED,648800ADADQTDY4VOQ56,MOBIN HOLDING LIMITED,29624,52.17391304347826
Leverage Shares 2X Long Waymo Daily ETF,5299000J1FY33YZ45T59,SHERKAT-E LIZING-E IRAN VA SHARGH,16021,47.22222222222222
VM TRADING COMPANY,335800OT1J1UOVO8EJ20,AL-'USAMA TRADING COMPANY,18536,78.26086956521739
S.A. BUILDWEL,335800AZB2E7NAFFGM92,ML BUILD EAD,32040,70.0
C.S.I. GROUP S.R.L.,529900IEUWFUG6L4LI43,AMS GROUP LLC,48665,77.77777777777779
VICTOR HOSPITALS AND MEDICAL SERVICES (GOA) PRIVATE LIMITED,335800SNRDPWQH6BAC93,SAM OIL COMPANY FOR TRADE AND OIL SERVICES LTD,55191,60.31746031746032
WELTTEC COMERCIAL IMPORTADORA E EXPORTADORA LTDA,529900SQ4765CW603D64,EMPRESA IMPORTADORA EXPORTADORA Y COMERCIALIZADORA DE METALES,58448,75.47169811320755
FOLLA S.R.L.,894500SX0BTV2FIYD412,FOLLOWERS OF THE PROPHET MUHAMMED,4697,32.25806451612904
Dr. Kreuzkamp MVZ GmbH,9845006C94B738BA9080,,,0.0
KRISHNA FAB,3358006HBMVN76MN3772,AO PO KRISTALL,50352,56.00000000000001
Makarora Real Estate Special Situations Fund I-B LP,2549000ZZJLPQQ2Q9A59,SPIDER REAL ESTATE AND GENERAL TRADE LIMITED COMPANY,57964,52.5
MRESS Holdings IV LLC,254900E6Q7CY2JTDQF59,"I AND S HOLDING COMPANY, S.A.",13356,78.57142857142857
MRESS Holdings II LLC,2549006ZBPHNRW4UMS14,"MAGUS HOLDING II, CORP.",26207,78.78787878787878
"ORBIS FUNDING, LLC",25490065UUMJ6QPWHL66,FUNDACION ISSARA,15857,62.06896551724138
Makarora Real Estate Special Situations Fund I-C LP,2549003GRJ8UE0H8AM29,SPIDER REAL ESTATE AND GENERAL TRADE LIMITED COMPANY,57964,52.5
Makarora Real Estate Special Situations Fund I-A LP,2549004O4LIJ2NEHMC44,HERO OF RUSSIA AKHMAT KADYROV REGIONAL PUBLIC FUND,30610,52.63157894736843
KR Leasing GmbH,894500SY8O806A5ZLK87,LARGO LEASING LTD.,8743,78.26086956521739
GTAARV ファンド 6（適格機関投資家限定）,529900ZOW6S2FPUYRH71,,,0.0
VESTUM HOLDINGS LTD,648800Z0I8PG92O60H43,USM HOLDINGS LIMITED,41919,81.4814814814815
GIORGIO ANDREWS CONSULTING LTD,9845006WC62DD115EE90,ARCH CONSULTING AND ENGINEERING,29783,67.9245283018868
NEPTUNETRANS LOGISTICS PRIVATE LIMITED,335800W23RZ1YKFISE66,"TRANS LOGISTIK, OOO",31292,72.22222222222221
GLOBAL EDGE SELECT,984500739RB5C485L220,TRADE BRIDGE GLOBAL INC.,56855,64.86486486486487
PARTNERS GROUP ACCESS PF 796 L.P.,636700TZXUYNNCPPGR38,AMEREUS PARTNERS PTE LTD,40245,59.09090909090908
PLATINUM TRUST SEP 2026 - TRANCHE IV,335800UFDQTZ1XQWYX72,TRUST INSURANCE,27190,57.14285714285714
M.ARUNACHALAM PROJECTS AND INFRASTRUCTURE COMPANY PRIVATE LIMITED,335800FIXIWFUJ2OV968,MANAGEMENT COMPANY FOR INFRASTRUCTURE PROJECTS,25119,70.4225352112676
SHRI TRUST CD 2027,335800G0FZVE79KWZK98,AL-RASHID TRUST,7201,60.0
PLATINUM TRUST SEP 2026 - TRANCHE III,335800AD56AC3HH4DW95,TRUST INSURANCE,27190,56.00000000000001
PLATINUM TRUST SEP 2026 - TRANCHE II,335800SQAY67S7E6YC41,TRUST INSURANCE,27190,57.14285714285714
TD NUOVE TECNOLOGIE S.R.L.,81560081D1D810D98672,"SMT TECNOLOGIA, C.A.",20256,66.66666666666667
Reksa Dana Allianz Alpha Sector Rotation,254900RRGNC6NVTTDY21,WEITMANN HANDELN ALLIANZ LLC,46671,53.125
KESAR STEELS,3358008D81V2GHPX2T32,SKS STEEL COMPANY,28286,76.19047619047619
ALLIED SUPPLY CHAIN LLP,335800IGX0Y836289O14,AMEN INDUSTRY SUPPLY,55288,61.53846153846154
CONSTRUCCIONES VEGA BAJA 2015 SL,959800PU15MRHYG79M55,PARS BANAYE SADR CONSTRUCTION COMPANY,35998,62.295081967213115
HERCLE LIMITED,9845008E90FD99FD1A09,HERCULES INTERNATIONAL SHIP,15737,36.36363636363637
AXIOMA CAPITAL PROP SL,9598009CR48H0RJ18J10,AQUILA CAPITAL GROUP,43093,71.42857142857143
Stiftung Campus to Business,984500E8R9C6902BD818,COSAILING BUSINESS TRADING COMPANY LIMITED,21552,60.37735849056604
CONFIDENCE SYSTEMS INC.,254900ZR1T6BVSAW4V88,RADIOFID SYSTEMS,50359,70.58823529411764
FAST COMMUNICATION,335800CFZ2H2TDHASW48,STARS COMMUNICATIONS LTD SARL,17042,84.21052631578947
USHA LUBES PVT LTD,648800BFP03A46XZ8B43,LUBECK SHIPPING LLC,58146,56.00000000000001
VIRENDRA NATHALAL JUNGI,3358004K06XD0QBCGC80,,,0.0
PEX ONSHORE HOLDINGS 2022 LLC,984500E40A69E1O70D30,NORATEC HOLDINGS LTD,49779,63.41463414634146
LONGFORD ROAD DENTAL HOLDINGS LTD,9845009F3B3G5AF73788,TIAN FANG HONG KONG HOLDINGS LIMITED,40209,59.64912280701755
IRISIA CONSEIL,894500SVBCSF1MWA6091,LLC CONSOL-STROI LTD,26505,61.53846153846154
CDG CAPITAL SL,9598005YU2C5WD27XW79,IC VELES CAPITAL LLC,40780,73.33333333333334
INFINITE TECH SOLAR KHANDAR 2 KUSUM A PRIVATE LIMITED,33580020XKEPLTQAPW59,JAHAN TECH ROOYAN PARS,17237,50.847457627118644
DCBI PRIVATE LIMITED,648800CR600Q5ASEHU90,,,0.0
EDILIZIA OGGI - SOCIETA' A RESPONSABILITA' LIMITATA,81560077950972622319,BAJER SOCIEDAD DE RESPONSABILIDAD LIMITADA,26469,72.09302325581395
PRO-QUIP SOLUTIONS PRIVATE LIMITED,335800QFLLSBL4A29R89,PRO RATA SOLUTIONS B.V.,42979,77.77777777777779
BJR INFRA VENTURES,335800P5I3FHYRKQQS58,BARKAT VENTURES,30876,72.72727272727273
ABHISHEK SHUKLA,335800RKKYKR7FIUBI71,,,0.0
Cewecon GmbH,391200HABKNJCQRKNT42,,,0.0
Gerhard Wiesinger GmbH,9845009FBFBK89088I71,,,0.0
SV GROUP LTD,984500CD0BD75BAA0253,LLC RSB-GROUP,37671,82.35294117647058
KOŚCIÓŁ AKTYWNYCH CHRZEŚCIJAN W RZECZYPOSPOLITEJ POLSKIEJ ZBÓR WE WROCŁAWIU,259400BKB3MF4UWO5E08,,,0.0
LOKA METALS PRIVATE LIMITED,894500SX5VDMPEUU0O50,METAL-ROBNA KUCA,33994,59.25925925925925
HBLM Beteiligungs GmbH,391200XKM68X0QMC8104,BETENSH GLOBAL INVESTMENT & DONG DONG SHIPPING LIMITED,54334,36.065573770491795
ABSR ENGINEERS & SERVICES PRIVATE LIMITED,3358005KSYBWHA9PHK10,IRAN MERINE SERVICES,25919,69.76744186046511
CACTUS PARTNERS FUND II,3358000AACRU0BPPQK52,LAVASANI AND PARTNERS COMPANY,57948,65.0
Pardor taxi,894500SWUSA3FG72PK54,PARDAZESH TASVIR RAYAN CO.,23144,54.54545454545454
ACRE FINANCE LIMITED,984500E7D8DA3H59X541,ACG FINANCE LIMITED,43093,86.95652173913044
PLAYFINISH S.R.L.,894500SXMI0XMCUGZC89,PLAYA MAR S.A. DE C.V.,9971,36.36363636363637
COMPOSITE PREPREG MANUFACTURERS,648800U74BBH2UMO9605,SHARQ CEMENT MANUFACTURERS,25931,66.66666666666667
VISCOT BLENDS TRADING CO.,894500SVXIZHLK7SS839,NEST WISE TRADING S.R.L.,54874,68.42105263157895
VERDARA CAPITAL VCC,9845003B694896JECF69,CHEER CAPITAL LIMITED,55922,68.75
LAXMINATH KRIPA POWER SOLUTION PRIVATE LIMITED,3358006XI83UCEVUB624,ASIA MATERIAL SOLUTIONS COMPANY LIMITED,50115,64.15094339622642
Leverage Shares 2X Long Westinghouse Electric Daily ETF,529900FT16VPUK6TL188,GHADIR ELECTRICITY AND ENERGY INVESTMENT,25880,52.74725274725275
VRUSHAL Ashokarao LANJEWAR,648800KAX6HU5EQXOW90,,,0.0
Harridan Investments Limited,254900WQQ4T8KNGX2Q78,AL-CARDINAL INVESTMENTS COMPANY LIMITED,27593,80.0
CLOUDACE TECHNOLOGIES PRIVATE LIMITED,648800R9DOBH1QD1WI87,COAL TECHNOLOGIES,23580,84.21052631578947
MAA GAYATRI VAANIJYA MINERALS PRIVATE LIMITED,648800KYFIQNYY5W0S40,LIMITED LIABILITY COMPANY VARNA MINERALS,47848,60.37735849056604
KOMMERZ PROTECT HOLDING COMPANY LIMITED BY GUARANTEE,9845009DAE708A6ECF07,RPTUP MANAGEMENT COMPANY OF HOLDING BELARUSIAN CEMENT COMPANY,46478,56.41025641025641
Nittonåttiotre Invest Aktiebolag,648800MSCFJVMXVGOJ28,BOSNIAN INVESTMENT ORGANIZATION,7658,57.14285714285714
INDIA BRAINS TECHNOLOGIES LLP,648800EP3OUZ4Y6SG897,BCI TECHNOLOGIES C.A.,44521,77.27272727272727
Schadler GmbH,391200KPNP4Z13VC7L21,,,0.0
Pro Lucrum Büroservice UG (haftungsbeschränkt),3912004XRPX2ZYSRD863,OBSHCHESTVO S OGRANICHENNOI OTVETSTVENNOSTYU BUROVAYA KOMPANIYA EVRAZIYA,44151,36.206896551724135
CLEAN MAX VANYA PRIVATE LIMITED,335800HFCS5MERPEV212,RKS CLEAR VODY LLC,46040,55.172413793103445
SIROYA GOLD JEWELLERY L.L.C (BRANCH),9845000F3EA9DFED4897,AL SULTAN GOLD & JEWELRY,27973,63.829787234042556
EXXILES DREAM SL,984500707B7R489FE152,DREAM LITE TRADING LLC,45941,52.94117647058824
MICRO SINE SL,894500SWP8QBSGV72066,OOO TITAN-MICRO,41979,66.66666666666667
MUKESH KUMAR JAISWAL,648800GFG80ZIMJVK073,JAISH-I-MOHAMMED,6935,50.0
MAESTERPLAN,648800RI4BQTG39G4R27,MAESAI K.D.P. COMPANY LTD.,9548,47.61904761904761
Sudheer Reddy Lingala,6488009YHEDNARLHL844,LINGHAO INDUSTRY SHANGHAI CO LTD,52191,34.78260869565217
HBNarkitektur,648800SHC1MU8AWP0C95,,,0.0
EVAPRO ARCHAIC SOLUTION PRIVATE LIMITED,335800AWCJYJ79SRAM23,ALCHEMICAL SOLUTIONS PRIVATE LIMITED,54999,69.76744186046511
RBHJ Holding ApS,984500AAC6510CAB2B70,RB HOLDING LIMITED,42744,90.9090909090909
KUPPS & SACHS INDIA PRIVATE LIMITED,335800V4TY0CCQG2QH80,INDIAN MUJAHIDIN,12914,54.54545454545454
Chase Home Lending Mortgage Trust 2026-9,529900X1N5CX247EXZ21,HTTS HANSEATIC TRADE TRUST & SHIPPING GMBH,25467,53.333333333333336
Ostanos,699400BVQKWUYOBFYM31,,,0.0
GURI TEIXIDO I ASSOCIATS S.L.,959800FHGQJGXNSJ4K77,PALESTINIAN ASSOCIATION IN AUSTRIA,7918,62.295081967213115
UMACHAGI BELLAD & COMPANY,335800X25JFYIPKUDO98,BELLATRIX ENERGY LIMITED,47042,45.16129032258065
SOOD SHREE JEWELS PRIVATE LIMITED,894500SU30E9XS98XK48,TRIO JEWELLS LLC,49897,62.06896551724138
HIGH VALUE HOUSING AND DEVELOPERS PRIVATE LIMITED,648800GKQ68YAGAKJ171,TADBIR HOUSING DEVELOPMENT GROUP,16009,65.57377049180329
"BATERIAS LEUN, S.A.L.",959800URCE32T7E8C741,,,0.0
HESTIA CAPITAL MANAGEMENT LLC,254900PL6ZT5X1L79X05,CITYWALLSHIP MANAGEMENT CO LTD,53319,75.0
CLEAN MAX HAI PRIVATE LIMITED,335800QUGCS8TFYSC833,"GLOBAL CLEANERS, INC.",20560,50.0
Restaurant Gina B.V.,894500SW8M30VIVK3C93,RESTAURANTE BAR LA CAMELIA,21073,68.42105263157895
Mawave Marketing GmbH,894500SWJP6K5HJBEG80,STAR MARKET MELANYE,26796,57.14285714285714
COMPAGNIE IMMOBILIERE DU PATRIMOINE,894500SV5T8NENKEIG23,SERVICE IMMOBILIERE ANTIBES SAS,38036,64.51612903225806
JAI JOGANIA DRILLING,894500SVMFVYBLK1H453,GAZPROM DRILLING,24185,61.111111111111114
AUREO PAYS DE LA LOIRE,894500STRXAQNTLHMG24,LOIRE SHIPPING INC.,56423,46.666666666666664
GUIVALL HOLDING ENTERPRISES SL,959800HPF4VGX9FTNN52,LOUIS MARINE SHIPHOLDING ENTERPRISES S.A.,49244,69.6969696969697
DEEPAK PURI,648800QQKWG8CN3CF404,DEEP CURRENT SHIPPING L.L.C,56394,43.75
SQUARE EVOLUTION SL,9598002FB7GM19K7U056,LIMITED LIABILITY COMPANY KYIV SQUARE,46698,55.00000000000001
Chase Home Lending Mortgage Trust 2026-CINV3,529900QYJ6YQ5D2L6L89,HTTS HANSEATIC TRADE TRUST & SHIPPING GMBH,25467,53.16455696202531
"VERTEX BIOMETANO BCYL, S.L.",95980009GBN22UD5N816,VERTEX IMOTI EOOD,32115,53.65853658536586
HORSE COUNTRY S.P.A.,815600F1061BD3E34410,"GASOLINERA ALAMOS COUNTRY, S.A. DE C.V.",13466,48.78048780487805
ENERGIES TERMIQUES BASIQUES SL,984500DF2EDA55FVCC92,RED BOX ENERGY SERVICES PTE LTD,48803,56.60377358490566
J.P. Morgan Mortgage Trust 2026-NQM5,529900OSOAU83QZX2462,76 BENMORE GARDEN TRUST,42311,56.14035087719298
LEONAARA PRIVATE LIMITED,894500SVGWC6OM85TK93,STELLA LEONE LIMITED,40792,50.0
HIJOS DE R. FERNANDEZ BALAGUER SL,529900UDEISE92P1CO44,GASOLINERAS SAN FERNANDO S.A. DE C.V.,9404,46.42857142857143
"731 Alexander Road Properties, LLC",254900D1JN6EET5UKM61,ALDAR PROPERTIES,33282,66.66666666666667
SHREE MARUTI HIGHTECH AGRO INDUSTRIES,894500SUP6LCHPKRJS83,SHER MATCH INDUSTRIES (PVT.) LIMITED,10607,62.06896551724138
"TROIS HOLDINGS, L.L.C.",254900YBFCSS3L3TYU97,RTS-HOLDING JSC,34768,80.0
"LEVITICUS, L.L.C.",254900C57U0JEUYL2Z06,LEVIN PHOTONICS LLC,47630,66.66666666666667
"STRIPER PARTNERS, L.L.C.",2549009O398BNSC80895,TGR PARTNERS,52077,78.57142857142857
"Health Village, LLC",254900WWVUWUP57CL602,DIAM VILLE,42020,58.33333333333333
"DREI HOLDINGS, L.L.C.",254900TX31BBQ5H9Y958,GPB-DI HOLDINGS LIMITED,20314,78.57142857142857
"Station Plaza 3, LLC",254900O5KLRHMOKSUC58,PLAZA XAMAN HA,18092,62.06896551724138
MANJUNATHA TRADERS,3358003F9FZHE1XGOM55,SHAHNAWAZ TRADERS,10606,68.57142857142857
O B ELECTRICAL POWER LIMITED,9845003C4B2FFA639B04,KHMER ELECTRICAL POWER CO LTD,57201,80.95238095238095
FRIEDMAN ESTATES LIMITED,984500ED5EC9CC6F4A10,OCEAN ESTATE COMPANY LIMITED,44272,71.42857142857143
RAYS NETWORK SOLUTIONS,894500SUJN1KUQ8VW863,PRO RATA SOLUTIONS B.V.,42979,70.0
SRI ANJALI GRANITES,335800VF591HURR8MB92,BAZ GRAN GRIF,53981,56.25
Oil Pool GmbH & Co KG,529900WZASKJRWCI4Q35,,,0.0
"UAB ""Superloto""",984500157JSA87U08455,D'S SUPERSTORE,15113,51.85185185185186
JAMAL AHMAD,648800ALJ87AQM6COJ54,JAMATUL AHRAR,20360,75.0
ASHAPURA MINERALS AND CHEMICALS,33580068ZHLWLXBBZV50,AGRAT CHEMICALS AND PHARMACEUTICALS,57357,65.51724137931035
RAJESH KUMAR GOEL,648800DBOULFFKLT0745,AYA UNIVERSAL TRADING DENIZCILIK KUMANYACILIK LIMAN HIZMETLERI ITHALAT IHRACAT LTD STI,48424,24.242424242424242
ZIRRO Stahl- und Maschinenbau GmbH,3912005PKWGEPFBW6F24,BREYELLER STAHL TECHNOLOGY GMBH & CO. KG,11616,37.03703703703704
JORAVARSINH DHIRUBHAI VAJA,6488005TFWCP505CLO20,,,0.0
Devriese Rigging,6994000PCDK3GALL3R76,DEVRIMCI SOL,4713,42.85714285714286
MOHAMMED YUSUF,648800VCQGFW6PX86N29,MOHAMMED'S ARMY,6935,68.96551724137932
"BLUE TRACE BCN, S.L.",959800782ZHFA73W0844,BLUE SKY SZE,24395,55.172413793103445
Blue Sea Ventures,894500SU8JY1KRL4L461,OOO VENTURE FUND SME,34674,72.72727272727273
GNANAM AGENCIES PRIVATE LIMITED,335800VAXB5U9HUTCK94,HARDSEA AGENCIES,25801,70.96774193548387
HITCHCOCK PLAZA LLC,2549002DK7QTPX0S2R15,"CITY PLAZA, S.A. DE C.V.",31005,64.28571428571428
DILIP PANDURANG SHIRADKAR,648800WXLEYZTY5AJ048,SHIRAZ FARGAN CHEMICAL COMPANY,56306,55.319148936170215
BEGRAFENISSEN VAGIBEL,699400IZPH94KMO1LB74,,,0.0
VERTEX CARBON INFRALINK PRIVATE LIMITED,648800BZ0KTC0EIDOH71,LIMITED LIABILITY COMPANY CARBON,44988,61.53846153846154
Leverage Shares 2X Short AGKO Daily ETF,5299007WR7SMKGJY8L10,SHERKAT-E IRAN VA SHARGH,16020,44.44444444444444
Leverage Shares 2X Short DayOne Daily ETF,5299007TZ1GX9N3GTR94,IRAN & SHARGH LEASING COMPANY,16021,46.666666666666664
KNS Vinculum,648800D0BK70O53VQM91,,,0.0
Leverage Shares 2X Long Samsung Daily ETF,5299006O07ANH1T29Y24,GREAT SHARE INTERNATIONAL LOGISTICS LIMITED,46737,47.36842105263158
EARL MERIGEAULT MJ ET FILS,894500STXGUIASXDA038,STAR MERIT GLOBAL LIMITED,55918,41.860465116279066
ARN FOODS NON-INTEREST FUNDING SPV LIMITED,0292007280G9T7Z4A607,INTERNATIONAL AIRLINE CONSULTING,8247,57.57575757575757
Belastinghelp B.V.,984500H8AR159B91BE78,BELARUSIAN KGB,32275,59.25925925925925
"I&P ITALIAN PROFESSIONALISM SRL, IN SIGLA I&P SRL",81560098C6A1C86E9466,CAPACITACION AERONAUTICA PROFESIONAL S.C.,12192,53.16455696202531
Fundz Group Oy,648800VI610BBW9SAX91,FULMEN GROUP,12954,78.26086956521739
RMM FOOD PRODUCTS PRIVATE LIMITED,648800883YA9BRMZXY34,MEDIN PRODUCTS S.A.S.,58003,64.51612903225806
PLAYERS ON BEAR LTD,254900G8R2DCI7WRM686,"POLAR BEAR ELECTRONICS CO., LIMITED",51173,64.86486486486487
NOCERA S.A.S. DI AMEDEO NOCERA & C.,529900R6OQ9HUMVSVI27,,,0.0
EASTERN WOOLLENS,3358008B0UPWVMKDJO51,NEW EASTERN OUTLOOK,34821,62.857142857142854
HORIZONIA-GCP,648800C4SN4H2J1Y7D36,ORBITAL HORIZONS CORP.,13353,62.06896551724138
Hellander Holding AB,657400ECV27OIJDQI757,ELLISSA SAL (HOLDING),12464,75.0
Leverage Shares 2X Long Vantage Data Centers Daily ETF,5299005GRNCVUQGPW662,LIMITED LIABILITY COMPANY TYUMEN PETROLEUM RESEARCH CENTER,44089,50.0
LeagueShares NHL-COL-2X Ltd.,529900NOIGG7L33TGH25,PALESTINE LEAGUE,7918,51.28205128205128
ANANT RAJ CLOUD SINGAPORE PTE. LTD.,98450051A0C06C969513,OCEAN LEONID INVESTMENTS SINGAPORE PTE. LTD.,54870,64.40677966101696
"500 STADIUM PROPERTY, LLC",2549003GTFMBPPXT9F25,SUN PROPERTIES LLC,27033,58.82352941176471
ARAHO LIMITED,9845000014J7DBBC7935,,,0.0
NeutLabs Andrew Neut,259400Z3DAKF6WX89F21,ANDREA MARTINA LIMITED,23420,52.94117647058824
Equilibrium Design AB,98450006D742BD8D3A57,LLC RM DESIGN AND DEVELOPMENT,44000,56.41025641025641
BRUSCHISHOP SRL,529900QRFS2O0HJPGZ21,,,0.0
LeagueShares NHL-COL-1X Ltd.,529900JH1RTQFR136313,PALESTINE LEAGUE,7918,51.28205128205128
LANDMARK AUTOHAUS PRIVATE LIMITED,894500STBANFQVLUNS44,"ANHUI LAND GROUP CO., LIMITED",19249,54.54545454545454
Yieldcatcher ApS,9845003G1573ME91A873,,,0.0
MJS Produktions- und Handels-UG (haftungsbeschränkt),391200FZLS4FQEAXCT25,INTERCONTINENTAL BAUMASCHINEN UND NUTZFAHRZEUGE HANDELS GMBH,12602,51.92307692307692
Cacharose BV,894500ST5R3O3W9Z0808,LOS CACHIROS,15847,66.66666666666667
PIERACCINI CANTIERI SRL,529900QLRUG1TJ6VU220,PIERA GLOBAL TRADING L.L.C,49684,46.15384615384615
BIBIN SHAJI,648800EGYPN8UXJV9D87,,,0.0
DRAMMEN RØDE KORS,894500STGU77DUXQBC28,PJSC KORSHUNOVSKIY GORNO OBOGATITELNYY KOMBINAT,50360,33.89830508474576
SRI SAI SAAKSHATKARAM CHARITABLE TRUST,648800KH71T3YRAX1713,AL-IHSAN CHARITABLE SOCIETY,9333,58.06451612903225
Grumeth Installationen GmbH,984500AA94E3C71D7028,LLC GRANT INSTRUMENT,50917,52.63157894736843
"LIBERIA GREENPOWER, INC.",25490051FOS5AI21IE52,SMART GREEN POWER,24744,68.57142857142857
Hans-Peter Braun GmbH,3912003DJQD9MAIJ3M15,BANK SAINT-PETERSBURG PJSC,40924,48.64864864864865
AGENTRA AI SERVICES PRIVATE LIMITED,33580032LHC25MXGCS83,NOVA MANAGEMENT SERVICES LIMITED,55925,74.4186046511628
ATLANTIDE DI ALESSANDRO DI MICHELE,529900KDJILQ0WY6KK74,AEROVIAS ATLANTICO LTDA.,8733,49.122807017543856
RIBEIRA DENTAL SL,959800F9XGPL6QUYNG72,,,0.0
ACE SS INFRA,648800OUCQRZQP2QKA13,AO INFRAVEB,35001,60.86956521739131
LeagueShares NHL-BUF-2X Ltd.,529900HQI9VI5PZHRG19,PALESTINE LEAGUE,7918,51.28205128205128
RDG ENTERPRISES,6488003UPT7NJYFYYR28,LORA ENTERPRISES LIMITED,23270,83.87096774193549
LeagueShares NHL-DAL-1X Ltd.,529900G37XPZ50O37F03,PALESTINE LEAGUE,7918,51.28205128205128
J.B. DIGITRONICS PRIVATE LIMITED,64880049MSKNHUDJEJ34,LLC RUS.DIGITAL,36367,56.00000000000001
LeagueShares NHL-CHI-1X Ltd.,529900GCZTVHPDOBM713,PALESTINE LEAGUE,7918,51.28205128205128
MULTIMAC-MAQUINAS E EQUIPAMENTOS DE ESCRITORIO S.A.,894500Q8BAZQ64ARG857,MEDICAL EQUIPMENT & DRUGS INTERNATIONAL CORPORATION,28529,55.00000000000001
PIGOTT ENTERTAINMENT PRIVATE LIMITED,894500SSUO04TXM7P495,"MARIMBA ENTERTAINMENT, S.R.L. DE C.V.",21104,68.18181818181819
LeagueShares NHL-DET-1X Ltd.,529900FLPL4539Q5NJ60,PALESTINE LEAGUE,7918,51.28205128205128
Tasheid Al-Bunyan Trading and Contracting Company,254900RAYKL8Q950PC49,CLASSY PANSY TRADING AND CONTRACTING WLL,57769,72.72727272727273
2B4 ENERGY S.R.L.,5299004IO22GSBV6G697,ADH ENERGY FZE,57857,70.0
TALLERES MYL SA,959800HYM9U470TSF381,TALLON COMPANY,30410,44.44444444444444
MRI Holding GmbH,391200PQI2H6TZQI7L20,RB HOLDING LIMITED,42744,85.71428571428572
STS Holding GmbH,391200TXFHSH2PF4UP48,RTS-HOLDING JSC,34768,90.9090909090909
BNP Holding AB,98450047VC4B66A8E568,FANAP HOLDING,54977,83.33333333333334
Windpark Sitten GmbH & Co. KG,984500CVB8L37A3B6B25,WINDROSE TACTICAL SOLUTIONS S.R.L.S.,56371,42.553191489361694
DIAMOND CO-OP LABOUR CONTRACT & CONSTRUCTION SOCIETY LIMITED,335800PJW6K1FX7PPC32,HOLY CONSTRUCTION FOUNDATION,10053,61.33333333333333
"""АМДЕ ТЕХ"" ЕООД",648800FGMCP73GOU3V07,,,0.0
PRATAP SARNAIK INFRASTRUCTURE PRIVATE LIMITED,6488005VEETGB25EH725,LLC RKS INFRASTRUCTURE,46038,72.34042553191489
By Nors ApS,9845008B39DEE14F1D79,CJSC NORSI-TRANS,41066,44.44444444444444
AARTI,648800CAOG7K9BEIZS30,,,0.0
IMPRESA COSTRUZIONI ATTREZZATURE GENERALI - I.C.A.G. - SOCIETA' A RESPONSABILITA' LIMITATA,81560049A87BA06FA459,BAJER SOCIEDAD DE RESPONSABILIDAD LIMITADA,26469,53.78151260504202
DURGESH GUPTA,6488008HO6HQHHQXD978,,,0.0
ASIAN PETRO PRODUCTS AND EXPORTERS LIMITED,894500SSJKWLJYYGE004,ARKAN MARS PETROLEUM COMPANY FOR OIL PRODUCTS IMPORTS,54730,70.4225352112676
SUSHIL KUMAR,648800OL2PG1XHJVM770,KENZO SUSHI,21664,60.86956521739131
Verein für die Verwaltungs- und Wirtschaftsakademie Göttingen e.V.,391200D4WY13J5R1QF19,NAI ENERGY EUROPE VERWALTUNGS GMBH,44265,47.82608695652174
HS Investments EFP II Limited,984500A45F654A5F8A05,CEIBA INVESTMENTS LIMITED,58205,73.6842105263158
ASHISH SALUJA,6488008XT0JZW62O6H62,ASHIQ JEWELLERS CC,39540,38.70967741935484
"Sabiedrība ar ierobežotu atbildību ""DA11""",648800Z8TAXSBBWGD320,SABIEDRIBA AR IEROBEZOTU ATBILDIBU 'FALON INTERNATIONAL',25000,77.41935483870968
SALVONIC TECHNOLOGIES PRIVATE LIMITED,894500SS8HT2A0AP2W21,PSV TECHNOLOGIES LLC,40914,81.08108108108108
CREST PACKAGING PRIVATE LIMITED,648800HC1MSWGD7UMT84,SELFPLAST PLASTIC PACKAGING INDUSTRY FOREIGN TRADE LIMITED COMPANY,58404,43.07692307692308
M KHUSHI SUITS AND SAREE,894500SSE1CTWZMKQG10,LILY SUITES COMPANY LIMITED,43441,45.16129032258065
CHANDI MAHAL,6488000ILT2YYKGSNF76,MAHAN AIR CO.,12927,66.66666666666667
C S BHAGYAVARDHAN HUF,648800271SPICC0AJC90,,,0.0
Saybel Beheer B.V.,894500SRRV5RD2B24855,GHADIR TOSE-E SAAMANEHAYE BEHENGAAM,25946,45.833333333333336
P - Code društvo s ograničenom odgovornošću za informatičke usluge,7478JUWLMTFRT8BOSF69,KATINA DRUSTVO S OGRANICENOM ODGOVORNOSCU ZA NEKRETNINE I UGOSTITELJSTVO,35077,70.58823529411764
VIJAY KUMAR SHADIJA,64880069IXIGBB2QBV55,SHADI FOR CARS TRADING,17828,54.054054054054056
CAR REFINISH MANIA S.R.L. BREVEMENTE C.R.M. S.R.L.,529900NTK1UMSYMC3124,IMAM KHOMEINI SHAZAND OIL REFINING COMPANY,29797,47.76119402985075
Leon Invest UG (haftungsbeschränkt) & Co. KG,391200QLMST0E371MW89,GARANT INVEST BANK JOINT STOCK,51652,57.14285714285714
M/S SUNSUBA AND KRUSHNA REALTEK,648800IS8UHOPCIBBE03,CARTEL OF THE SUNS,55025,47.36842105263158
"Dudley Avenue Partners, LLC",254900HK0MEVOZNN3H36,AMEREUS PARTNERS PTE LTD,40245,68.42105263157895
ANKUR JAIN HUF,648800UDB5W4EPS6LE90,,,0.0
SANJAY MAHADEV BHATADE,648800AIL3W5RVLXNH41,MAHAK RAYAN AFRAZ,48664,51.28205128205128
"EURO COLVEN, SA",959800BQMKZD9UQXGJ26,EUROPEAN BEARING CORPORATION,46409,51.85185185185186
Freak Cloud Lda,894500SNRQVSRJQ73S61,ML.CLOUD,53998,60.86956521739131
THIES HOF GmbH,3912005CNLB960R38E56,THIEN AN HOA BINH COMPANY LIMITED,57403,53.84615384615385
Casa MaSa B.V.,724500D98SMX65WGGG57,CASA DE CUBA,475,66.66666666666667
Heide Holding B.V.,724500ZV3G7H4KLTPC79,HALEEL HOLDINGS LTD,47448,78.57142857142857
ZONE DESIGN SMILE SOCIEDAD LIMITADA,959800G8P0Z5WJJ66H79,BAJER SOCIEDAD DE RESPONSABILIDAD LIMITADA,26469,62.16216216216216
SUCHITRA EDUCATIONAL SOCIETY,648800QCC50SAWYVTZ40,SCIENTIFIC EDUCATION KOREA STUDIO,34022,65.57377049180329
Wohnphilosophie Egger GmbH,39120006YTQWKV7DC007,,,0.0
ONCQUEST LABORATORIES LIMITED,335800UPJLK7Y2SNA660,VALUE-ADDED SERVICES LABORATORY VASL,15100,56.14035087719298
广发基金全鑫1号QDII集合资产管理计划,2549004F5T7A756DDK09,,,0.0
REAL IRON AND STEEL,3358001BAQ6CLLWVC498,ORIENTAL IRON COMPANY SPRL,24670,72.72727272727273
Leverage Shares 1X Short ByteDance Daily ETF,5299004V9JJ7SNRKPA53,SINGH DAILY CULTURE PRESS LIMITED,29606,46.37681159420289
CLEVI SRL,894500SQ8FO2Z909KO12,CLEVER SHIPPING LIMITED,58437,50.0
SEDCOM LIBRIS SA IASI,984500FF1E8F1A0FDA59,"LA GRAN VIA ZONA LIBRE, S.A.",19170,48.64864864864865
WESTAB Aktiebolag,9845009CD08OC9NB0A69,WESTCOM TECHNOLOGY CO LIMITED,55403,57.14285714285714
MUKESH GOYAL,648800ONHURHFJ3WBK82,,,0.0
Hüttner Holding GmbH,529900YE5QDA9ERADH78,"HOTEL HOLDING, S.R.O.",28058,75.0
PROGETTO FER SRL,529900OH7FOFKFDMZE15,PROGRESS LEADER LLC,44024,59.25925925925925
TUNE ARMONIA Y BIENESTAR S.L.,529900ELJ0U70VQY3V61,"AMERICAN TUNE UP, S.A. DE C.V.",11246,52.17391304347826
METRO HI - TECH FOILS PRIVATE LIMITED,648800D7OK1AKQX4P357,SIGMA TECH COMPANY,17827,55.172413793103445
Leverage Shares 1X Short Plaid Daily ETF,5299002NA9L7ZHOGZR06,SHERKAT-E LIZING-E IRAN VA SHARGH,16021,49.31506849315068
"Fischer, Stepanenko und Ziegler Immobilien eGbR",391200Q0FMBGPI65HR65,OZEAN IMMOBILIEN PROJEKTENTWICKLUNG GMBH & CO. KG,44203,49.382716049382715
MEDAN HOLDING S.R.L.,894500SPRT0S2B0MM078,MAKO HOLDING,18325,80.0
DARDEN INTERNATIONAL TRADING LIMITED,984500F1E1A7147A6674,GREEND INTERNATIONAL TRADING LIMITED,54241,89.28571428571429
WILLS REALTORS (PRIVATE) LIMITED,984500F58C79B775A404,"LABORATORIOS WILLMAR, S.A. DE C.V.",11244,59.45945945945945
NUOVA ARDANI SRL,815600CC44CA6D145207,JOINT STOCK COMPANY ARDAL,52261,48.275862068965516
CHICHEN FARMS PRIVATE LIMITED,6488009V9VLEOG1HFJ38,"HUBEI CHICA INDUSTRIAL CO., LTD.",54489,45.714285714285715
AKHIL TRADERS,648800FYLF8RG3NIO239,KING TRADE B.V.,39587,69.56521739130434
AAA TECHNOLOGIES LIMITED,6488008AYULMI6D31B76,ALEL TECHNOLOGIES LLC,29060,84.84848484848484
POOJA 909,648800RZLZ1ZPQYAQB07,,,0.0
INDRIVER HOLDINGS INC.,9845004CCDED96806A07,HOLDING COMPANY INTERROS OOO,38240,72.72727272727273
AUTOZENTRUM S.R.L.,81560098DB9AE67E5078,CROWN AUTO TRADE,26175,51.85185185185186
HARIHAR GURU,648800QDCA6XFWQ5F453,,,0.0
MAX TRANSTECH LIMITED,64880095ZQVW1I0NJC93,MASK TRANS,51222,69.56521739130434
FINANZIARIA ARCOBALENO S.R.L.,81560035DEA40B2DDB36,RUSSIAN FINANCIAL CORPORATION BANK JSC,24026,63.63636363636363
KIRAKAT-BISZTRÓ Szolgáltató és Vendéglátó Korlátolt Felelősségű Társaság,9845008ED0C5Y2FB5C02,MATRIX METAL GROUP KORLATOLT FELELOSSEGU TARSASAG FELSZAMOLAS ALATT,49780,56.11510791366907
GADIS TRADIN COMPANY SOCIEDAD LIMITADA,529900R8T8UGHFPM6K68,AL-SAIDA STONE FOR TRADING AND AGENCIES,54643,62.06896551724138
AUTOSERVICIO ROMERO SOCIEDAD LIMITADA,959800Q2GU4ZQNPKF406,BAJER SOCIEDAD DE RESPONSABILIDAD LIMITADA,26469,65.78947368421053
ANNABELLE SOCIETA' AGRICOLA A R.L.,815600F0760FE22DCD60,AGRICOLA BOREAL S.P.R. DE R.L.,18821,64.15094339622642
PRIYA AGRAWAL,648800DNMQ7KC5G7O048,AGRAT CHEMICALS AND PHARMACEUTICALS,57357,50.0
OMEGA SOLUZIONI INGEGNERISTICHE SRL,81560023AF260686ED30,MAX MARITIME SOLUTIONS FZE,47302,60.37735849056604
RISTORANTE PIZZERIA BELLAVITA DI MANDELLI DONATELLA & C. S.A.S.,529900C3B0G9FLNTF693,DEWBELLE CENTRO DE ESTETICA Y BELLEZA LTDA.,11873,45.652173913043484
DHC- DAY HOSPITAL CAVOUR S.R.L.,81560010E36D8C1F5815,"DISTRIBUIDORA MEDICA HOSPITALARIA, S.A. DE C.V.",13011,47.45762711864406
ARRETURCOM GROUP S.R.L.,8156003879BE4AB15C63,AEROMAX GROUP,50772,75.86206896551724
DIDACUS S.R.L.,815600688D5299623D59,DIDA,42309,72.72727272727273
JAI KAPEES INFRACON PRIVATE LIMITED,648800M5QEV27BM8K011,LLC RKS INFRASTRUCTURE,46038,48.64864864864865
PJK Ventures GmbH,98450058E441B887E024,PARK VENTURES SAL,42331,88.0
EVA MARIA GARCIA RIPA-JUAN CARLOS GARCIA RIPA-AMAIA GARCIA RIPA CB,95980078LL05FB4TTY68,COMMUNIST PARTY OF PERU ON THE SHINING PATH OF JOSE CARLOS MARIATEGUI,4715,46.4
EURO 2000 S.P.A.,8156005CAE9489737A80,BOTANICA 2000,57355,54.54545454545454
PR BOOKS PRIVATE LIMITED,648800LQTMW24736NL90,,,0.0
PY CONSORTIUM PRIVATE LIMITED,894500SR5OYOT4ZJI062,"CONSORCIO NUJOMA, S.C.",21079,62.5
Prímahold Hungary Kereskedelmi és Szolgáltató Korlátolt Felelősségű Társaság,9845005057F8D54FB529,MATRIX METAL GROUP KORLATOLT FELELOSSEGU TARSASAG FELSZAMOLAS ALATT,49780,57.34265734265735
Sonnenwerk Zell im Fichtelgebirge GmbH & Co. KG,894500SRGS2833NAT424,,,0.0
COLCAS HOLDING S.R.L.,81560093797678197092,COCHAN HOLDINGS LLC,33939,82.75862068965517
AE2 INVESTMENT S.R.L.,81560039A405C48D1920,DAY INVESTMENT,25911,85.71428571428572
AGABIO S.R.L.,815600B197BC3CE06F67,,,0.0
Everwell SB TIC III LLC,2549009EZYIWOD169G25,EVEREST SEA NAVIGATION SA,56544,48.78048780487805
Everwell Propco GT LLC,254900MZDKVT4TLRDV69,EVEREST GRUP,36465,60.0
Everwell SB TIC I LLC,254900QVYNG6ICU7QH25,EVEREST INVESTMENT L.L.C,55449,51.42857142857142
Everwell PSL TIC III LLC,2549001VR6UQAS5F7C66,EVEREST SEA NAVIGATION SA,56544,47.61904761904761
Everwell PSL TIC II LLC,254900K6RFFHE9EZP533,EVEREST SEA NAVIGATION SA,56544,48.78048780487805
Everwell Propco SB LLC,25490095Q2M54EQRSI97,EVEREST GRUP,36465,53.333333333333336
Everwell Propco SB Annex LLC,254900C1RX3AKVEOOP37,JAZEERA PROPERTIES PVT LTD,44467,47.61904761904761
Everwell Propco RV LLC,254900KVEOVPVIYAX460,PROPITIOUS FOREVER TRADING CO LTD,54143,54.54545454545454
Everwell Propco PSL LLC,254900KFKKGVZYUICG33,EVEREST GRUP,36465,51.61290322580645
Everwell PSL TIC I LLC,25490065DAVLXW048751,EVEREST INVESTMENT L.L.C,55449,50.0
Everwell SB TIC II LLC,254900A0BB0EFH5X2Y42,EVEREST INVESTMENT L.L.C,55449,50.0
Everwell BB TIC I LLC,254900BQNYSBU3KZ7604,EVERFIT COMPANY LIMITED,31352,50.0
Everwell Propco BB LLC,254900J5AN1D0P1VAX92,EVEREST GRUP,36465,53.333333333333336
Everwell BB TIC III LLC,2549000HQC6MAN5JAL12,EVERFIT COMPANY LIMITED,31352,46.15384615384615
Everwell BB TIC II LLC,254900T1TM80AAWKKU57,EVERFIT COMPANY LIMITED,31352,48.0
E. Pluim Beheer B.V.,7245009MTH1IV14L5B33,BEHENGAM TADBEER QESHM SHIPPING COMPANY,56997,40.0
HARSHWARDHAN GEMS PRIVATE LIMITED,648800O89HXMQJEYTZ70,WAZNI GEMS DMCC,42322,59.25925925925925
HOLPEC S.R.L.,8156009150BFC4295B38,,,0.0
MUKESH TELI,648800CEHBAJ198CLM68,,,0.0
LÆGE BO GERDES,9845002D49DEZ8AA0C25,,,0.0
MG MEDICAL DEVICES (OPC) PRIVATE LIMITED,894500SRXEPJ01MXRS63,MICRO DEVICE CO LIMITED,55410,64.70588235294117
IMMOBILIARE C.L.N. S.R.L.,815600DECF1EC8076F34,SERVICE IMMOBILIERE ANTIBES SAS,38036,57.14285714285714
MARI IMMOBILIARE S.R.L.,815600F8E83277E9B804,SERVICE IMMOBILIERE ANTIBES SAS,38036,60.46511627906976
GIOCANIDO SRL,8156003B57DD36DE0934,,,0.0
TEAM S.R.L.,5299003KZGAIUIUE0448,MACRO TEAM LTD,45978,57.14285714285714
ETRUSCO HOLDING S.R.L.,815600CDAC8C6C584523,"GEMUHO HOLDING, INC",19939,75.86206896551724
NOVUS AUTOMOBILES PRIVATE LIMITED,648800A28JCU6W8SAZ12,SES AUTOMOBILE,8882,77.41935483870968
Leverage Shares 2X Long Plaid Daily ETF,52990029BU9NMFNNWV64,GREAT SHARE INTERNATIONAL LOGISTICS LIMITED,46737,45.945945945945944
EKTA MILK PRODUCTS PRIVATE LIMITED,648800K6L9G1CZVF3924,MEDIN PRODUCTS,58003,68.75
Tradehold OÜ,9845009A58A6FU7A9A06,BY TRADE OU,37620,69.56521739130434
Han Herred Efterskole,636700ACXI0LNY4UNY56,EFTEKHAR BANK,12028,47.05882352941176
KHETAWAT PROPERTIES LTD,648800P7BAXYEXLVUS10,BENA PROPERTIES,12745,76.47058823529412
JHAJHRIA SOLAR AND POWER SOLUTIONS,335800UZ3PAKIU1DOP79,ASIA MATERIAL SOLUTIONS COMPANY LIMITED,50115,64.15094339622642
JCP INFOLAB SOCIEDAD LIMITADA,529900VMJS1EDRRFD367,PERFECTDAY SOCIEDAD ANONIMA,55550,60.71428571428572
Devanthro GmbH,9845004WA0G13N337C14,DEVAIS KONSALTING OOO,43134,46.15384615384615
PANNA SWADESHI MILLS,894500SS2Y9AN0YTFC30,MILLAB SYNTHESIS,47623,55.55555555555556
SHREE SHARNESHWAR INFRA PRIVATE LIMITED,648800SPUK5PAJ5JNA89,ANSAR AL-SHARI'A,11695,61.111111111111114
KARM NARMADA HOSPITALITIES LLP,9845006T3984942HE409,MICHIGANTAP HOSPITALITY PRIVATE LIMITED,56049,57.14285714285714
MAHITHA INDUSTRIES,648800PV706WE2UBAH47,SHER MATCH INDUSTRIES (PVT.) LIMITED,10607,76.92307692307692
Grégory NEUT Malloc,259400BOXG0D0GYRLD24,MINIMERCADO EL MANANTIAL DEL NEUTA,11838,39.13043478260869
BV Omega GmbH,984500571DDCK9F75C25,,,0.0
SRI RAM TRADERS,3358002PM4D52P35N576,RADIX TRADE LIMITED,54625,69.23076923076923
DIAZ MONIS SL,529900SVJ6BN1DGNEB04,SANTA MONICA DAIRY,10366,58.06451612903225
ASSOCIAZIONE TERRITORIALE UNSIC DI VENEZIA VE/01,815600C95C8045E66488,PALESTINIAN ASSOCIATION IN AUSTRIA,7918,56.09756097560976
ASHRAYA AGRI EXPORTS,3358005PW72GZMR41C86,FIRST EAST EXPORT BANK PLC,25681,57.14285714285714
"Maatschap E.J.J. Scholten Linde, C.E.M. Scholten Linde-Schutte",724500KW36XZIOYGWD48,"PLANDISTE SCHOOL, BOSNIA AND HERZEGOVINA",10923,37.77777777777778
CHANDRA PRAKASH,648800EJGW27OEMSCP23,ZORAH CHANNEL,10658,57.14285714285714
VICTORY CAPITAL ADVISORS SL,959800RY5V33N42QJ971,AVRORA CAPITAL SRO,40825,66.66666666666667
BV Omikron GmbH,984500C872D6768D2C31,,,0.0
Bouwgouw,724500RS6LG1JWWXLL83,,,0.0
BHAIRAVI ENGINEERS AND INFRASTRUCTURE PRIVATE LIMITED,894500SRB8IGG4BF5K56,DESIGN AND MANUFACTURE OF AIRCRAFT ENGINES,39039,64.70588235294117
POLIN ET MOI SL,959800568DMZT9GK1L71,"EVRO POLIS, OOO",23564,64.0
NEOGREEN POWER SERVICES PRIVATE LIMITED,648800AXLPSU9FR1AZ91,SMART GREEN POWER,24744,70.0
Sander Rozemuller Holding B.V.,724500ZXYKCTISZGEF86,MARANER HOLDINGS LIMITED,25468,68.29268292682926
"MB ""GL property""",98450000Q39A42C05240,OZLAM PROPERTIES LIMITED,9602,66.66666666666667
LANDINGAI INC.,984500A771E38805X545,"MEDIA LAND, LLC",53997,63.1578947368421
VPM Beheer B.V.,72450041ONZ04S0C5P39,GHADIR TOSE-E SAAMANEHAYE BEHENGAAM,25946,35.55555555555555
SHRIDHAR INDUSTRIES,6488001NDDSRUVXPX160,SHAHID SHUSTARI INDUSTRIES,23433,80.0
Mfasader Invest AB,984500BC40FE4506C921,MACKA INVEST CO LTD,56377,74.07407407407408
OXFORD NEXT GEN EDUCATIONAL SOCIETY,64880067SE1E8J47OQ90,PALESTINIAN RELIEF SOCIETY,7911,55.73770491803278
AVANTIKA ENTERPRISES,335800GMPCNP73VTV897,ANFASAR ENTERPRISES S PTE LTD,39358,73.17073170731707
Samad Invest UG (haftungsbeschränkt),984500F1CZW470385A21,HUNTSMAN INVESTMENTS CO. LTD.,55576,51.85185185185186
ANKUR BADKUR,648800YPS0VJZRM8LY20,,,0.0
SRI LAKSHMI AGRO PROCESSING,335800ZHLPZY3ZFV5O95,DATA PROCESSING OF EAST LLC,48662,63.829787234042556
MERCY YOUTH WELFARE ORGANIZATION,648800SFJHECI1FO5T06,AR RAHMAH WELFARE ORGANIZATION,19682,70.96774193548387
Taxi Ronny GmbH,984500F8E6D97FA40207,TAXI AEREO ANTIOQUENO S.A.,11479,58.06451612903225
Maison Megens Holding B.V.,72450003KHU64MLGIZ48,MAGUS HOLDING LLC,26206,70.58823529411764
NEW LEATHER S.R.L.,529900WHM7B5J90Z2J14,,,0.0
Hudson Zoetermeer B.V.,648800VPN9AEDNJ2YV97,,,0.0
LEUCA S.R.L.,529900PLKV3Z3K08QS05,,,0.0
BÜR3 Projekt GmbH & Co KG,529900W19K363FD6HC08,CNRG PROJECTS,36047,64.0
SUPER JEWELLERS PRIVATE LIMITED,335800SSNF18PO4HQW52,TRIO JEWELLS LLC,49897,66.66666666666667
Holding our Future B.V.,724500KH2JWEWVZRHL23,NOUR HOLDING SAL,28168,73.33333333333334
SAHAB LAL ENTERPRISES,894500SPXCKJPACI9K52,LORA ENTERPRISES LIMITED,23270,75.67567567567568
Rakieta Investments B.V.,72450025D2CQFOSLAI26,TAKTAR INVESTMENT COMPANY,25040,83.33333333333334
AAZHIMALA SIVAKSHETHRA DEVASWOM TRUST,335800O1BT9OWA2XXA80,AZMAT-E-PAKISTAN TRUST,7946,61.01694915254237
Elevion Group B.V.,724500JELINBQCEAU910,ELEMENT GROUP,39165,76.92307692307692
Max Pieters Beheer B.V.,724500381KRNCE0QT244,BEHENGAM TADBEER QESHM SHIPPING COMPANY,56997,48.97959183673469
M.A. Gankema Beheer B.V.,724500JOCIWDGDDWZY89,GHADIR TOSE-E SAAMANEHAYE BEHENGAAM,25946,46.15384615384615
Peter Wortman Beheer B.V.,724500W5GW2TOAL54Q93,WORTH SEEN ENERGY LIMITED,56384,59.45945945945945
InnoVanDoren B.V.,724500G64U5ZKB0K7K63,LLC F2 INNOVATIONS,45759,61.53846153846154
Nyholm Mink I/S v/Brian og Jan Bjerggaard Jensen,6488007ZKH1XAR9KOV86,,,0.0
LPVG II B.V.,7245004IJRWSGXPZX008,,,0.0
Kingma Holding B.V.,724500ZCM95E09CHQ437,KINGSTON HOLDING,49761,80.0
COMMODITY CORPORATION PTY LIMITED,984500ED50A9P71R6045,RQI COMMODITY HK LIMITED,57168,68.96551724137932
Harm van Gog B.V.,7245006MZ77TZLWCSU44,HARMONY GROVE CORPORATION,51906,64.0
De Wilde Beheer B.V.,724500J2FJS2LVISC603,BEHENGAM TADBEER QESHM SHIPPING COMPANY,56997,41.860465116279066
MB Sfinkso turtai,648800F9KI2VN2ZZ2W97,LIMITED LIABILITY COMPANY SFINKS SECURE LOGISTICS,47476,36.0
R. Hoendervangers Urologie B.V.,724500FAIWFL4ZNXRL76,,,0.0
J.H.M.D. Holding B.V.,724500VSP7IKW4UF2O42,SHAM HOLDING COMPANY SAL,12744,83.33333333333334
"PEFER E HIJOS, S.A.",959800D4UMW86JT45T78,MONTOYA LUNA E HIJOS Y CIA. S.C.S.,7293,37.2093023255814
P. van Herk Beheer B.V.,7245004O6KUG5E788J88,GHADIR TOSE-E SAAMANEHAYE BEHENGAAM,25946,42.307692307692314
ELEVEN STYLE KNIT,894500SRMBLZQ2Z6GO85,ELEVENTH OCEAN GMBH & CO. KG,25461,58.06451612903225
A. van der Schaaf Beheer B.V.,724500MTKPUTK74Z2F62,GHADIR TOSE-E SAAMANEHAYE BEHENGAAM,25946,48.275862068965516
VENKATESWARA KIDNEY CARE HOSPITAL LLP,984500581D2EAE84FM48,CAR CARE CENTER COMPANY,18222,50.0
AVENTRA TRADE PRIVATE LIMITED,335800Y79MKN7VN72V50,HESA TRADE CENTER,11195,73.33333333333334
RECREATIVOS ESCOLANO SL,984500BC6EF885997456,PARSIAN TOURISM AND RECREATIONAL CENTERS COMPANY,30401,54.23728813559322
CONSORZIO FLY,815600134AD88CFDF059,"PLM CONSORCIO, C.A.",23893,68.96551724137932
VCOP EMP HOLDINGS 2002 LLC,98450000E036G4554790,200G PSA HOLDINGS LLC,20264,71.7948717948718
Obec Jíkev,648800XC2308J5BSY363,,,0.0
LY Healthcare AB,984500B9DGDE08BB1H53,,,0.0
Martin eGbR,391200M0KUHYMID9X035,ANDREA MARTINA LIMITED,23420,64.0
LeagueShares NHL-FLA-1X Ltd.,529900FKRU1D91JY5Y86,PALESTINE LEAGUE,7918,51.28205128205128
DASS TRACTORS,335800M12DFDGK3AMZ11,VOLGOGRAD TRACTOR PLANT,48862,50.0
POWER WAYS TECHNOLOGIES PRIVATE LIMITED,894500SPB6DH5D0ZNC45,PETRO WELT TECHNOLOGIES,51563,78.26086956521739
LeagueShares NHL-CHI-2X Ltd.,529900EK45BFHHD44X92,PALESTINE LEAGUE,7918,51.28205128205128
SEARCH RANK RESULTS PTY LIMITED,984500902E6A4D858B57,OCEAN SEARUM ONE LIMITED,58115,46.15384615384615
Maes Vastgoed,724500U822QTKL5MTZ58,CG - VASTGOED INVEST,35311,70.96774193548387
M NITHYA,984500BG0B9666612B06,,,0.0
Ernst Founders ApS,984500C940BB89401A18,IRGC COOPERATIVE FOUNDATION,12477,48.78048780487805
AKSONIC RE KHUSHIYARA PRIVATE LIMITED,648800QKN0HUWB7GD720,KHUSHBU HONING PRIVATE LIMITED,50793,51.42857142857142
WENOVA USUFRUIT 3,6488003XL33H0KQV9T71,,,0.0
KAMAL NARNOLI JEWELWORKS PRIVATE LIMITED,648800WLF0XUDNYLB922,AL-KHALIDY JEWELRY COMPANY,24760,56.41025641025641
PHOENNIX SPICES INDIA PRIVATE LIMITED,648800NA43NEQ1FN2F52,PHOENIX LINES S.R.O.,48390,63.1578947368421
Taus Kälte-Klimatechnik GmbH,5299006FR773Q4B3PM38,KALTONA LIMITED SASU,34061,45.714285714285715
Goldema Oy,894500SQULV5J6BS6W63,GOLDEN STAR CO,24752,66.66666666666667
Barolo Capital Ltd.,9845009FN9ZQ7C953D72,ALT CAPITAL PTE. LTD,57770,80.0
SMARTNET IT SOLUTIONS (AP) PRIVATE LIMITED,648800Z34HQI6PP9HP11,MAXTECH IT SOLUTIONS,40912,77.27272727272727
Effi immobiliare srl,894500SQ2W4BC9ODX492,SERVICE IMMOBILIERE ET GESTION SAS,38037,56.52173913043479
Ediltec Bayern GmbH,8755007SBU5WKW8X0R09,,,0.0
RUCHI PETRO PLAST PRIVATE LIMITED,648800S2MMQ12G452464,PETROPARS UK LIMITED,11635,68.96551724137932
ROADWAYS INDIA LTD.,335800Q6TWM2SKO52B65,DRAGON ROAD LTD,50849,56.00000000000001
FALEGNAMERIA SAIU DI GIANCARLO ED ESTER SAIU & C. S.N.C.,529900E000KA789VW121,VITAL SILUET CENTRO DE ESTETICA,11843,41.02564102564102
RISERIA GIUSEPPE MARTINOTTI - S.R.L.,8156003829B518D7BF97,EMPRESA SIDERURGICA JOSE MARTI,57951,52.63157894736843
Vachellia Investments (Pty) Ltd,37890LAUX2W44KQHEJ63,WALDAU INVESTMENTS LIMITED,42209,69.76744186046511
Valiant Garantie AG,894500SNXAFKEJ22RC64,LIMITED LIABILITY COMPANY GARANTIYA,40810,68.57142857142857
Green Canada Uranium Corp.,391200FJFWATJH0UQY05,IRAN URANIUM ENRICHMENT COMPANY,25647,60.46511627906976
EASTERN BUILDERS AND DEVELOPERS PRIVATE LIMITED,64880084D6IYO4XDIG79,KAY ZONE BUILDERS AND DEVELOPERS,19973,80.0
SURIYA INFRATECH (INDIA) PRIVATE LIMITED,335800Y7YDW4K20FAJ92,IRAN AND INDIA SHIPPING COMPANY,25441,58.53658536585367
DWARIKADHISH SPINNERS LIMITED,648800UKQ65HM4VPUS16,SELKBAF SPINNING AND WEAVING FACTORIES,30393,43.63636363636364
ANISHKA FUELS,64880002A72V3441GQ66,ASIA FUEL PTE. LTD.,40759,72.72727272727273
PROSPERUM Verwaltungs-GmbH,391200SMINQDGODTAZ32,ENVIGO VERWALTUNGS GMBH,44271,66.66666666666667
UNIEXPERT1 SPÓŁKA Z OGRANICZONĄ ODPOWIEDZIALNOŚCIĄ,648800MBDUO5ZY8VJO05,INTER-TRANS SPOLKA Z OGRANICZONA ODPOWIEDZIALNOSCIA,42725,79.20792079207921
SRI VARAHALAKSHMI TRADERS,894500SPM9H0FBOQYG44,SHAHID VARAMINI INDUSTRIES,22786,50.98039215686274
LYNX COMMUNICATION SYSTEMS PRIVATE LIMITED,33580085JKY8S4VFFR84,STARS COMMUNICATIONS LTD SARL,17042,73.91304347826086
V L P ENTERPRISES,335800502JV6V5L4F164,LORA ENTERPRISES LIMITED,23270,78.78787878787878
Alexander Maier Ventures GmbH,529900XDSQSACQHQDI83,BRILLIANCE MARITIME VENTURES S.A.,56933,69.23076923076923
VIDAGIUMA S.R.L.,529900UZ9IPI8KSE5G43,"FARMACIA VIDA SUPREMA, S.A. DE C.V.",7157,36.36363636363637
SRI MAHA HOSTEL,3358002SCES31GTEKM52,HOSTERIA LAS DOS PALMAS,11560,52.63157894736843
SPINVISION GLOBAL LLP,648800G24NPFMXMJX654,GLOBAL VISION GROUP,26119,77.77777777777779
CAFLO US Group Inc.,894500SPGPX8SCCVAW24,ALROSA GROUP,34644,69.23076923076923
Pieńczak Fundacja Rodzinna,6488001XBL4SJRQZI622,FUNDACION ISSARA,15857,52.38095238095239
M-CAPITAL,699400SSZFSRV95V1520,CAPITAL S.A.L.,28539,87.5
DUPONT ESTATES,699400FOPVBT5CNU9T12,RG REAL ESTATE DEVELOPMENT GMBH AND CO. KG,44243,55.00000000000001
CYNOSURE INDUSTRIES,648800GNL30IIMNSTY66,"GREEN INDUSTRIES, LTD",27165,74.28571428571429
RAVICHANDRAN MADRAS DEENADAYALAN,648800KLFJXK5FO91K24,JAMIA MADRASSA DUR UL KORAN WASUNA,16223,48.484848484848484
ARBTECH TRADING PRIVATE LIMITED,648800CN1H538Y7HKV27,TAECHIN TRADING CORPORATION,28546,80.0
ALF EMERALD I DESIGNATED ACTIVITY COMPANY,894500SP5MTPIDP3ZS42,GTLK EUROPE CAPITAL DESIGNATED ACTIVITY COMPANY,37862,72.22222222222221
VEERADITYA CORPORATION,894500SMJEHNNP35VC50,,,0.0
RAJENDRA COTTON INDUSTRIES,335800K6IQ0M4TWGVE32,IRAN COMMUNICATION INDUSTRIES,11181,72.72727272727273
TEAM CALL S.R.L.,529900PSF5PLF3HDYJ57,A-TEAM CHEMICALS COMPANY LTD.,9554,64.0
ZISHK PRIVATE LIMITED,335800QQ830J00FK0R58,,,0.0
OVERSTONE PROPERTY GROUP LIMITED,98450002BAE14D853606,PREMIER INVESTMENT GROUP SAL,24394,66.66666666666667
SRI VENKATESWARA LAKSHMI NARASIMHA EDUCATIONAL SOCIETY,3358006XQXBNMOGKAV38,LIMITED LIABILITY COMPANY URAL EDUCATIONAL RESIDENCE,47899,60.0
PALDINO DENTAL SOCIETA' A RESPONSABILITA' LIMITATA,529900F899MPKLIW8P58,BAJER SOCIEDAD DE RESPONSABILIDAD LIMITADA,26469,71.26436781609196
H.Hartmannsdóttir ehf.,648800FAA38YD9Q1LM36,LIMITED LIABILITY COMPANY HARTIS DV,46013,35.0
NOTO Consulting AB,894500SO8DJ3OHPU2G89,FORT CONSULTING OOO,43104,86.66666666666667
M. Sahner Baustellensicherungs Gesellschaft mit beschränkter Haftung,391200TQKYF504O3L110,MOJTAMAE SANATE HAFTOME TIR,10863,29.78723404255319
LeagueShares NHL-DAL-2X Ltd.,529900E7RX1B0K8ORW11,PALESTINE LEAGUE,7918,51.28205128205128
IT ASSETS MANAGEMENT SPÓŁKA Z OGRANICZONĄ ODPOWIEDZIALNOŚCIĄ,259400VO8SYAX7USVF81,LAKE FOREST SPOLKA Z OGRANICZONA ODPOWIEDZIALNOSCIA,51404,81.08108108108108
CLEAN MAX CHIN PRIVATE LIMITED,335800IR4YHF0VHDAO49,SILVER STAR CHINA,24977,58.06451612903225
IW Finance B.V.,724500IW6Y6N2CRU3180,M-FINANCE LLC,29868,84.21052631578947
HOTEL GANESH MAHAAL (SALEM) PRIVATE LIMITED,33580004TAYA8CCPXL77,HOTEL PALACE,8735,54.054054054054056
PRABHAT PAPER MART,335800ERQUS7AX9UBI94,POLIGONO SANTA MARTA S.A.S.,33014,47.36842105263158
"MĒNEŠI, Saldus rajona Zaņas pagasta zemnieku saimniecība",6488000V5RJXN8JWSC38,SAMOSTALNA ZANATSKA TRGOVINSKA RADNJA PRIZMA,33987,46.464646464646464
LGM GLOBAL TRADELINK PRIVATE LIMITED,335800VYEASAGFYH5B27,GLOBAL TRADELINE SARL,51067,83.33333333333334
VENKATARAMANAPPA PETE RAMAIAH UMASHANKAR,648800N11401UD57FG21,RAMAK COMPANY FOR DEVELOPMENT AND HUMANITARIAN PROJECTS LLC,29049,45.56962025316456
Digital Stadium Holding B.V.,724500VTSQQ05DXPLV68,CAPITAL TAP HOLDING L.L.C.,48960,71.42857142857143
RATHNASHEELA EDUCATION TRUST,335800BX7RCOKAYMK612,NATIONAL BANK TRUST,51671,59.57446808510638
"UAB ""Puikus butas""",648800PP85JUZHJ1MA49,BUTANI TRADING LLC,57855,46.666666666666664
ANTONICA PACKSOL LLP,335800614EFCXVGDL975,LIMITED LIABILITY COMPANY PRESSMAN SOFT PACKAGING NOVGOROD,47969,34.48275862068966
PUMO TECHNOVATION INDIA PRIVATE LIMITED,3358005L3XDLLIUVAH52,"DIMACO TECHNOLOGY, S.A.",27248,60.0
ELENA SAS DI ELENA TIZIANO & C.,5299009BFIO0Z6UGR171,INDUSTRIA AGROPECUARIA SANTA ELENA LTDA.,7584,47.61904761904761
LeagueShares NHL-CBJ-2X Ltd.,529900BF1DR3VHM7BX70,PALESTINE LEAGUE,7918,51.28205128205128
HPI B.V.,724500FF9CUKH5WWRH09,,,0.0
ST Husas MB,648800SEBWAMUTGPIW15,,,0.0
"Stichting ""Vrienden van Tiendwaert""",724500D8M2YJO6A5TC23,"STICHTING WERELDHULP-BELGIE, V.Z.W.",7270,46.875
JAGANNATH MAHADEV TRADERS,335800PFLODCY4D8VV37,MADA'IN NOVIN TRADERS,28684,60.86956521739131
FUNDACION JT,391200UD61BEWW0U1Z63,FUNDACION ISSARA,15857,71.42857142857143
BALLYCANNON HOLDINGS LIMITED,894500SOJGMMYGDLDK82,BUOYANT HOLDINGS LIMITED,44269,72.22222222222221
Lars Horsager Riis,648800ANZNRV4GUSV505,RESEARCH AND PRODUCTION COMPANY HORST,45781,41.860465116279066
Wegner Vermögensverwaltung GbR,391200WYEUVS8Q8UHD02,COMANDO VERMELHO,57817,30.434782608695656
Alca Group a.s.,894500SM8BE4DQFEK845,ARC LIMITED GROUP,33948,84.21052631578947
MHM MASKINTEKNIK HOLDING ApS,648800PMSVPVTV7SMD27,AL MASHREK HOLDING,12746,66.66666666666667
Hahn & Pavone OHG,9845004F6BEAFE895E67,,,0.0
CORAL HEALTH CARE PVT LTD,335800Q60MOYWA0M0J76,CAR CARE CENTER COMPANY,18222,56.25
Speciallæge Kristian Anthonsen,648800WC5Y5SAQVD9402,SPECIAL MATERIALS CORPORATION,49259,59.57446808510638
AK HOLDING GILLELEJE ApS,648800O286N8FOMJY774,HALEEL HOLDINGS LTD,47448,68.57142857142857
LeagueShares NHL-ANA-2X Ltd.,529900AJS4S915SB2Y86,PALESTINE LEAGUE,7918,51.28205128205128
HINDUSTAN HEAT TREATERS,6488000YISDETRYK6L94,HEROIC TREASURE LIMITED,35377,47.36842105263158
trift Stiftung,894500SOP06ELFPH1410,AL-AQSA SPANM I STIFTELSE,7645,44.44444444444444
DunkelGrün GmbH,391200UX1O5I3D23UX31,,,0.0
Rosa Marina KG,391200Z9FI6GOJG0G020,MYRA MARINE LIMITED,56243,72.72727272727273
JUNA S.R.L.,5299004JP1Z63SH90E23,AL JUNAID MULTI ACTIVITIES CO LTD,43456,29.629629629629626
EVK LOGISTICS PRIVATE LIMITED,335800L9OD13SN2Q7X56,LLC ELEKKOM LOGISTICS,49353,80.0
VS Molina AB,648800SK75A1R9N1O917,LIMITED LIABILITY COMPANY TORGOVYY DOM VOLFRAM MOLIBDEN,52585,29.166666666666664
SYNNOVA INTERMEDIATES PRIVATE LIMITED,984500HB05952D702A11,INTERSEAS SHIPYARD LTD,25835,61.53846153846154
AMPIN C&I POWER TEN PRIVATE LIMITED,335800LHQ6130Y1TF086,JINHUA HAIRUN POWER TECHNOLOGY CO LTD,49933,61.224489795918366
Täta Tak Förvaltnings AB,894500SNM7C14KEBG832,NONPROFIT ORGANIZATION INVESTMENT AND VENTURE FUND OF THE REPUBLIC OF TATARSTAN,47255,32.55813953488372
M.H. NV,6488000MWYME2U5QN389,,,0.0
Novabrand,648800QCM15O3C7ONQ47,NOVASTREAM LIMITED,38096,63.1578947368421
Tamaro GmbH,391200BO4CFP1Q4SP016,TAMAYOZ LLC,29047,76.92307692307692
SCI DES COLIS 95,894500SNGNS9HL2FSO27,"GBJ DE COLIMA, S.A. DE C.V.",28227,41.379310344827594
MØLGAKATTEN AS,894500SLX8AL3RRN9437,,,0.0
BHALOTIA GLOBAL VENTURES PRIVATE LIMITED,6488003M96AEYUANWX18,TUJUH BULIR GLOBAL,58201,61.904761904761905
"UAB ""PRIOR TEST GROUP""",648800GWJRY2E5C9PC35,LLC PSO RSB-GROUP,37673,66.66666666666667
Materiál 04 Számítástechnikai Kereskedelmi és Szolgáltató Korlátolt Felelősségű Társaság,894500SN5KOQ7MEOHK60,MATRIX METAL GROUP KORLATOLT FELELOSSEGU TARSASAG FELSZAMOLAS ALATT,49780,59.354838709677416
Construction Cerbi,6488009LYII2PIDBQH97,AZERBAIJAN CONSTRUCTION,25890,82.92682926829268
VTECH BIOTRON PRIVATE LIMITED,335800JQGQY96I7LL632,"HEBEI CROVELL BIOTECH CO., LTD.",45381,52.94117647058824
"SPAU Consulting, MB",648800N5TKFJ3JKDGJ60,RB CONSULTING LIMITED,42745,77.41935483870968
NIDHI ENTERPRISE,335800DB74628JK89M21,ROCKSIDE ENTERPRISE,52053,74.28571428571429
EC INFOSOLUTIONS PRIVATE LIMITED,33580068WDYGNYSGVA75,INFORION OOO,45028,58.33333333333333
ALIT INVERSIONES Y TECNOLOGIA S.L,529900E4OXSTZ2DVG034,INVERSIONES LAS ACACIAS Y CIA. LTDA.,11858,65.67164179104478
JMD ANTRIKSH REALTY,6488005AZL9SGGU5SX25,COMPANIA REAL DE PANAMA S.A.,15869,51.28205128205128
"HELMO IT SOLUTIONS, SOCIEDADE UNIPESSOAL LDA",894500SNB48HULQK5412,AVENIDAS FLUTUANTES UNIPESSOAL LDA,56754,57.14285714285714
Leuteritz GmbH KFZ-Reparaturwerkstätte und Autohaus,391200FT1GYEN01XOW80,FEDERAL STATE UNITARY ENTERPRISE DUKHOV AUTOMATICS RESEARCH INSTITUTE,41024,53.91304347826087
KRIAM VENTURE LLP,3358008LOORGRQYUI875,RUSSIAN VENTURE COMPANY,35244,78.57142857142857
Martomi OÜ,648800V2H6UBS40HBK35,MARTYRS OF YARMOUK,20010,56.00000000000001
Gatto Family s. r. o.,097900CAKA0000350921,PERKO WORKSHOP FAMILY,43545,61.53846153846154
PROFIMONTCRANE s.r.o.,097900CAKA0000350824,"PROFINET, OOO",24516,53.84615384615385
SAKTHI ANANYAA MARKETING,335800SMH6Z6FA5P6841,KONIJANE STRATEGIC MARKETING,40137,69.23076923076923
RAJA RAJESHWARA SWAMY ONION MERCHANTS,335800Z7PWIP66U9XD71,YALTA MERCHANT SEA PORT,18315,53.333333333333336
DP Invest UG (haftungsbeschränkt),984500D8CO54639C8C44,GALENIT INVEST AD,32036,54.16666666666667
MolliCon OÜ,6488001UD0OPJXT3SY53,,,0.0
FRIENDS DETECTIVE SECURITY SERVICES,335800JG0OXWCPCUVG70,AL-QASIUN SECURITY SERVICES LLC,21207,67.79661016949152
Eripedagoog OÜ,648800RH4C0XSE9AUT11,,,0.0
Romazel,894500SN014YKN2SU064,KING ROMANS COMPANY LIMITED,23654,44.44444444444444
Ratiodata DocSolutions GmbH,391200S9IY92UU8PHW29,LIMITED LIABILITY COMPANY GORA GOLDEN RATIO,47827,40.816326530612244
"REDPILL VENTURES, LDA",894500SMUHL6XNQX6G90,PARK VENTURES SAL,42331,66.66666666666667
TITO BUS - S.R.L.,894500SLM571TT3VY070,,,0.0
M/S F.M.CHEMICAL,3358009MF6GSIQ00VW46,,,0.0
AUDENSMAR SL,894500SMDUXW0PRA7S18,,,0.0
Tife Kirjastus OÜ,648800505FCFEFRSUX43,,,0.0
COFFEE COM,3358001OGKUTRBI3VZ44,KAVE COFFEE S.A.,30629,66.66666666666667
Methocon Holding GmbH,529900LKRQ8T7W7L0634,MOBIN HOLDING LIMITED,29624,75.86206896551724
HGB GROUP S.R.L.,529900PJX7KNM16NZ734,RG GROUP FZE,44213,82.35294117647058
KHADAKPURNA SHAIKSHANIK VAIDHYAKIYA BAHUUDDESHIYA SANSTHA,335800DE4L1CUK9SZP49,"BEIJING SANSHUNDA ELECTRONICS SCIENCE AND TECHNOLOGY CO., LTD.",49754,38.095238095238095
M & M Capital Group GmbH,391200VU554I0LPRO674,AQUILA CAPITAL GROUP,43093,70.27027027027026
S MANIMEGALAI,335800G42OWR175B6C51,MANICA DRC SPRL,24676,50.0
TRAVELOCARE LLP,648800EP9DGSQ1YCM341,MAHAN TRAVEL,24706,52.17391304347826
HARII EXCLUSIVVE AGRO CULTIVATORS LLP,894500SKOVWFZX4M0O44,AGROINDUSTRIAS CIMA S.A.S.,20207,50.0
FUNDACJA RODZINY PAŁKÓW FUNDACJA RODZINNA W ORGANIZACJI,2594007JY2FY6C901C52,ORGANIZACIJA PREPORODA ISLAMSKE TRADICIJE KUVAJT,10923,52.42718446601942
AKSONIC RE KOYLA PRIVATE LIMITED,648800TBBEJPBC0LZU73,,,0.0
Adelina Barbosa Sociedade Lda,894500SODX2VBH1PQ045,BAJER SOCIEDAD DE RESPONSABILIDAD LIMITADA,26469,64.70588235294117
Wald.RAUM.Holding GmbH,529900G08CQTF19S3538,SHUEN WAI HOLDING LIMITED,11298,70.58823529411764
KAYCEE METCAST PRIVATE LIMITED,64880045U7QZFOF5WQ78,,,0.0
DANNEVIRKE SF LIMITED PARTNERSHIP,984500F97A7875LA0B94,CODE A PARTNERSHIP,44454,65.11627906976744
"TJK THOMAS, JUNG & KOLLEGEN Steuerberatungsgesellschaft mbH",391200ZNFDV3I3M8ZU12,STG. INT. STEUN AANARMEN STICHTING ISRAA,53923,35.55555555555555
SIXFOC S.L.,95980095TAV7G9YKHC08,,,0.0
DOKTER PATRICK VANDEPUT,894500SQP2BDW6ZWJC71,BOUTIQUE PATRACA,10640,51.28205128205128
SWIM & GROW S.L.,959800HTEEPYKFRTTW06,"GROWTH TRADING CO., LIMITED",56428,46.15384615384615
NEOLIA,699400MNGRODYL0D2P34,,,0.0
ALEGRE ROCA S.L.,95980067JX2CUV1D2Z94,AGRICOLA COSTA ALEGRE S.P.R. DE R.L.,31146,52.38095238095239
plaan Holding GmbH,391200S55ODTDBDH3336,PAPA HOLDING LTD,48096,88.0
KLINIVEX MEDICAL LLP,3358006WOD25NKS0R068,MEDIA LEND,53997,61.53846153846154
BILLBOARD PRIVATE TRUST,335800261ZJW6RITS214,MOMAR TRUST,6912,69.23076923076923
KNIF AS,1595CO74AAWRWP567E27,,,0.0
GETVOLTER LTD,984500AAP1381CAEB040,,,0.0
RESTAURACIO GAIA 2016 SOCIEDAD LIMITADA,894500SQDZ7UM8C58861,BAJER SOCIEDAD DE RESPONSABILIDAD LIMITADA,26469,64.1025641025641
PMSYV HOLDING ApS,1595JQT5HITYONKYR475,MTV HOLDING,52176,83.33333333333334
Krakau Reisen AG,3912003RD4N4TDVPEB14,KRAKERN LIMITED,23414,60.0
RJF HOLDING AS,1595EXLLT0E9UYOXSQ28,RB HOLDING LIMITED,42744,85.71428571428572
NARVAL BLANC SL,9598002XT7NR48J9J936,BLANCA GOODS WHOLESALER LLC,57578,47.36842105263158
Z-Mike Lasermeßtechnik GmbH,391200CKQ212T6188396,LIMITED COMPANY LASER SYSTEMS,45768,55.55555555555556
SOUTHERN VALUE STEELS,3358002RC45VS6NCMX37,SOUTHERN STALLIONS PVT LTD,44461,66.66666666666667
KRIVISVA ENTERPRISES,33580000IVAVIFOG3E79,LORA ENTERPRISES LIMITED,23270,77.77777777777779
Dr. Nagler & Company Holding GmbH,3912003U1FG7GRN7V602,DOT ONE HOLDING,58176,75.0
ADVOCATENKANTOOR ROOSJE UYTTENDAELE BV,894500SQJIRM97O0VS69,WELFARE AND DEVELOPMENT ORGANIZATION OF ADVOCACY GROUP TO THE KORAN AND SUNNAH,21391,44.89795918367348
L4 Holding GmbH,894500SMOY1FAOF1IW36,LTS HOLDING LIMITED,19045,85.71428571428572
CH TILAKRAM EDUCATIONAL SOCIETY TRUST,335800469JQVW1Q9LJ77,SCIENTIFIC EDUCATION KOREA STUDIO,34022,57.14285714285714
MB Black pearl online,636700TTP2F0YOANSC82,LIMON BLACK STAR FC,54690,65.0
BABYLON OPERATIONS PTY LTD,9845002CEC3GF8041098,BABYLON NAVIGATION DMCC,55083,65.0
Bien Holding GmbH,9845003AA7C8AAF4FC71,AMAN HOLDING PRIVATE JSC,26887,75.0
"HFL Holding, UAB",648800DSU1LIJOI8HC96,RB HOLDING LIMITED,42744,72.0
Dewitec Beheer B.V.,724500Z218DRTZ9ZGO98,GHADIR TOSE-E SAAMANEHAYE BEHENGAAM,25946,40.816326530612244
Södermark Management AB,657400XA1V5OMW4KEM98,ODIAR MANAGEMENT S.A.,55089,83.33333333333334
YASH IMPEX,335800WGWTS7BWRQBE50,MAVASAL IMPEX PRIVATE LIMITED,40928,69.56521739130434
SHAIL KUMARI SOLAR ENERGY PRIVATE LIMITED,335800MK1WBRK307VO29,GHADIR MEHRIZ SOLAR ENERGY,25950,70.58823529411764
PARTENOPOLIS SRL,894500SM2RUCQR3IWO77,PORTEASE PARTNERS LLP,58403,55.172413793103445
PRABHUTI INVESTMENTS PRIVATE LIMITED,3358003Z9C3MBKQOQ866,KB INVESTMENTS LIMITED,23411,76.47058823529412
R + R I C.V.,724500X9702FRPM6I278,,,0.0
Koen Gerrits Holding B.V.,7245005JMGICYNVV6117,DOT ONE HOLDING,58176,68.57142857142857
KISAN AGRO FOODS,33580008PXAY22MNOW46,FOSSIL AGRO,39838,66.66666666666667
AJ Nexus B.V.,72450015CSB65UHBZF36,"BILLION NEXUS INT'L CO., LIMITED",58231,44.44444444444444
RJ13 OÜ,9845002FBEN83CB2KE88,,,0.0
TiRo Capital B.V.,7245008FQW08L95JIG90,RT-CAPITAL LLC,37790,81.81818181818181
YOGESH SURESHCHANDRA AGRAWAL,6488003TLM1IXF42L891,AGRAT CHEMICALS AND PHARMACEUTICALS,57357,44.067796610169495
MARITA ESTATE,6488009BYMMGILZJIX68,CELESTITE MARITIME INC,53138,70.96774193548387
ADVANTEDGE VENTURES LLP,3358006WD1QXSV5JNO32,LLC VEB VENTURES,35004,70.96774193548387
204 Media Holding B.V.,724500TXGS9FE2ZZ7745,MIKAM HOLDINGS LIMITED,37765,70.96774193548387
CLEAN SCRAP TECHNOLOGIES LLP,335800AW43VJ095OPU10,BCI TECHNOLOGIES C.A.,44521,79.06976744186046
BPJ consulting,648800TPUC9NPMRG3L37,B&W CONSULTING,48763,85.71428571428572
PRABHAVATI PATEL,335800SSXJF57X0XXV67,,,0.0
Havermans Planning & Scheduling B.V.,724500U9410LFGMKFZ28,SOCIAL PLANNING AGENCY,45230,62.745098039215684
CARRIER COMPUTER EDUCATION SOCIETY,3358001TEYXGBATRKP35,"ASSOCIATION FOR EDUCATION, CULTURAL, AND TO CREATE SOCIETY - SIRAT",8225,61.36363636363637
SUNRISE TECHNOLOGIES,335800ZWAQ3GNFSX2446,SMILE TECHNOLOGIES S.A.,26465,84.21052631578947
Giraffes,648800NIQFK83ZS6LM77,CLAUDIA MERCEDES VARGAS GIRALDO SOCIEDAD POR ACCIONES SIMPLIFICADA,20209,18.918918918918916
BRUCE & WALSH LUXURY PRIVATE LIMITED,335800CFVGU0XYNNNB54,SWISS LUXURY FZE,49905,60.0
Solftech Energy B.V.,7245001P4VJX9I6NPD50,"TECHNO ENERGY, S.A.",27233,78.57142857142857
HARBS INVESTMENT COMPANY LIMITED,648800BDGUXIQJIIFD36,CHAPS INVESTMENT INC.,15866,87.5
FORZA 3 SOCIETA' CONSORTILE A RESPONSABILITA' LIMITATA,815600DAC0EE81537E70,BAJER SOCIEDAD DE RESPONSABILIDAD LIMITADA,26469,70.32967032967032
GHJ Holding B.V.,724500XJ7LS4P40YPP46,LLC HOLDING GPM,47832,81.81818181818181
J Milligan Family SSAS,984500870EZ6C8B55C26,LA FAMILIA MICHOACANA,11439,55.00000000000001
BHS INSTANT LOAN SOLUTIONS,33580080T3XKPAINDN86,INDUSTRIAL SOLUTIONS,13372,69.56521739130434
RADMORE CONTRACTS LTD,648800VV2I1HI8BJ7U56,AL-YASMEEN FOR CONTRACTING,29864,66.66666666666667
deQ8 GmbH,984500BDF6DABD7FI336,,,0.0
AAMANI ENTERPRISES,648800A9AMSXJV8EM091,ANFASAR ENTERPRISES S PTE LTD,39358,76.92307692307692
FORTECH S.R.L.,815600AD6F9ED2B66835,LLC FORTA,43139,66.66666666666667
Familjen Norström Holding AB,648800V7K6KOQAFBSC91,BAILEY HOLDINGS PTY LTD,39582,63.63636363636363
PATLORI BALAKRISHNA RAO,648800OJT07ZSQO4F556,BALASHIKHA CASTING MECHANICAL PLANT OJSC,45041,44.827586206896555
SWAN MARINE PTY LTD,984500A5FE6BF6DAE359,SINA PORT AND MARINE COMPANY,30381,77.41935483870968
GREEN CARDAMOM CLUSTER PRIVATE LIMITED,648800UVH1D1YFQ8HX09,GREEN LIGHT COMPUTER CO,54209,61.904761904761905
Taxi 97 AB,648800M9FUKLWSF1Q615,TAXI AEREO ANTIOQUENO S.A.,11479,35.71428571428571
MedArctos AB,648800DX0V02VLWMYV96,"MEDAL INVERSIONES, S.A.",19199,30.76923076923077
SHAILESHKUMAR PURUSHOTAMDAS PATEL,648800VQO6MAFDQGBN16,,,0.0
BLACKMOORS & PARTNERS LIMITED,98450003A8AO749RH985,AMEREUS PARTNERS PTE LTD,40245,74.28571428571429
BR Bassinhusene,9845001E2B0AXA457538,GHAED BASSIR,16029,51.85185185185186
IT SOLUTION,335800EARRLODY3LA673,RG SOLUTIONS LIMITED,48588,78.26086956521739
MECH REINFORCE PLASTICS PRIVATE LIMITED,335800M1KRPTQKXYV013,PLASTIK STROIMARKET,49180,52.38095238095239
ANAND FOOD AND MILK SPECIALITIES PRIVATE LIMITED,335800WYQUZUSA3YHG71,IRANIAN POLICE SPECIAL UNITS,34099,64.28571428571428
Parbindra Kumar Singh,648800Y6526CCSTGUK69,SINGH DAILY CULTURE PRESS LIMITED,29606,52.17391304347826
BEENA SUMAN RENEWABLE ENERGY PRIVATE LIMITED,648800J0YU10BAFZRP94,PUMA ENERGY BENGALE GULF PTE. LTD.,44661,65.38461538461539
BENGAL AGRITECH SOLUTIONS PRIVATE LIMITED,648800LCNPLI2AVEME04,MAX MARITIME SOLUTIONS FZE,47302,72.34042553191489
HUELLA SERVICES PRIVATE LIMITED,6488005SHW44JW5P8Y63,ELLA MEDIA SERVICES LLC,29859,76.47058823529412
YUG INFRATECH,335800QUX9W0YV80HO64,JSC INFRAVEB,35001,57.14285714285714
RAJEEV KUMAR,648800MUTF1HO7YY6U35,A Y A UNIVERSAL DENIZCILIK KUMANYACILIK LIMAN HIZMETLERI ITHALAT IHRACAT LIMITED SIRKETI,48424,17.391304347826086
GIOCONDO PTY LTD,9845003AYBE05CWE5738,,,0.0
CLINTEC LTD.,984500FCFC3DC908CH71,,,0.0
A.W BRADEN & K COX & M.R COX & R.L COX,9845006E3QTBBCDEO733,,,0.0
AMPIN C&I POWER TWENTY THREE PRIVATE LIMITED,335800HMH2T7GFQEL630,JINHUA HAIRUN POWER TECHNOLOGY CO LTD,49933,55.172413793103445
BOUHMIDI AUTO,984500P7C39698387772,AUTOS MINI,12531,69.56521739130434
"Volmer Jensen og hustru Meta Jensen, født Langes legatfond",636700XO050637SBQL38,KHORASAN METALOGY INDUSTRIES,11441,44.705882352941174
SEBERGSEN TECH AS,63670003F69C7AI41K65,"TECHNO ENERGY, S.A.",27233,66.66666666666667
Töllsjö Fastigheter AB,984500V445FBED384497,LIMITED LIABILITY COMPANY WORLD OF FASTENERS TD,48557,46.808510638297875
FS Ventures GmbH,984500F49077DB85C466,SME VENTURE LLC,34674,81.81818181818181
JFW Investment AB,98450094B749DCDA1V14,KBX INVESTMENT,54182,78.57142857142857
SOLANI HOLDCO SL,959800QB41XS7VUWP620,RISEONIC HOLDINGS LTD,44286,60.60606060606061
BØRSKLUBBEN STORM NTNU,636700CU8OYDYQIQKK86,LIMITED LIABILITY COMPANY STORK,40823,43.24324324324324
Praedia AB,984500L4FC2DF711FD84,,,0.0
The Trustee for Vector Property Trust 1,98450092E68950HA3908,SMILE PROPERTY AND TRAVEL LTD,26466,57.692307692307686
THE HAROLD JOELS CHARITABLE TRUST,984500D9F1400DF5C595,THE MERCIFUL HANDS CHARITABLE SOCIETY,55986,64.51612903225806
KJP Invest ApS,636700EO545CSC0HLR64,OOO TKH-INVEST,40190,80.0
Casa dell’Immacolata Concezione Onlus,529900Y1SOPWAHL1PD43,JOINT STOCK COMPANY CONCERN GRANIT-ELECTRON,35864,47.22222222222222
FieldPen Oy,636700LGXZTWIE194323,LE-HUA ELECTRONIC FIELD CO. LIMITED,18931,35.71428571428571
"MWSG Springettsbury Investors, LLC",254900X6HOZXTMZP1Z97,SANZETTA INVESTMENTS LIMITED,24672,57.14285714285714
KF & KM RULE,984500C3D845FACC8C52,ZAVOD PO PROIZVODSTVU VINTO-RULEVYKH KOLONOK SAPFIR,52019,22.95081967213115
SHAUN ENTERPRISES PTY LTD,984500C01D65A0C39154,LORA ENTERPRISES LIMITED,23270,70.27027027027026
TAIPLA OÜ,636700ROXASJSPYNXN57,,,0.0
Bennesved Holding AB,6367002XBCIFZJ9LKZ61,HENNESEA HOLDINGS LIMITED,47212,82.35294117647058
Humble Guys AB,636700139JZ182ND0F78,,,0.0
SME Consulting Services AB,636700XEWZJTWFNP7826,DEVICE CONSULTING CO. LTD.,43134,80.0
ESCORAJES INVESTMENT PARTNERS SCR SA,959800NUZ13MVLPDTX84,TREND REAL ESTATE INVESTMENT PARTNERSHIP,37485,71.23287671232876
KOLHAPUR METAL AND MACHINING WORKS PRIVATE LIMITED,335800GMI0K9K2MI7L11,HYPER MACHINE TOOLS,49155,57.14285714285714
NAVYA CREATIONS,3358007CA0DVAK94NR92,7TH SENSE CREATION,31353,60.60606060606061
PROMOCIONES GUADARRAMA 1996 SL,959800G2Z342088JME09,"PROMOCIONES CITADEL, S.A. DE C.V.",13017,53.84615384615385
Institutet för Internationell Utbildning i Stockholm AB,636700S5M5CSKK0EM167,INTERNATIONAL AL QUDS INSTITUTE,15493,65.78947368421053
OMS Sweden AB,636700KVFXE1JJ4HMW30,SWEDISH RESISTANCE MOVEMENT,49260,43.24324324324324
"OLEA GALILEO TOTAL RETURN, FIL",959800XL5S8UN6824906,PERU TOTAL MARKET E.I.R.L.,11411,58.82352941176471
AIRUSHA ENERGY PRIVATE LIMITED,335800RTV4XO7ILLW796,ADH ENERGY FZE,57857,75.0
ABSOLUTE ASSETS LLP,335800G3BR97QI6ORL70,OOO ABSOLYUT SHAR,45695,64.28571428571428
DVG PRIVATE FAMILY TRUST,984500C7AE438MC36F30,AL AMIN TRUST,6912,69.23076923076923
MYENVIRE DEVELOPERS PRIVATE LIMITED,3358000NCTHXEKGSCU27,LANDTEK DEVELOPERS,19974,70.27027027027026
ATENDER HOTEL,3358009OOMZIGWJGUG63,GARDEN CITY HOTEL,50147,60.0
CCGEN MORGANTOWN LLC,254900GO8Y0Z73WHN890,"MORGAN GOLDEN MINING, S.A. DE C.V.",37271,56.41025641025641
PHOENIX FOODS,335800C71I09008THG73,PHOENIX ELECTRONICS,41966,62.5
"RED GOLD PROPERTY OWNER, LLC",25490026C8EOF5H1DR06,PROPERTY-VB OOD,32033,63.1578947368421
GANPATI RICE MILL,335800WZ52NPYXFAKJ22,MEHRAN PAPER MILL,17355,52.94117647058824
GREEN DEVELOPMENT FOUNDATION,9845009808CAKA6XDF46,PALESTINE DEVELOPMENT AND RELIEF FUND,7917,78.68852459016394
MARKSHIP LOGISTICS INTERNATIONAL LLP,335800KJFVK93D4KMK95,GBL INTERNATIONAL LOGISTICS CO LTD,49156,77.96610169491525
"CH REALTY X-BARANOF SS CHARLESTON FOLLY ROAD, L.L.C.",254900RV9OJL1YAPSV48,AL-HARAMAIN & AL MASJED AL-AQSA CHARITY FOUNDATION : BOSNIA BRANCH,8223,47.42268041237113
SHEESHA BHAIRAV ENERGY PRIVATE LIMITED,3358004SC3F9K2R4SE53,A THREE ENERGY FZE,46357,66.66666666666667
"PAPERBOX HOLDINGS, LLC",254900UPU9W986E4FN24,PAPA HOLDING LTD,48096,75.86206896551724
ELITE COMPUTERS,335800U15LY58YIDQP36,GREEN LIGHT COMPUTER CO,54209,74.28571428571429
SWADESIMAHILAMANDALI,984500E89977BEE3EE79,,,0.0
LAKSHMI NARASIMAR TEXTILES,335800IL42UF5HBRLS56,SHAHR-E KORD HIJAB TEXTILE COMPANY,30398,57.692307692307686
Un Jour OÜ,984500HB1F8AC64BF604,JOURNAL KAMERTON,34819,53.84615384615385
"2016 TELEGRAPH OWNER, L.L.C.",254900MUSCXG48C12602,CONNECT TELECOM GENERAL TRADING LLC,12584,43.13725490196079
ECL Innovations Ltd,254900HK615D4U6FOS85,LLC ECHELON INNOVATIONS,48051,88.23529411764706
GYANKUTIR LLP,335800PYM5XCJZHB4F86,,,0.0
"DOGWOOD TAC+ PROPCO IL, LLC",2549001CJRY4K5CAK630,DREW PROPERTIES II PTE. LTD.,55572,51.28205128205128
SABARI ELECTRICAL SOLUTIONS PRIVATE LIMITED,3358009FVNQ7582MZO56,ALCHEMICAL SOLUTIONS PRIVATE LIMITED,54999,68.08510638297872
LIFT ONE LODGE ASPEN LLC,254900ZC972LOU0RCG71,ASPECT DWC LLC,46511,46.666666666666664
The Trustee for RJ Walker Family Trust,9845008148914B0D0269,LIMITED LIABILITY COMPANY VELES TRUST,40783,54.90196078431373
Tecnet Canada Inc.,254900K8CPK4KEAI2G02,HAVANTUR CANADA INC.,8124,64.28571428571428
RADIANT RANGE FOODGRAINS PRIVATE LIMITED,33580031AOBUMXNA4V55,JIANGKANG FOOD LIMITED,49695,57.89473684210527
TROLL PROPERTY SPÓŁKA Z OGRANICZONĄ ODPOWIEDZIALNOŚCIĄ,259400HWMYPEHI7F5081,ROSETTA GAMING SPOLKA Z OGRANICZONA ODPOWIEDZIALNOSCIA,56336,79.62962962962963
LAMBDA DOT PTY LTD,984500BC83710AD68167,,,0.0
4275 BOSTON SG LLC,254900EYMI5P7213U621,,,0.0
NAV NIKUNJ INFRA LLP,3358007RAXDY0KNZY587,JSC INFRAVEB,35001,50.0
"QTS FAYETTEVILLE III DC5, LLC",254900PNZDQNSDMAG765,,,0.0
Ning Jade Limited,2549001W8KGFFPYZMQ82,"NINGBO JIARUI TRADING CO., LTD.",57656,46.666666666666664
WHITE PINES APTS LLC,2549005OZ5RETXT6GS32,WHITE PIGEON,10486,64.28571428571428
KINGS OF AUSTIN LLC,2549008V07DFQ0Q6H902,KINGS ROMANS CASINO,23648,64.51612903225806
"U-STOR-IT CITY HEIGHTS, LLC",254900IKI2GE8VRCW633,JOINT STOCK COMPANY CITYBIKE,40215,57.14285714285714
DAVENPORT SS LLC,254900TFYMNB2DFTL903,,,0.0
"51 RITCHIE RD HOLDINGS, LP",254900MD5N30KECUJ129,PRINCE HOLDING PLC.,55612,66.66666666666667
PINE VALLEY APTS LLC,254900TU3MESFQ6HSH59,INVERSIONES VALLE,16632,60.60606060606061
Gold Leader Assets Limited,984500FFE36494463609,BLACK GOLD TRADE CORPORATION,57878,58.82352941176471
VIBA SINERGY PTE. LTD.,98450064C08DE6B59765,SINEZIS OOO,34772,52.63157894736843
Future Origin Holdings Limited,984500EFSF466DE5D470,FARTRADE HOLDINGS S.A.,8366,66.66666666666667
TWINKLE GOLD INVESTMENTS LIMITED,984500B8E7FA111A1F49,LEGO INVESTMENTS EOOD,44287,75.55555555555556
FLIGHT LINK LIMITED,984500D0CBB6E554A198,FAST LINK SAL,17045,70.0
GOLDEN MEMORY LIMITED,9845003EBFOA1394AD19,MEROE GOLD CO. LTD.,29107,69.56521739130434
"GEMAY CO., LTD.",984500S7E0E07F9C5542,,,0.0
The Trustee for 133 Mary Street Property Trust,9845009505F6153FFH52,MAIN STREET 1095 PROPRIETARY LIMITED,28659,57.57575757575757
太平洋纺织机械（常熟）有限公司,8368008HPTBGMFR3OV25,,,0.0
e-Coeurener SA,5067009CR0V30238CI20,,,0.0
(주)픽슨,988400RV3Y4JJMBQBO04,,,0.0
주식회사 소울팩토리,988400EYPK8AJ7G4T263,,,0.0
주식회사 더씨티,988400LQ4RL4CFOOHM27,,,0.0
VELD ASSET-BACKED CREDIT I MASTERCO SARL SICAV-RAIF,213800GP9QMBDXJ5Q837,BANQUE SINA BONYAD FINANCE AND CREDIT COMPANY,25067,53.16455696202531
LIGHTABLE PROJECTS LTD,2138007VP7FGBM8SXG51,ARAB PROJECTS COMPANY S.A. LTD.,8342,70.96774193548387
LIVIES PROPERTY LLP,213800V3MKWMFAYXIS27,BLUWAVES PROPERTIES LIMITED,58278,70.58823529411764
MANAGED GROWTH SELECT FUND 2,213800F2FSNUB6AUUE38,STAR MANAGEMENT GROUP GMBH,55543,53.06122448979591
MASCOT VENTURES PENSION TRUST,213800D31MZ4942SG215,POROS MARITIME VENTURES S.A.,57001,65.38461538461539
BRIDGEPOINT LYTHAM (SPAIN) LP,213800JGQW35QGS86L85,OOO TK FLY BRIDGE,45705,54.054054054054056
"NUTRIALMONDS, S.A.",213800ZZ8K6OTOSXSC56,"NUTRISHOP, S.A.",19175,57.14285714285714
Stöbbls Schnoddr Schubbm AG,506700Q15JV39N6RH714,,,0.0
Stadt Chur,506700ZA8W394KJ69U55,,,0.0
Amaly Partners SA,506700SGAH9Q61969502,AMEREUS PARTNERS PTE LTD,40245,73.33333333333334
THE DIANA STANDISH TRUST REF LUCY,213800SYSMUEVORLBP38,AZMAT-E-PAKISTAN TRUST,7946,58.82352941176471
LAMEDOS (WESTGATE) LIMITED,213800EDWA445DFVXE65,WEST ALBORZ STEEL CO.,30756,48.484848484848484
ЛИМИТ-АХ,485100JL6RPGUPLUK534,,,0.0
THANET FINANCIAL SERVICES LIMITED,2138003QW99P8FLB1H20,GPB FINANCIAL SERVICES LIMITED,20315,76.59574468085107
MANAGED GROWTH SELECT FUND 3,213800LTHG2TWVC5EO88,STAR MANAGEMENT GROUP GMBH,55543,53.06122448979591
MEHTA FAMILY ESTATES LIMITED,213800MDRNQ147C4PQ04,PYRAMAXIA REAL ESTATE GMBH AND CO. KG,44209,63.41463414634146
TONY ROWLAND PENSION SCHEME,213800UIAC2DSS1OVK39,JOINT STOCK COMPANY SBERBANK PRIVATE PENSION FUND,18749,50.0
Sotax AG,506700881J2Q971M2064,,,0.0
MOWI CAPITAL LTD.,213800H9KTM77LVWQK33,CJSC IIB CAPITAL,41918,78.26086956521739
CUDO VENTURES LTD,213800OC4QYAJKDYNX61,LLC VEB VENTURES,35004,72.0
RAMBLE WORLDWIDE OUTDOOR TRUST,213800RECH99X98B5R32,AR RAHMA WELFARE TRUST,19682,57.692307692307686
INSULA LUMEN DUO,213800DS6PMMTGSTLZ92,MELLAT INSURANCE COMPANY,16019,50.0
SETTLEMENT FOR S.H.M (M206),2138004CYV7T37DE6Z63,ASHDALE SETTLEMENT GERCO SAS,34057,51.162790697674424
MANAGED GROWTH SELECT FUND 5,213800SGXZJLZRLNMT27,STAR MANAGEMENT GROUP GMBH,55543,53.06122448979591
ECOSSE UNIQUE LIMITED,213800MEUEDM3SLKXP35,UNIQUE STARS LLC,17040,72.0
JAMES MORRIS ASSET PRESERVATION TRUST,213800R47RL7UM6WWU57,AL-AKHTAR TRUST INTERNATIONAL,7946,57.14285714285714
ONE PEAK FOUNDER PARTNER IV SCSP,213800DIXZGH2I15R727,MARTYRS FOUNDATION,10410,56.00000000000001
ELEMENTS SPECIAL OPPORTUNITIES I RAIF F.C.I.C. LTD,213800ITQUBPS1CA2Z87,SPECIAL UNITS OF IRAN'S LAW ENFORCEMENT FORCES,34099,54.117647058823536
LEYFINE LIMITED,2138002M52K2BDUPI596,,,0.0
SCOUT AVIATION FINANCE LIMITED,213800VPLGDOC9LY3665,MOSCOW AVIATION INSTITUTE,50728,68.08510638297872
MANAGED GROWTH SELECT FUND 6,2138004ARAWA8ETCM363,STAR MANAGEMENT GROUP GMBH,55543,53.06122448979591
THE CP TRUST.,213800FL5SRP1BUTS331,TRUST LIFE,27192,66.66666666666667
MANAGED GROWTH SELECT FUND 4,213800NQMZLCJKIZ5G57,STAR MANAGEMENT GROUP GMBH,55543,53.06122448979591
SHENFIELD AVENUE HOLDINGS LTD,213800IM4W42VNU2TA54,UNITED GENERAL HOLDING SAL,37420,68.08510638297872
BNP PARIBAS LUMIERE FEEDER FUND,213800CQ3Q3OQBTI1J43,BENEVOLENCE INTERNATIONAL FUND,7322,55.73770491803278
ACTIONLAKE PROPERTIES LIMITED,213800B8FAM8UCXQ5C29,BANNA PROPERTIES,12745,75.67567567567568
OMY HOLDINGS LIMITED,213800K1EQNO7GEJB819,USM HOLDINGS LIMITED,41919,83.33333333333334
THE BIG PAW DISCRETIONARY WILL TRUST,213800I1U67CX6WZJD14,IGT INTERGESTIONS TRUST REG.,42998,57.6271186440678
OF LEGACY HOLDINGS LIMITED,213800AJFLLZ6F4J4F65,LARK HOLDINGS PTE LTD,36277,78.57142857142857
THE DIANA STANDISH TRUST REF CHARLIE,213800K37FR8YJ42JZ84,SEQUOIA TREUHAND TRUST REG,41476,58.62068965517242
THE GEOFFREY F ARMITAGE FAMILY CHARITABLE TRUST,213800KDEUHLVCOUET32,AL-AQSA ISLAMIC CHARITABLE SOCIETY,7637,56.75675675675676
VELD ASSET-BACKED CREDIT I FEEDER SCSP RAIF,213800UK22SMPPV4CN50,HOME CREDIT & FINANCE BANK LLC,45808,50.74626865671642
AWEALTH International AG,5067006FJ49J16SEG029,"AEZA INTERNATIONAL, LTD.",54567,87.17948717948718
THE PP TRUST.,213800CED6WUS4TYF775,TRUST LIFE,27192,66.66666666666667
LESTORRE INVESTMENT LTD,213800V71RCYC77O3527,STREET INVESTMENTS PVT LTD,44469,81.08108108108108
GREENVALE CAPITAL CO-INVESTMENT SPV LP,213800JBA6KDMPPJ7G47,AL-CARDINAL INVESTMENTS COMPANY LIMITED,27593,69.23076923076923
PAVILLION MORTGAGES 2026-2 PLC,213800BGXS8ZA7U3HK12,LLC MORTRANSERVIS,31928,41.02564102564102
MAKING SPACE,213800BM1DFVY1XVDL02,IRAN SPACE AGENCY,27324,62.06896551724138
PRICEWATERHOUSECOOPERS,9845004A552AE622BF30,,,0.0
The Trustee for Legana Central Unit Trust,98450039106D9JC84D92,STATE UNITARY ENTERPRISE STATE GRAIN OPERATOR,41083,56.41025641025641
SEYMOUR CENTRAL UNIT TRUST,9845006CFB3FF4E5C591,UNITE RESOURCES COMMERCIAL LIMITED,40964,61.53846153846154
SEYMOUR SHOPPING CENTRE UNIT TRUST,984500B3FEGAFD8KBD17,MAPUTO SHOPPING CENTRE,11796,64.28571428571428
OZALIAN LIMITED,315700B3X3Z7W59BNN86,,,0.0
BR Komenského 01 s.r.o.,315700JKHIUTDGIQXX86,VEBER KOMEKHANIKS OOO,47438,43.24324324324324
RAYFILM s.r.o.,315700IPWD6QLC47F748,,,0.0
ROYAL V.I.P. s.r.o.,31570045APY97REVRB61,ROYAL SONA OSOO,52092,57.14285714285714
Budějovická 377 s.r.o.,315700ORTMKS10WVBW12,,,0.0
Antivirus s.r.o.,315700NM4QS5E0X39773,ANTIFA OST,56424,52.17391304347826
"MANIGLIA, s.r.o.",3157006733PN58MDL525,MANICA DRC SPRL,24676,59.25925925925925
VEP spol. s r.o.,315700T65PW08QE5WS58,KTH GROUP SPOL SRO,41487,58.06451612903225
VG PEMBERTON MMD SECONDARY EU PD S.À R.L.,635400SMPKNXCJNAVI59,SECOND ACADEMY OF NATURAL SCIENCES,12215,45.714285714285715
VG CO-INVESTMENT EU PD S.À R.L.,635400GM7KYIYUXRVU84,TOSE-E MELLI INVESTMENT COMPANY,25425,65.3061224489796
VG PEMBERTON MMD EU PD S.À R.L.,635400JNHMCAOOUMTC55,,,0.0
VG ACM EU PD S.À R.L.,635400JZBAISPXYTEN03,,,0.0
VG PGIM (REAL ESTATE) S.À R.L.,635400WMECBYUWSXJ161,RG REAL ESTATE GMBH AND CO. KG,44244,70.0
VG PEMBERTON SL EU PD S.À R.L.,635400NEEJL3KFOBRI43,,,0.0
RSCT II FUND,63540065WYIHAJE4LY78,IRANIAN MARTYRS FUND,10410,62.5
VG AXINF EU PD S.À R.L.,635400UAXCFRHWI4ZT74,,,0.0
GRUPO TEXTIL JIGA SA DE CV,4469000001F0Y2OPAM97,GRUPO GUADALEST S.A. DE C.V.,11487,68.42105263157895
ADM ENERGY ELEKTRİK YATIRIMLARI ANONİM ŞİRKETİ,789000K1NMZ40ULB4525,VIVID ENERJI YATIRIMLARI ANONIM SIRKETI,47274,72.94117647058825
DİLAVER ÇEKİÇ İNŞAAT TURİZM EMLAK OTOMOTİV İNŞAAT MALZEMELERİ PETROL MADEN TİCARET VE SANAYİ ANONİM ŞİRKETİ,789000Z3C6U1Q7536M86,DAL ENERJI MADENCILIK TURIZM SANAYI VE TICARET ANONIM SIRKETI,44785,64.28571428571428
MET KAĞITÇILIK SANAYİ VE TİCARET ANONİM ŞİRKETİ,789000WR5R0434428952,ASL ENERJI SANAYI VE TICARET ANONIM SIRKETI,36079,82.22222222222221
ANATOLIA GAYRİMENKUL VE GİRİŞİM SERMAYESİ PORTFÖY YÖNETİMİ A.Ş. BİYOTEKNOLOJİ GİRİŞİM SERMAYESİ YATIRIM FONU,789000F4R6M3E3WBEF80,BYLAN ULUSLARARASI TICARET VE GAYRIMENKUL SANAYI ANONIM SIRKETI,36082,50.60240963855422
FOSS INNOVATIONS AS,984500E69E7D69DA3955,LLC F2 INNOVATIONS,45759,86.66666666666667
FTR Limited,894500NGUI9RS54QRC44,,,0.0
LUNR Aerospace Corporation,894500SL5IJQWV48ZC32,AEROSPACE DIVISION OF IRGC,12055,64.86486486486487
XTS Commodities AG,254900EXEMQISV3NY806,HALEEL COMMODITIES LIMITED,47451,72.72727272727273
Zoe Dubowski Bare Trust,254900GHSKUJ765OD867,AL-RASHID TRUST,7201,51.42857142857142
BOLT U.S. FINCO MS LLC,254900EA49TDYFC12L73,FINCA LOS TRES REYES,16637,50.0
BOLT 2 U.S. FINCO LLC,254900AZDUJYT994XJ64,"FINANCIAL CORPORATION FINCORP, C.A.",23902,45.714285714285715
Bulls Out Oy,743700Q3LH4AW5AV4S44,BULLIONSWIFT OU,42863,66.66666666666667
Mäntyharju Akku Ky,743700XXM9A10WY4ZH58,JSC AKKUMULYATORNAYA COMPANY RIGEL,40319,50.0
Lionark Capital Oy,743700JZM4DKOHFK2364,POLINA CAPITAL PTE LTD,40776,82.75862068965517
AMH Kotila Oy,743700JZKPJAIOH7FB88,KOTI CORP,23785,57.14285714285714
Valje Oy,743700N9LB76OWQAW464,,,0.0
Attorni Oy,743700EGQSV3IPY1B387,,,0.0
Jarastus Oy,743700IXOMHI11J3HM18,,,0.0
Annoel Oy,743700UMRCSLD9Q5FP71,RADIO ANNOUR,9611,44.44444444444444
E.Luukko Industrial Oy,743700MFPAKXN1M7OC25,INDUSTRIAL SOLUTIONS,13372,71.7948717948718
Mohnsaft Oy,743700MLBKCQFF8LHQ24,,,0.0
Apropus Oy,743700XV4CA3MVADIZ97,KOREA APROKGANG TECHNOLOGY COMPANY,57056,24.242424242424242
Tevoscor Oy,743700F31GA2WFIOIJ07,,,0.0
MästerJän Oy,743700H9IUFT4V10QW49,"MASTER JOINT CO., LIMITED",52284,57.14285714285714
VVI Invest Oy,74370031P7WCRLGM8B25,"M INVEST, OOO",29101,77.77777777777779
Stigan Oy,743700ELBUH15JMYJO58,,,0.0
Esa Luukko Oy,743700S7SYI4OMLYSO73,,,0.0
Suomen Vuokrakone Oy,743700VIFAN6B9GTBE05,SUOMEN VASTARINTALIIKE,49260,61.53846153846154
Hoveton Fruit Farm,254900RXAZDS2YUARL74,KITOKO FOOD FARM,24675,58.82352941176471
Firn Overseas Packaging Limited,2549004VGVU24GE14E22,SEALINK OVERSEAS PTE. LTD.,46484,61.53846153846154
D-Ortho Holding B.V.,9845007C80DE12CE1B81,ORKA HOLDING AD,45208,80.0
AMAPS 7 SMA (DC) LLC,254900FU7DLPOPWGLY81,,,0.0
EFMT 2026-AE3,254900XYVJ69GXH3X580,,,0.0
"WIC Holdings, LLC",254900A6TOPTMEXAG675,IFIC HOLDING AG,11628,83.33333333333334
"Apollo Strategic Solutions Fund (D), L.P.",254900YS8LXJQ3FUG403,FALCON STRATEGIC SOLUTIONS DOO,28120,79.36507936507937
DECA MECHANICAL SERVICES LIMITED,9845000IANAF8386BC44,ELLA MEDIA SERVICES LLC,29859,74.4186046511628
"Puryear Tank Lines, Inc.",254900MLUAP65GMWZY16,SMART LINES TRADING FZC,46579,64.86486486486487
"HELIOS II, LP",254900YQXJU1LZGLKC77,JSC RUSSIAN HELICOPTERS,18820,57.14285714285714
CI-ELPI Deutschland Limited & Co. KG,984500959ABE56BD2E93,NDA NORD-DEUTSCHE INDUSTRIEANLAGENBAU GMBH,39537,42.85714285714286
Swiss Senior Loans (CHF),254900PUEDL8F6B94694,FERRO SWISS AG,24664,54.54545454545454
"AMAPS 7 HOLDCO, L.P.",254900QDAJ10CSAJK673,AMAN HOLDING PRIVATE JSC,26887,61.53846153846154
"BFA GESTAO DE ACTIVOS SGOIC, S.A.",2549002Z9TWH4DZQDP88,RAPID ACTION BATTALION,33951,56.52173913043479
BRASIL GLOBAL PARTNERS LTDA,984500U49J2DBE536184,ORBITA KAPITAL PARTNERZ,47254,64.0
SARL VIFFRAY,969500IPYIPVSNCX0782,,,0.0
BD DEVELOPPEMENT,969500UPYM6X4TNQEC09,LLC AEON DEVELOPMENT,46031,75.0
MLG ET ASSOCIES,969500YOEXOOMMD4PM36,AL-SALAH ASSOCIATION,10408,56.25
AZUR VALORIS ATHENA,9695006LPYV9H0D30O98,C.I. CAFFEE VALORES S.A.,15868,55.55555555555556
CICLAD 7,9695009P675H8H0YOA95,,,0.0
CICLAD ENTREPRISE 2,969500QZ3WRSL45AR612,CENTRO DE ENTRENAMIENTO SEAR,46219,45.45454545454546
BELHARBOUR LTD,984500C6AA0404035802,,,0.0
Maria Mörner Fysioterapi AB,98450057D1C846EA5E97,INTERNATIONAL MARINE MANAGEMENT FZE,52172,54.54545454545454
BIKITO,969500X7KQ54UGRBSV84,,,0.0
FC INVEST,9695009EZELBXMJHV905,LLC A INVEST,46053,82.35294117647058
KLAR CONSULTING,969500DPVLU7C46ZN990,RB CONSULTING LIMITED,42745,85.71428571428572
SELARL FABIEN SASSO,9695008GJD7QKKZRAJ78,,,0.0
GROUPE P&B FRANCE,969500QVMMMYT9RV9B86,BERATEX GROUP LTD.,27194,66.66666666666667
REMAKE KROSS,96950003AGM1ZOUO7B06,SIMFEROPOL REMAND PRISON,31572,44.44444444444444
JIME,969500WF1191L7DZY989,,,0.0
CAILLINVEST,969500MMQHHPSBUZ4O35,CAILAFANG PTE. LTD.,58271,50.0
SB HORIZONS,9695003Q9U7WY1VGRP23,ORBITAL HORIZONS CORP.,13353,74.07407407407408
STER WENN CONSEIL,969500TUNK4W3GJN9A06,LLC CONSOL-STROI LTD,26505,62.06896551724138
SCI OSCHA,969500FX7P9874SRUS74,AKTSIONERNOE OSCHEVSTVO GOLOVNOE PROIZVODSTVENNO-TEHNICHESKOE PREDPRIYATIE GRANIT,43070,17.777777777777782
DE PEN AR C'HOAT,9695007RQCVC43BLMW11,,,0.0
COGELOC,969500C9Y9H0484NNC23,,,0.0
NGGM CONSULTING,969500DOISENOAX6KP77,RB CONSULTING LIMITED,42745,78.57142857142857
CTRE TELESURV INSTALLAT INDEPENDANTS,969500RZAZ30TWZKNO57,INDEPENDENT INSURANCE GROUP LTD,40878,57.14285714285714
VIVACT,969500URWKUQ0QSCU306,LIMITED LIABILITY COMPANY PRODUCTION AND COMMERCIAL COMPANY VIVA,48692,19.047619047619047
SCI GOBBA PRE VINCENT,969500C4VN0EHQYTL583,,,0.0
IMMOBILIERE 3C,96950000G11IOLQ97X84,SERVICE IMMOBILIERE ANTIBES SAS,38036,58.53658536585367
ARKANS CONVICTIONS MONDE,969500Y03ZPVYLQFGM36,FONDATION SECOURS MONDIAL A.S.B.L.,7270,55.55555555555556
SELARL DU DOCTEUR SILVA,969500ADGBOK7AGU4937,IMPORTADORA SILVANIA,12894,46.51162790697675
MARTIN INVEST,969500TVI9GN0Q4BUV32,"M INVEST, OOO",29101,76.19047619047619
RAMAY LIBERTY CAPITAL,969500U8ATCUPG1ULI74,RT-CAPITAL LIMITED LIABILITY COMPANY,37790,73.17073170731707
LAGUNEGRAND,96950059JWL4QS9O8315,"LAGUNA MAR INTERNACIONAL, S.A.",19193,34.285714285714285
HOLDING SERPIN,96950025LKBPZVMT8X45,PRINCE HOLDING PLC.,55612,78.57142857142857
KADOMI,969500EQNKFSB30WZR31,,,0.0
DARRAS SARL,969500ND23IRRC33N517,,,0.0
LA CONFLUENCE NOTARIALE,969500T0XXLSESEC0R85,CONFIDERI PTE LTD,40776,48.275862068965516
DAHER BUSINESS SUPPORT,969500ZU19A9B9H9QF58,BUSINESS DIVERSITY LIMITED,28129,70.0
AODEE,969500EP9OE6F1E1S842,,,0.0
LEBEURRE INVEST,969500M6SLY33GXHS165,LOBAYE INVEST SARL,29869,71.42857142857143
FD HOLDING,969500EH34A6BI7KMA95,FANAP HOLDING,54977,78.26086956521739
SELARL LCAE,96950033BEGT1TRHHY90,,,0.0
SELESTIBOAT,9695002JCKVJLDKXW619,SELENA LIVELY LIMITED,51808,41.666666666666664
SAN.KARLO.FI,9695005TW9KFGVU2XM56,,,0.0
CYRIL COTTRON INVEST,969500XUWJ1MOHW9VQ68,INT INVEST EOOD,32081,62.857142857142854
SMAG35 INVEST,969500QKSR875YYS3J78,"M INVEST, OOO",29101,76.19047619047619
HOPLA! CAPITAL,969500KBQDQZEFFB8533,POLINA CAPITAL PTE LTD,40776,81.4814814814815
PROPCO PARIS 1,9695004QS372HDB7OW38,JSC RDC PARITET,51457,56.00000000000001
AMATEC,969500YGTE1PS1LQ6409,AGROPECUARIA AMATEQ DEL VALLE S.A. DE C.V.,58076,35.29411764705882
BIOLAM AVENIR,969500JSZ884D2J86N07,1425 BRICKELL AVENUE 64E LLC,20262,43.24324324324324
DGF,969500JMYNY3YZZWEU49,,,0.0
FUNDORA DEAL 10,969500UUYL5IICB74K88,ERA FUND LLC,34668,60.86956521739131
CORIMAR,9695001U6TV4YRU1NE90,,,0.0
SOCIETE DU MONTLAUR,969500NG7ABN94BL1733,EL-NUR SOCIETY,56269,66.66666666666667
TAHAR INVEST,969500RC2E84RWGNWJ28,TABAK INVEST LLC,46222,83.33333333333334
THIMAR,969500Z1UZZ6GU2NOT03,,,0.0
ARKÉA DS - PREMIUM DÉCEMBRE 2026,969500JG4MUCEMPYJG73,"LAKHTA PARK PREMIUM, OOO",35070,53.06122448979591
GOUPIL FUCHS & ASSOCIES,96950036CUBNQJ43XJ11,GREEN PINE ASSOCIATED CORPORATION,12212,52.38095238095239
STEMAR,969500HPYSGNOSJL6T24,,,0.0
ANACA,969500P09Z75FP8K2W36,,,0.0
SCI LA BELLE CROIX,969500M0GBWSPSYJT806,BELLATRIX ENERGY LIMITED,47042,51.61290322580645
THEO ET LEO,969500VMH4IWUCZEQP05,THEODOSIA SEA PORT,18321,55.172413793103445
FUNDORA DEAL 7,969500TNWPYMYRCSR255,ERA FUND LLC,34668,63.63636363636363
"TPG AG CLO FOO MASTER, L.P.",254900EIUDFI3JSVCE37,"MASTER JOINT CO., LIMITED",52284,53.333333333333336
AMAPS 7 SMA LLC,254900VZXXC3CJ6CIS48,,,0.0
CIESLOK GROUP INC.,2549000XS8A0JJFITE87,ERST GROUP LTD,56398,69.56521739130434
EARLSWORTH LIMITED,984500642DC5CEL58J10,,,0.0
AMAPS 7 LLC,2549007K0U6GY1JQM390,,,0.0
"WEST HENDERSON AFFORDABLE, LLC",25490011GE3OKVWHJR12,ISIS-WEST AFRICA,23845,53.65853658536586
AGRICOLA FAMOSA S.A.,254900HUBXDKIYJ7F477,AGRICOLA GAXIOLA S.A. DE C.V.,11009,70.58823529411764
შპს ელექს კაპიტალი,254900B6ZDYPSI2W2M74,,,0.0
Vylor Defined Contribution Plan Master Trust,254900WMWL7HVS1NF184,IRAN'S NUCLEAR POWER PLANT CONSTRUCTION MANAGEMENT COMPANY,25636,59.57446808510638
"ISTORAGE JV, LLC",2549009WNSIY8Z5ZCA45,JSC KIS ISTOK,50287,50.0
"MB ""Geomintis""",9845006I1BD9E6771E02,GEOMINSAL,58443,66.66666666666667
"PEACHTREE CITY OWNER, LLC",254900ADFXRQGECQP875,RESCUE COMMITTEE FOR PEACE AND ORDER,38280,62.5
P27 Fundacja Rodzinna w organizacji,259400R8YLHSJ7GGU198,WA'ED ORGANIZATION,11346,56.60377358490566
RAGHUKUL MINERALS PRIVATE LIMITED,254900G9DV8RFRIMIM35,OOO VARNA MINERALZ,47848,64.51612903225806
"BRAELINN APARTMENTS OWNER, LLC",2549004F30B9H96GWK41,SWEET APARTMENTS,26468,63.41463414634146
JAR HOLDING I AS,9845007EBA60D4445628,"I AND S HOLDING COMPANY, S.A.",13356,83.33333333333334
CIPHERWINDS LLC,254900PNG0YLH6MD2J62,,,0.0
"Quail Creek Apts, LLC",25490006K5LUUTEBJT64,,,0.0
"RESURGE BUYER, LLC",254900FENZCSGG9DWY46,LIMITED LIABILITY COMPANY RESURS,47402,55.172413793103445
PINOAK ONE APARTMENTS LLC,2549007ZMKXVX311MT63,SWEET APARTMENTS,26468,64.86486486486487
ICARUS LABS LLC,254900IT9ZDFXCZ7HO66,KATRANJI LABS,24744,58.33333333333333
DPM INVESTORS LP,984500D6B8F9Z4DADE92,AP INVEST OOO,50181,72.72727272727273
MOON Investors Offshore LP,9845005F89U4A98E1815,INTERALIMENT OFFSHORE COMPANY,28180,68.18181818181819
"Robindale Seniors, LLC",254900HZFNE228FEEI98,OOO ROBIN TREID,35082,57.14285714285714
Xantium Treasury Middle East Limited,2549005A75POOMY3GF67,SAMAN SHIMI MIDDLE EAST,28687,66.66666666666667
"Lane42 Capital Opportunities Fund M (Offshore), L.P.",254900PJ5ZY55M1B5497,MARSHALL CAPITAL PARTNERS,17449,52.17391304347826
"LANE42 CAPITAL OPPORTUNITIES FUND M (ONSHORE), L.P.",254900S6F53E9HYOY039,MARSHALL CAPITAL PARTNERS,17449,52.94117647058824
EAST WEST USA LLC,98450075F22C2B07B013,EAST AND WEST ENTERPRISES,7149,64.70588235294117
Optik Haus Salzmann GmbH,984500GFFBF891E73E05,SANAYE-E OPTIKE ESFAHAN,45356,57.14285714285714
1255 23 OWNER LLC,2549009RJ1NXFSNCDJ77,STATE OWNED FOREIGN TRADE UNITARY ENTERPRISE BELSPETSVNESHTECHNIKA,34776,17.721518987341767
JÁSZ-ÉLKER Kereskedelmi és Szolgáltató Korlátolt Felelősségű Társaság,254900UDVMXVV06OSV43,MATRIX METAL GROUP KORLATOLT FELELOSSEGU TARSASAG FELSZAMOLAS ALATT,49780,60.29411764705883
The Martin Jones 2026 Settlement,254900UO0KM83F2HDN97,INTERNATIONAL SETTLEMENT BANK LLC,50604,63.1578947368421
The Catherine Jones 2026 Settlement,254900MU50QPK7941950,BANK CENTER FOR INTERNATIONAL SETTLEMENTS LLC,22488,61.76470588235294
Iridium Flash Limited Partnership,894500PELI0JYPM26089,CODE A PARTNERSHIP,44454,69.76744186046511
Harvey Global,254900Q0FMF40EAHM949,SMART GLOBAL LIMITED,57960,72.0
"DAIKIN COMFORT TECHNOLOGIES NORTH AMERICA, INC.",254900VPSGI2D9SH5W46,LIMITED LIABILITY COMPANY NORTHERN TECHNOLOGIES,46700,63.888888888888886
Mareon Vastgoed Holding B.V.,254900GB2OU5JP3I6639,MARANER HOLDINGS LIMITED,25468,66.66666666666667
LOMA LINDA SURGICAL INSTITUTE LLC,2549005XSEPF7LTXOF51,RAVIN SMART VOICE INSTITUTE,39620,64.28571428571428
AB Dominic Driman,657400OH0JFVWIVM2M33,DOMINION NIKOLSKI LLC,45253,51.61290322580645
South East Engineering Solutions SL,254900F9KHICATOOAP78,D.E.S. DEFENSE ENGINEERING SOLUTIONS LTD,40496,70.58823529411764
"Greenlea Lane Capital Management, LLC",254900GCKNPXMG5O7K56,CAPITAL TAP MANAGEMENT AND CONSULTANCIES L.L.C.,48961,70.58823529411764
9574-3902 Québec Inc.,254900OBCBF7Q2LRW362,9105 2829 QUEBEC INC,49831,68.75
"Hollister Investment Group, LP",254900NQMHFP5ZCCSR37,RIM GROUP INVESTMENTS I CORP.,26202,73.46938775510203
-RoXXoR- Holding UG (haftungsbeschränkt),9845004CAFC1FDR1B307,ROYAL AFRICA HOLDING,23325,53.57142857142857
KHANAGE360 LTD,984500B101A96MFEA063,BAB AL KHANDAQ TRADING COMPANY LLC,57526,41.379310344827594
Zuiver Beheer B.V.,254900F3W1L6L64K2334,BEHENGAM TADBEER QESHM SHIPPING COMPANY,56997,40.90909090909091
Joost Corvers & Co B.V.,25490018V4HSE37Q2X55,,,0.0
Tyrocircle Ltd,254900B8UD3GZYP2PN82,,,0.0
FiNov Capital,2549004POQCGTM6IKL74,CJSC IIB CAPITAL,41918,75.0
HarbourVest Partners Stewardship II AIF SCSp,254900U2Q44KOO00PV89,LAVASANI AND PARTNERS GENERAL PARTNERSHIP COMPANY,57948,59.25925925925925
HGPS Credit Solutions Holdings LLC,254900VUXUUIYFWWAJ78,MPHASIS MARINE SOLUTIONS FZE,56922,62.96296296296296
Baroud Holding GmbH,984500FA09C3BC01C032,ARIMERO HOLDING LIMITED,34616,75.86206896551724
IT ELAZOS SL,984500D64D6C8123A436,,,0.0
AZITREND DISTRIBUTION SRL,7872003VMXCCBWIZBD65,ABINGO DISTRIBUTORS LIMITED,52224,70.0
LA BOTTEGA DEL TORTELLINO SAS DI POLLACCIA PIETRO E C.,815600679B492E09D790,"FEDERAL BUDGETARY STATE MARINE EMERGENCY SALVAGE, RESCUE AND POLLUTION PREVENTION COORDINATION SERVICE OF THE RUSSIAN FEDERATION",31929,32.91139240506329
GEOTEST - S.R.L.,81560055D09FF9B9D956,GEOTECH HOLDINGS LIMITED,55919,52.17391304347826
AMBIENTE LAVORI HOLDING S.R.L.,815600026FEB206F4297,MILAVOUS COMMODITIES HOLDING LIMITED,54841,66.66666666666667
NVGL HOLDING SRL,8156009C72AE99413209,STG HOLDING LIMITED,16830,78.26086956521739
"""SANAC S.P.A.""",815600471F97C7BE2207,AL SANABIL,7919,66.66666666666667
ORA ENERGY SOLUTIONS SRL,81560062CF7C5B903B45,RG SOLUTIONS LIMITED,48588,75.0
"""ASCOM SERVIZI BUSTO S.R.L.""",8156004F4CD994B81433,AO RAVENSTVO-SERVICE,35878,61.53846153846154
COINSIDE S.R.L.,815600F81A90FFD76057,COINTERANDINA,15712,47.61904761904761
IMMOBILIARE SANTA BARBARA SRL,8156002C3811CA04D235,SANTA MONICA DAIRY,10366,60.46511627906976
PONTE FALEGNAMERIA - SOCIETA' A RESPONSABILITA' LIMITATA,8156005BD8248C315042,BAJER SOCIEDAD DE RESPONSABILIDAD LIMITADA,26469,70.32967032967032
GIANNESCHI PUMPS AND BLOWERS S.R.L.,815600D79FC8DBBCA757,LIMITED LIABILITY COMPANY PUMPING COMPANY KRON,47500,43.47826086956522
SUPERETTE,984500CEEE84H6CB6A93,D'S SUPERSTORE,15113,60.86956521739131
NEW COMPANY SRT - S.R.L.,815600B707825E956556,,,0.0
SRT IMMOBILIARE S.R.L.,8156007C2598821B0619,SERVICE IMMOBILIERE ANTIBES SAS,38036,61.904761904761905
MOBILIFICIO DONOLATO S.R.L.,8156009D9BA2CDE18418,MOBIN INTERNATIONAL LIMITED,29622,46.15384615384615
"Bain Capital Insurance Dedicated Fund X Series Of The SALI Multi-Series Fund, L.P.",254900OV5SPWFLR2IH42,OMID BONYAN DAY INSURANCE SERVICES,25630,50.48543689320388
CATALINA SYSTEMS PRIVATE LIMITED,894500SKJCCOCXSQD450,ARTA SYSTEM LIMITED,48646,74.07407407407408
"Charlotte Hawkins, LLC",254900FQBGIO3N0W4Y21,IHSAN CHARITY,9333,60.0
MITRA S.R.L.,815600B919D71EF31079,,,0.0
Kaspit Management Ltd.,984500G2ED0F157E1E55,IK-MANAGEMENT LLC,43248,80.0
IF UPST E Holdco LLC,254900HDYCWBKZFNNM81,STG HOLDING LIMITED,16830,59.25925925925925
SILVERSOFTAI S.R.L.,787200YHJ0TJOUJB6D03,YANBIAN SILVERSTAR,24977,66.66666666666667
MOELLEHAVE ApS,984500EDFS81EJDA7596,,,0.0
SHUN XIN CENTURY LTD,984500B50801361F4E55,JSC KBE XXI CENTURY,48520,70.96774193548387
CHALICE INVESTMENT CLUB LIMITED,984500463EC0767F8B35,ARIES GLOBAL INVESTMENT LIMITED,56720,73.91304347826086
VISION PHONECARD DISTRIBUTORS INC.,98450041CJ9876FA8949,LOTTERY DISTRIBUTIONS OOD,32027,62.96296296296296
Vintage VII A2 Offshore Holdings Year 10 SPV LLC,9845002D13E4011CBE12,AZIA SHIPPING HOLDINGS LIMITED,46770,51.515151515151516
Take or Make Ltd,894500L65WEHZ4XKE062,MAKEYEV STATE ROCKET CENTER,35344,51.28205128205128
18.11 Beteiligungs GmbH,9845001OC55E82445653,BETENSH GLOBAL INVESTMENT & DONG DONG SHIPPING LIMITED,54334,32.25806451612904
Fonds de placement Revenu Fixe du Barreau du Québec,894500SIUDB8C5626053,TITAN-BARRIKADY FEDERAL RESEARCH AND DEVELOPMENT CENTRE,35333,46.464646464646464
SIA DOK Group,9845009ZDDEB80E39B55,SHINE DRAGON GROUP LIMITED,29117,70.96774193548387
N E ENERGY EFFICIENT HOMES LIMITED,98450013AAF2DFA49512,CHINA HAOKUN ENERGY LIMITED,36019,62.22222222222222
ARDWOLD INVESTMENTS LTD.,254900CO1T42WGDGCM63,ARP INVESTMENTS LIMITED,49151,82.35294117647058
CLARANDA,984500CC56D0B8H83E25,CLARA SHIPPING LLC,39283,54.54545454545454
SANTOSH DEVI AGARWAL,636700WS7RTCZ2UB2485,AGROGANADERA LOS SANTOS S.A.,11481,60.46511627906976
SURYA ECO RESORTS PRIVATE LIMITED,894500SKDSSWPYGUPK49,O-SMACH RESORT,49582,70.96774193548387
ALTERITY SYSTEMS INC,9845004DWCC88PA07548,LIMITED COMPANY LASER SYSTEMS,45768,75.86206896551724
KAK IMPACT PRIVATE LIMITED,894500SK89952Z4Z2040,"IMPAN-COL, S.A.",15865,42.10526315789473
ALPHALOOP AI LTD,894500SJRMLU615C3C36,ALPHALOGIC,47653,63.63636363636363
"SigmaBit, SIA",894500SJX65LT0H7QW50,SIGMA TEKH,46584,54.54545454545454
CLAIMWORTH LIMITED,894500SJAZYJ935P4O72,CLAIRE & CLARTE,50310,52.17391304347826
THE JOGID CHARITABLE TRUST,984500F987D79LE14E81,AL-IHSAN CHARITABLE SOCIETY,9333,65.21739130434783
CAPE INTERNATIONAL ASSETS LTD.,984500D72AE549994U69,HASSALEH INTERNATIONAL COMPANY,48297,80.85106382978724
جول للتجارة ش.ذ.م.م,984500IX4S0C580FFC46,,,0.0
CREALIS AUSTRALIA PTY LTD,2549007UQK7TD89OR543,PALESTINIAN LEAGUE IN AUSTRIA,7918,52.0
AMO INVEST LIMITED,984500EA6D36577CC636,LLC A INVEST,46053,88.88888888888889
MEADOWGOLD LIMITED,894500SJ5GERM3TTH403,MEADOWBROOK INVESTMENTS LIMITED,9601,42.42424242424242
Ifhaljastus OÜ,984500DB94A5D053FA87,,,0.0
HARSAS Handels GmbH,984500BAB8497D6B0D66,SUPERTIENDAS HANDAL S. DE R.L.,15184,52.63157894736843
YASHVI DATA SYSTEMS LIMITED,2549007R4FL6MFWSYA61,ARTA SYSTEM LIMITED,48646,66.66666666666667
SIF II PORT UNION LLC,254900LCW8Q4TI9X6Z08,SINA PORT AND MARITIME COMPANY,30381,62.857142857142854
Palo Duro Natural Resources LLC,984500F5D9F1BDFDEB24,JSC FEDOROVO RESOURCES,47798,62.22222222222222
VERINITY LTD,984500O65AC0DB6D2E97,,,0.0
SAND ANDERSEN HOLDING ApS,984500F60E73M9697266,ASCENT HOLDINGS LTD,44249,72.22222222222221
"PONS LABS, LLC",9845004A4F8CFBC38A09,RSK LABS OOO,41082,70.58823529411764
EC Pohl & Co (EU) Ltd.,254900DH7YSSKVG0BB56,"SPRAVA A INKASO POHLADAVOK, S.R.O.",28061,30.000000000000004
موتورا الجوريثميك - ش م ح,254900PWOL804KR7N015,,,0.0
COLAVER S.R.L.,8156008FF5557A031370,,,0.0
Quercus GmbH,984500P7AD3RFD52CD90,,,0.0
DEMODUE S.R.L.,8156001FE4D416C58954,SERB DEMOCRATIC PARTY,8811,35.71428571428571
RUMSFELD SRL,98450056A1SC38CD9688,,,0.0
"Columbus Apartments Venture, LLC",254900LIMT45IA69LG60,SWEET APARTMENTS,26468,65.11627906976744
"LaGrange Apartments Venture, LLC",254900RCRLICW5CSZ296,SWEET APARTMENTS,26468,65.11627906976744
AISOMOR INVERSION SL,529900RVMFUPFU20XG41,INVERSIONES GILFE S.A.,15710,64.86486486486487
JV 94 OU,391200CWLHQD7NWCT967,,,0.0
2026 Woodbriar LLC,254900S9VTCG8W94VA09,WOODHAVEN DRC SASU,34065,37.5
DunaCampus Szolgáltató és Rendezvényszervező Korlátolt Felelősségű Társaság,894500SC80P7VXZ91479,MATRIX METAL GROUP KORLATOLT FELELOSSEGU TARSASAG FELSZAMOLAS ALATT,49780,54.92957746478873
"INVERSIONES OPIXIA, S.L.",959800U4MULR7JX5JH56,INVERSIONES VALLE,16632,73.6842105263158
Martin Palm Holding UG (haftungsbeschränkt),9845007EE9F565ECDA76,AFRICAN TRANS INTERNATIONAL HOLDINGS B.V.,24668,54.54545454545454
"JVP 2022, SLU",254900MIF4BIVOBYJ669,,,0.0
Dany Ventures GmbH,9845004FBD10C7AZ7988,PARK VENTURES SAL,42331,76.92307692307692
NBW Neuköllner Bestand Wohnungsgesellschaft GmbH,391200IB0VBVAO1M4784,BUY BEST ELECTRONIC PARS COMPANY,49918,44.776119402985074
DARENDA MEWS LIMITED,254900XLQGY8BK0QIW68,,,0.0
"Updata Partners VIII, L.P.",254900LQKHCKD5VPUU34,TAZAMONI VAKILI AND PARTNERS,26536,68.18181818181819
SUREPAY FINANCE INC.,254900O060DOC1R1UM08,ORKA FINANCE,45211,74.07407407407408
Universal Assets (BVI) Incorporated,254900K8MJAQO74CZQ20,LOTUS UNIVERSAL LLC,57084,68.57142857142857
Sonnenschein Immobilien GmbH & Co. KG,529900BE6DTB10VR7S90,OZEAN IMMOBILIEN MANAGEMENT GMBH & CO. KG,44201,64.0
Nexentis Group s.r.o.,648800650PRYFEGKXP53,"RIM GROUP INVESTMENTS, CORP.",26201,71.7948717948718
Marchtrenk Immobilien- und Beteiligungs GmbH,529900IXF83HJZH6Q112,SERVICE IMMOBILIERE ET GESTION SAS,38037,55.88235294117647
3 AMIGOS ENTERTAINMENT LIMITED,648800GIH4QZHLDACS08,BOLAI ENTERTAINMENT CITY,57244,69.56521739130434
ODIN Aktiengesellschaft,529900KL2AQSALBRXT44,EUROPAISCH-IRANISCHE HANDELSBANK AKTIENGESELLSCHAFT,25684,62.16216216216216
ENERA ENERGY SYSTEMS LLC,2549007Q2XFKPIKFQS23,AUTONOMOUS ENERGY SYSTEMS,47556,71.11111111111111
Benue Holdings Corp.,254900HBS3P1KNRXKF71,HENNESEA HOLDINGS LIMITED,47212,77.41935483870968
WEKA-Promotion UG (Haftungsbeschränkt),254900EDEL5EWQA5XX16,GRANTS PROMOTION SERVICE LIMITED,51228,56.666666666666664
ANDINA PROPERTY GROUP LIMITED,984500C448960489OE81,PRO-GAIN GROUP CORPORATION,23824,74.28571428571429
LAMBERT SOMEC INC.,254900JI5424GH2QNT54,,,0.0
Rongtong Core Income Fund SP,254900PN9V76URZITS56,BENEVOLENT INTERNATIONAL FUND,7322,59.25925925925925
EAR ALI MEMORIAL FOUNDATION,648800960XRO9IJE1I02,AR RAHMAH FOUNDATION,20981,68.08510638297872
DIGITECH,648800W8B5FZMEYRUF27,OOO DIGITAL SECURITY,24650,58.33333333333333
Golden paper mart,894500R5F21SF48T4O32,GOLDEN STAR CO,24752,71.42857142857143
PEX HOLDINGS 3020 LLC,984500ZD9D84F7C91455,200G PSA HOLDINGS LLC,20264,76.47058823529412
MY DRINKS SARL-S,9845007DEDEEFA5R8P83,NERO DRINKS COMPANY SL,35012,72.0
MIRA MOTORS,648800F6PGVOON7CYF64,MIRATH S.A.L.,28537,58.82352941176471
UDS SERVICES PRIVATE LIMITED,648800CXM8PRD9MB2906,VB-SERVICE COMPANY LIMITED,40211,72.72727272727273
ASK Crane Service,648800HSWS4KR02GBR56,GALERAN SERVICE CORP,56833,75.0
Manojkumar Chetnarayan Singh,648800BN1KIE9CLQZN41,SINGH DAILY CULTURE PRESS LIMITED,29606,49.056603773584904
MMM MEDICAL SERVICES LTD,648800WOICTZP0SEGC90,ELLA MEDIA SERVICES LLC,29859,71.7948717948718
INFOCOM (INDIA) PRIVATE LIMITED,6488009JS0JYT3G9Z317,"IA INFOROS, OOO",31170,69.56521739130434
MAHALAXMI AGRO INDUSTRIES,6488003RXU63FQSTJT11,SANAM INDUSTRIES GROUP,9763,76.59574468085107
SP 082,2549005CZETVVQTSOP95,,,0.0
JIGNESHBHAI LALLUBHAI LATHIYA,648800M2518NAULSQG39,LATHYRUS SHIPPING COMPANY,52169,26.086956521739136
BV Leanda GmbH,9845004L1CC152B3D286,,,0.0
PRATHMESH SHASHIKANT MAKNE,6488005O98B2QPIDML70,PRATUM OIL TRADING LLC,51911,45.45454545454546
"HUNT-CARROLL MECHANICAL ENTERPRISES, INC.",254900FZ5ADGI2S5ZU58,JSC HEAD TECHNOLOGICAL ENTERPRISE GRANIT,43070,61.9718309859155
BABA BUILDERS,64880059KIEIZMJF6751,A.S.P. BUILDERS,25887,80.0
JB Huisarts Holding B.V.,72450082JF82UNMO9Y85,RTS-HOLDING JSC,34768,73.33333333333334
M&K Global Ag,254900K1K19M3TWS7W47,KNH GLOBAL PRIVATE LIMITED,48280,80.0
1823 PARTNERS US SERVICES LLC,984500F939GA3A507C23,SINO MARINE SERVICES LTD,56589,66.66666666666667
Nofada B.V.,724500X5K75JJLUV7G17,,,0.0
EMOtiv B.V.,7245004ASVC6BQ085968,,,0.0
LAXMI SHELL INDUSTRIES,648800XSRTHKHVH1T576,SHER MATCH INDUSTRIES (PVT.) LIMITED,10607,74.4186046511628
Scheepvaartbedrijf Sorenda V.O.F.,7245009ICY6Z92CDLJ85,SORENA SMART SYSTEM CO LTD,54206,48.97959183673469
CEREBRAL EDUCATION SOCIETY,648800A6ZSS1VP9AV091,SOCIETE GENERALE DE PAIN,28178,68.08510638297872
"ALLGOOD CONSTRUCTION COMPANY, INCORPORATED",2549004IVIW2XPKA2N60,ARC CONSTRUCTION COMPANY LIMITED,33948,77.77777777777779
"EMERALD TERM BORROWER (FUND IV), LLC",2549002BXBLBEDN96K14,BENEVOLENT INTERNATIONAL FUND,7322,48.275862068965516
VALAM POULTRY,391200MUJBZKAQ2LKY24,,,0.0
Zwi Investment Incorporated,254900S55RHWHFBIW497,ZHI XU INVESTMENT CO. LTD.,55858,83.87096774193549
DEPHINI s.r.o.,254900WE8RWFXPK59375,,,0.0
Smayana Advanced Dental Care,648800BWLV4TH33XTE46,ADVANCED SYSTEMS RESEARCH COMPANY,15914,60.37735849056604
ALMA VINCENZO,815600DB2BF4A153E381,PJSC NPO ALMAZ,43069,63.63636363636363
YIELD HOSPITALITY PRIVATE LIMITED,648800XMDJ9AW322UJ66,MICHIGANTAP HOSPITALITY PRIVATE LIMITED,56049,65.0
Talentwunder GmbH,529900ZOU0QVKPPT7B75,TALEBAN,6636,52.63157894736843
Maidstone Capital Ltd.,254900BJJ7RS9JKILL65,IFD-CAPITAL,22416,71.42857142857143
CHESTNUT COMMONS LLC,254900BQTI6YV0P21M48,BONJOURE COMMODITY F.Z.E.,56409,47.05882352941176
NARU GOPAL RICE MILL,648800FJOH7H63H3BD53,MEHRAN PAPER MILL,17355,48.64864864864865
HESTIA MANAGEMENT ΜΟΝΟΠΡΟΣΩΠΗ Ι.Κ.Ε.,984500D983C78966F169,ESTATE MANAGEMENT CO. LTD.,37787,57.692307692307686
Hedosophia Defence Technologies L.P.,9845004ECC1DAE41D956,JSC ECHELON TECHNOLOGIES,47926,70.58823529411764
RAVINDRA SINGH RAGHUWANSHI,648800LXZQMSQ36KRF35,RAVIN SMART VOICE INSTITUTE,39620,45.28301886792453
SUPERDEEP PTY LTD,254900WIJ8N8GJJCI275,SUPERWAVE GROUP,51289,57.14285714285714
Cees de Koning Beheer B.V.,724500KEZ50SRH6WC994,BEHENGAM TADBEER QESHM SHIPPING COMPANY,56997,44.89795918367348
SHRI AMAR EDUCATION SOCIETY,984500MI741B97A5EC87,HILAL AHMAR SOCIETY INDONESIA,17269,67.85714285714286
WESTMORELAND WATER,984500I56838018ADF10,WORLD WATER FISHERIES LIMITED,23410,56.41025641025641
Ecosy Invest GmbH,894500SAJ1NRV5CKU092,LLC A INVEST,46053,70.0
NEOSEUM Netherlands B.V.,724500NDJHL59NW2KE97,NETHERLANDS CARIBBEAN BANK N.V.,9936,62.22222222222222
CÔNG TY TNHH TOYO SOLAR,254900YX7KGA656R1T79,CONG TY TNHH THINH CUONG,27688,63.829787234042556
VEDA VYASA EDUCATIONAL TRUST,648800YJQLQ37RIUXI26,LIMITED LIABILITY COMPANY URAL EDUCATIONAL RESIDENCE,47899,56.25
ACHAMMER WOLFGANG GMBH,8156003266714CA95275,WOLF HOLDING COMPANY,22554,41.379310344827594
RED SMILE ΜΟΝΟΠΡΟΣΩΠΗ ΙΔΙΩΤΙΚΗ ΚΕΦΑΛΑΙΟΥΧΙΚΗ ΕΤΑΙΡΕΙΑ,98450077B1500DCA4D17,SMILE PROPERTY & TRAVEL LTD,26466,24.32432432432432
Tenko Holding GmbH,5299007MF85XHRFLA798,NOUR HOLDING SAL,28168,80.0
ME Holding B.V.,724500937R1HEHD2QU48,MTV HOLDING,52176,85.71428571428572
TERRAPIN LAND OWNER LLC,254900DYD0AOF6CPUO83,SUNNY LAND TRADING LTD,52944,64.86486486486487
The Jean Margaret Leary Will Trust,6488001UMWHNY1AKUJ77,AR RAHMA WELFARE TRUST,19682,53.84615384615385
KRATOS CAPITAL MANAGEMENT LIMITED,254900NYTMLP0EV7VB46,ABR MANAGEMENT AO,20283,71.42857142857143
Cerios B.V.,724500017EWDG9TE7Y92,,,0.0
ONE GREEN ENERGY GROUP LLC,894500SDGD3CZSMA9K46,OCTANE ENERGY GROUP FZCO,52692,73.91304347826086
KPW Holding GmbH,529900XD9J8PEISS3879,PAPA HOLDING LTD,48096,78.26086956521739
SOCIETA' SPORTIVA DILETTANTISTICA LIFEGUARD RESCUE TEAM S.R.L. UN IPERSONALE,52990087S1FWHP6PMM05,FEDERAL STATE BUDGETARY INSTITUTION MARINE RESCUE SERVICE,31929,49.6
Oversight Services Limited,254900J4RDWOZWMTK160,AEROSTAGE SERVICES SRL,49520,72.22222222222221
1594836 B.C. LTD.,254900DB5M8TSI4GH229,,,0.0
NOI GmbH,529900Q19ZACKNOWWB26,,,0.0
SRI CHANDRASEKHARA MAHASWAMY FOUNDATION,648800M7FPNR041V7U85,AL-HARAMAYN AND AL MASJID AL AQSA CHARITABLE FOUNDATION,8223,64.19753086419753
SURIDHI COMMERCIAL INFRA PRIVATE LIMITED,894500SDLWN4MRY5X483,IRAN PETROCHEMICAL COMMERCIAL COMPANY,11619,67.9245283018868
RIYANSH INFRA PROJECTS PRIVATE LIMITED,6488008I9J009YZ69C37,NORD PROJECT LLC TRANSPORT COMPANY,37062,68.18181818181819
"""БОНО МЕДИЯ"" ЕООД",254900S2TNCRNBAX3549,,,0.0
Nescap GmbH,5299001F0LHUNMIIOB92,,,0.0
SHANKAR RAM,648800K793FB87EUHS67,"JANE SHANG CO., LIMITED",30149,57.14285714285714
NITIN ARUN POL,648800RRBI5IR1GQGU62,FGUP NITI IM AP ALEKSANDROVA,47902,38.095238095238095
"BEXLEY, S.A.",52990007I5VNHYXDQP25,BEXLEY WAY GENERAL TRADING L.L.C.,42327,37.5
ASPETOCALOROSO UNIPESSOAL LDA,984500D7EEA1DDA7B654,AVENIDAS FLUTUANTES UNIPESSOAL LDA,56754,63.49206349206349
M/S CSR DEVELOPERS,648800J5E5RZVL4NA883,"SOHO DEVELOPERS, INC.",19151,72.72727272727273
"Alwajeh Albahry Company for Contracting, General Trading & Transportations",254900XR34J7GAN04F07,"AL-BROJ COMPANY FOR CONTRACTING, GENERAL TRADING, TRANSPORTATION LTD",58560,86.79245283018868
ECO-THERM S.R.L.,5299007W5JT2NLKOCN91,"THERCUMEX, S.A. DE C.V.",54708,66.66666666666667
Avis comunale di Bresso,894500SIOTRGP5U6IG25,BRESTOBLISPOLKOM DEPARTMENT OF INTERNAL AFFAIRS,31675,47.76119402985075
MANDRIE SRL,529900E206ZJLT8CQT83,MANDEGAR BASPAR KIMIYA COMPANY,17238,34.48275862068966
Siebzehnelf GmbH,894500SIJA7P26IAUW24,,,0.0
Microclima Forestal SL,529900XNG4QCTKT9X755,"TROPICAL RAIN FOREST LOGISTICS CO., LIMITED",40921,53.84615384615385
Chinnakaruppan Sekar HUF,648800XNWXH24R864680,PETRO CHINA PARS CO.,36024,50.0
SHRI GAJJAN SINGH RICE AND GENERAL MILLS,648800L9A38ZDCQ5JU82,AL JIL ALQADEM GENERAL TRADING L.L.C.,49142,57.14285714285714
HINO OCEÂNICO - UNIPESSOAL LDA,984500F70MA8G8T90D42,BUSINESS UNITED UNIPESSOAL LDA,55549,58.62068965517242
VIKAS KALICHARAN JAISWAL,648800L3OMKENG0YUK59,MUSA KALIM HAWALA,15580,53.65853658536586
AS ELLA,6367005K81PGF6G1N319,ELLA TOURISM COMPANY,29866,50.0
Sutterlüty Holzwerk Gesellschaft mbH & Co KG,529900ZBT20YDTE6CW54,HOLZVUD,34670,25.64102564102564
ENVÌO ApS,9845007E65F64FD5F427,ENVIGO GMBH & CO. KG,44270,90.9090909090909
TRIMEET INDER SINGH,64880032AM1RZKWG0329,STRAIT SHIPBROKERS SINGAPORE PTE. LTD.,30222,55.319148936170215
80 Meyer Road LLC,254900B5G6080YTJUA86,DRAGON ROAD LTD,50849,50.0
VDIK Service- & Beratungs- GmbH,894500SIDQNXF76F7C59,SBERBANK SERVICE LLC,36418,68.42105263157895
Global Ownership,529900RLI6LUTUYYHB08,GLOBAL TANKERS PRIVATE LIMITED,53879,73.33333333333334
"HELIOS II GP, LLC",254900BZVE41OLV78R76,JSC RUSSIAN HELICOPTERS,18820,57.14285714285714
ICON TURNKEY VENTURES LLP,648800IHHFD5YWGSLN69,INNOVIO VENTURES,50775,64.86486486486487
P2A6M05 Beteiligungs-GmbH,984500RDJ74B8B0A3D45,BETENSH GLOBAL INVESTMENT & DONG DONG SHIPPING LIMITED,54334,31.25
ONYX VENTURES LIMITED,98450047CBE8VT57P388,LLC VEB VENTURES,35004,72.0
Valiant Hypotheken AG,894500SHAXTJYBV9MG76,VALIANT MARINE VENTURES FZE,53877,43.90243902439024
AKASH AGRAWAL,648800ZQUDK95M81NH16,AGRAT CHEMICALS AND PHARMACEUTICALS,57357,45.45454545454546
VETEO S.R.L.,815600A60A9060A95869,VETERAN,51606,66.66666666666667
ABHAYA FOUNDATION TRUST,648800IGGQK09DECZF65,NATIONAL BANK TRUST,51671,71.42857142857143
GAS LINE MARITIME S.A.,2549002QLA8WIIOYIL16,CASPIAN MARITIME LIMITED,15141,78.78787878787878
PRM MAITLAND/CITY CENTER LLC,254900Y12YEPMDCGH717,PERM FACTORY METAL CENTERS STP STOCK COMPANY,47724,60.0
زيشيم سباشيلتيز / ف.ش.أ,9845004QDB9095150E34,,,0.0
BLUE CRANE HOLDINGS LTD.,2549003XDBWEZQIAMC50,BUOYANT HOLDINGS LIMITED,44269,74.28571428571429
CHAMANDEEP KAUR,648800TSSO6GYF69DA83,CHAMPION WAY PTE LTD,35036,51.85185185185186
NEW CENTURY Immoblienverwaltungs GmbH,894500SI8745S7UJJS64,NEW CENTURY IMPORT AND EXPORT CO. LTD,21548,59.64912280701755
F&R ASSOCIATES LIMITED PARTNERSHIP,254900G2KY3MXSU44Z57,ASSOCIATES OF PARTNERS SAL OFF-SHORE,42276,83.63636363636364
Sviridenko & Partners SIA,254900HKM27EWQUC5W62,SILVER BAY PARTNERS FZE,27066,61.904761904761905
ReifenGlatt GmbH,529900YD786CXAKXJE11,,,0.0
FM Global Equity,529900J9T9AYS4VN3228,GOOD EQUITY TEAM PTE. LTD.,55562,62.5
Elle.Bi. S.r.l.,52990067DVF8X7PTJ062,BEYAZ ELLER ASSOCIATION,57133,40.0
KHOMZ DEVELOPERS PRIVATE LIMITED,648800FE1ZEWE9JLT555,"SOHO DEVELOPERS, INC.",19151,83.87096774193549
UPGRADE WAREHOUSE TRUST 2026-1,254900J9RQH40GPY1642,"WAREHOUSE OUTLETS, S.A.",19186,55.319148936170215
2IZ,25490072QH3UFL5BM542,,,0.0
Kart Holding GmbH,894500SHX40MI96S8O68,RTS-HOLDING JSC,34768,86.95652173913044
EB 88 FUNDACJA RODZINNA,6488006O3TWTDVEHAG07,FUNDACION ISSARA,15857,46.15384615384615
SLASHRTC SOFTWARE SERVICES PRIVATE LIMITED,648800VF94ZFLWZO3510,VOLTA SHIPPING SERVICES LLC,58138,61.224489795918366
SH HOLDING CAYMAN LTD,254900HG43Z5JOFKGJ59,AMAN HOLDING PRIVATE JSC,26887,82.75862068965517
DF HOLDING CAYMAN LTD,254900PF3R0YW5JM1P24,AMAN HOLDING PRIVATE JSC,26887,82.75862068965517
DWS Zurich Equity Allocation,254900VACI8E7DLXFH64,JOINT STOCK COMPANY AVIATION EQUIPMENT,18774,51.72413793103448
DWS Zurich ESG Equity Allocation,2549009XJPLRGWI40406,SCIENTIFIC AND PRODUCTION ASSOCIATION OF MEASURING EQUIPMENT JSC,38138,51.764705882352935
SACHI AGENCIES PRIVATE LIMITED,648800L0INUCKT4EFL68,HARDSEA AGENCIES,25801,73.33333333333334
U K ABDUL RASHEED,6488002FBO3XF2PDZ096,ABDUL HAMEED SHAHAB-U-DIN,17271,61.904761904761905
Schroders Capital UK Real Estate Impact Fund,636700SCJE69FE41EP85,LIMITED LIABILITY COMPANY SBERBANK REAL ESTATE CENTER,36422,56.790123456790134
movit GmbH,894500SHRKGUV9UWL487,CONTINENTE MOVIL Y SERVICIOS S.R.L.,11416,24.242424242424242
SRI VENKATACHALAPATHI ESTATES PRIVATE LIMITED,648800O8210TIDIJ6A80,VEENA SHIVANI ESTATES PRIVATE LIMITED,56052,60.0
Helafinans AB,984500D575PXD4F8H741,,,0.0
The Trustee for Centurion South Hedland (Forrest Circle) Trust,254900E3K1BC4T43P943,KOREA SOUTH-SOUTH COOPERATION CORPORATION,23178,51.85185185185186
GOEL LIGHT EMPOORIUM,648800UBWJ7FVNBO7692,GREEN LIGHT COMPUTER CO,54209,60.0
"100 WATER STREET PHASE 2, LLC",254900CZ9NPGUMSAYW88,MAIN STREET 1095 PTY LTD,28659,54.54545454545454
HABIB PASHA SHAIKH,648800ZB63RB6BHGRG51,"CENTRO COMERCIAL Y HABITACIONAL LOMAS, S.A. DE C.V.",15806,27.586206896551722
K4 Kapital Stiftung,529900GC40TOIGH55D31,IK VELES KAPITAL OOO,40780,62.857142857142854
PRITAM BUILDCON PRIVATE LIMITED,6488002QMS1AUE931613,VVN BUILDCON PRIVATE LIMITED,56050,66.66666666666667
DEC DRILLCO LLC,254900XQ8EMXFDYKTU16,NORTH DRILLING COMPANY,30409,48.0
INNOVATIONRCA F I LIMITED PARTNERSHIP,648800C5TJSSBI59AZ47,KHEDMATI AND COMPANY JOINT PARTNERSHIP,24538,61.81818181818181
LUCARA GROUP HOLDINGS LIMITED,984500AF3S91ECAC6B56,ZR GROUP SAL HOLDING,37675,81.08108108108108
A.G.CONSTRUCTIONS,3358003XIO6INI3REC85,,,0.0
W.DENIS FINANCIAL SERVICES LIMITED,894500SHM0X38AJ0XK88,GPB FINANCIAL SERVICES LIMITED,20315,75.0
3J Enterprises Ltd.,254900C0T2CDHB3G1K51,OSTEC ENTERPRISE LTD,42864,73.33333333333334
Advocatenkantoor Scornos Dina,648800SKF1VKJ7P1FB41,SCORE COMMERCIAL COMPANY LTD.,9542,44.44444444444444
SHREE VINAYAK CORPORATION,335800283RTT6Q8JXE75,SHREEJI GEMS LTD,54810,48.0
NELLSPAY LTD,636700BENUCBL32BVE60,,,0.0
Pollmann Engineering GmbH,984500F86VBA6C14A937,OOO PERYTON ENGINEERING,47435,76.92307692307692
Agentic Money Ltd.,9845005B7C9CBPI91497,PROFINET AGENCY,24516,64.28571428571428
Orcinus IX Limited,254900N1LEIK6GA97204,,,0.0
Shikha Bansal,648800N0941QUO0D1591,SHAHID SHIKRI CENTER,26557,48.484848484848484
"Zuhal Fund I Tranche II AV, L.P.",636700F29YPLQ9RU9B49,"ZHOUSHAN JINRUN OIL TRANSSHIPMENT CO., LTD.",54978,54.23728813559322
BOMIK HOLDING ApS,648800CADAG5XEGOZM56,LLC HOLDING GPM,47832,75.0
INTERPANE Glastechnik GmbH,9845003A14538ER03F18,INTERSTATE BANK,51663,61.111111111111114
BRITANNIA GUIDE LIMITED,894500SHGHDBLB75A053,BRITNEY RYDER LTD,53326,57.14285714285714
Fontana Holdings L.P.,254900F8OB7FD3MDBB18,FORTIANA HOLDINGS LIMITED,46722,90.9090909090909
"Partners Group DSF Private Credit, L.P.",63670063IAQXGUHFOX55,EUROBET PARTNERS OOD,32015,62.22222222222222
Health.Invest Holding GmbH,984500DB7FAFEF5B9X32,DOT ONE HOLDING,58176,66.66666666666667
CAMPUS SPORTS VENTURES PRIVATE LIMITED,6488000N06HQ2VZORK49,POROS MARITIME VENTURES S.A.,57001,71.11111111111111
Familie Haeck,254900VBQCJNESY8SD98,LA FAMILIA MICHOACANA,11439,64.51612903225806
"2230 WEST BROAD STREET, LLC",254900D38UUUC4KSEC62,WEST ALBORZ STEEL CO.,30756,61.53846153846154
SAVIC MEDICAL LIMITED,6488007OOF4C9UZ5FN97,ELLA MEDIA SERVICES LLC,29859,62.5
ADARSH BUILDERS,3358002ZWNJ71372B822,A.S.P. BUILDERS,25887,81.4814814814815
DIANFLEX HOLDING S.R.L.,5299005P3TGAVH93AI41,AMAN HOLDING PRIVATE JSC,26887,71.42857142857143
VARALAKSHMI M SAND,648800VV6QXSWLAK6829,SHAHID VARAMINI INDUSTRIES,22786,50.0
FONDAZIONE PER LA COESIONE SOCIALE ETS,81560092B80CA5927A28,LA FONDATION FAMILLE GERTLER,23258,53.333333333333336
JM Investment Holding GmbH,984500BBAFE1D53FTF44,SPECTRUM INVESTMENT HOLDING,19276,83.33333333333334
JF Holding GmbH,984500DDF06EA5884726,IFIC HOLDING AG,11628,81.81818181818181
E&P Immobilien GmbH,9845008AB5P6U3657F11,SERVICE IMMOBILIERE ANTIBES SAS,38036,58.53658536585367
"UAB ""Motusbona""",648800Z48MMZW2EEY259,,,0.0
ROYAL GREEN AGRO INDUSTRIES PRIVATE LIMITED,6488003C4CTGVNIVOO93,"GREEN INDUSTRIES, LTD",27165,74.4186046511628
Brill Holding GmbH & Co. KG,9845005E80EC06FD4642,ELLISSA SAL (HOLDING),12464,71.42857142857143
STEEL TRADE,335800EQQG1MNNT6LN40,EASTERN TRADE LLC,44842,75.0
ZOHO BUSINESS SERVICES LLP,3358006OZL99IJBR9V43,"T SERVICE BUSSINES INC, S.A. DE C.V.",41665,74.4186046511628
HORIZON PEAK VENTURES LIMITED,254900KRIXFTL8HEB876,PARK VENTURES SAL,42331,70.58823529411764
"EVECC VENTURE, LLC",2549007XL1OJAM08V344,LLC VEB VENTURES,35004,80.0
Ly og Læ ApS,648800R2SNYNNG4WGJ15,,,0.0
"XMG, Inc.",984500E4B7QDK7B4E606,,,0.0
ORION INDIA OPPORTUNITIES FUND,335800HF3QUICCR3AD59,UNIVERSALNYI MORSKOI PORT INDIGA OOO,43138,54.83870967741935
KONEX MATERIAL HANDLING SYSTEMS LLP,648800FB5M3IU0YTC741,OJSC AGAT-CONTROL SYSTEMS,48007,62.745098039215684
PSC Credit (P) SPV II S.à r.l.,636700JU7QVWEXZQ7A18,FIRST CREDIT BANK,22985,61.53846153846154
BEROWRA WATERS MARINA (WEST) PTY LTD,254900WY1U5HVWXVPO72,MARINA OASIS BEACHFRONT RESORT,56462,60.0
MANOJ PLASTICS PRIVATE LTD,6488001HW0FO2HJRNK22,MCFLY PLASTIC HK LIMITED,28647,60.0
SIGMA GOLF SOCIEDAD LIMITADA,9598007WNLDA136J7N77,BAJER SOCIEDAD DE RESPONSABILIDAD LIMITADA,26469,65.67164179104478
Omniwatt Inc,254900PVXL8KDI387L80,OBSHCHESTVO S OGRANICHENNOI OTVETSTVENNOSTIU OMNITREID,52611,19.354838709677423
The Good Design Company,699400TE349ENH4R4577,OKO DESIGN BUREAU,48432,64.28571428571428
Puro Fuerte XL B.V.,648800PBGYF1JZ2WAF80,MINISTERIO DE LAS FUERZAS ARMADAS REVOLUCIONARIAS,57898,33.333333333333336
AKHAND ANAND CREATION,335800KU91E7OV385J69,AKHANGARANCEMENT JOINT STOCK COMPANY,42082,53.06122448979591
COLD WORLD GAMES LIMITED,875500SDYFBOGQO1G922,OLD GAMES EOOD,32119,80.0
TRICKON LOGISTICS PRIVATE LIMITED,6488008SMNYS3HVT1686,PIONEER LOGISTICS,17229,76.47058823529412
WEST STREET PRIVATE CREDIT PARTNERS (O) CO-INVESTMENT HOLDING LTD,984500C5KDA8B7A8C052,ORIENTAL CHARM HOLDINGS INVESTMENT LIMITED,55475,63.41463414634146
K M S LOGISTICS,648800HW120LJQJQDA77,ZR LOGISTICS SAL,37677,74.07407407407408
ALTONIA PRODUCTIONS PTY LIMITED,2549006AO73Z3ZX0SY52,PALESTINIAN PRODUCTION BANK,47350,68.0
Rózsa és Társa Szolgáltató Betéti Társaság,98450001ACA5F70ANC19,MATRIX METAL GROUP KORLATOLT FELELOSSEGU TARSASAG FELSZAMOLAS ALATT,49780,53.21100917431192
PRUDENTIA,815600968AD0B81B2032,,,0.0
ECOSPIRE SOLAR PRIVATE LIMITED,335800XP2HNO1KB5Y966,SOLAR-INVEST LLC,37087,61.53846153846154
FIDES,81560041A3DC652B2A15,FIDESYS,47511,83.33333333333334
CapMan Nordic Infrastructure III Manager S.à r.l.,529900M5YZOUIEJ0A652,MANAGEMENT COMPANY FOR INFRASTRUCTURE PROJECTS,25119,61.728395061728406
TOTALENERGIES TERRA SANTA PARTICIPACOES S.A,984500800F96E04A4513,RUSSIAN ALL TERRAIN VEHICLES PLASTUN COMPANY,48860,53.16455696202531
FARMACIA PORCELLI SRL,5299002RT1KWA4RJ9278,FARMACIA LUDIM,40383,70.96774193548387
GUVVALA RAMANJANEYULU REDDY,648800UQ27Z5TGIY4M12,UR-RAMAT TRUST,12294,34.14634146341463
Strand Nordic High Yield Fund,2549006ZR9L6XM2MCE35,HIGHTRADE FINANCE LTD,33857,52.17391304347826
BIBA KAUR KHANDUJA,64880013QAU5BRD0UD89,BAB AL KHANDAQ TRADING COMPANY LLC,57526,48.64864864864865
JAMES SURGICAL LIMITED,984500FF061NC51DAB07,PAO SURGUTNEFTEGAS,17145,43.75
Floritron OÜ,9845003PFB71115A7508,FLOREZ HERMANOS LTDA.,11560,43.75
REGAL PRIVATE THERAPY PRACTICE LTD,98450014A49KE4141D78,SAMARA THERMAL POWER FDN JSC,31914,47.82608695652174
JPS AUTOMOTIVE,648800ERKSZWKMSOQJ67,SES AUTOMOBILE,8882,71.42857142857143
CUBELOGIC CONSULTING LIMITED,984500370I96CV12D956,DEVICE CONSULTING CO. LTD.,43134,75.67567567567568
A&E AUTOS LTD,984500111E7750048277,AUTOS MINI,12531,63.1578947368421
TRIVEXA ENTERPRISES LIMITED,984500C7R3D13AEAA640,LORA ENTERPRISES LIMITED,23270,80.0
BEE CREATIVE DIGITAL LIMITED,98450055HA36887CDE26,CREATIVE PYTHON,48963,57.14285714285714
KEANE 2 CLEAN LTD,9845001144EB6A14EE30,"GLOBAL CLEANERS, INC.",20560,50.0
MEDISMART LIMITED,9845003BBBB6BF6BEC19,TSARGRAD-MEDIA OOO,36321,60.86956521739131
ORANGE CAT PROPERTY LTD,98450058BCD9B500C685,AFORRA PROPERTI OOO,40814,70.58823529411764
A D NET COMPUTRONICS (INDIA) PRIVATE LIMITED,636700Q7DPHWCXQLGM39,AMIN INDUSTRIAL COMPOUND,11443,60.0
PK Holding GmbH,5299008D9AL8GTDWQ591,PAPA HOLDING LTD,48096,81.81818181818181
M/S BABA UDDAL ROADWAYS,648800XN4TP78LF50C15,MARITIME SILK ROAD LLC,28107,48.78048780487805
Gamma Lux,391200HU22RQJ8723L05,FGUP NPP GAMMA,40177,52.17391304347826
Hedosophia Investments VI Limited,984500AF75H4BCP1FD32,CEIBA INVESTMENTS LIMITED,58205,71.42857142857143
Hedosophia European Fintech Partners II L.P.,984500C7E495D1D94095,EUROBET PARTNERS OOD,32015,61.01694915254237
ADLER HOTELS S.R.L.,529900HXF60D9RT0RF08,GARDEN CITY HOTEL,50147,62.06896551724138
ALIF AGRI FRESH PRIVATE LIMITED,335800P865JV02L78R97,FRESH AIR FARM HOUSE,30523,57.14285714285714
AMAR ANANDA DAS,648800D6YPBO7G1ZZA05,,,0.0
"E2SPV, LLC",25490013AYOHOM714U04,,,0.0
"FERRO NA CASA SAFS, UNIPESSOAL LDA",894500SH5E9SBCJDYW50,AVENIDAS FLUTUANTES UNIPESSOAL LDA,56754,59.70149253731343
GPG HOLDING S.R.L.,529900U0GQ23PCFS2G46,LLC HOLDING GPM,47832,90.9090909090909
FOOD BLAST PIZZA CAFE,335800TT3QXF0CLSXU79,ASASI FOOD FZE,26998,51.61290322580645
BVAP INFRASTRUCTURE LLP,984500AF6AD4FDO05893,FANAP INFRASTRUCTURE,55014,87.17948717948718
GANESH AALU BHANDAR,335800HT395QPT8PBY76,,,0.0
Synergy Holdings Limited,5299008IR3FVQ9YDX739,RG HOLDINGS LTD,44210,81.4814814814815
JENS HJORTSHØJ ApS,648800QW37P2O6M39827,,,0.0
K C N WAREHOUSE,648800AQ3OA2PSFDSA62,"WAREHOUSE OUTLETS, S.A.",19186,62.5
WSIP V (UB) Lux (FCB) SLP,984500AEJI1A3AF83914,,,0.0
CAMILLA BISHOP LIMITED,6488005N6CIIQK50FT51,SERVIS FLAI BISHKEK,51203,42.42424242424242
MARIOLI DANILO,529900QXGTNJ5VAY8N43,CIELO MARITIME LTD,47188,64.28571428571428
HOT DOG S HOUSE SOCIEDAD LIMITADA,529900OBOTZEOBRB6O68,AL ZAWAYA GROUP FOR DEVELOPMENT AND INVESTMENT SOCIEDAD LIMITADA,45901,60.46511627906976
STRATEGIC SOFTTECH PRIVATE LIMITED,335800SK9LBK5VFYIO90,STRATEGIC ROCKET FORCE,18568,65.0
"UAB ""Uniform auto""",648800VCR96IU1UN4A15,AUTO PARTS EAST FZCO,51227,55.55555555555556
Custos eG,5299004RTJXHK6HAQW10,NATIONAL CUSTODIAL COMPANY STOCK CLOSED CORPORATION,51444,30.000000000000004
K J R CHARITABLE TRUST,984500BFD68CA7C1BT10,AL-IHSAN CHARITABLE SOCIETY,9333,60.86956521739131
HARI KRISHNA TEX,64880013UHEBCORZJL03,AO PO KRISTALL,50352,53.333333333333336
ALLOY STEEL ENTERPRISES,335800Q4AS5CZP051Z38,EAST AND WEST ENTERPRISES,7149,72.72727272727273
"OUTSIDE MAN THE MOVIE, LLC",254900S3G4PZJSWKIR27,CONTINENTE MOVIL Y SERVICIOS S.R.L.,11416,40.0
"MB ""Nova consilia""",6488003NYAL9PIEZ3808,NOVA ENERGIES LIMITED LIABILITY COMPANY,45085,56.41025641025641
SAVITA ALIA,648800K6ZJNM541NZ154,SHERKAT SAHAMI ALIAF,30394,58.06451612903225
Van der Slot AI B.V.,724500K1A1B2QBLN9217,,,0.0
2 P S.R.L.,529900X8MPCJ18438I22,,,0.0
SRI GANA SAI LOGISTICS,64880073119DB2LFNJ62,OLIMPIK GAMA LOGISTICS,47993,72.72727272727273
ITALMONDO - TRASPORTI INTERNAZIONALI S.P.A.,815600A8B3AE1C4D7A90,TEHRAN INTERNATIONAL TRANSPORT COMPANY,30384,78.125
Kelmendi Holding GmbH,529900UJTFZEVG6CK379,KUNLUN HOLDING COMPANY LTD.,27468,73.33333333333334
Unipolair Consultancy bv,894500SGZUQ0OD7IBC49,RONIN CONSULTANCY,42978,73.6842105263158
Marinus Krijntjes Holding B.V.,724500D70RCZC1DH3E25,"MAGUS HOLDING II, CORP.",26207,68.29268292682926
SOFY S.R.L.,529900HIZ58KQ2XRJC97,,,0.0
Blauw Consultancy B.V.,724500OVDJFGYMPBDC51,TCH CONSULTANCY,45736,68.75
VPK SONS PRIVATE LIMITED,335800ISMYF5XVI6RY33,UNITED SONS,51078,52.63157894736843
Van der Aa Beheer B.V.,724500V0QG6HSB4KU381,GHADIR TOSE-E SAAMANEHAYE BEHENGAAM,25946,42.307692307692314
HUNNARVI TECHNOLOGIES PRIVATE LIMITED,648800PYETAUKYYK7Q16,NEWAY TECHNOLOGIES LIMITED,45975,76.92307692307692
Physiplex Holding B.V.,724500KKM1WXKBR9GJ24,HYSA HOLDINGS INC,56334,73.33333333333334
gipsbörse GmbH,875500WDG7V21Z2NLH49,,,0.0
Flisijn Holding B.V.,724500KY6GUBZTCQIJ85,ELLISSA SAL (HOLDING),12464,73.33333333333334
Langs de Lijn B.V.,724500GUGN39BCK6IL87,OY LANGVIK CAPITAL LTD,18311,40.0
Vierhoog Beheer B.V.,724500QG71KTA4VQMO46,GHADIR TOSE-E SAAMANEHAYE BEHENGAAM,25946,40.0
ABHISHEK ALIA,648800QMAZ3D72UZ3909,SHERKAT SAHAMI ALIAF,30394,48.484848484848484
R. Everts Beheer B.V.,724500NWUWSKTZMOF291,OOO EVEREST GRUP,36465,51.85185185185186
LEANDRO PEREZ ALFONSO SL,894500SCONCISVYVZS23,ZAO NTTS PEREDOVYE SISTEMY,40907,39.13043478260869
Rabo Asset Management B.V.,724500NM9AGCSM9WCT73,ONE ASSET MANAGEMENT AG,50043,87.8048780487805
Birchwood Holding B.V.,7245003QZGMKCEGLEU16,CHAM HOLDING,12744,68.96551724137932
INI4GEST,894500SGJ82PRF7VCO76,,,0.0
PREMIER COMMUNICATION,335800C6JVV5SSOAPC88,EMATEL COMMUNICATIONS,29858,80.95238095238095
Allodium B.V.,724500HRT2ACCI1L8L25,IRAN ALLOY STEEL COMPANY,28290,41.666666666666664
Alfons Freriks Beheer B.V.,724500WRFG4Q1VTHSU50,GHADIR TOSE-E SAAMANEHAYE BEHENGAAM,25946,32.14285714285714
HOEKB Holding B.V.,724500B53QZ8NKA2S429,"GEMUHO HOLDING, INC",19939,74.07407407407408
Tandartsenpraktijk Geraeds B.V.,724500BJCFDUR9RH4N48,MEHRDAD GERAMIAN NIK AND PARTNERS COMPANY,57890,47.27272727272728
DIRECT GROWTH PARTNERS LIMITED,894500SEU919QML75K91,EUROBET PARTNERS OOD,32015,66.66666666666667
KUMAR ELASTICS,648800DCI10U2B1HWA47,A Y A UNIVERSAL DENIZCILIK KUMANYACILIK LIMAN HIZMETLERI ITHALAT IHRACAT LIMITED SIRKETI,48424,23.404255319148938
Saal Consulting GmbH,391200POJE7NORIXQX17,RB CONSULTING LIMITED,42745,78.57142857142857
VerLin Vastgoed B.V.,724500E2JRN4GM6MHF50,CG - VASTGOED INVEST,35311,48.484848484848484
EVOSKY HEALTH HOLDING IFSC PRIVATE LIMITED,6488005JIZ4HG6C2SB23,BUOYANT HOLDINGS LIMITED,44269,61.904761904761905
CPA IMMO CONSEILS,894500SGDOIY4FVZP432,ITC CONSULTANTS CYPRUS LIMITED,40216,56.41025641025641
Ward Deckers Holding B.V.,7245006VGF6K2NZWIL82,"DELVEST HOLDING, S.A.",651,68.57142857142857
Grootmeester B.V.,724500IOXY65RK9AB232,INTELECTO BUSINESS GROOP,39484,44.44444444444444
TSR Holding B.V.,724500XDQMFQ55BC5028,RTS-HOLDING JSC,34768,90.9090909090909
PROFIN MANAGEMENT CONSULTANTS PRIVATE LIMITED,6488000W0DNXF45OL624,HOUSE OF SHIPPING MANAGEMENT CONSULTANCIES LLC,57071,73.52941176470588
PRAKASH FOOD PROCESSING AND PACKAGING INDUSTRY,335800FL6QOEOXZ8RD26,SELFPLAST PLASTIC PACKAGING INDUSTRY FOREIGN TRADE LIMITED COMPANY,58404,63.04347826086957
BIMZ B.V.,724500XKNMC7PRPZFY67,,,0.0
SRI JAITHRA INFRA PRIVATE LIMITED,648800QAIYX4CTIQXZ66,LLC RKS INFRASTRUCTURE,46038,51.42857142857142
A. de Kruijf B.V.,7245003F0NRJR4DYLQ92,,,0.0
NABHEETHA AGRO TECH PRIVATE LIMITED,6488001ORVPLDMLDTD90,CHINA HEAD AEROSPACE TECHNOLOGY COMPANY,42075,56.00000000000001
"RETRE - prádelna a čistírna, s.r.o.",648800I9DWEFIOO42I77,DZYARZHAUNAYE PRADPRYEMSTVA TSENTRKURORT,33171,49.27536231884058
HC LUNDER INVEST AS,6367006KHHHSNI7QPK82,TOUR INVEST LLC,58499,66.66666666666667
O. P. VISHNOI,335800U4NK7VGSDXU549,VISHNU INC.,47660,58.82352941176471
FITZGERALD & KEANE ELECTRICAL LIMITED,894500SEZSL1DLX2T474,LE-HUA ELECTRONIC FIELD CO. LIMITED,18931,68.08510638297872
RizzedUp LLC,254900EA34EIJZ4G8A88,,,0.0
KANCHAN JHA,64880079O8ZRB6NYFG33,KANCHAN POLYMERS,54998,51.85185185185186
Logistea Fastigheter 19 AB,894500SD59ZTPTYIYG35,INTERMOST LOGISTICS EAST CO LTD,47628,59.57446808510638
Suomen Kryptovaluuttayhdistys Konsensus ry,648800VM7CJBDA4C1S60,LIMITED LIABILITY COMPANY KONSTRUCTION COMPANY KONSOL STROI LTD,26505,44.15584415584416
MORGEN ALLIANCE INVESTISSEMENT,894500SEOPHI3N9BI035,YOUSSER COMPANY FOR FINANCE AND INVESTMENT,9964,67.85714285714286
IBG - Ingenieurbüro für bautechnische Gesamtplanung Kretzschmar GmbH,391200NXAF28GS9VOX46,EMPRESA DE INGENIERIA Y PROYECTOS DEL NIQUEL,58615,40.816326530612244
PREMIER PAPER PACKAGING PRIVATE LIMITED,894500SG84Z6HGK41K29,"LAKHTA PARK PREMIUM, OOO",35070,61.904761904761905
POLIZZA.EU S.R.L.,894500SG2LFEUH88E062,"EVRO POLIS, OOO",23564,60.0
VERM INDIA,335800EED52IGD7ZSW70,WEFREIGHT INDIA PRIVATE LIMITED,58137,64.0
Bergforsen Group AB,648800032VNEA9KIYS13,LA CROSSE GROUP INC,11403,71.42857142857143
ROTSTEIN GmbH & Co. KG,3912007EVPI1IJ82HY66,,,0.0
Connectico Group Korlátolt Felelősségű Társaság,894500SF5C4T0L8YGO53,MATRIX METAL GROUP KORLATOLT FELELOSSEGU TARSASAG FELSZAMOLAS ALATT,49780,66.66666666666667
URUS International Asset Management,648800II2DIR556WF184,"HOTEL MANAGEMENT INTERNATIONAL, LLC",56822,80.0
RED COLOR S.A.S. DI CASSANDRO ROMEO & C.,815600E0ECA663498309,PROMESAS DEL FUTBOL COLOMBIANO S.A.,15714,42.85714285714286
KAVI CONTAINER LINE PRIVATE LIMITED,648800Q2KFBEHFAGYR98,MARIEL CONTAINER TERMINAL S.A.,58203,68.18181818181819
Cosmyc Partners GmbH,3912007CJSRZL9E6BA87,MIDWAY FACTORY PARTNERS PTE. LTD.,58431,68.42105263157895
MOBILIA PROPERTY MANAGEMENT SL,894500SFAVOKNKKU4822,PROPER IN MANAGEMENT INC,26656,68.0
ADARSH NAGARI SAHAKARI PATSANSTHA MARYADIT,648800CUU93BWTSZS680,SHERKAT NAFT PARS SAHAMI AAM,16031,51.42857142857142
RAM SINGH,648800B6ZCK5EX7YHT20,P.C.C. SINGAPORE BRANCH,11623,48.275862068965516
NEVE TRUST,815600698B4881104362,AL AMEEN TRUST,6912,76.19047619047619
George McDonald Court LP,2549002FK6S9L45DSZ13,SPARKLING COURAGE LIMITED,57661,47.36842105263158
GODAI ARTS LLP,984500F44BC9F1B83C84,PAEKHO ARTS TRADING COMPANY,39499,55.172413793103445
ANANDA CLUB & RESORT LLP,648800YAJSIFFIVMBT24,CLUB DEPORTIVO AUTLAN,21074,66.66666666666667
"CHL - J2 , LDA",894500SFGF8CAJWPRS67,,,0.0
FATHAHAR,648800PLTRM22XU7SD77,FATHERLAND'S REVIVAL,40798,42.85714285714286
REEVA CRYOGENIC GASES LLP,335800LEE75UJU965D45,CRYOGENMASH,20306,56.25
TTSP HWP GmbH,391200RXIRTP17IXFE83,,,0.0
NITIN VASU,648800JWW5FU9B4AE363,ALEKSANDROV SCIENTIFIC RESEARCH TECHNOLOGICAL INSTITUTE NITI,47902,22.857142857142854
DOIT SPÓŁKA Z OGRANICZONĄ ODPOWIEDZIALNOŚCIĄ,259400AWLG4MXR7W2R83,INTER-TRANS SPOLKA Z OGRANICZONA ODPOWIEDZIALNOSCIA,42725,86.31578947368422
SANTOS EDUCATIONAL SOCIETY ALWAR,648800AXUP4APNRBSC86,ALWEA'AM SOCIETY,53915,62.5
KUSHAL INFRA,648800QZL184IUUF5007,LLC RKS INFRASTRUCTURE,46038,53.333333333333336
COBELSA SA,9598006RYNNSBP4ZPL58,COBER FZCO DMCC,54903,47.05882352941176
PURUSHOTTAM MANJI PATEL,6488007JIK8A0H9OA569,,,0.0
Sterbekasse der selbständigen Handwerker und Gewerbetreibenden der Stadt Bergen,391200Y46VZUPT7FKE84,INTERCONTINENTAL BAUMASCHINEN UND NUTZFAHRZEUGE HANDELS GMBH,12602,43.28358208955224
AL-KHAIR EXPORTS INDIA PRIVATE LIMITED,335800MHZR9FFZB87X68,ETILAFU EL-KHAIR,11256,62.5
VIKAS KUMAR,648800M026QESI0SA797,A Y A UNIVERSAL DENIZCILIK KUMANYACILIK LIMAN HIZMETLERI ITHALAT IHRACAT LIMITED SIRKETI,48424,17.582417582417587
SURVIR PACK TECH PRIVATE LIMITED,3358004SPEC44M4Q7X32,SAF TECH S.L.,10602,59.25925925925925
YONERUSA LDA,894500SFLYS3XJ8LFC37,INVESTRADE PORTFOY YONETIMI A.S.,47186,30.76923076923077
Hedosophia Investments EFP II Limited,98450036Z6763897CQ34,CEIBA INVESTMENTS LIMITED,58205,65.21739130434783
"João Barra Investimentos, Unipessoa, Lda",894500SFRIBVKIKH2W20,NOOR PLANTATION INVESTMENTS LLC,24429,61.53846153846154
"VIRTUS SHARED SERVICES, LLC",254900SJT5A6BN19Y330,VOLTA SHIPPING SERVICES LLC,58138,62.22222222222222
R R ASSOCIATES,6488008P7S7KDYOPW173,GREEN PINE ASSOCIATED CORPORATION,12212,68.57142857142857
ORJUL - EMPREENDIMENTOS IMOBILIÁRIOS LDA,894500SFX1VN7HWCQG02,EMPRENDIMIENTOS INMOBILIARIOS MISIONES S.A.,27943,76.31578947368422
ROYAL SILK SPLENDOUR PRIVATE LIMITED,335800MZ72QCVBBBCA37,ROYAL SHELL GOODS WHOLESALERS L.L.C,46358,53.06122448979591
VEDAMURTHY SABARISAN,6488004HO8JYR22Q4S92,SABA STEEL COMPANY,28303,40.0
FL CONSULTORES ASESORIA INTEGRAL SPORT FRELOP SOCIEDAD LIMITADA,98450084B079EO924B32,"CONSULTORIA INTEGRAL LA FUENTE, SOCIEDAD CIVIL",18089,60.952380952380956
HEFESTO 2025 INVERSIONES S.L.(SOCIEDAD UNIPERSONAL),959800MAKRTMBXPTWT66,INVERSIONES MINERAS H.D. EMPRESA UNIPERSONAL,12440,68.88888888888889
GLOBAL DEFENCE TARGET PASSIVE PRECIOUS METALS AND MINERS FINECO AM FUND,254900QQZNC3LIJC1668,TRANS ARCTIC GLOBAL MARINE SERVICES PTE. LTD.,54275,50.98039215686274
SHREE MODY ELEMENTS GREEN REDEV LLP,335800VJ8VQCICH8T163,ELEMENT GROUP,39165,50.0
SENECO HOLDING S.R.L.,787200IP12YWV3AKVH32,RISEONIC HOLDINGS LTD,44286,77.41935483870968
I GELSI SOCIETA' AGRICOLA,8156002EFF30AD9B9707,AGRICOLA TAVO S.P.R. DE R.L.,18822,63.63636363636363
Jonas Degerman Holding AB,9845000D604853C2D664,ORKA HOLDING AD,45208,64.86486486486487
Pihlqvist Holding AB,648800Z8O3IXK37HJ390,KHITI HOLDING PRIVATE JSC,30163,73.33333333333334
DHARATIPUTRA BALIRAJA FARMER PRODUCER COMPANY LIMITED,648800FC0KCI6CFH3429,ALUMINAT PRODUCTION AND INDUSTRIAL COMPANY,15909,50.74626865671642
Eric Steigner GmbH,391200NFISN48ZW6N046,,,0.0
Sodalite ApS,984500882C42A4E1D097,"SERVICIOS EMPRESARIALES SODA, S.A. DE C.V.",21119,20.512820512820518
Compartment I,391200E2EUJ6ZW4G9J14,LLC IQ COMPONENTS,43856,69.23076923076923
MAW Moabiter Altbau Wohnungsgesellschaft GmbH,391200YACJ2TYY2T6U85,,,0.0
ALLIED BOSTON CONSULTANTS INDIA PRIVATE LIMITED,335800AV8IGWP65HEZ29,ATLASWISE CONSULTANTS PTE. LTD.,55991,61.53846153846154
VINOD PRASAD BIJLWAN,335800425NNYWGTL8156,GOSUDARSTVENOYE PREDPRIYATIYE AGRO-FIRMA MAGARACH NACIONALNOGO INSTITUTA VINOGRADA I VINA MAGARACH,18888,23.728813559322038
JET SPEED REALTORS PRIVATE LIMITED,335800TOPP2LIXIHU636,AKALI REALTORS,54356,56.25
MSRA & ASSOCIATES,3358001BYOPT8W0VYE55,AL-SALAH ASSOCIATION,10408,68.75
WE LOVE PASTA SRL,5299006111549BWCVG93,DORA PASTEURIZA DE LECHE SANTA MONICA,10366,38.297872340425535
CHAPELMOUNT INVESTMENTS LTD,648800T3TPOT0BIT3115,CHAM INVESTMENT GROUP,12744,77.27272727272727
VIROOSHKA INFRATECH,894500SDRG6W9RA1KO22,LLC RKS INFRASTRUCTURE,46038,54.054054054054056
"Sabiedrība ar ierobežotu atbildību ""Forex4SMART""",254900MEXPSX4A57YF79,SABIEDRIBA AR IEROBEZOTU ATBILDIBU 'FALON INTERNATIONAL',25000,74.0
Hilda & Clive Rathbone Family Trust,648800VQ9QOI5YAA3344,GERTLER FAMILY FOUNDATION,23258,51.72413793103448
NovoHab GmbH,9845005CE50KFFAE9774,NOVOSIBIRSKOBLGAZ LLC,52118,41.666666666666664
Gestion Louise Gourde inc.,254900HRGGG7D8U6YE65,SERVICE IMMOBILIERE ET GESTION SAS,38037,54.90196078431373
VYOM HOSPITAL,335800ZAJ5K1WAY1GE22,MICHIGANTAP HOSPITALITY PRIVATE LIMITED,56049,55.55555555555556
MARSEVLUC SL,959800ZMFXNRRM3RKK21,ARKAN MARS PETROLEUM DMCC,54646,43.75
BOROWSKIE KOPALNIE GRANITU SKALIMEX SPÓŁKA Z OGRANICZONĄ ODPOWIEDZIALNOŚCIĄ,6488005PU8N8V1HCUE95,LAKE FOREST SPOLKA Z OGRANICZONA ODPOWIEDZIALNOSCIA,51404,73.01587301587303
KALIYUGA EQUESTRIAN SL,959800ZD6ULJPR8Z8L71,LIMITED LIABILITY COMPANY KALININGRAD BALTTRANS,46043,49.056603773584904
PROVINCIAL TARRACONENSE SOCIEDAD LIMITADA,529900A8D75D3LDDRR05,BAJER SOCIEDAD DE RESPONSABILIDAD LIMITADA,26469,57.49999999999999
ROMA COLD FORGE PRIVATE LIMITED,648800OBP2DZLT7OVI67,EUROBET - ROMANIA EOOD,32118,57.14285714285714
KALIYUGA CAPITAL SL,95980075K7HKVX63TX37,RT-CAPITAL LIMITED LIABILITY COMPANY,37790,66.66666666666667
GOPI POLY FAB PRIVATE LIMITED,33580012VGS4APNYRL29,ABHAR POLYMER COMPOUNDS CO.,58406,55.55555555555556
Tensia AB,9845000ABEAV5C453917,,,0.0
Boelen Beheer Dordrecht B.V.,648800704BLAIL0HW142,GHADIR TOSE-E SAAMANEHAYE BEHENGAAM,25946,41.379310344827594
Greensboro Land Development Partners OZ LLC,25490051A7REZ9BHTW19,PERSIA OIL & GAS INDUSTRY DEVELOPMENT CO.,16030,64.86486486486487
MUNDWERK DENTAL GMBH,894500SE82U76P9OJC78,MUNDO DIGITAL S.A.,28718,64.28571428571428
ECOPLUS CEMENT PRIVATE LIMITED,648800L7D6BXZMQ27367,USM CEMENT LLC,42025,75.0
ROSHNI PATEL,3358009XOC5RTF6N2R24,RAH ROSHD COMPANY,53830,57.14285714285714
JAINA AUTOMOBILES,6488007T5STKBUN97K47,CROWN AUTOMOBILES,26175,76.47058823529412
FREMANTLE SQUARE LTD,2549008NS7TXFYEWQO11,SQUARE TANKER MANAGEMENT LTD.,55220,55.00000000000001
REPRESENTACIONES Y FRANQUICIAS SL,9598005VQEJ7ULAF4241,REPRESENTACIONES ORIENTE S.R.L.,11413,66.66666666666667
GENESIS-LUCRO 13 SPÓŁKA Z OGRANICZONĄ ODPOWIEDZIALNOŚCIĄ,648800QHO0FTKWTUAY54,LAKE FOREST SPOLKA Z OGRANICZONA ODPOWIEDZIALNOSCIA,51404,80.37383177570094
SMITH BROTHERS DISTRIBUTING COMPANY,254900NQDV7UK5X3ZW05,MEHDI BROTHERS SHIP SERVICES PVT. LTD.,27264,61.81818181818181
ASHISH KUMAR KHILWANI,6488004TX56PTRZZX145,JUND AL-KHILAFAH IN TUNISIA,23863,44.44444444444444
UNICA S.R.L.,815600DA43D56CC22C36,UNICIOUS SA,40761,61.53846153846154
"AB Development, SIA",648800W2YHSJ3IXITR92,OOO SITI-DEVELOPMENT,42081,90.32258064516128
"South Park Commons Fund II 20211, L.P.",254900920XPD3I4QY531,MILITARY SECURITY COMMAND,23085,52.63157894736843
SETH RAM SWAROOP COLD STORAGE PRIVATE LIMITED,6488006EPY9D3CTEK142,CELULANDIA TALLER & STORE SLRC,48089,52.63157894736843
HSG INVESTMENTS LIMITED,648800ECFK2YCVJFB433,D.G.D. INVESTMENTS LTD.,23262,86.66666666666667
Saare korterid OÜ,6488007IFZY7USNRDG05,,,0.0
VCA BUILDERS PRIVATE LIMITED,648800CH7FT9YEQA4271,A.S.P. BUILDERS,25887,66.66666666666667
ELIS Invest OÜ,648800J91HEPUB201857,TOUR INVEST LLC,58499,72.0
KALOLWALA & ASSOCIATES PRIVATE LIMITED,6488008MJAGZ41MJ4F02,AL-SALAH ASSOCIATION,10408,64.86486486486487
GoldyLocks OÜ,648800QKE1FVPNNG6680,MOKU GOLD,24664,63.63636363636363
Saare Infra OÜ,648800GQHQ2ZW21DDA39,JSC INFRAVEB,35001,54.54545454545454
ARSUKE GLOBUS TRADING LIMITED,648800R1SKD232FEUC96,MAHROUS TRADING FZE,20089,72.22222222222221
GENXSTART GLOBAL PRIVATE LIMITED,6488007M8KX778MI9O71,GLOBAL AGE LIMITED,25849,69.23076923076923
SOLARNEXA ENERGY PRIVATE LIMITED,648800QNU5I7GA3T9W43,SOLISE ENERGY FZE,46485,75.86206896551724
GELCO ELECTRONICS PRIVATE LIMITED,648800U3LEGY8E2KD154,ICGOO ELECTRONICS LIMITED,45701,82.35294117647058
Röttger Familienstiftung 2025,9845004F680Z1D06B840,LA FONDATION FAMILLE GERTLER,23258,55.55555555555556
PRIYA HOSPITALITY LLP,648800MXPSOAZOJWVO17,MICHIGANTAP HOSPITALITY PRIVATE LIMITED,56049,70.0
bytaboX GmbH,984500CD22FD8EBBL421,,,0.0
ECO INFRA DEVELOPERS PRIVATE LIMITED,648800Z46TY44E0E0V09,"SOHO DEVELOPERS, INC.",19151,68.57142857142857
K R DIAMOND,3358006MQ8IRPF4APW48,G AND S DIAMOND FZE,42217,81.81818181818181
BHARATH ALUFORMS PRIVATE LIMITED,64880011C69JLGXZVK04,"BHARDWAJ, S.A. DE C.V.",54709,37.03703703703704
TW Investments Limited Partnership,98450099FED840CB0329,MASTERSKILL INVESTMENTS LIMITED,42215,73.46938775510203
Family Trust Beteiligungsholding FTB III GmbH & Co KG,391200Q1RWBIH5ZSZI17,MIGHTY DIVINE TRUST HONG KONG LIMITED,55975,49.27536231884058
Sigma Lux,39120018QPTNJ54LPV36,SIGMA TEKH,46584,52.63157894736843
OPLUS CASTING PRIVATE LIMITED,648800D4YC3N28GX7824,VIAN STEEL MELTING AND CASTING COMPANY,30753,51.28205128205128
LGT Crown Helix Sub-Fund,391200RJVDXJ5OIL7F56,ERA FUND LIMITED LIABILITY COMPANY,34668,52.38095238095239
CHOLANADU SORUDAITHU FOODS (INDIA) PRIVATE LIMITED,648800WYLHASND2ZPJ43,RIHS COMMITTEE FOR INDIA,10923,46.15384615384615
PALIWAL REALTY PRIVATE LIMITED,648800JBJK8QT5O4SX69,AKALI REALTORS,54356,64.28571428571428
ASTA Steuerberatungsgesellschaft mbH,3912009N2AWF3L74JV14,STG. INT. STEUN AANARMEN STICHTING ISRAA,53923,42.85714285714286
Deka-MSCI Europe Protect,391200L0JWKT4SQR7Q86,EUROMICROTECH,41983,59.45945945945945
SKY INVEST S.R.L.,815600F0923855C8AB04,OOO TKH-INVEST,40190,80.0
POLIAMBULATORIO SAN BENEDETTO S.R.L.,815600FF453CFD547A41,THE BENEVOLENT CHARITABLE ORGANIZATION,9333,50.79365079365079
SOTTOCOLLE SRL,815600CD650C9A14A862,,,0.0
BABE S.R.L.,815600C556DF4BF52F53,AL WASEL AND BABEL GENERAL TRADING LLC,8210,25.806451612903224
NUOVA TOP SLICE S.P.A.,815600E0741F6996B303,,,0.0
HOFF FINANS AS,636700TTWT3ZS0POS773,"M-FINANS, OOO",29868,73.6842105263158
BHARATSPACE INFRA PRIVATE LIMITED,648800T3ZJOSESI39X63,AO INFRAVEB,35001,50.0
JAGARA LIGHTING CO,648800S017DABJY7JO86,MIDAS LIGHTING LIMITED,51264,55.172413793103445
Heiko Andresen Sanitär-Heizung-Klima GmbH & Co. Kommanditgesellschaft,391200KOE6WDDTKUIC60,AKTSIONERNOE OBSHCHESTVO AVIATSIONNAIA ELEKTRONIKA I KOMMUNIKATSIONNYE SISTEMY,44298,45.58823529411765
SR Specialredskap AB,648800YJZ1YX7H67ML61,LEF SPECIAL UNITS,34099,52.94117647058824
MOHAN SHARMA,648800U1URMNSWMN2P46,ANSAR AL-SHARIA,16475,66.66666666666667
Antengene Biologics Limited,9845004DC75598503890,LIMITED LIABILITY COMPANY NPC ANTEY,47866,52.63157894736843
Nørager Boldklub,648800LRVN5WW9BPIB03,BOLD TRADING FZE,57659,57.14285714285714
AMEWI Trade GmbH,391200FNZKVAODRZMS68,RADIX TRADE LIMITED,54625,72.72727272727273
M/S TEX TECHNICAL TEXTILE INDIA,648800HE5GC1XPC9P015,NA AVIATION AND TECHNICAL TRADE LIMITED COMPANY,48800,55.172413793103445
MANKIND MEDICARE PRIVATE LIMITED,335800IQ2GXSSBASOK62,"MEDIA LAND, LLC",53997,69.23076923076923
ASUNCION DE NUESTRA SEÑORA DE LLIRIA,9598000P3WFDVPA13019,SHAFAGH SENOBAR YAZD COMPANY LIMITED,27166,36.0
SHRI AGRASEN WHEAT PRODUCTS PRIVATE LIMITED,335800S9FMV25PT4IH98,JSC RESEARCH AND PRODUCTION COMPANY MAGNETON,49173,58.18181818181818
RIOMA REDES S.L.,959800HZEUB2ZTDWCY73,,,0.0
WBS POWER SPÓŁKA AKCYJNA,2594002NU4MUJ70YHQ55,SMART GREEN POWER,24744,48.78048780487805
digitello ag,875500CX3PYLT7NT9M91,MUNDO DIGITAL S.A.,28718,63.63636363636363
78 SABORES Y COPAS SL,959800ACDRCSST3FGD95,"SABOR TAPATIO, S. DE R.L. DE C.V.",55027,42.85714285714286
PRABHAV ASSOCIATES,648800DMVI75AK1XJV98,TAHAYYORI AND ASSOCIATES PARTNERSHIP COMPANY,57490,64.0
SWR GmbH Büro für Bauleitung und Projektsteuerung,529900JDIGBARF80R350,OZEAN IMMOBILIEN PROJEKTENTWICKLUNG VERWALTUNGS- GMBH,44198,48.35164835164834
M/S SHREE GANESH STEELS,894500SCZQG22UMNAW38,KAVEH SHARGH STEEL COMPANY,30418,63.41463414634146
LUPPINO DOMENICO,8156008337B73557BA83,FERRITE DOMEN COMPANY,37803,48.275862068965516
HERENCIA YACENTE PEDRO MESEGUER GUILLAMON,959800GS5GC2ZLM9MS83,PEDRAM PIROUZAN AND ASSOCIATES PARTNERSHIP COMPANY,57492,43.0379746835443
Döhler Ventures GmbH,5299004G2A2SNSOYPB27,LLC VEB VENTURES,35004,74.07407407407408
JALDHARA SMALL TOOLS PVT LTD,648800068PEO037L6D87,HYPER MACHINE TOOLS,49155,56.41025641025641
CLEAN MAX MOT PRIVATE LIMITED,335800CLUV8QHZL6US92,RKS CLEAR VODY LLC,46040,51.85185185185186
Tobias Klaas Familienstiftung,391200SQZNU4U0KXFD92,AL-WAQFIYYAH FOR THE FAMILIES OF THE MARTYRS AND DETAINEES IN LEBANON,15492,47.36842105263158
NISHIL GARG HUF,648800VZ55MVJ4NPDD30,,,0.0
"Bär, Stadelmann, Stöcker Architekten und Stadtplaner PartGmbB",9845002DAD47A867EO24,PERM FACTORY METAL CENTERS STP STOCK COMPANY,47724,48.421052631578945
LUMEN BIDCO 1 LIMITED,648800ABQNF0TPHBS143,,,0.0
HDJ IMPEX PRIVATE LIMITED,648800Y5TJ0Q59DWO347,GELRO IMPEX S.R.L.,13066,60.0
TEJAS PATEL,335800LAR4VMJ78NQK70,BANK TEJARAT,25677,52.17391304347826
WALLABY OPCO PTY LTD,9845000D0EDDE541BF21,WALLEX,57091,36.36363636363637
PT GLOBAL PAKARTI GROUP,98450054FACAAMB90E12,PRINCE GLOBAL GROUP LIMITED,55547,76.19047619047619
PENSION & UNDERSTØTTELSESFORENING FOR DANSKE MUSIKLÆRERE OG MUSIK- LÆRERINDER,636700O5U98EYOA33F93,NON-STATE PENSION FUND FIRST INDUSTRIAL ALLIANCE,37761,47.45762711864406
CRISCO VENTURES SL,894500SCDK8ZIXB4OO02,RUSSIAN VENTURE COMPANY,35244,66.66666666666667
GREEN VIBES BIOTECH PRIVATE LIMITED,648800GIZ2MV5RRJA670,"HEBEI CROVELL BIOTECH CO., LTD.",45381,65.0
Herman Lake Capital GmbH,529900VY49PPWXIV8D21,SBERBANK CAPITAL LLC,18669,74.28571428571429
Aramid Strategic Assets Fund I CEIC Ltd,984500901CEMADND8966,THE STRATEGIC CULTURE FOUNDATION,31213,57.14285714285714
NEHA WUDLAM PRIVATE LIMITED (TREANSER FROM W.B. TO RAJASTHAN,984500HEFBE66DC49858,RAJAH SOLAIMAN REVOLUTIONARY MOVEMENT (RSRM),10928,48.19277108433735
MANICKAM KRISHNADEVI,648800USDZRGZL7P1A12,MANICA DRC SPRL,24676,45.714285714285715
JYOTI INDUSTRIES,3358005GP5K0GJPLYF39,JOZA INDUSTRIES COMPANY,10927,83.87096774193549
Jörg Weller,391200JOXEP3QKGY9129,WELLBRED TRADING DMCC,58432,59.25925925925925
Airlie Long Short Fund,529900C0X20AIGF1LA23,FLY KISH AIRLINES,58530,61.53846153846154
"TABNAM, INC.",9845001490659F9F6F75,,,0.0
ISHA AGRAWAL,648800O44SJSC9JAH071,AGRAT CHEMICALS AND PHARMACEUTICALS,57357,41.860465116279066
"OH Carrollton Solar, LLC",254900U5ALRPCOCFCO04,ROSTELEKOM SOLAR,44851,57.14285714285714
"EDPRNA DG Eaton Solar, LLC",254900YTEEG558QFPK13,GHADIR MEHRIZ SOLAR ENERGY,25950,51.06382978723405
"CF OH Solar SR 309, Kenton LLC",25490002ZQRXTQEM7Y54,SOLAR-INVEST LLC,37087,43.24324324324324
"OH Jefferson Solar, LLC",254900IOB9TL95662V12,SOLAR-INVEST LLC,37087,53.333333333333336
"CF OH Solar Lincoln Hwy, Bucyrus1, LLC",254900RFNPF6U698XH25,GHADIR SOLAR ELECTRICITY AND ENERGY,25937,44.44444444444444
"CF OH Solar County Hwy 58, Upper Sandusky, LLC",254900I0SVGY3MHAGH35,GHADIR SOLAR ELECTRICITY AND ENERGY,25937,45.070422535211264
NEXT TRACK ENGINEERING PRIVATE LIMITED,894500SCU6WAFVARNC95,TRV ENGINEERING JSC,50112,75.67567567567568
UCITS ETF Kort Rente KL,6367002GZ2MOKMO1Q457,RENTA CAMPEROS URABA LTDA.,11909,45.833333333333336
EVIKA BEVERAGES AND FOOD LIMITED,648800UAODF2YHL8C815,MAIWAND BEVERAGES LIMITED,26099,70.27027027027026
盈升發展有限公司,254900MWVAK7AUZDI844,,,0.0
Canigom GmbH,984500E502E5OI585590,,,0.0
UCITS ETF Drone Robot Quantum KL,636700SR946UYLORS979,RUSSIAN QUANTUM CENTER,39188,51.85185185185186
Wirtschaftsforum Verlag GmbH,529900Y345LQVWILGI24,,,0.0
SHREE PAWAN BULK CARRIERS,335800NDPGGX6ZH68622,LLC BUDGET CARRIER,48822,51.28205128205128
CLEAN MAX BAY PRIVATE LIMITED,335800YR38THVE3KVL40,"GLOBAL CLEANERS, INC.",20560,50.0
واي ايه اكس ايه للتجارة ذ.م.م,2549004D3X7D9VSKN634,,,0.0
GILDA ZILVER METCOM PRIVATE LIMITED,894500SCJ3SR5WN0C880,GILDA TAR KARVAN INTERNATIONAL COMPANY,39682,48.97959183673469
"""НИКО ЮРО КОМЕРС"" ЕООД",391200SKJU6HQFA66B05,,,0.0
TRIVIKRAM CONSTRUCTIONS,648800WCAOA63H2FW132,CONSTRUCTION JIHAD,10053,73.17073170731707
RAJESHKUMAR RAMESHCHANDRA SHAH,648800EMAQ2JUIC4PA68,AHMAD SHAH HAWALA,15005,55.319148936170215
RAVIKUMAR,6488005D6E44Q3NZ9J59,RAVI LINES INC,54910,42.10526315789473
MAGELLANO SOCIETA' COOPERATIVA,815600DF7217CDE97C14,SOCIETY OF ISLAMIC COOPERATION,6936,67.85714285714286
FOODEXOCHENNAI PRIVATE LIMITED,648800DBF5EQAQSO1X69,JIANGKANG FOOD LIMITED,49695,42.85714285714286
ENCAASH ATTIRE LIMITED,894500SC2H5G8YNDDK36,VENTSPILS ATTISTIBAS AGENTURA,28066,37.2093023255814
S.M.BEVERAGE,335800WS5V0UIGOHUI61,,,0.0
VAISHNAVI ENTERPRISES,335800UODI4HID81B420,KAFAK ENTERPRISES LIMITED,17770,73.6842105263158
Biz2X LLC,254900VXMKG9W5SSCA66,,,0.0
Avendus Special Assets Fund of Fund,984500604149D660E945,AVENIDAS FLUTUANTES UNIPESSOAL LDA,56754,54.54545454545454
"100 Water Street Phase 3, LLC",254900FN1GIOTDWJAD06,MAIN STREET 1095 PTY LTD,28659,54.54545454545454
APRILIA MARITTIMA 2000 S.R.L.,815600EA59E27C803859,ARKADIA MARITIME INCORPORATED,56416,63.1578947368421
Globale Aktier Eksklusiv,648800PJ56TFKCVW9J23,"GLOBAL CLEANERS, INC.",20560,56.41025641025641
WIREONIX PRIVATE LIMITED,335800GLKWTTA4KTOF97,"CHENGDU KEYLINK WIRELESS TECHNOLOGY CO., LTD",48759,18.6046511627907
MADHAV ELECINFRA PRIVATE LIMITED,335800SXX7NKAH71KR59,LE-HUA ELEC F CO. LTD,18931,61.53846153846154
RAJA JEWELLERY MART PRIVATE LIMITED,648800K1W7VYCOLMQO29,AL SULTAN JEWELRY,27973,60.60606060606061
Campus Flemingsberg C1 AB,25490063KB0CJ03P8N17,101 DAYS CAMPAIGN,11256,46.15384615384615
Globale Obligationer Eksklusiv,6488003MGVRA4HWH4563,FINESSE GLOBAL TRADING LIMITED,54623,53.84615384615385
Co-Investments I,391200F8XFDB3D955604,CEIBA INVESTMENTS LIMITED,58205,86.66666666666667
CUROS Urologisches Zentrum,391200C7731NIGYTKD12,,,0.0
TRANSMODAL MARINE LOGISTICS PRIVATE LIMITED,335800TF6EOP0IS47R16,PRIMORYE MARITIME LOGISTICS CO LTD,24450,70.37037037037037
ΑΝΕΜΟΕΛΞΙΣ ΕΝΕΡΓΕΙΑΚΗ ΜΟΝΟΠΡΟΣΩΠΗ ΑΝΩΝΥΜΗ ΕΤΑΙΡΕΙΑ,52990043GGRBUDN3D964,,,0.0
CERF SOLUTIONS PRIVATE LIMITED,894500SAOL7JI4OGHK28,RG SOLUTIONS LIMITED,48588,84.61538461538461
SRIKAR BOTTLE SUPPLIERS,648800BFUH4Z63XFWO50,MILITARY SUPPLIES INDUSTRY DEPARTMENT,12214,56.666666666666664
سوليكس إم إي إيه م.م.ح,984500712E6D3C78M594,,,0.0
HIDDENDATA S.R.L.,984500FA5CFDE46F0F57,,,0.0
PATNA BATTERY HOUSE,894500SBAREM21ZZ3S82,SMART BATTERIES,47334,58.82352941176471
NJORD SUBSEA SERVICE AS,648800HHRJCVP40NAM83,UE MINOTOR-SERVICE,34744,73.6842105263158
Franz Maier KG,984500153EJ594A07F82,ORT FRANCE,10486,57.14285714285714
Campus Flemingsberg B1 AB,2549009PHQ6WM3XT0870,101 DAYS CAMPAIGN,11256,46.15384615384615
KDM LAW,648800HRM8E50UQN2L36,,,0.0
VSA TRADING INC,894500S9RBWXO8P6K872,AL-'USAMA TRADING COMPANY,18536,83.33333333333334
CINCO METROPOLIS PRIVATE LIMITED,335800FQI9JLYX2FI568,METROVAGONMASH JOINT STOCK COMPANY,43122,47.61904761904761
Bürgel Holding GmbH,894500SB57UUF2O3G844,AGROGATE HOLDING CORPORATION,37487,73.33333333333334
MHAC Holding B.V.,724500GWE0E7H8BSLO14,SHAM HOLDING COMPANY SAL,12744,83.33333333333334
DHARMPAL,335800MK05VW9IE7V423,,,0.0
MB-YIELD,52990050LESKURCB4O09,,,0.0
Edward Schulpen B.V.,724500D0W6JBV3TBF652,,,0.0
Comex 2000 (UK) Limited,254900KMC8QXM7ISI061,BOTANICA 2000,57355,46.15384615384615
NGV EXIMS (INDIA) LLP,894500S9AP9MRAPJLK32,MAIWAND EXIM PRIVATE LIMITED,26097,59.25925925925925
DHAYAL LOGISTICS TRANSPORT COMPANY,894500SA7YK8L6OTIW93,TRUST LOGISTICS LLC,43317,68.29268292682926
Quoia B.V.,724500A9FVQQXZTBUZ39,,,0.0
GULMOHAR GARMENTS PRIVATE LIMITED,894500SA2F0GY7CXVC51,NICE FANTASY GARMENT COMPANY LTD.,9539,43.24324324324324
GLW Holding Aps,894500S7AN4NGJF43C35,LLC HOLDING GPM,47832,81.81818181818181
COMPUSOFT INFO TECH LLP,894500S955PV4BDNY080,HEMERA INFOTECH FZCO,33257,61.53846153846154
Emes B.V.,724500RBG5AQRS9FQV77,,,0.0
GAYATRI INDUSTRIES,33580063LHHE11KJF880,AZAR AB INDUSTRIES COMPANY,53935,84.84848484848484
KISNAH JEWELLERS,894500S9WVGPB8127S34,TRIO JEWELLS LLC,49897,64.28571428571428
LUZENDA CONSULTORES SL,959800CSBXED6GQGER49,BONA FIDE CONSULTORES FS S.A.S.,49064,65.21739130434783
Schmid Immobilien GmbH & Co. KG,894500RWIMOWRUBKAG92,OZEAN IMMOBILIEN MANAGEMENT GMBH & CO. KG,44201,54.54545454545454
UCITS ETF AI-Model Global 100 KL,636700PSO0G91EP2A283,GLOBAL CENTRAL LOGISTICS FZCO,46738,52.459016393442624
Oy Tecon Trans Ab:n konkurssipesä,894500S3AIUOV0U92W28,TRANS SCIENTIFIC CORP.,11225,55.81395348837209
Snc B&N bis,894500S753KVTK38FS57,,,0.0
Xinvested B.V.,636700ANQY28O2H5J132,,,0.0
AESON INC.,529900EOXQMLO15LF488,,,0.0
KEMP HOLDING,894500S67UA9ZO3YIG82,ZEM HOLDINGS LTD,44289,83.33333333333334
CLEAN MAX TAM PRIVATE LIMITED,335800PNTAHUW5V0SN79,CLEAR TRADE LINK SL,16520,56.25
UCITS ETF High Growth KL,636700GY51ZLLDJAKK32,"GROWTH TRADING CO., LIMITED",56428,47.36842105263158
Inter-American Development Bank Complementary Staff Retirement Plan,254900BKDDLI9BIRDW02,CEMENT INDUSTRY INVESTMENT AND DEVELOPMENT COMPANY,25423,59.04761904761905
Inter-American Development Bank Retiree Life Insurance Program,254900LBOTG9VNF1ZB70,INTERNATIONAL INDUSTRIAL DEVELOPMENT BANK,23002,60.19417475728155
FAROVI SLU,894500S0TU2ENBK6M036,FARO GRILL,56815,60.0
ÑAM CASTELLANA SL,959800A6F12VMK7YFD79,MINERA LA CASTELLANA Y ANEXAS S.A. DE C.V.,11001,60.86956521739131
Dynamate - Galibier,699400I61A6QP2WPEK65,DYNAPEX ENERGY LIMITED,29606,51.61290322580645
M/S SHREE RATNESHWAR BREEDERS,648800YFO1XTVZCRNA92,SEA BREEZE SHIPPING INC,53380,45.833333333333336
DEVI PHARMA,894500S8U2MBUCPWMW36,CITY PHARMA SARL,28535,72.72727272727273
KABELKART SOLUTIONS PRIVATE LIMITED,894500S5R7MZ2Q4BJS45,SMART SOLUTIONS LTD,51191,76.47058823529412
FAR ENERGIA S.R.L.,815600FAA6F161F7A041,FOND ENERGIA,44099,78.26086956521739
T. S. AGRO,335800U28J380RKQSW28,FOSSIL AGRO,39838,63.1578947368421
CENTRO AGRICOLA BALAGUER BUSQUETS SL,959800FSJFZGCRWALV56,AGRICOLA COSTA ALEGRE S.P.R. DE R.L.,31146,62.5
COLLEGIO PROVINCIALE GEOMETRI E GEOMETRI LAUREATI DI GROSSETO,815600F2949A58973A10,ISLAMIC STATE OF IRAQ AND LEVANT IN KHORASAN PROVINCE,18647,46.728971962616825
FCT Alphee,9845007BB80N50051110,KGB ALPHA,30702,52.63157894736843
URBANTRANDZ PRIVATE LIMITED,648800MXS672SVWWPF06,"URBANIZADORA NUEVA ITALIA, S.A. DE C.V.",15337,35.89743589743589
FLOREALE FLORES Y EVENTOS SL,529900B04A7B9FL3MM42,EVENTOS LA MORA,21090,55.00000000000001
GREAT PLACE TO WORK INSTITUTE - ITALIA S.R.L.,81560060762E6EE3B221,ELPA RESEARCH INSTITUTE AND PILOT LINE JOINT STOCK COMPANY,46522,63.41463414634146
M/S HONEY SWEET HOME SOLUTIONS,894500S7G6OF3IQZQW65,OCEAN SPEEDSTAR SOLUTIONS OPC PRIVATE LIMITED,50521,64.40677966101696
Benzal Nexo SL,529900GTU6BX1N4NCM59,,,0.0
NEOELECTRA EL GRADO 2026 S.L.(SOCIEDAD UNIPERSONAL),959800ANN6Y3Y2MNYM12,INVERSIONES MINERAS H.D. EMPRESA UNIPERSONAL,12440,57.47126436781609
QUINTUS FUNDACJA RODZINNA W ORGANIZACJI,2594003ODIFIFJ24R010,NEJAAT SOCIAL WELFARE ORGANIZATION,27967,54.794520547945204
DiaM Fundacja Rodzinna w organizacji,259400W63LV2BCYIY888,ORGANIZATION AND GUIDANCE DEPARTMENT,20123,58.82352941176471
KALON Fundacja Rodzinna w organizacji,259400OV9TP7WEJT3U16,AL-BAKOUN ALA AL-AHD ORGANIZATION,8083,59.375
APIU5 S.R.L.,894500S6IXDT9MRPTK74,,,0.0
ARTE ET LABORE FUNDACJA RODZINNA W ORGANIZACJI,259400P7VFBCXWJJ6424,ORGANIZATION AND GUIDANCE DEPARTMENT,20123,58.97435897435898
LA DOMUSE,894500S6DDU1MNFU6023,DOMUS TRADING HK LIMITED,57793,45.45454545454546
NEOELECTRA COVISA 2026 S.L.(SOCIEDAD UNIPERSONAL),959800H6XCANMREE5T46,INVERSIONES MINERAS H.D. EMPRESA UNIPERSONAL,12440,54.54545454545454
ΚΑΡΑΔΗΜΕΙΟΝ ΙΔΡΥΜΑ ΔΗΜΟΥ ΚΑΡΑΔΗΜΑ του ΧΡΗΣΤΟΥ,984500E9A2B95EC57A24,,,0.0
137 BEATS CONSULTING S.L.,9598001NW5T6Y9GNZD10,B&W CONSULTING,48763,70.27027027027026
NEOELECTRA LA RODA 2026 S.L.(SOCIEDAD UNIPERSONAL),959800H5C908ERU1PZ85,ISSA EMPRESA UNIPERSONAL,15711,55.88235294117647
NEOELECTRA MENGIBAR 2026 S.L.(SOCIEDAD UNIPERSONAL),959800VQ8YXT3N7RRZ58,INVERSIONES MINERAS H.D. EMPRESA UNIPERSONAL,12440,55.55555555555556
CRISTOFARO LUIGI,894500S5WR6QPPG77C59,CRISTOBAL MARINE CORP.,55223,56.25
MS Beratung & Immobilien GmbH,894500RNL4UDQX6KC861,SERVICE IMMOBILIERE ET GESTION SAS,38037,57.692307692307686
COLBA TECHNOLOGIES SOCIEDAD LIMITADA,959800Z4N4DCSV89KZ23,SMILE TECHNOLOGIES CANADA LIMITED,26468,72.1311475409836
CAMPUS FLEMINGSBERG C2 AB,254900TCF5EN16ENBX10,RENTA CAMPEROS URABA LTDA.,11909,42.553191489361694
GROWELL ENTERPRISES,894500S7WTBQ0GQMPK44,GOLDVAST ENTERPRISES COMPANY LIMITED,50833,76.92307692307692
Asset Esel Spandau GmbH,894500RBKS0HYDFZAW47,O'NEILL ASSETS CORP,37449,56.25
R.A. TEX S.R.L.,529900X4R0ACA80TG570,,,0.0
Angie’s Group Srl,529900NSTJSR7Y418G47,S. GROUP AIRLINES LTD,48388,75.86206896551724
AH2 HoldCo II S.à r.l.,254900JDR2ZXPZI57M15,ROYAL AFRICA HOLDING,23325,55.00000000000001
Corevista Consultancy B.V.,6488002H4SMQ9QRSIN35,RONIN CONSULTANCY,42978,73.6842105263158
ADVEST S.R.L.,815600677F7EFB0A3B07,"J & P ADVERTISING, S.A. DE C.V.",18367,41.666666666666664
BSR MODERN RICE MILL,894500S87WF9AFEE0O35,"BARZA STYLE & MODE CO., LIMITED",38676,50.0
Valko Automation AB,98450006Y59A83EB5A94,SHARPLINE AUTOMATION PRIVATE LIMITED,51096,72.22222222222221
DEJALAR SL,959800HANL06CHPFQD25,INMOBILIARIA UNIVERSAL DEJA VU S.A. DE C.V.,49749,46.51162790697675
Yerrabelly Manasa,648800KHHLFVTI8ICN39,MANARA S.A.S.,27235,52.17391304347826
VIVAI PIANTE DI CECERE ANTONIO E GIOVANNI S.N.C. SOCIETA' AGRICOLA,815600B4B46B929A7921,COMERCIALIZADORA INTERNACIONAL AGRICOLA Y GANADERA RINCON CASTILLO LIMITADA,23613,51.09489051094891
Tiskárna na Vzduchu s.r.o.,648800S40ZFISDL1T112,,,0.0
1912 HOTELS ST PAULS LTD,894500S8DFZ0XEQ9O821,HOTEL SIN PECADOS,10004,59.45945945945945
SDV EANGINEERING,335800GDGJEP40OE8X28,,,0.0
SCC SISTEMA CIMITERIALE CAVA S.R.L.,529900NBXQWTW8VPDD54,"SISTEMA CORESCO, S.A.",19176,60.46511627906976
ADMAS INDUSTRIES PRIVATE LIMITED,335800AEAIG8F1E9LM47,AZAR AB INDUSTRIES COMPANY,53935,83.87096774193549
PARTNERS GROUP ACCESS PF 753 L.P.,636700P8A552HWMMBV90,AMEREUS PARTNERS PTE LTD,40245,59.09090909090908
CIOCCOLATA SRL,5299004SHHECAC94TC64,,,0.0
Campus Flemingsberg A3 AB,254900CCPO09XTQA4P83,MOTEL CAMPO AMOR,10004,47.36842105263158
J.H.M.BUTT & CO.LIMITED,648800GRCDR4ZC58C350,,,0.0
Campus Flemingsberg A1 & A2 AB,254900OPY4LK0M2UEH03,MOTEL CAMPO AMOR,10004,43.90243902439024
KAMADHENU RICEMILL,894500S62AQICOS2UW96,LIMITED LIABILITY COMPANY KAMA KOMMERCIAL,51679,46.51162790697675
GL.INC. SOCIETA' A RESPONSABILITA' LIMITATA,81560087105E1E4B2774,BAJER SOCIEDAD DE RESPONSABILIDAD LIMITADA,26469,80.0
Wirecto Foundation,984500774856CFED4548,SEAFIRE FOUNDATION,27034,77.77777777777779
Deka MSCI World 400 UCITS ETF Acc,391200B6ZBAU1PEAMB07,FONDATION SECOURS MONDIAL 'WORLD RELIEF',7270,50.70422535211267
PALATINO RESIDENCIAL III SL,959800TLHVZ1FB282J25,RESIDENCIAL DEL LAGO,15521,69.76744186046511
IRIDIUM CONSTRUCTIONS PRIVATE LIMITED,335800B8Z97ANM89W756,CONSTRUCTION JIHAD,10053,76.92307692307692
NHG MOBILITY PRIVATE LIMITED,894500S8IZISKE25BS10,MOBILNYE PLATEZHI LLC,34753,55.172413793103445
POLYGON Deutschland GmbH,529900EGWPS8ZJDT8F22,KANCHAN POLYMERS,54998,51.42857142857142
SAN GIOVANNI SRL,81560016741ECA9CE729,,,0.0
A B C CONSTRUCTION COMPANY,894500S5LO37FQSFW883,ARC CONSTRUCTION COMPANY LIMITED,33948,88.23529411764706
BALAJI SUPPLIER CO,648800LU7U5M8KA8D891,ANCO WATER SUPPLY CO LTD,57198,56.25
JST ELECTRONICS LIMITED,894500S8OJ2K7DE0ZC17,JOTRIN ELECTRONICS LIMITED,42326,84.84848484848484
GENTILI SRL,81560077959153E72135,GENTING CROWN CASINO,57196,37.03703703703704
Comercial Paperera i Materials D'Oficina SL,984500889A9B608A4E26,"OPERADORA INTEGRAL DE COMERCIO, S.A. DE C.V.",10642,60.273972602739725
Svanfjord Fiskeri AB,984500591C3WCE90EA97,,,0.0
PISOS EN LA RED SOCIEDAD LIMITADA,959800820NKUWAJLK633,BAJER SOCIEDAD DE RESPONSABILIDAD LIMITADA,26469,69.56521739130434
AHVS INFRA LLP,648800DPH26SMCT64B78,AO INFRAVEB,35001,66.66666666666667
PRIMO SOCIETA' A RESPONSABILITA' LIMITATA SEMPLIFICATA,81560086CA99700EFC68,"'AGRICOLA RUELAS', SOCIEDAD DE PRODUCCION RURAL DE RESPONSABILIDAD ILIMITADA",21577,67.22689075630252
VAIIBHAV LAKSHMI FOOD VENTURES PRIVATE LIMITED,894500S5G4JFSRGK8O28,SIRITIA VENTURES LTD,20314,60.86956521739131
SAGARIKA BASAK,648800SKV7B6F5DNCN87,"BASALTOS TONALA, S.A. DE C.V.",12298,43.75
RENATO HOLDING S.R.L.,815600ED4CAAB4BD4918,RTS-HOLDING JSC,34768,80.0
NELSPRUIT PRIVATE LIMITED,6488004A7U7F2RVE1S15,,,0.0
NEOELECTRA DOS HERMANAS 2026 S.L.(SOCIEDAD UNIPERSONAL),959800WRQK6KHJ2B9D58,INVERSIONES MINERAS H.D. EMPRESA UNIPERSONAL,12440,53.191489361702125
PANORMUS COSTRUZIONI S.R.L.,529900K9QF954070UT83,COSTIN SHIPPING LIMITED,57134,51.42857142857142
PARWATI SOLAR AND BUILDTECH PRIVATE LIMITED,648800R3KNFGTSXORD08,MARI MACHINE BUILDING PLANT JSC,37700,56.00000000000001
BAAGØE HOLDING ApS,648800EFQ3Q5PW2R4Y21,AMAN HOLDING PRIVATE JSC,26887,76.92307692307692
"BVIP 4055 DEERPARK, LLC",25490001U2Y6OGXWGF15,,,0.0
Maasraket B.V.,894500S5AKZO5S4OL405,,,0.0
RENTXONE S.R.L.,8156000343C4E4D21635,RENTA A.S.,28060,61.53846153846154
4K Values GmbH & Co. KG,52990078IFC3DQ3JBQ60,DOT ONE VALUE CREATION GROUP,58176,32.432432432432435
KRUVIJ FAB LLP,335800EMBLWOI8LDE054,,,0.0
TL Verwaltungs-GmbH,9845004F81F2A2D3F311,ENVIGO VERWALTUNGS GMBH,44271,75.0
JOMACO FINANCE,648800MALJST8WXLBP12,M-FINANCE LLC,29868,78.26086956521739
BHANSALI METALLOYS,894500S9LSD619DAWO83,LIMITED LIABILITY COMPANY BERING METALS,46732,58.53658536585367
Domestique Consulting,648800P77TNUGSPORH44,DEVICE CONSULTING CO. LTD.,43134,78.94736842105263
SERPLAST S.R.L. DI MARCON GIOVANNI & C. SIGLABILE SERPLAST S.R.L.,815600AC1FC3890D2424,"IMPORTACIONES Y NACIONAL MARCERLAB, S.A. DE C.V.",54924,47.05882352941176
GILARDIS SAS DI GILARDI CESARE & C.,529900LT0FMYAG6C0921,GHADIR CASPIAN GILAN ENERGY,25935,50.90909090909091
JOHFRA CLEANING,648800MS7P8HWRK11L82,"GLOBAL CLEANERS, INC.",20560,53.333333333333336
KI Sidekick UG (haftungsbeschränkt),9845007780B542B6AC70,EMPRESA SIDERURGICA JOSE MARTI,57951,41.269841269841265
VERA SOCIETA' SEMPLICE,81560085B88E5AA82387,BIR WA ELEHSSAN SOCIETY,9333,54.54545454545454
hs consult³ ug (haftungsbeschränkt),984500E8D1AB5BB7E778,IMENSAZEN CONSULTANT ENGINEERS INSTITUTE,11791,52.05479452054795
NGEN FINANCIAL ADVISORY LTD,894500S82CVHNG2ID468,"NEW BLOCKCHAIN ADVISORY CO., LTD",43273,60.86956521739131
"Emerging Corridor Infrastructure Capital, L.P. Inc.",636700JRUYRKYJFP7093,FANAP INFRASTRUCTURE,55014,56.666666666666664
EINS TECHNOLOGIES INDIA PRIVATE LIMITED,894500S4ZHW4VTGXA079,OOO LENDING TECHNOLOGIES,34617,79.06976744186046
TIRESIA SPV S.R.L.,8156002883207FD62586,IRAN TIRE CO.,30382,50.0
THE CATHOLIC CHURCH OF INDIA FOUNDATION,894500S7R9RYDHER2008,FALAH-E-INSANIAT FOUNDATION,7140,64.40677966101696
5one8 AB,657400FUBP6VBQJRCO34,,,0.0
ibex devlu pment copany,558600FSEQJOGXTQPS33,COPA DE PLATA S.A. DE C.V.,11006,50.0
SAMBHAV STARCH PRODUCTS PVT LTD,33580078MFJNINCRVO63,PHU SHA STAR,31138,62.857142857142854
Route to Market Logistics Company,558600IKUWICHVKKHF54,TRUST LOGISTICS LLC,43317,70.0
TOWERS RESIDENCE GDL S A P I DE CV,9845003C89C14DAD0933,NAVIRA VILLAS & RESIDENCES,56462,58.18181818181818
NOVENA BUILDERS AND DEVELOPERS,894500RRA60T2H3O1K61,KAY ZONE BUILDERS AND DEVELOPERS,19973,81.4814814814815
Congress Hotel Villach Betriebsgesellschaft mbH,529900446J5FP27PPL18,VILLA LEXA ESTATES SAS,38039,45.90163934426229
VIVERACQUA HYDROBOND 2026 S.R.L.,8156006217DA6BE84E74,AMANA FOR HYDROCARBONS,28531,41.860465116279066
CUORI GRANDI ETS,8156002C01AD5F85A637,JSC CONCERN GRANIT ELEKTRON,35864,61.53846153846154
Kajplats 41 AB,894500S34ZAX81IDFC32,,,0.0
CO.I.M. 2005 S.R.L.,81560021EDFDE89D0D10,VABO 2005 EOOD,32012,47.61904761904761
Rederi Gällnö AB,894500S2D9K314UZ5K72,PRINCE MEDIA GALLERY CO. LTD.,55872,54.54545454545454
FF SRLS,8156002C7ED4B5BBDA70,WINDROSE TACTICAL SOLUTIONS S.R.L.S.,56371,25.64102564102564
MERU 80 SL,959800NTGPNCW2R7F865,,,0.0
Ruba Company For marble and stone,558600LLMDSSWYEGOD57,PRAISE MARBLE LIMITED,55926,73.33333333333334
DYN Trust,529900E159ML20ERG312,AL MADINA TRUST,6912,76.19047619047619
VANRAY RESORT,335800AFB031US00F978,RIVIERA SUNRISE RESORT & SPA,22415,62.857142857142854
RAJKUMAR BHANUDAS DHURGUDE,6488009PTDY4ILLT8878,,,0.0
Sangaiah Vijay Kumar hiremath,6488009M1QYPN8W6D210,MA'ADEN-E ZOGHAL SANG SHARGH,25936,45.614035087719294
FLAURA TEK PRIVATE LIMITED,894500QARZS0DTKTX486,,,0.0
COLTS HOLDING AS,6367000NAOM3DN4W4A74,ASCOTEC HOLDING GMBH,11608,78.57142857142857
SURESH KUMAR VIJAYRAJ PUROHIT,648800I9R5BGH9VQNA51,SURE TYCOON LIMITED,55942,30.000000000000004
MYRA,894500S2IT3UO46UT439,MYRA MARINE LIMITED,56243,53.333333333333336
TER SOCIETA' A RESPONSABILITA' LIMITATA SEMPLIFICATA,8156004D5AF242867E43,BAJER SOCIEDAD DE RESPONSABILIDAD LIMITADA,26469,67.41573033707866
Gasthof Löwen Münsingen AG,529900H7GLTBFC0S9I55,SOLUGA SOLUCIONES GASTRONOMICAS SRL,26154,44.44444444444444
ASSOCIAZIONE EUROPEA DELLE VIE FRANCIGENE,815600465B8E7E613D65,SANABIL ASSOCIATION FOR RELIEF AND DEVELOPMENT,7919,58.22784810126582
Reflextion Terapi AB,984500BB041405A68626,,,0.0
Gearloose Holding ApS,984500F0CD5BH9CA2A54,ATLAS HOLDING SAL,28527,73.33333333333334
SHREE SHYAM FABRICS,894500QAXJBS0SWPKO53,SHREYA LIFE SCIENCES PRIVATE LIMITED,51297,56.41025641025641
DOSE CORNER,894500S1R3D0H7JGJC06,CORNIOLA LIMITED,56705,52.63157894736843
SHAKTIMAN EQUIPMENTS PRIVATE LIMITED,894500S2ZFR5L26HRS49,KEKOTECH EQUIPMENT LIMITED,49137,63.1578947368421
REFER & CO,64880055914IGNT0DJ17,CENTRAL COMMISSION OF THE REPUBLIC OF BELARUS ON ELECTIONS AND HOLDING REPUBLICAN REFERENDA,30627,12.195121951219512
The Inder Rieden Collection Ltd.,2549001WI7FU29AWZT74,"HD COLLECTION, S.A. DE C.V.",18129,66.66666666666667
brafe.space dhana GmbH,391200G11AB4MKF4TD98,IRAN SPACE AGENCY,27324,64.70588235294117
GROUPL SERVICES PRIVATE LIMITED,894500S4OESLLUT5YW19,SES GROUP,8882,75.0
AQUARIUS TECHNOLOGIES LIMITED,98450050CD4976FB4584,PSV TECHNOLOGIES LLC,40914,75.67567567567568
TERRELL YOUNGER LLC,254900HKY0BI5NQYJI17,YU-TERRA LLC,42076,60.86956521739131
PMT | Studio GmbH,3912002KDTYWKCXAUC55,SEK STUDIO,34022,70.0
MAMIANI HOTEL S.R.L.,8156003A4BA3944F4177,LUCIANO HOTEL AND SPA,36001,69.23076923076923
RAMA MERIDIAN LLP,3358001Y3ZFO3YB7EL83,RPF MERIDIAN JSC,48555,80.0
MISSION FUND I SOCIEDAD FCRE SA,959800LGQYMNW8WD8E40,"SOCIEDAD SPA PENINSULA, S. DE R.L. DE C.V.",41181,55.55555555555556
UTI BALANCED HYBRID FUND,335800YBRTSEWZYBYE65,BENEVOLENCE INTERNATIONAL FUND,7322,51.85185185185186
NEWLINE ENGINEERS AND DESIGNERS,335800BGAJUN6OJAQO78,LLC BELINVEST-ENGINEERING,34758,66.66666666666667
Recovery Rate Holding ApS,98450077Y6FA45BOB056,NORATEC HOLDINGS LTD,49779,70.27027027027026
Hampel Vermögensverwaltungs GmbH,529900W6VXYUEUJEXS24,COMANDO VERMELHO,57817,37.2093023255814
Beckmann Altersvorsorge & Vermögensverwaltung GmbH,529900PTYTSNQLNYEU15,PALESTINIAN ALTERNATIVE REVOLUTIONARY PATH MOVEMENT,58462,42.553191489361694
Manulife Global Growth Fund,254900CAZF0078GBRN31,"GLOBAL RELIEF FOUNDATION, INC.",7269,62.745098039215684
INFINITY TRADLINK,894500S1LJT8U87KVS74,TRIDENT INFINITY LIMITED,52344,78.78787878787878
Manulife All-Equity ETF Portfolio Fund,25490065WER8WP0D3683,PALESTINIAN AID AND SUPPORT FUND,7917,48.484848484848484
CONTINENTAL CLOSURES,894500Q8RXN132AEEW14,AERO CONTINENT S.A.,8244,64.70588235294117
Manulife All-Fixed Income ETF Portfolio Fund,2549004LU3G4EPH5QV73,PALESTINIAN AID AND SUPPORT FUND,7917,50.0
Engebjär Group AB,894500S2OCNMB3IQGO46,ARC LIMITED GROUP,33948,69.56521739130434
Manulife Smart Global Dividend ETF Portfolio Fund,254900LCFOPDOPK9P080,MIGHTY DIVINE GLOBAL FUND SPC,55968,61.53846153846154
KETAN VALVES PRIVATE LIMITED,335800C3DTBU55NGUR51,,,0.0
LMH 1905 GmbH,894500PEFYGSBQA6IG05,,,0.0
AFTER SATURDAY1 PTY LTD,254900Q41MIWOPX3BB41,SATURN EK OOO,43858,50.0
P AND P ASSOCIATES,648800TDTGL2Y589K494,GREEN PINE ASSOCIATED CORPORATION,12212,68.57142857142857
Bakelaar Beheer B.V.,984500B9E44AB7E51572,BAKE AND KITCHEN,21666,51.85185185185186
Aloracle Grundstücksverwaltungsgesellschaft mbH & Co. Vermietungs KG,529900PBH3I8824IBZ67,COMANDO VERMELHO,57817,28.169014084507037
ACTIUM PATRIMONI CULTURAL S.L.,9598002B200P25DSD059,FARS NEWS AGENCY CULTURAL INSTITUTE,45049,60.31746031746032
COMUNIDAD DE HEREDEROS DE JOSÉ ARRIBAS,894500S3LLY84ZI0E078,PARTIDO COMUNISTA DEL PERU (COMMUNIST PARTY OF PERU),4715,45.333333333333336
ELECTROMONTAJES Y AUTOMATISMOS SLL,959800SSZAHRY0MAL138,MOSCOW INSTITUTE OF ELECTROMECHANICS AND AUTOMATICS PJSC,37522,58.97435897435898
Jolinda Fastigheter AB,984500B855B2D8FDZE02,FAST LINK SAL,17045,57.14285714285714
H.F.M. Maassen Holding B.V.,724500RTERFQMSZ5DV11,AL MASHREK HOLDING,12746,70.58823529411764
BIGWORKS SPACES,3358001R0UUU9GOH7525,SPACETY LUXEMBOURG S.A.,40478,54.54545454545454
DYDX,894500S1WMWS46VC6W29,,,0.0
Glarner B.V.,724500DSTVDOO7SYYK29,,,0.0
ALPHABETUM LIMITED,648800I6YXZYEDRBLK44,KGB ALPHA,30702,63.1578947368421
Industrie Logistik GmbH Marlach,894500S1AGPPK9JTKO93,INSTAR LOGISTICS,23543,66.66666666666667
B R B CONSTRUCTION & TRADING CO,894500S3WP1REY5RP428,MAHER TRADING AND CONSTRUCTION COMPANY,21562,84.61538461538461
MS Anlagenbau GmbH & Co. KG,391200B7GZ0P1NA1MH56,,,0.0
CIO Feeder Fund Pte. Ltd.,984500D3C140504B3F75,ERA FUND LLC,34668,60.86956521739131
LAKSHMI MOTORS,648800P0E52NL4P96I06,MOTORCYCLE ART LTD.,23404,50.0
TNT INTELLIGENCE SOCIEDAD LIMITADA,959800L7ZU5BHLK70G13,IRGC INTELLIGENCE ORGANIZATION,42600,62.5
Auretas Fundacja Rodzinna w organizacji,2594008TUEFHT7T2YP66,ORGANIZATION AND GUIDANCE DEPARTMENT,20123,59.154929577464785
MAROON AUTO TECH PRIVATE LIMITED,648800GXNNVPX7RD5E68,CROWN AUTO TRADE,26175,68.75
"AO-BF (GP) Splitter, LLC",254900K8KZA81FDIP486,,,0.0
LeagueShares NHL-CBJ-1X Ltd.,5299009DNHJCXYK7Z754,PALESTINE LEAGUE,7918,51.28205128205128
MEDEC INTERNATIONAL,6994007VXU5IACQ4UY93,MCS INTERNATIONAL GMBH,16013,88.88888888888889
AMIRAJ METACRAFT PRIVATE LIMITED,648800W5RPPMRQU5EO66,METAL & MINERAL TRADE S.A.R.L.,11610,51.42857142857142
BH INVEST 87,894500S14X5XXA7XX496,LLC A INVEST,46053,70.0
OCTOBEL S.R.L.,81560089226EDC347E82,JSC TZ OCTOBER,50745,70.58823529411764
ICONE SC COMERCIAL IMPORTADORA E EXPORTADORA LTDA,5299000SSRHS2T8IY840,EMPRESA IMPORTADORA EXPORTADORA Y COMERCIALIZADORA DE METALES,58448,72.89719626168225
ILLI S.A.S. DI MICHELA FOLCI,81560087C9F56B4FE354,LA FAMILIA MICHOACANA,11439,51.28205128205128
LA SPILLATURA S.R.L.,815600D210FC5C746B45,,,0.0
M K IRON PRIVATE LIMITED,648800X9NASF1YM9LF28,ORIENTAL IRON COMPANY SPRL,24670,46.15384615384615
"Partners Group Direct Equity VI (USD) S.C.A., SICAV-RAIF",636700KCGXLGUP0GAL70,DIGITAL SECURITY RESEARCH GROUP,24650,51.85185185185186
S.K.LON,648800ZU0BPYVXTQTL09,,,0.0
LA BOTTEGA DELLA CERAMICA S.R.L.,815600303B351F33CD18,"BOCHUANG CERAMIC, INC.",23480,57.89473684210527
RESONATE LIMITED,529900T9W39PER831P05,"UNITE RESOURCES CO., LIMITED",40964,60.86956521739131
ALIADS ONE S.R.L.,98450000B0ABE6708C49,"ALIADA GROUP, INC.",50542,63.63636363636363
CA.TI.FRA. S.R.L.,81560016DE40C0E41829,,,0.0
CAÑAMAS HERMANOS SA,959800CY5T95MHWM5J89,HAVANTUR CANADA INC.,8124,58.06451612903225
BORSO & SALTO ESTUDIO SL,959800TSCG1QE8FTP308,"A&A ESTUDIO ARQUITECTONICO, S. DE R.L. DE C.V.",26062,50.0
INTERIORISMO DECORACION Y EVENTOS SL,894500S428LJ1XHNCO69,"COMERCIO INTERIOR, MERCADO EXTERIOR",8125,60.0
POOJA GURU,6488007W6OPOUIE5QO04,,,0.0
"Partners Group Direct Equity VI (EUR) S.C.A., SICAV-RAIF",636700DWXJ3A8B8ARC04,REZA SAKAN DASTGIRI AND PARTNERS LIABILITY PARTNERSHIP,26535,52.0
NONAGI,894500S226GJR677UG41,,,0.0
Restaurant Fischerei Minholz GmbH,3912004XH1UOD71N5Q24,"RESTAURANTE EL HABANERO, S.A. DE C.V.",11730,62.745098039215684
Gade Jørgensen Holding ApS,648800IPUG9WZDTJBL08,OOO RGS HOLDING,34505,66.66666666666667
Masar AlMuhtarifoon Trading Company,558600LLPMAPTHEPTT86,M STAR INTERNATIONAL TRADING CO LTD,50424,65.45454545454545
Villa Srby s.r.o.,6488005R78QD1MK9SA21,"GASOLINERAS LA VILLA, S.A. DE C.V.",13405,52.94117647058824
AGARVANSHI FORMWORK PRIVATE LIMITED,648800BKKUHG52Y23E40,"CLUB DEPORTIVO DE FORMACION AL FUTBOL GMX, S.DE R.L. DE C.V.",56831,29.032258064516125
GREYMATTER CONSULTANCY,335800CIEUT3EENF2N39,HELMATIC CONSULTANCY DMCC,57074,76.19047619047619
belianN Trading GmbH,529900CWYHTBCPQ1YR50,LIBAN TRADING,23722,85.71428571428572
BICEPS GmbH,391200Y6YI2UKGZ1AJ07,BANCO BICENTENARIO DEL PUEBLO,26589,32.25806451612904
FINELIGHT GROUP LIMITED,64880077KMKR7Y1LUF10,ELEMENT GROUP,39165,64.28571428571428
quick needs,558600CPREKJMDUTGT87,,,0.0
TIRUPTI CORPORATION,335800DC7APNQ7MXEM72,,,0.0
The Trustee for MA Income Alignment Fund,9845007P9E684A1R5D44,LEDRA TRUSTEE SERVICES LIMITED,42065,55.55555555555556
BE A NOMAD SL,894500S3R5HZRYTW1K19,,,0.0
VARANASI LOHTA STP PRIVATE LIMITED,984500FQBBD2EC551A16,SHAHID VARAMINI INDUSTRIES,22786,45.45454545454546
LIGEAM S.R.L.,8156002040FCAAF2E474,,,0.0
PIEGARI IMMOBILIARE SRL,815600E6989EFDACAE09,SERVICE IMMOBILIERE ANTIBES SAS,38036,60.86956521739131
LOLA FAMILY HOLDING S.R.L.,8156002DCE2A62720C51,ORKA HOLDING AD,45208,70.58823529411764
THARINI VIJAYAKUMAR,648800Z2TLGZKF60EH18,KHALQ THARWAT SARZAMIN PARSEH COMPANY,57091,37.5
Θ. ΑΚΡΙΤΙΔΗΣ ΚΑΙ ΣΙΑ ΕΜΠΟΡΙΚΗ ΤΕΧΝΙΚΗ ΟΙΚΟΔΟΜΙΚΗ Ε.Ε.,529900P1QLOH7QYCF429,,,0.0
ECOTRASPORTI S.R.L.,815600914B722D282D69,ECOTECHPLAST LLC,47656,58.33333333333333
SRILAXMI NARSIMHA INFRA LLP,648800RK9TIWLGLUF355,INFRASTRUKTURA MOLZHANINOVO,18281,43.99999999999999
ALBEN S.R.L.,81560036C72F24F5E732,ALBERTINE DRC S.A.S.U,23267,43.47826086956522
ELJTE DI MORSIA CARLO,815600E2CE99A6ABCC96,GT MORSTROI AO,49464,57.14285714285714
Maja Stuwadoors Groep B.V.,72450034SY2GWOF2R747,,,0.0
PARADIGMA IMMOBILIARE S.R.L.,81560044115A012E7A50,OZEAN IMMOBILIEN MANAGEMENT GMBH & CO. KG,44201,62.5
GO Novo Beheer B.V.,724500EIM9LLUX51A757,NEVSKIYE NOVOSTI,26230,46.666666666666664
UDAY INDUSTRIES,335800KGLASP4189W631,JOZA INDUSTRIES COMPANY,10927,80.0
NEMAR S.R.L.,81560095D12B14674821,GTF NEMAN,32678,57.14285714285714
MultiB Holding B.V.,724500B02C4GN4X3QH94,LTS HOLDING LIMITED,19045,80.0
UNIVISION FOODS PRIVATE LIMITED,648800HUZU6TNPCSEO65,UNIVISA S.A.,11771,54.54545454545454
RONI Treur Holding B.V.,724500F2JD6KB9UF9M83,NOUR HOLDING SAL,28168,73.33333333333334
Mercurius Participaties B.V.,724500HDNECD7INCO182,AMEREUS PARTNERS PTE LTD,40245,61.53846153846154
NIKOSTONE SOCIETA' A RESPONSABILITA' LIMITATA,81560090112B8E888354,HIGH NUTRITION SOCIEDAD DE RESPONSABILIDAD LIMITADA,26470,76.92307692307692
In Motion Holding B.V.,724500IEGGSLJPKAR658,MOBIN HOLDING LIMITED,29624,80.0
SIAM,894500S6OGXKWM3LH406,SIAM NICE COMPANY LTD.,9541,61.53846153846154
FIN-LAVORARE S.R.L.,815600C2699B0DBD3593,NPO IMENI LAVOCHKINA,39142,50.0
INTAC SMART BUILDING S.R.L.,8156003384693F66E205,NATION BUILDING,7132,68.57142857142857
E.P. AVANT-GARDE OFFICE S.A.S. DI FUSCO RAFFAELE & C.,81560021F924F7AE0151,AL-KHALIDI MONEY TRANSFER OFFICE,24760,51.42857142857142
SRI VENKATESWARA INDUSTRIES,335800UA16VYLPIBW447,SHAHID RASTEGAR INDUSTRIES,22784,67.9245283018868
GIDEMA S.R.L. UNIPERSONALE,8156002DA329EBD42161,ISSA EMPRESA UNIPERSONAL,15711,69.76744186046511
C.M.S. TECH SRL,815600A6C356C3A6F819,CATU TECH LTD,50446,70.58823529411764
NOVA CABA S.R.L.,815600094036BB38AA26,CABANAS LA LOMA,18369,66.66666666666667
SPF PL GIROUX,894500S0OAIN0C8AYG48,,,0.0
LE NUOVE DIMORE S.R.L.,81560023040E67163714,DIMOND TOWN SHIPPING COMPANY,55875,43.75
RAI FARMS,648800SAP64X7X4SGZ66,JSC RAW FARM,48728,82.35294117647058
RODASUIN TRANSMISION DE POTENCIA,959800M7G7BKRH8KTP15,PARS RAIL SINA TRANSPORTATION COMPANY,30400,58.62068965517242
ALASKAN ENTERPRISES PTY LTD & THE TRUSTEE FOR MM GEN 3 TRUST & The Trustee for THE TURNER FAMILY TRUST & The Trustee for TT Trust,984500DD9D1D0BBED960,FEDERAL STATE UNITARY ENTERPRISE ALL RUSSIAN RESEARCH INSTITUTE OF OIL GEOLOGY,51991,53.012048192771076
FM CAPITAL HOLDING S.R.L.,815600CF40B78EEAD578,DW CAPITAL HOLDINGS PTE. LTD.,55981,86.48648648648648
YA Wafles AB,894500S27Q0BE5J3I015,,,0.0
Wonderen Holding B.V.,724500QPR09MLUYPTC14,OLDERFREY HOLDINGS LIMITED,40575,76.47058823529412
AmPaRoIs B.V.,724500BPSVB18SF9F179,,,0.0
HARI KRISHAN YADAV,64880036BLBBBLIFPJ26,AO PO KRISTALL,50352,50.0
A C M ARQUITECTOS ASOCIADOS SL,894500S1G09H78VP8857,"W&G ARQUITECTOS, S.A. DE C.V.",18130,62.5
"LONGIMANUS TRIPS, SOCIEDAD LIMITADA",529900T6B271D5OTZH18,"WIV, SOCIEDAD ANONIMA",44118,62.96296296296296
ASL capital B.V.,724500078OELQ4J0ZB91,ALT CAPITAL PTE. LTD,57770,90.9090909090909
ELEANNT TECHNOLOGIES SERVICES PRIVATE LIMITED,648800O99F5ZFJ159M19,ABHAR TECHNOLOGIES AND SERVICES PRIVATE LIMITED,51090,82.14285714285714
AMAND STUDIO SL,959800FC4S7DQ5Q9ZC11,MANSUDAE ART STUDIO,20578,70.58823529411764
Y10K Capital Inc.,9845009B37F9F75A4839,CAPITAL S.A.L.,28539,73.6842105263158
BINOD CAR WORLD PRIVATE LIMITED,648800JLMBUEKINSTN17,TROCANA WORLD INC.,27429,64.28571428571428
H. Ploeg Holding B.V.,7245007G9PWG2IHQR732,O.H.G. HOLDING SAL,50520,76.92307692307692
WAHEGURU COLD STORE,648800E5EKYD66C4UC59,CELULANDIA TALLER & STORE SLRC,48089,55.319148936170215
SAGE INVEST,894500S0IQYVDCWFAW08,SOLAR-INVEST LLC,37087,78.26086956521739
GKV HOTELS PRIVATE LIMITED,648800LXL4YWQGLA3C38,HI-SO HOTEL,57196,66.66666666666667
Digibeter B.V.,724500M5R5SHWX26SX35,LLC RUS.DIGITAL,36367,60.0
AROMA DE LA ALPUJARRA S.L,959800LMQDP1PPLEWT67,,,0.0
SAINT SAHARA EDUCATIONAL SOCIETY,335800ZV52L98XGDUS30,AL-IHSAN CHARITABLE SOCIETY,9333,64.28571428571428
CYA Code AB,657400RTTKS7FY00O729,SPICY CODE COMPANY LIMITED,43439,77.77777777777779
EvdM Holding B.V.,724500ICDWLNPTFHYJ09,LLC HOLDING GPM,47832,78.26086956521739
ARYAN ADVANCED TECHNOLOGIES PRIVATE LIMITED,6488008NXM5598HX1Y44,ADVANCED TECHNOLOGIES COMPANY OF IRAN,25647,94.33962264150944
SCI P.C.M.C.N.2,894500S0D7F3QDKJNC18,,,0.0
cappa capital advisors GmbH,391200R16LVYBLHL2484,AVRORA CAPITAL SRO,40825,65.0
Des-Met Holding B.V.,7245008U268LZ7X2XO95,MTV HOLDING,52176,76.92307692307692
MAMTARSH PHARMA PRIVATE LIMITED,648800QH55NAGWZGM343,"7 MAKARA PHARY CO., LTD.",28038,62.06896551724138
Fysiotherapie Oplaat & Danneberg,7245009ITCFO2TOGBX26,TSENTR KHRANENIYA DANNYKH,47686,40.0
SI Production GmbH,529900B54XDZYCEGNP67,ERYK PRODUCCIONES SAS,56353,66.66666666666667
Ralph Timmermans & Partners Makelaardij B.V.,724500R92MJI2ZUMUT84,NASSER ZARRIN GHALAM AND PARTNERS COMPANY,54236,54.54545454545454
ORAVIA TRAVEL GROUP SA,959800TRY59M2Y304251,ORIEL GROUP,57076,73.33333333333334
Nolu Holding B.V.,724500QABW041CVGLO16,NOUR HOLDING SAL,28168,91.66666666666666
IMTB Group GmbH,391200WPWROZX4P6AA37,NIT GROUP FZE,49404,84.21052631578947
WSL-MDL B.V.,724500U70LOWEK84UN70,,,0.0
D.C.B FZE,98450015DABBFC8B7F41,,,0.0
LACHHAWAR INFRACON PRIVATE LIMITED,894500S07NVC3E8NZS19,LLC INFRASTRUCTURE MOLZHANINOVO,18281,44.44444444444444
BABA ENTREPRENEURS PRIVATE LIMITED,648800J5BEQFAO60QY07,M. BABAIE INDUSTRIES,12524,54.054054054054056
De Opstal Exploitatie B.V.,724500H3BOMZX51W8W28,KOREA OIL EXPLORATION COMPANY,20581,61.53846153846154
Northside Services B.V.,7245008GHA123S0NVV88,INFORMATICS AND SERVICES CORPORATION,47576,73.6842105263158
Ridderbeks Holding B.V.,724500NALWN8I9JBVS46,RB HOLDING LIMITED,42744,71.42857142857143
KM PRINTPACK PRIVATE LIMITED,335800NSWG6JE5L7E462,PRINTPRODAKT,47520,66.66666666666667
Van Heerden Holding B.V.,7245002ZVQQLS6C34T48,HENNESEA HOLDINGS LIMITED,47212,66.66666666666667
ROHAL TECHNOLOGIES PRIVATE LIMITED,648800GAOI0I2E149X11,COAL TECHNOLOGIES,23580,91.42857142857143
ROL LIFESCIENCE PRIVATE LIMITED,894500S024BKGEWSC835,SHREYA LIFE SCIENCES PRIVATE LIMITED,51297,74.28571428571429
BRAEMAR PROPERTIES LTD.,9845004FCA45HU64FE89,ORAMA PROPERTIES LTD,23272,88.23529411764706
Van Veenendaal Beheer B.V.,724500QKCOMSS1SRV579,VEENA SHIVANI ESTATES PRIVATE LIMITED,56052,57.14285714285714
Truly Services B.V.,7245003R4KD0KSQ3G096,VB-SERVICE COMPANY LIMITED,40211,66.66666666666667
Jodamo Holding B.V.,7245003JW0TZ68UR3G71,SHAM HOLDING COMPANY SAL,12744,76.92307692307692
Klerrens Dil B.V.,724500DK1SFGPQNBAO13,LIMITED LIABILITY COMPANY KLER END KLARTE,50310,37.83783783783784
CAPANDI SOLUTIONS SL,529900JGMYPEZWQ0PA70,NAL SOLUTIONS COMPANY LIMITED,49366,72.72727272727273
Connections Holding B.V.,7245002HHZ5ZHOJTRC77,ASCOTEC HOLDING GMBH,11608,70.58823529411764
LW Sindelfingen Beteiligungs GmbH,984500FF33D39D09C606,BETENSH GLOBAL INVESTMENT & DONG DONG SHIPPING LIMITED,54334,44.44444444444444
2NDSPACE SRL,984500DEB5684D15D391,,,0.0
IMTB Consulting GmbH,391200XVBM6BE64SGF08,RB CONSULTING LIMITED,42745,85.71428571428572
ASHGRAPH TECHNOLOGIES PRIVATE LIMITED,894500RZWKRSTFKWOO86,PSV TECHNOLOGIES LLC,40914,75.67567567567568
Nehalennia Holding B.V.,724500HW37U6HY1MSC35,KUNLUN HOLDING COMPANY LTD.,27468,68.75
FUNDACJA RODZINNA ADT W ORGANIZACJI,259400F420ATTUPUMO69,ORGANIZATION AND GUIDANCE DEPARTMENT,20123,56.71641791044777
FOOD MY WAY SRL,529900F8WVRC3PGW9I78,LAMA FOODS S.A.R.L.,25143,66.66666666666667
Mena Muria B.V.,7245008B9GZYK9SA5H46,,,0.0
TAI CHONG CHEANG STEAMSHIP CO. (H.K.) LIMITED,98450069TACE451A6184,CHONG CHON GANG SHIPPING CO. LTD,17067,60.37735849056604
Fidesti,648800GC5LRSGCR13685,FIDESIS LLC,47511,85.71428571428572
Åke Johansson Snickeri Aktiebolag,98450093B986964CA305,JOINT STOCK COMPANY AKTIV,51427,48.0
Excellence Online Holding B.V.,724500H4N1XCAUE5XN19,EXCELLENCE LIMITED LIABILITY COMPANY,29047,66.66666666666667
Fiteco Kft.,894500RZR1816G911412,,,0.0
KJ Klostermann GmbH,529900YB8YO5VP48SD07,,,0.0
Koester GmbH Verwaltung von Haus- und Grundeigentum,391200BLRQ6H4G3ZPD64,NAI ENERGY EUROPE VERWALTUNGS GMBH,44265,54.054054054054056
ASL Wucher GmbH,529900IZRR1FRW5SHV59,,,0.0
"VEHERLO, SOCIEDAD LIMITADA",529900DIFJX0KV98U879,SOCIEDAD SUPERDEPORTES LTDA.,10473,65.38461538461539
Udo Wolz Enterprises GmbH,391200CRW7T9RSD55Z79,LORA ENTERPRISES LIMITED,23270,72.22222222222221
BHARATH ASSOCIATES,648800FSQSH65MUWLU09,EBRAHIMI AND ASSOCIATES PARTNERSHIP COMPANY,57695,69.38775510204081
Clavus Vermögensverwaltung KG,39120034ULRAUFBSPV15,COMANDO VERMELHO,57817,42.85714285714286
UNIWRAP SYSTEMS PRIVATE LIMITED,9845004158EEC3M45679,TOP SYSTEMS LTD.,47513,69.23076923076923
Maple Leaves Holding Limited,984500E66B6C53D96B67,MFAA HOLDINGS LIMITED,20258,66.66666666666667
Lélekművek Egészségügyi Szolgáltató Korlátolt Felelősségű Társaság,894500RZLHO9JGX5DK68,MATRIX METAL GROUP KORLATOLT FELELOSSEGU TARSASAG FELSZAMOLAS ALATT,49780,58.64661654135339
YASASRI TRADERS,335800UOK0X5NQKDTE21,YASA PART,12956,58.33333333333333
บริษัท ไทย ดีซี ทรี จำกัด,984500WEBM7AB1CBFC02,,,0.0
OPENLY HOLDINGS CORP.,984500FCE41Z093B8427,"PANLI HOLDINGS, INC.",19149,82.75862068965517
UTKARSH VANIJYA PRIVATE LIMITED,6488002S0LLCVMV7WQ32,VANIYA SHIP MANAGEMENT LTD,27187,54.054054054054056
ENTUSIA CONSULT & SERVICES AS,894500RZFY4HWHL9Q011,SAI SABURI CONSULTING SERVICES,54422,74.07407407407408
TEJA RAM,6488009SEA4ACJTDIV94,BANK TEJARAT,25677,60.0
FURSIL DI AGOSTINI MODESTO & C. S.N.C.,815600E37D830CA50975,ZHONGSHAN SHIDA MODEL MANUFACTURING CO LTD,52572,44.776119402985074
SHREE MARU FABRICS PRIVATE LIMITED,6488005R86R2RI1V3C41,MARUN SUPPLEMENTAL INDUSTRIES COMPANY,40765,51.06382978723405
"FANTASTIC LIONS INTERNATIONAL 1974, S.L",9598002MU4QWW2P58702,RUNC INTERNATIONAL BANKING SOLUTIONS,55051,64.86486486486487
Princeps GmbH,98450014AQA0F2E74014,PRINCE BANK PLC.,55939,63.1578947368421
JAWOROWY s.r.o.,894500RZAEKQ9I9E2G16,,,0.0
AGRIBIOCONTI DI CONTI M. SEBASTIANO,529900LC3MWG7XPGTS43,CONTINUITY IRISH REPUBLICAN ARMY,7141,51.515151515151516
MMT CATTLE INCORPORATED,9845000AE7C71DC7EF72,,,0.0
GANGA INFRA,335800GD9VERM1O5UL65,PCA XIANG GANG LIMITED,33275,64.0
CORPSOLUTIONS SERVICES PRIVATE LIMITED,335800RXJZGQ6QD1VI75,LULE ONE SERVICES INC,52170,66.66666666666667
SYEMCO IMPEX,33580025NITBLHL76961,SHREEGEE IMPEX PRIVATE LIMITED,51097,61.53846153846154
ESKO INVEST AS,894500RZ4V0YMIXIEW28,LLC A INVEST,46053,73.6842105263158
"UAB ""RSN projects""",648800WP00Z24201RZ88,WA'D PROJECT,11346,64.28571428571428
AGGARWAL FOUNDRY & ENGG WORKS,648800QVP6PPT4HBZP92,ALHARAMEIN FOUNDATION,8107,54.16666666666667
Månsson & Rotkopf AB,648800P12LNDMRSPOX40,AL MANSOOREEN,7140,48.0
A.R. PRECISION TURBO S.R.L.,8156004122268A32C655,TAHA PRECISION TOOLS COMPANY,55291,63.1578947368421
EVOLVNOW PTY LTD,98450039A63B5E740477,EVOL GROUP TR YAZILIM LIMITED SIRKETI,48845,39.02439024390244
"""SAN ROCCO - S.R.L.""",815600E8644D2048AB46,,,0.0
BESTFIXING S.L.,98450050C4D7B517D645,"BESTHINGS, S.A. DE C.V.",41177,64.0
Alpha Mhidia Holdings,9845002EFAE83AE9Y741,AZIA SHIPPING HOLDINGS LIMITED,46770,69.76744186046511
NERI GROUP S.R.L.,529900QE6JEAWV910822,NIT GROUP FZE,49404,84.21052631578947
ARCUTTIPORE TEA CO LTD,6488007VX776VWDM6123,,,0.0
WILLSREE TECHNOLOGIES PRIVATE LIMITED,335800K0UOBCEI0DQ321,TOP TECHNOLOGIES SARL,24755,70.27027027027026
Woodfield Holdings Limited,648800AAFXANZYKWIO47,WOLF HOLDING COMPANY,22554,73.33333333333334
CLEAN MAX JUU PRIVATE LIMITED,3358003G9BI0HFUQPE64,"GLOBAL CLEANERS, INC.",20560,50.0
M. S. TRANSPORT,335800FMKP9WI6XLTI34,TRANSPORTES LC,13431,75.0
ARVIND AGARWAL,648800SHU21UBV029K61,,,0.0
greado Consulting GmbH,52990058I8HFXLURP290,RB CONSULTING LIMITED,42745,80.0
JSM COLLECTIVE LLP,636700ITLBC8T2984M81,THE TERRORGRAM COLLECTIVE,52485,68.57142857142857
MARKEVEN S.R.L.,815600D18B2EDAC79632,STAR MARKET MELANYE,26796,51.85185185185186
MAXILYS INDIA PRIVATE LIMITED,3358009TBG0MUVR1PE61,INDIAN MUJAHIDIN,12914,62.06896551724138
Grundbesitz Krebs-Hewald GmbH & Co. KG,3912003X9A25DDH9KN34,GRUN GROUP CO LIMITED,50135,29.411764705882348
BAB COMMERCIAL PROPERTIES LLC,2549008DOCF2WYML6664,ALMERINA PROPERTIES LIMITED,24673,77.27272727272727
OSLE INVEST AS,894500RYZBH6ZJLMRC63,SOLAR-INVEST LLC,37087,78.26086956521739
MARNET S.R.L.,529900P3ZDZLJ8SS3K36,,,0.0
MGMH MANAGEMENT LTD,9845002E7CCCEA6FAC74,WCP MANAGEMENT COMPANY LTD,42201,75.86206896551724
"Skyline Merger Sub, Inc.",2549007ZQMU89SWTAM36,SKYLINE INVESTMENT MANAGEMENT PTE. LTD.,55983,51.06382978723405
LADRILLERAS IBICENCAS SA,959800GDPKF4XXP34M49,LADRILLERA LA CANDELARIA LTDA.,7292,59.57446808510638
"OPEN IT d.o.o. za proizvodnju, trgovinu i usluge",747898TRII3GXCPX3479,"DOO BABUDOVAC PREDUZECE ZA PROIZVODNJU, TRGOVINU I USLUGE, BRNJAK",33879,72.89719626168225
DAVY-MARTIN & CO. LIMITED,648800L32MRMYSLMAG79,ANDREA MARTINA LIMITED,23420,72.0
Wappinger Shopping Center LLC,2549000GFATILS1YAU13,KAIRABA SHOPPING CENTER,12455,62.5
QuantWonny GmbH,3912003Z6G91TO3OV887,QUANTORFORM,45767,57.14285714285714
ANVIKA ENTERPRISES,335800F0C56Q0B4L6U90,ANFASAR ENTERPRISES S PTE LTD,39358,76.92307692307692
SOURABH CRANE,335800HO2Q1ZKSKZZ951,SOURAN COMPANY,30464,52.63157894736843
L7 BULLION TRADE PRIVATE LIMITED,335800XHTOK1ZM0XEW50,BULLET TRADE OOD,32001,68.75
ORGATEK NATUREFOODS PRIVATE LIMITED,335800H4I8IR8BXTHO33,"GOODWILL CHARITABLE ORGANIZATION, INC.",10413,47.05882352941176
KOTA ELECTRODES,648800U1ZRHI1HYRG286,OSTEC-ELECTRO LTD,42869,71.42857142857143
J.V.M. INDUSTRIES,335800ZKR09TK45UGG77,JOZA INDUSTRIES COMPANY,10927,82.75862068965517
Oceanblock,894500RYTRXFCK9R3S11,OCEANOS JSC,29885,70.58823529411764
SHRI SWAMI SAMARTH BAHUUDESHIY SANSTHA TEMBHURNI,335800RDGUR4EV5T9B23,MIDDLE EAST SAMAN SHIMI TRADING COMPANY,28687,48.10126582278481
ISTITUTO LA PERFECTA S.R.L.,529900FT18V0O66KVA65,PERFECT DAY CO SA,55550,57.14285714285714
WR Asset GmbH,391200XV7TZ6YXFVO052,ASSET ELECTRO LLC,45249,66.66666666666667
PRAMOD AMRITLAL GULECHHA,984500BD909CEF358895,DZIARZAUNY VAJENNA-PRAMYSLOVY KAMITET,34778,36.065573770491795
KHAWASA SOLAR SPV PRIVATE LIMITED,648800AUNG6IYVS56P71,SOLAR-INVEST LLC,37087,48.275862068965516
Lazard Non-Dollar Active Income ETF,254900DAXE0YFA6AWT08,LLC ACTIVEBUSINESSCOLLECTION,18748,47.45762711864406
JAPHA Invest ApS,894500RYO8DNPKXVG887,MACKA INVEST CO LTD,56377,75.0
THEDUR SL,529900ZRDWM3YHIGTC33,,,0.0
ENSO LOGIC COMMERCE PRIVATE LIMITED,648800AOAHWAFK9N1D04,COMMITTEE FOR SPACE TECHNOLOGY,15666,62.22222222222222
INFOANALYTICA SERVICES PRIVATE LIMITED,648800OMFUOYLUQHZD51,INFORMATICS AND SERVICES CORPORATION,47576,80.95238095238095
SCANNATURCO - SOCIETA' AGRICOLA S.R.L.,529900BEILKBT4CHRH67,BANANERA AGRICOLA S.A.,7576,62.22222222222222
SHIV MEDICAL STORE,33580066EWK2T3EPRV28,MEDIASINTEZ LLC,23943,62.06896551724138
PAWAN MARKETING,3358005WHN6ACP0Y5T75,INDISOL MARKETING PRIVATE LIMITED,55906,56.25
CoreBridge Global AI Master Fund,254900GSM6L27BBO1S21,TRADE BRIDGE GLOBAL INC.,56855,62.745098039215684
MODERN WILMAR REFINERY PRIVATE LIMITED,6488009ZTOME8P22KU20,PERSIAN GULF STAR REFINERY,37923,62.5
SHREE SAMARTH DHONDIRAJ MAHARAJ RMC PRIVATE LIMITED,648800S1WM6EXGSF4N94,SHERKAT-E SAMANEH PAYA PAY-E RUNC,55051,50.0
SADAF LEATHER,335800J4FV7L3MW6SC13,SADAF ASALUYEH CO.,16035,66.66666666666667
AVDHESH MITTAL,648800DUU5G17KGF8371,,,0.0
VAERINGER NIELSEN AS,254900GA1YMA4TN7F782,,,0.0
SANDVIK INVESTERING AS,2549005PJLXGSBW6RY40,SBERBANK INVESTMENTS LLC,18708,66.66666666666667
YEPLACAR SL,959800LF9AA6CB6YVB77,,,0.0
BALIKRUIT PEANUTS,648800BL8H6EWQBRQH07,,,0.0
Jenardbelhof,648800GE10YHZQS0PT78,,,0.0
Polje Invest GmbH,39120092JEFZ4US3XS96,SOLAR-INVEST LLC,37087,75.0
CHEHAR INDUSTRY PRIVATE LIMITED,6488006X4F6UH7NY9436,HK HESIN INDUSTRY CO LIMITED,57595,75.0
J P AGRAWAL JEWELLERS LLP,648800X0OE7ZGTAOZN82,ASHIQ JEWELLERS CC,39540,61.53846153846154
R R R INFRA DEVELOPERS,335800PGERQ81Z1FVJ19,PETRO IRAN DEVELOPMENT COMPANY,11641,63.63636363636363
SHRI RAJRAJESHWAR CONSTRUCTION,3358005CFXM51YX4JL36,DENKAR SHIP CONSTRUCTION INCORPORATED COMPANY,44994,74.07407407407408
Maag Business Consulting GmbH,391200V6R6TQXESH1X72,COSAILING BUSINESS TRADING COMPANY LIMITED,21552,76.0
IPERAUTO LUXURY S.R.L.,5299007S6OM4YP0MOS04,SWISS LUXURY FZE,49905,44.44444444444444
MIL Maschinen & Industrieanlagen-Leasing GmbH,391200Z9ZGEZU0YTE228,IRAN MARINE INDUSTRIAL COMPANY SSA,13115,62.5
ASM STEEL STRUCTURE LLP,335800D3KUWUV7BIPQ69,"GLOBAL STRUCTURE, S.A.",26985,68.57142857142857
SHASHI BAREJA,6488006BQO15WX05YR18,SHASTAN ARMED FORCES SOCIAL SECURITY INVESTMENT COMPANY,28658,30.000000000000004
BAPUJI INDUSTRIES LLP,3358004BL3L1G99H8N85,M. BABAIE INDUSTRIES,12524,77.77777777777779
GROWVIA TRADE PRIVATE LIMITED,335800TR4X6I63MT2Y78,ROBIN TRADE LIMITED,35082,75.0
PREMIER TECHNO TRADES PRIVATE LIMITED,335800AAN98HBTBY9L58,ELMEC TRADE OU,41989,62.857142857142854
RAJIV & CO.,648800PLSGA2MN9A2946,,,0.0
SOCIETA' AGRICOLA ERBE & CO SOCIETA' SEMPLICE,815600BECEACB19E0814,AGRICOLA TAVO S.P.R. DE R.L.,18822,58.62068965517242
CONDE' DI CONDELLO FRANCESCO,815600900EF6E411F565,LIMITED LIABILITY COMPANY CONDOR TRADING,43117,47.05882352941176
SKIROS S.R.L.,81560081780272A1DA97,,,0.0
ARTA DEMOLIZIONI S.R.L.,8156006E9CC233CE7614,ARTA SYSTEM LIMITED,48646,51.85185185185186
COMENCINI LINO,8156000F12B9E0073F13,COMERCIAL JINAN S.A.,11557,62.06896551724138
Dr. Nagler & Company AG,3912003RJTLNVZ5HWQ31,,,0.0
SAI AUTOWINGS LLP,648800X6JFZK9F5LSM70,QUALITY AUTOS S.A.,17253,61.53846153846154
SebastianBo Holding ApS,648800GEP3ZSPJHD5P60,WEALTHING HOLDING PTE LTD,42860,72.22222222222221
ESG MDB,6488000T7LHBGISSFC57,,,0.0
Fritz Spellmann GmbH,391200LV8K9ULGIMK076,,,0.0
GANPAT RAMDAS AVHAD,648800CEDHDHMVXRCI92,,,0.0
OliverBo Holding ApS,648800WITSZX69AMEW46,RB HOLDING LIMITED,42744,76.92307692307692
RAJ KUMAR BHADANI,6488009V0E6CLRP7JI35,A Y A UNIVERSAL DENIZCILIK KUMANYACILIK LIMAN HIZMETLERI ITHALAT IHRACAT LIMITED SIRKETI,48424,26.80412371134021
SARVSHRESHTH AJEY,648800X9WUC0EYQBXT23,SARV SHIPPING COMPANY LIMITED,15137,40.0
Robert Fischer GmbH,9845007CA2F560SU8E98,DANIKA ROBERT LIMITED,51817,59.25925925925925
Johann Claassen Landtechnik GmbH,9845004B9BEJA45ED451,THE ORGANIZATION OF AL-JIHAD'S BASE IN THE LAND OF THE TWO RIVERS,8759,45.070422535211264
OPTO ELITE PRIVATE LIMITED,335800RYEYXDQQ0F7763,ELITAN TREID,41985,54.54545454545454
Trendwave OÜ,648800KR02RX7BHL4D83,TREND GYO,37485,66.66666666666667
VEERESH KUMAR,648800OHLNHBO3FDTF04,A Y A UNIVERSAL DENIZCILIK KUMANYACILIK LIMAN HIZMETLERI ITHALAT IHRACAT LIMITED SIRKETI,48424,21.505376344086024
Preden Investing OÜ,6488001EDOB4XBPRTK34,LOU TRADING AND INVESTMENT CO LTD,27589,68.29268292682926
ISAL s.r.o.,097900CAKA0000350630,,,0.0
SERVICIOS GLOBALES Y SANITARIOS SOCIEDAD LIMITADA,959800LFS4HMW4E9BM10,BAJER SOCIEDAD DE RESPONSABILIDAD LIMITADA,26469,61.36363636363637
LEI PRO OÜ,6488000PXN490L7KFG82,,,0.0
RE Management UG (haftungsbeschränkt),391200FA44NU35VVTS87,LLC VEB.RF ASSET MANAGEMENT,35024,62.06896551724138
EKAM VENTURE PRIVATE LIMITED,64880068YKDURJSL7425,SME VENTURE LLC,34674,78.26086956521739
S V CONSTRUCTIONS,335800HX97CSJABXAK86,SKY ONE CONSTRUCTION COMPANY LIMITED,31333,75.67567567567568
Sometimes Win OÜ,648800LFAJ732SCHOL55,,,0.0
GOOD NEWS HEALTH CENTRE,648800I0Z1XUIOJLAI73,ELVEES R AND D CENTER JSC,39179,60.0
Rovek ressurss OÜ,648800X9QLLUI53YTT31,MIDAS RESSOURCES SURL,42016,52.63157894736843
ASP ApS,984500DT47F082F88441,,,0.0
DANDU RAJESWARI,64880070Y7GPWSV50E41,"DANDONG TIANFU TRADE CO., LTD.",22614,51.42857142857142
Just Service OÜ,64880091PCEDRJROEH61,MAX JET SERVICE SRL,49522,73.33333333333334
Resilia Holding GmbH,529900JP7MM4AT05Q749,RTS-HOLDING JSC,34768,76.92307692307692
SHIPPEN INVESTMENTS PTY LTD,9845001E4D55E7F67F58,SHINE. X INVESTMENTS PVT LTD,44465,76.19047619047619
MAA BANADEVI POULTRY PRIVATE LIMITED,6488006JEMAN7KWX0E48,BANAGRICOLA S.A.,7576,45.16129032258065
"LOOP STACK, LDA",984500DF2C1DCA1E2E92,STACK TELECOM LTD,47687,37.03703703703704
ProClean & Service ApS,9845004BDE09C1BF7418,ROCHEM SERVICE GMBH,52593,80.0
LLC Germany Asset GmbH,529900KU013HPD9TXX09,ASSET AUTOMATION LLC,45254,62.06896551724138
HEBI HOLDING AS,6367008WA3C4FDWIB072,CHAM HOLDING,12744,75.0
RAHUL SHARMA,648800Y9WCY13V4AV015,AHRAR AL-SHARQIYA,27763,61.53846153846154
EJB HOLDINGS GROUP LIMITED,254900VIHNV5J7HEHB30,DJECO GROUP HOLDING LTD,35065,81.08108108108108
NIRAJ RAMESHCHANDRA GATTANI HUF,648800I1WN4O98EG4M19,JOINT STOCK COMPANY RAMENSKY INSTRUMENT ENGINEERING PLANT,37663,37.5
NJØSEN HILDING AS,636700SFWVYKOWM7G894,,,0.0
spektr ApS,1595IP549Q6NDUDUWO32,SPEKTRUM OOO,46528,85.71428571428572
SKATVEDT INVEST AS,636700BMDUS5DYG85280,"TREID-INVEST, OOO",26674,74.07407407407408
DATEC GROUP AS,636700YITNHDBEHCUH15,DJECO GROUP LP,35063,81.81818181818181
FORESIGHT INNOVATIONS PRIVATE LIMITED,648800SBRV23QG632K71,LLC F2 INNOVATIONS,45759,74.28571428571429
ADVOKATFIRMAET DENNIS R BRORSTRØM AS,636700N756UKDUOZIB13,WELFARE AND DEVELOPMENT ORGANIZATION OF ADVOCACY GROUP TO THE KORAN AND SUNNAH,21391,37.5
MONMO AS,636700XM377UEFHPWP36,,,0.0
MØGSTERBAS AS,636700HCAH7GTKZ4OK13,,,0.0
TNMR PROJECTS,648800VUY01ZCE9OUM12,LLC SOUTHERN PROJECT,25691,68.96551724137932
BOTNETANK AS,636700VUH1BVM6CCQK18,,,0.0
Cons Ventures UG (haftungsbeschränkt),984500E9DC58F3FFA818,CUBE VENTURES SHIPPING SA,51721,59.64912280701755
Bitzer Capital UG (haftungsbeschränkt),98450065EEE77NFB8C64,SBERBANK CAPITAL LLC,18669,57.692307692307686
NDG MOTORS PRIVATE LIMITED,335800PU9S1QJFXGY252,MOTOJEN,25878,58.82352941176471
ORB3 LTD,9845005639DFDCU20386,,,0.0
CKRISTAL METALS AND MINERALS PRIVATE LIMITED,648800E55IA0I8U7GB28,"LIMMT (DALIAN) METALLURGY AND MINERALS CO., LTD.",9749,64.28571428571428
Grusvägen Invest AB,6367004DTEGD48G69A03,GALENIT INVEST AD,32036,66.66666666666667
NOVADE OÜ,6367004YMH3BBPY4J069,NPO NOVATOR,45026,60.0
PRAGATI SOLAR POWER PLANT PRIVATE LIMITED,335800DRBBZXGX0KC873,TAMBOV POWDER PLANT,44034,63.63636363636363
Bylgja AB,6367007OMTMZ0JNFO675,,,0.0
DIADEMA DEL SUR SL,95980028DG5PK6R85T17,,,0.0
WINKER 1886 S.L.(SOCIEDAD UNIPERSONAL),959800N2FMJBRKW2TJ54,BUSINESS UNITED UNIPESSOAL LDA,55549,55.38461538461539
Zartmann Holding AB,6367005STTYBLC7NHX52,MARANER HOLDINGS LIMITED,25468,75.0
TFF LLC,9845008DEC9BE51V1051,,,0.0
PARS DENTAL EQUIPMENT INC.,984500A0541EC77S5966,BEHSAZAN PARS EQUIPMENT DEVELOPMENT,25889,67.85714285714286
FURERPLASTICK S.L.,959800MF89D4DL922W43,,,0.0
Bolsabacken AB,636700TLRUFRKJH55H51,RODRIGUEZ CARRENO LTDA. TODO BOLSAS Y COLSOBRES,7631,28.07017543859649
TRANSAMINE USA CORP.,9845004ZD9D86CB54G53,OOO TRANSLAININVEST,42204,68.96551724137932
CT Real Estate Partners GmbH & Co. KG,529900QKIBW4N53XBA61,OZEAN REAL ESTATE GMBH AND CO. KG,44604,70.0
HEA INVEST ApS,648800QZ89EXVMK21Y67,LLC A INVEST,46053,88.88888888888889
Ocean Trails CLO XIX,254900CTVKN94E8EK318,OCEAN TRANQUILITY LIMITED,58216,64.86486486486487
Van Aalsburg Holding B.V.,648800HFKEQ06YS51K54,TIAN FANG HOLDINGS LIMITED,40209,68.42105263157895
NILPUSHP AADAT DUKAN,335800YAPAYK5GQC8Z13,,,0.0
LOVESCH SRL,529900VN9UPTSZVIKT18,,,0.0
MA Steigerbouw,648800QKO6X85FYO9E54,,,0.0
Windfall Research Ltd.,9845001E5867U984D534,SADRA RESEARCH CENTER,26564,57.89473684210527
Merck Life Science MPS,5299008XFKY7QGGMLD16,SHREYA LIFE SCIENCES PRIVATE LIMITED,51297,57.14285714285714
"CUS-GNC, INC",529900PF8RGH2ZC5LW37,,,0.0
PETROCHEM SPECIALITIES PRIVATE LIMITED,335800HD6SJX6OVLEG96,"UNITED PETROCHEMIAL CO., LIMITED",33273,73.17073170731707
"Citrus, vedno sveže ideje, d.o.o.",9845001FC76B4C87DC84,,,0.0
WORLD RESORTS LIMITED,335800U3JQH8D2WMMA59,GOLDEN FORTUNE RESORTS WORLD CO. LTD.,55999,63.41463414634146
STURT LENDCO LTD,9845007ZD94D51A6B729,SERGIEVO-POSAD LEND OOO,34677,51.61290322580645
CLEAN MAX KYUU PRIVATE LIMITED,335800154UZVA09Q4915,RKS CLEAR VODY LLC,46040,50.0
Protea Strategy GmbH,98450071E73DCC8E9154,STRATEGY PARTNERS GROUP JSC,36426,68.42105263157895
A&A Aspire Legacy Holding ApS,648800MMP6Z9DIVAHY74,NOVE-AD-HOLDING AD,31995,60.46511627906976
GZ CONSULTANTS SRL,5299001H1IB7FTNVL641,SYNERGY CONSULTANTS LIMITED,16837,78.78787878787878
ABHINAV BAKIWALA HUF,335800YIDB0TCWSANM39,,,0.0
PNS HERITAGE LIMITED,648800TZVVH273C6Y206,SOUTHERN HERITAGE LIMITED,55464,68.96551724137932
THAKKUR & SON'S EXPORT INDIA PRIVATE LIMITED,335800SYL9MP6GAMY470,RISHMAK PRODUCTION AND EXPORT COMPANY,16024,58.82352941176471
BHAIRAV SOLAR ENERGY PRIVATE LIMITED,335800VS2YDS0PHXKN16,AA ENERGY FZCO,16137,64.70588235294117
961 LA CIENEGA LLC,2549006ISZXLXV5BTV80,"HACIENDA CIEN ANOS DE TIJUANA, S. DE R.L. DE C.V.",10649,31.11111111111111
RRR INFRATECH INDIA PRIVATE LIMITED,335800CYUM2F0JT3EK88,PRAKRUTEES INFRA IMPEX INDIA PRIVATE LIMITED,58392,59.57446808510638
CKOK WEALTH PTY LTD,984500FSAQ2B58445W42,TGR WEALTH SOLUTIONS LTD,52079,57.14285714285714
GUTTUR SOLAR POWER LLP,648800APY74XVIR53920,SMART GREEN POWER,24744,68.57142857142857
TRADEXA NOVA PRIVATE LIMITED,335800B6P2EKH6EWFO82,LLC NOVASTREAM,38096,72.72727272727273
ORTC CLOTHING CO PTY LTD,9845009F46ED3T2A4F58,,,0.0
BLOOMCREST TRADE PRIVATE LIMITED,3358001QPWV8LN6A2P22,PORTEX TRADE FZE,52600,64.28571428571428
KEYMEADOWS REALTORS PRIVATE LIMITED,335800N1FF030RALO862,AKALI REALTORS,54356,66.66666666666667
PANEL TECHNOLOGIES INDIA PRIVATE LIMITED,335800CY0L92LQBYT397,DIPAUL TECHNOLOGIES JSC,45029,83.72093023255813
KARMAR KONSULT AS,6488009GR1YVSTV2JC37,DEVAIS KONSALTING OOO,43134,51.61290322580645
X-INUO INVESTMENT SL,959800CHU9G9DRPQLS06,K B X INVESTMENT CO LTD,54182,77.77777777777779
JenP Holding B.V.,724500414APMTMHEOK22,PAPA HOLDING LTD,48096,75.0
EXTRAMILE CLOUD S.L.,9598005P6M7RN90VNR51,ML.CLOUD,53998,61.53846153846154
Sanimoro Aktiebolag,648800DJRWJRTDZPL024,AO AKTIV,51427,51.85185185185186
"RESTIBERIAN, S.L.",959800UFZ51AKZC4H728,SCOGLITTI RESTAURANT,23204,58.82352941176471
NEWAYS CAPITAL SA,959800Q8A97W0G8DT714,VEB CAPITAL,18286,72.0
NOUIRA CAPITAL AB,984500407DFBC2EEMB21,POLINA CAPITAL PTE LTD,40776,78.57142857142857
CHANDRAVATI EDUCATIONAL FOUNDATION,335800LMI6YW69BS8E46,FOUNDATION FOR CONSTRUCTION,7132,70.17543859649122
Silent Growth OÜ,6488003Y34Z7Q1QYO813,"GROWTH TRADING CO., LIMITED",56428,60.0
Hoving Property B.V.,72450088PD36XYS7TP53,PROPERTY-VB OOD,32033,66.66666666666667
UNIQORN.Capital GmbH,984500952F982D4AMC36,RT-CAPITAL LLC,37790,72.0
JeRo Invest OÜ,648800AE650HMXLRCU48,TOUR INVEST TOO,58499,75.86206896551724
"MCM GROUP ENTERPRISE, S.L.",959800TLS55GGF1CEZ14,ROCKSIDE ENTERPRISE,52053,71.42857142857143
TAUBENBLAU SL,959800UHBU0L3916WM93,TAUBE PRECIOUS HK LIMITED,49167,46.666666666666664
GRUPO 3 DE SERVICIOS GENERALES SA,9598007A94HH7D81V071,"SERVICIOS EMPRESARIALES FICIE, S.A. DE C.V.",21122,64.40677966101696
INDRAPUR DWIPANCHAL ADARSHA SEVA SAMITY,3358000Z9CSU7O5N6D48,SEVASTOPOL MERCHANT SEA PORT,18322,44.776119402985074
REPSOL EXPLORACION TANFIT SL,9598008RGTJUWGAEEC16,KOREA OIL EXPLORATION COMPANY,20581,61.224489795918366
constellr Belgium,699400LTNP2N3BGCSD20,CONSTELLO INC.,26216,61.53846153846154
DU CASTILLON,699400AIG5GDXKXBWI81,CASTLE SECURITY AND PROTECTION LLC,29856,47.36842105263158
SUNNICE ENERGY GENERATION PRIVATE LIMITED,335800RHVP8BX1V0SJ62,QOM ENERGY GENERATION GOSTAR,25926,71.69811320754718
SANJAY,6488007G9OFESF6KO550,WUHAN SANJIANG IMP. & EXP. CO. LTD.,23063,35.71428571428571
EARTHMIX AGRO PRIVATE LIMITED,335800H9AVCFYKAV5390,AGROPECUARIA MAIS S.A.S.,20208,60.0
APPLEBY ENGINEERING LIMITED,984500BA661B008NEF51,LLC ADDITIVE ENGINEERING,47526,71.7948717948718
BLACK SWAN BIOTECH HOLDINGS PTY LTD,984500FB8B5078C68454,BAILEY HOLDINGS PTY LTD,39582,64.0
QUEENSLAND BULLION COMPANY PTY LTD,9845007A4EC8E4X59348,PRECIOUS BULLION DMCC,52106,57.89473684210527
IOTRONICS SYSTEM PRIVATE LIMITED,335800CST2P14RWNZ887,ITK SYSTEM LLC,52221,69.23076923076923
Easytimber Sweden AB,636700CY67RYCBIIPH56,SWEDISH CHARITABLE AQSA EST.,7643,45.45454545454546
STEADFAST INC,335800C6ALSQKOLJP033,HABANEROS STEAK WINGS,37269,33.333333333333336
BLUE DIAMOND MARBLE,335800M5EO0DOW8BM654,MARINE DIAMOND,56815,72.72727272727273
BALSUN INDIA,335800HV2F283JIWVJ74,ASCEND AVIATION INDIA PRIVATE LIMITED,51161,54.54545454545454
MUTHOOT HOLDINGS PRIVATE LIMITED,3358003UCT7V8KWF7891,MTV HOLDING,52176,74.07407407407408
NEW KISHORE JEWELLERS,335800INKWACNGP38311,TRIO JEWELLS LLC,49897,60.60606060606061
Quintess Funding LLC,2549003LD7HJ6CUX3D88,FUNDACION ISSARA,15857,62.5
DINGO GROUP AUSTRALIA PTY LTD,98450038F1FU0K146411,TARIQ AFRIDI GROUP,19950,60.46511627906976
ALLSTONE PTY LTD,9845008BGEF9A63JF483,,,0.0
THEA MAY CAPITAL PTY LTD,984500EF94C9D1EM3E83,MSD CAPITAL PTY LTD,42338,74.28571428571429
BUDUCI FOND PTY LTD,984500EFFBB4A8398992,FOND YAMAL,52032,48.0
esyandmore holding ag,5067000P60S7K2G3E593,ALMENOR HOLDINGS LIMITED,41496,70.58823529411764
ABERDEEN II READY 60% EQUITY FUND,213800E2B1HKC1GDAJ13,BENEVOLENT INTERNATIONAL FUND,7322,49.18032786885246
"GRC-M, svetovanje in investiranje, d.o.o.",485100CQKGB5I7UAXJ70,IRAN FOREIGN INVESTMENT COMPANY,11627,54.23728813559322
"LEANPAY, finančne storitve, d.o.o.",485100HNA6F5U7SLVU46,GLENDOR FINANCE S.A.,19183,59.09090909090908
QPQ IaaS AG,5067001P68R0E01GP648,,,0.0
ABERDEEN II READY 20% EQUITY FUND,213800YSHH4KDGTWHG75,BENEVOLENT INTERNATIONAL FUND,7322,49.18032786885246
TMF Extraktionswerk AG,5067001791TY5K663T15,NOVIN KHARA MINERAL MINING EXTRACTION COMPANY,25659,46.42857142857143
BTL INTERNATIONAL LIMITED,213800J4ZYSSQ1OSOA72,BTW INTERNATIONAL LIMITED,49859,94.11764705882352
RIGUNA INVESTMENTS LIMITED,213800UJ7NUXI1JMK245,MARWA INVESTMENTS LIMITED,52096,80.0
ACCRUVIS CAPITAL PARTNERS,213800NNDQ7XFBGLLQ62,LAVASANI AND PARTNERS COMPANY,57948,66.66666666666667
SILVER EDGE HOMES LIMITED,213800N1WXA93XM8JL78,"SILVER BRIDGE SHIPPING CO., LTD.",27533,61.53846153846154
ABERDEEN II READY 80% EQUITY FUND,213800ZKRA9ETXUYVL77,BENEVOLENT INTERNATIONAL FUND,7322,49.18032786885246
NORTOX PROPERTIES (CYPRUS) LIMITED,213800L1KTT1BWBCCA14,FENTEX PROPERTIES LTD.,19047,68.29268292682926
FIZZBOMBOM LIMITED,2138009YV49BBSQG1922,,,0.0
Aldapa Sàrl,506700X8U0AYK672KQ40,ALDAR PROPERTIES,33282,45.45454545454546
RIDGEBACK CAPITAL LIMITED,213800JAF95D6DNJMQ37,SBERBANK CAPITAL LLC,18669,72.72727272727273
MULTI-FACTOR US EQUITY FUND,213800L925ZBP8UKPM83,JSC TULSKY FACTORY RTI,43072,53.333333333333336
MAHDEV JERSEY HOLDINGS LIMITED,2138002MK4QO68I8W282,WHITE SEAL HOLDINGS LIMITED,19048,68.29268292682926
MontiQ Pay AG,5067002DV33Z3MZC0447,MONTECARLO BEACH SAL,28166,38.46153846153846
MATTHEWS CAPITAL INVESTMENTS LTD,2138007COLEDSQ3JQ347,LEADING CAPITAL INVESTMENT LTD,40824,74.07407407407408
HIP ITALY HOLDCO S.R.L.,213800CCZEWZ5R7C9L52,IRASCO ITALY,11611,64.28571428571428
INVALVI - INVESTIMENTOS E SERVIÇOS LDA,213800K8DHCWNW3JM541,"OBRAS, SERVICIOS Y MANTENIMIENTOS C.A.",12437,61.9718309859155
SPM IP LTD,213800W3I86MSEQTC739,,,0.0
PETER T LAWWELL FURBS,213800PQ9ZY7N3AA6K64,BANK SAINT-PETERSBURG PJSC,40924,47.61904761904761
BROUGHAM INVESTMENTS LIMITED,213800GUAX4U6PVG2885,BONUM INVESTMENTS OOO,38057,86.48648648648648
BRAM DEVELOPMENTS LIMITED,213800RKWU42QPHGKE26,"SG-DEVELOPMENT, AO",18740,82.35294117647058
HHY HOLDINGS LIMITED,213800JH3UGD7MX4PV41,CHAM HOLDING,12744,75.0
C & A LEY & SON,21380053A5M62FE74X78,,,0.0
JEANNE ELIZABETH BLAKE WILL TRUST,213800ZG9QZCWBICCE08,NEW LINE EXCHANGE TRUST CO.,12549,53.57142857142857
THE CRODA INTERNATIONAL SHARE INCENTIVE PLAN,213800LCW1FVC6KC8A55,"CARGO FRET INTERNATIONAL, SPRL",10116,66.66666666666667
Immo Wiesenstrasse AG,5067000245O9825P0L07,OZEAN IMMOBILIEN MANAGEMENT GMBH & CO. KG,44201,44.44444444444444
HARBOUR CORE OPPORTUNITIES PC,2138004FQ6AMIH9U2612,VARIEDADES HARB SPORT,11555,48.0
MAGIC PEAK HOLDINGS LIMITED,213800HHQ98K4Z8KRD41,"MAGUS HOLDINGS USA, CORP.",26205,75.67567567567568
GUILD INITIATIVE FOR FURNITURE TRUST,213800UX737PNOSDPL82,TRUST LIFE INSURANCE COMPANY S.A.L.,27192,53.84615384615385
J.P. MORGAN TARGET FUND XV,213800BO1EU6BK1AJN23,IRANIAN MARTYRS FUND,10410,54.54545454545454
AMUNDI EUROPE PRIVATE EQUITY ELTIF,2138002W2ZDOP1F27188,COMMITTEE FOR EUROPE AND THE AMERICAS,10923,54.90196078431373
ACTIS GREENLIFE LIMITED,2138004Z9LJMEMPIHO27,GREEN BIRDS,44449,61.53846153846154
SANDBARN HOLDINGS LIMITED,2138005RU5LBY5AFPC05,SAKUNDA HOLDINGS PRIVATE LIMITED,29361,84.84848484848484
NW UK (BROAD GATE) LIMITED,213800KF4GEJGU373E79,GATEWICK LLC,28124,50.0
TRIANTAN FOUNDATION,213800EX8L6QTMZHB443,AL-RAHMA FOUNDATION,20981,80.0
THE SAMANTHA RONNI MARTIN PERSONAL INJURY TRUST,213800S57I2S864FY306,AUDAX TRUST CONSULTING ESTABLISHMENT,50040,53.16455696202531
ST. LAURENCE EDUCATION TRUST,213800FC8RZ6GMMAV951,TRUST INSURANCE S.A.L.,27190,61.904761904761905
THE ROSEMARY MORBEY DISCRETIONARY WILL TRUST (DEED OF VARIATION),213800MCJIRZM3F8O136,"SERVICIOS DE TRANSPORTE MARUHA, SOCIEDAD ANONIMA DE CAPITAL VARIABLE",35278,43.103448275862064
UNIVERSEAL (UK) LIMITED,213800XEFX1DM59U6Y40,LOTUS UNIVERSAL LLC,57084,78.57142857142857
Intereality s.r.o.,3157005SK3MDOZIPUZ13,LIMITED LIABILITY COMPANY INTERVESP M,48817,66.66666666666667
Česká provincie Řádu bratří domu Panny Marie v Jeruzalémě,315700GMVKRJTC7I9P15,ISLAMIC STATE CENTRAL AFRICA PROVINCE,16696,51.06382978723405
Dawnmill Capital s.r.o.,3157006SNMJ5X0DBJM21,"ROMDOUL CAPITAL PAWN CO., LTD.",28040,70.0
GOLDMAX SERVICES s.r.o.,315700VETFTZGV6KZK40,LAR VORTO SERVICES LIMITED,46794,73.6842105263158
HEXENKRAFT s.r.o.,315700W1PAXLYMRSBI76,,,0.0
CIF Omega s.r.o.,315700Z3YH8NL6RN7C49,,,0.0
Consulteco s. r. o.,315700F7KI79ZFCH0Z77,KORUS CONSULTING SNG,36419,66.66666666666667
"Energy Construction Consulting&Development, a.s.",315700HAFAAM73UOJL18,TADBIR CONSTRUCTION DEVELOPMENT COMPANY,16009,71.23287671232876
Oční ordinace Kladno s.r.o.,315700M61RANW0RPZ833,,,0.0
GINEADOIR GAOITHE TEORANTA,635400TYIZ9LQBJBFH87,FEDERALNOE GOSUDARSTVENNOE BIUDZHETNOE UCHREZHDENIE NAUKI INSTITUT TEORETICHESKOI I PRIKLADNOI MEKHANIKI IM SA KHRISTIANOVICHA SIBIRSKOGO OTDELENIIA ROSSIISKOI AKADEMII NAUK,50264,21.42857142857143
CDL UNLEVERED (IRELAND) II LIMITED,635400CFMJHCFTBFLL13,,,0.0
NOOVELLER LIMITED,6354007ZIGVPZASCNB96,,,0.0
CPCP DESIGNATED ACTIVITY COMPANY,635400QWGOPZQAEWQR21,GTLK EUROPE CAPITAL DESIGNATED ACTIVITY COMPANY,37862,69.84126984126983
"Pure Ventures, s.r.o.",315700SD510EO6SVZV76,PARK VENTURES SAL,42331,73.33333333333334
MARANDONG s.r.o.,3157001D6DYL681TRV78,MARANT SHIPPING AND TRADING S.A.,55219,50.0
CPCP UNITRANCHE TE BLOCKER DESIGNATED ACTIVITY COMPANY,635400MJESVAYJNH9H78,GTLK EUROPE CAPITAL DESIGNATED ACTIVITY COMPANY,37862,63.52941176470588
CIFC EUROPEAN FUNDING CLO V-R DESIGNATED ACTIVITY COMPANY,635400MWXR5IRMGJSK58,GTLK EUROPE CAPITAL DESIGNATED ACTIVITY COMPANY,37862,72.72727272727273
Společenství vlastníků č.p. 142,315700Y3NQAG1E31DA13,KTH GROUP SPOL SRO,41487,34.04255319148937
CDL III DESIGNATED ACTIVITY COMPANY,635400MF1KFUJZHCSZ05,GTLK EUROPE CAPITAL DESIGNATED ACTIVITY COMPANY,37862,69.6969696969697
CDL LEVERED (IRELAND) II LIMITED,635400FBXWSR7EQ5PK28,"LEVERAGE, S.A.",1316,40.0
Terenza Partners s.r.o.,3157002TVHC8LMH46873,PORTEASE PARTNERS LLP,58403,70.27027027027026
APOGEM DIRECT LENDING FAUBOURG DESIGNATED ACTIVITY COMPANY,6354005W1O4P9OG4LA21,GTLK EUROPE CAPITAL DESIGNATED ACTIVITY COMPANY,37862,62.92134831460674
LEGANA SHOPPING CENTRE UNIT TRUST,984500A37YDED1046598,MAPUTO SHOPPING CENTRE,11796,61.81818181818181
The Trustee for MVSC Management Unit Trust,984500BFCE97C1HEC010,SEA ROUTE SHIP MANAGEMENT FZE,47325,64.40677966101696
BURLOG TAŞIMACILIK VE TİCARET ANONİM ŞİRKETİ,789000TBDJ5NHB8YBD45,KOC GEMICILIK VE TASIMACILIK DIS TICARET LIMITED SIRKETI,49462,76.08695652173914
TANIRLAR GAYRIMENKUL KUYUMCULUK İNŞAAT TEKSTİL GIDA TURİZM SANAYİ VE TİCARET LİMİTED ŞİRKETİ,7890000P1H24VE8ZCE54,ROYAL YAPI INSAAT EMLAK GIDA VE TEKSTIL URUNLERI TURIZM SANAYI DIS TICARET LIMITED SIRKETI,56291,71.08433734939759
TURCOTEL TURİZM ANONİM ŞİRKETİ,789000U9I2T4P4I38973,SOLID TARIM INOVASYON ANONIM SIRKETI,51201,66.66666666666667
KINGLY CAPITAL LTD,9845001CC3A1A798D811,CJSC IIB CAPITAL,41918,72.0
A L BRATLEY CONSULTING LTD,984500D4EDBD99E40833,B&W CONSULTING,48763,72.22222222222221
onto digital GmbH,984500WL594F0CB10585,MUNDO DIGITAL S.A.,28718,80.0
"PAYNUITY MTS, INC",254900RCPTHCVEBRG506,,,0.0
Raise GmbH,254900HV8ZXS43X66T77,,,0.0
THE TRUSTEE FOR PPP FAMILY TRUST,254900H7GA3REC2I0W29,SWIRU TRUSTEE LTD,38536,59.45945945945945
INT Food Services Corp S.A.,254900NYRAFQAMYQ2C38,NT SERVICE,45738,74.07407407407408
AI Offline OY,7437000CT16130280Z11,,,0.0
Plan-factor Oy,7437003DEB10H85G8154,METEOR PLANT JSC,37781,69.56521739130434
J. Airas Medical Oy,743700SWHMWLU6C23M51,KORA MEDIA CORPORATION LTD,23330,64.0
Nya Eriksson Capital Ab,743700M859NP4DATLF66,POLINA CAPITAL PTE LTD,40776,64.70588235294117
Grönroos Holding Oy,743700RLKBATWYFLZU78,ARIMERO HOLDING LIMITED,34616,70.96774193548387
Tradewind sailing oy,743700M8OSABSRBVJF24,APILINE TRADING FZE,51182,75.0
Kleki Oy,743700BQEF84RTV3CR03,,,0.0
Asunto Oy Rullantie 7,7437006224G03OQSOO14,,,0.0
Kiinteistöyhtiö KorkinLehdot Oy,743700EC6NUT0UIVYB80,,,0.0
Contra Strategy Oy,743700BTZRQT1F8BR384,EVORIT STRATEGY CONSULTING LLC-FZ,58157,63.63636363636363
Hakamäki Group Oy,743700WOH6DJW87ZDO49,THE RAHMANI GROUP,44213,74.07407407407408
Karimatinvest Oy,7437002J099JLDGK1R02,KARIBU WEST,24676,58.33333333333333
Mat&Vänner Ab/Oy,7437005ASW5EYUUUT816,,,0.0
Asunto Oy Jääkärinrinne,743700KTDNQD06439871,,,0.0
Stack Trace Oy,743700FAZAMEOT0FO235,STACK TELECOM LTD,47687,66.66666666666667
Pirman Oy,743700E9LGPI6BQ6AW72,,,0.0
IQnow Oy,743700CIH08T6JNKZ160,,,0.0
Psykologipalvelut Julia Kainulainen Oy,743700UAXHQ252XERR95,SANTA JULIA SEASIDE LIVING,56815,45.90163934426229
Umamika Oy,743700ZNHXIXICXM0682,,,0.0
MOS Partners Oy,743700TA3281GHCOWM83,AMEREUS PARTNERS PTE LTD,40245,78.57142857142857
Incoach Esport Oy,743700UBY5THWOGR2662,SERVICIO DE EQUIPO RODANTE INCORPORADO,19179,40.816326530612244
Positive Productions Oy,743700OHG9522MO6WS34,RESEARCH AND PRODUCTION COMPANY HORST,45781,66.66666666666667
J.Werge Holding ApS,2549007ECDRB5X41G821,OOO RGS HOLDING,34505,76.92307692307692
BAL MARQUIS DRIVE OWNER LP,25490034PEZL8K35IB18,LLC OPTIMUS DRIVE,47407,50.0
BAL 460 HORIZON OWNER LLC,25490006A2HTYVZ2MM94,OZEAN HORIZONT BAUWERKE GMBH,44237,59.09090909090908
"Carroll County Trust Company of Carrollton, Missouri",254900328SDULS47LW97,TARABAR-GOROUS TRUST TRANSPORTATION,25944,48.0
"GIP Capital Solutions III Co-Investment Fund (A), L.P.",254900JS0YW732PDMA78,LEADING CAPITAL INVESTMENT LTD,40824,63.76811594202898
3-102-966882 SOCIEDAD DE RESPONSABILIDAD LIMITADA,984500948P366ERQ0E67,BAJER SOCIEDAD DE RESPONSABILIDAD LIMITADA,26469,80.0
PROTUR IBERICA SOCIEDAD LIMITADA,2549002MRX5QZGF2MK57,BAJER SOCIEDAD DE RESPONSABILIDAD LIMITADA,26469,67.6056338028169
ARASFOODFESTIVALS LTD,2549008HCBBAS4DUTG88,TAMIN KALAYE SABZ ARAS COMPANY,27026,41.02564102564102
PDLF-PS Offshore IX LP,2549002LOZCUJBQSMV65,SALASKO OFFSHORE S.A.L.,28181,62.857142857142854
"SOMERSET ECO COTTAGES, LLC",254900COHHPZ21UA6746,TERRA COTTA WARRIORS ISLE OF DOGS LTD,57876,50.98039215686274
RH EMPIRE,254900NLGX3SVQ2LVH51,EVERLASTING EMPIRE LIMITED,40207,59.25925925925925
SCI 88 PEREIRE,969500A1PBS1CFP30613,ZAO NTTS PEREDOVYE SISTEMY,40907,50.0
JOSEMARD,96950023U7AUM6E9T072,EMPRESA SIDERURGICA JOSE MARTI,57951,42.10526315789473
QS,9695002HF75VQGV9JV89,,,0.0
MC PALACE,969500LVNSC8UV1CBA15,HOTEL PALACE,8735,66.66666666666667
FDF1 GVE,969500XIC0HHBGP5I032,,,0.0
FDF2 ZERDIRATOR,969500RAQQLXGSLWV988,,,0.0
PAINSWICK CAPITAL FUND I LP,254900ASRSGGQRWOMA39,JOINT STOCK COMPANY IIB CAPITAL,41918,63.829787234042556
PAINSWICK CO-INVEST VEHICLE FUND I LP,254900T373BWADNZ0P77,AL MASHREQ INVESTMENT FUND,12746,59.25925925925925
FAMILLE ET PROVENCE,969500EKUYTG32IB7A47,PROVENZA CENTER,13420,58.82352941176471
MONTANOLA,969500R4SH7YH5N9NG15,MONTECARLO BEACH SAL,28166,48.0
STUDIO APG,969500MXKZ5Y7X7AAP71,STUDIO PIXAGIO,50428,75.0
ARISTAN ADVISORY,969500UHXBUYBS0DQ564,SINO RS ADVISORY PTE LTD,36277,75.0
VISION DENTEX,9695009L83YI1EKV8U86,ONE VISION 5,16038,72.0
VISION TERRA,969500KF85OSQV0QH852,ONE VISION 5,16038,66.66666666666667
MICHEL VINDIC AVOCAT,969500X02K23EG2I6D29,BODEGA MICHIGAN,12896,51.42857142857142
YEASTY,969500XWO3YOM6H9FK38,,,0.0
JDFG,969500V6TGMJI9483F37,,,0.0
HOLDING AM,969500JD2OEKD0S9RM07,CHAM HOLDING,12744,90.9090909090909
TENFI 7,969500FMW6XDDR7C3C43,,,0.0
GRYZZLY,969500HMSVBG8AXU5O09,,,0.0
SOC CIVILE GESTION IMMOB 4 AV EPREMESNIL,9695009EF2CBBK2TBB31,SERVICE IMMOBILIERE ET GESTION SAS,38037,51.42857142857142
BISSARDON JUS DE FRUITS,969500O5TNR1MAVWGY88,FRUIT PLUS MALDIVES PVT LTD,44455,46.15384615384615
LES FRUITS DU PAIN,969500S1KP6CF405L497,FRUIT PLUS MALDIVES PVT LTD,44455,59.45945945945945
ARBORE CAPITAL,969500LO57FGTYMGEA92,AVRORA CAPITAL SRO,40825,75.0
SNC AMILLY R,969500FXPTX0A2Y57433,,,0.0
ODYSSEE.VIDEO,969500S7ZEM3PV58U767,ODYSSEY MARINE INC.,56840,44.44444444444444
SPFPL SARRAZIN 2,9695005I299BXJE0MP06,PARS SARRALLE COMPANY,30408,48.275862068965516
TROCELLI,969500LPMK3VJ5HNJ276,TROCANA WORLD INC.,27429,47.61904761904761
FREEMAN STUDIO,969500NO6LWLT2NMHG33,MANSUDAE ART STUDIO,20578,66.66666666666667
SNC ST LOUBES,969500M05JFHEVUNCP63,,,0.0
EVOLE ENERGIES CARBURANTS ET COMBUSTIBLES,969500XXJRJOFKV82130,"DOS OCEANOS COMBUSTIBLES Y CARBURANTES, S.A. DE C.V.",49792,68.29268292682926
LANTANA STRATEGY,9695005T9UDLIBLFKZ88,STRATEGY PARTNERS GROUP JSC,36426,61.53846153846154
FJ VALAURIE,9695006MCM0OQJ70O378,,,0.0
NICOVALOU,969500TWVLUWNQAC5R32,NICO ENGINEERING LIMITED,11642,31.999999999999996
PRO.7,969500HY8OLNE3OWLU46,,,0.0
PLINVEST,969500O202U7Q6TVGW40,,,0.0
HARRYH,96950077DB3VZWB6BP66,HARRY VICTOR SHIP MANAGEMENT AND OPERATION L.L.C,51056,27.27272727272727
SOCIETE DE GESTION FINANCIERE CHALANCON,9695001XMOMBVTVH5O47,BANCO FINANCIERO INTERNACIONAL S.A.,57952,57.57575757575757
SPFPL SARRAZIN NATACHA,969500C5X3MNXF3M3R17,PARS SARRALLE COMPANY,30408,45.714285714285715
DAMALISS CONSULTING,969500EKV37HD9SO6066,DEVICE CONSULTING CO. LTD.,43134,72.22222222222221
LF TREDIARN,969500VNDB3S7O57IJ50,,,0.0
UPLAB,969500XJ6CKQVD5WH592,,,0.0
NITRAM,9695008MHD35U09MC474,,,0.0
FONTMARGUERITE,969500UI54CHFDERVM74,,,0.0
S-MED,969500V7FC3SBYDZW379,,,0.0
MALIBU,9695003DOENPOQ8IZV55,AL-BARA' IBN MALIK BRIGADE,55423,28.57142857142857
GROUPE ALLEZ,969500XJ3I20CY5B8V32,AEZA GROUP LLC,54566,81.81818181818181
CSHOLDING,969500RNU1R1WXKW2L71,,,0.0
JLF CONSULTING,96950092357UBV6VHO23,FORT CONSULTING OOO,43104,82.75862068965517
STUDIOGROUP,969500DLDTKJKROW8A53,SEK STUDIO,34022,57.14285714285714
A2A EXPERTISE,969500AI5KO7QPUGGB44,IBS EXPERTISE,48404,69.23076923076923
CECIROUGE,969500L63A2XBMYYDR66,,,0.0
LENK,969500KQO23NPS4R1W90,LENKABEL,48511,66.66666666666667
CABWELL,9695004WSALSYVVG0620,,,0.0
ACAVA,969500WMGRSXJJYSTC98,,,0.0
INGENILUM,9695004CWVBQZMFA6P23,LAS INGENIERIAS S.A.S.,30268,58.33333333333333
LPPL HOLDING,969500W55YPFRYMUZ171,PAPA HOLDING LTD,48096,83.33333333333334
ADC PROPRETE,969500C2EXR5S0T2C325,ALDAR PROPERTIES,33282,71.42857142857143
J.C.H,9695000554GGZWV8EL47,,,0.0
KERNUDEL,96950037A11D614D3874,,,0.0
DEBOSS'TEAM,969500SKMSIIYPZGB404,MACRO TEAM LTD,45978,57.14285714285714
4 G,969500HWUCYHFVMMQF04,,,0.0
VIXI SUD EST,969500PEH2LEBGVGTB18,,,0.0
LAITERIE TERRE DE SEVRE,969500RU00R61VDOXX54,SOUTIEN HUMANI'TERRE,7916,55.00000000000001
GROUPE ORQUAL,9695009HPAOXHM7RJQ41,RIQUEZA GROUP LTD,58316,76.92307692307692
FREBET CO,969500NNXFO6GRO6L532,,,0.0
TOMORROW PRIVATE EQUITY CO-INVEST FUND I,969500DR2AV5NWFOOR26,RUSSIAN DIRECT INVESTMENT FUND,34036,54.23728813559322
BJ OPTIQUE,969500BT5UBVM4M6X472,ZG OPTIQUE SA,50825,70.0
MOTION PEARL,96950078KHSOJ9BMBH40,ROYAL PEARL CHEMICAL,21554,50.0
HOMAGG,969500QGDD6721AZL622,HOMA SHIPPING COMPANY LIMITED,15130,52.63157894736843
ESTEREL CDA HOLDINGS,969500FNJYOHRE9H9O64,HALEEL HOLDINGS LTD,47448,74.28571428571429
MULLIGAN,969500FR781SSZDCSK03,MULLINGAR TRADING COMPANY LIMITED,57506,64.0
KARIM ABICHAT HOLDING,969500Q2XPWPD4Q0V531,BEIT EL-MAL HOLDINGS,7115,68.42105263157895
TYNEO CONSULTING,969500ZASY10URB32321,VYGON CONSULTING,42719,81.25
BS HOLDING,969500P2BK34GMAF0H05,ATLAS HOLDING SAL,28527,78.26086956521739
T & T ConsulTing ApS,984500FC0DDB2FDB7D97,FORT CONSULTING OOO,43104,82.75862068965517
Holzverpackung Röttger GmbH,984500F14Z0AEF401E96,HOLZVUD,34670,41.379310344827594
MFS Large Cap Growth SMA,254900EMHXGJI8O1DL15,"GROWTH TRADING CO., LIMITED",56428,47.36842105263158
TUXEDO LTD,254900NL5FZ9ENABXO67,,,0.0
SOUTHVIEW DRIVE PROPERTY COMPANY LLC,254900HTPKEKYRYTZ220,DREW PROPERTIES PTE. LTD.,55570,66.66666666666667
WILSON DRIVE PROPERTY COMPANY LLC,254900E25M3X83S1QI74,DREW PROPERTIES PTE. LTD.,55570,72.22222222222221
CLINIC DRIVE PROPERTY COMPANY LLC,254900DLAEZUHWW53B04,DREW PROPERTIES PTE. LTD.,55570,61.111111111111114
KENMORE DRIVE PROPERTY COMPANY LLC,254900S9RYL5QV5BOY27,HENG HE BAVET PROPERTY CO LTD,54176,63.63636363636363
ROUTE 152 PROPERTY COMPANY LLC,254900T8FZVLL46WNT12,"TRY PHEAP PROPERTY CO., LTD.",28050,61.111111111111114
VENUS DRIVE PROPERTY COMPANY LLC,25490059ECJZ7XCXDJ55,DREW PROPERTIES PTE. LTD.,55570,74.28571428571429
KNIGHTSBRIDGE MARKETING LTD,254900LJ51L4LPE30K53,INDISOL MARKETING PRIVATE LIMITED,55906,65.0
QAHORIZON LIMITED,254900UWQR7BO17L2280,,,0.0
PAINSWICK CAPITAL MANAGEMENT LP,25490052JPVVQAZ6GV22,STERLING CAPITAL MANAGEMENT PTE. LTD.,55616,76.36363636363637
IVB Partners,254900Q3B3I5F9V59O12,OOO PARTNER,51455,73.6842105263158
"Apollo IG Short Duration Replacement (T) (Lux), S.à r.l.",254900OGJW74MV3JUU57,LAMA FOOD INTERNATIONAL OFF SHORE S.A.L.,25144,48.78048780487805
MAPLETON PROPRIETARY CAPITAL LTD,254900D1E2ADVPUY9D71,OXFOCENTO PROPRIETARY LTD,42238,65.3061224489796
Camara Holding UG (Haftungsbeschränkt),254900X56UA3UX8I3881,D.C.H. DREAM CREATORS HOLDINGS LTD,44285,53.968253968253975
"555 BUENA VISTA AVENUE W, LLC",2549005Y3PZHI07B1N58,INMUEBLES SIERRA VISTA S.A. DE C.V.,10998,53.06122448979591
"TRINITY MILLS OWNER, LLC",2549009E4W4YLTMWYG60,FARMACIA Y MINI SUPER TRINIDAD,48920,53.06122448979591
AMZAK LITTLE FALLS PROPERTY URBAN RENEWAL OWNER LLC,254900K31ID8XWIXB170,SAMARA HEAT AND POWER PROPERTY FUND,31914,53.84615384615385
MEGALOPS LIMITED,254900GZ7NF0KGEU9Z02,MEGACHIPS LIMITED,51172,70.58823529411764
"CHI/WILDLIFE 12, L.P.",254900PZFQ34TWDA6690,TEO BOON CHING WILDLIFE TRAFFICKING TRANSNATIONAL CRIMINAL ORGANIZATION,37901,30.23255813953488
WiseGain Capital LLC,254900EHWRUIZ0QIYF65,SBERBANK CAPITAL LLC,18669,75.0
TEIGNHARVEY LIMITED,25490091SAG4DBZ0GN06,,,0.0
Xone Digital GmbH,2549009MHSWZ3TJ2MR69,MUNDO DIGITAL S.A.,28718,72.0
lyad Mohammed Abu Taha & Partners Company,254900XR7ORAWD3SO264,ALI MOHAMED CHAMS & PARTNER,23025,67.85714285714286
Maarten van der Kwaak Holding B.V.,25490029JO8S36YAI136,KOMANA HOLDINGS LLC,34759,59.09090909090908
"EVERGEN EQUITY 40, LP",254900QVAQSGQ1EVVB61,GOOD EQUITY TEAM PTE. LTD.,55562,54.54545454545454
OBG.pub,254900RDGKIGO96PPT61,,,0.0
R-SQUARED CAPITAL INTRODUCTIONS LTD,254900FXE3EZWDOX5R80,INTERNATIONAL LIMITED LIABILITY COMPANY INTERROS CAPITAL,40580,56.33802816901409
"SMARTSTOP REIT ADVISORS, LLC",254900FE4KPBE80FTB04,SAI ADVISORS INC.,24428,62.857142857142854
immovesia GmbH,254900OGEYQ0WEFPAN90,PYRAMAXIA IMMOPROJEKT GMBH AND CO. KG,44205,46.666666666666664
"RFM-NYSCRF AFFORDABLE HOUSING FUND, L.P.",254900VC001A11DM0K19,FUNDACION POR LA PAS DE CORDOBA,8134,50.847457627118644
LRP,254900LN514XMMMB9R69,,,0.0
Urban Builder Sweden AB,657400HU4A23575KS709,ML BUILD EAD,32040,56.25
Page Field Medical Village Land Trust,2549008A7T19KPGDCO06,ELLA MEDIA SERVICES LLC,29859,57.14285714285714
"MAS INCLUSION Y VALOR PARA TI SAPI DE CV,SOFOM,ENR",2549004BVO2HSKY9L952,"TERRA MINAS E INVERSIONES DEL PACIFICO, S.A.P.I. DE C.V.",46218,58.42696629213483
SAGE-CELINA LLC,2549005NJI463KUNZ779,SAGE ENERGY HK LIMITED,28345,56.00000000000001
FARE GROUP SRL,815600EFD4DB7DF6BC98,ARC LIMITED GROUP,33948,84.21052631578947
TecDo Hong Kong Limited,9845006C437DB327D731,TAVIT HONG KONG CO LIMITED,49363,73.33333333333334
Trendstream Limited,254900N279X4NDLV1I78,TREND GYO,37485,50.0
SN Equity GmbH,2549003KKGCB8XAKQ602,GOOD EQUITY TEAM PTE. LTD.,55562,56.00000000000001
EUPHIL TRADING COMPANY LLC,2549000SC25GF6FOVF10,HSI TRADING FZE,19711,80.0
NPRC FAIRBURN LLC,2549008CPOF8TT5OQD11,FAIRTRADE NON EDIBLE OIL AND LIQUEFIED NATURAL GAS TRADING L.L.C,40985,26.865671641791046
IZA Holding ApS,9845002496D887FEDE67,"I AND S HOLDING COMPANY, S.A.",13356,81.81818181818181
Callight LLC,254900BV7OQP3ZOTLC97,ISLAMIC CALL COMMITTEE,7325,40.0
LIVEK DEL CARIBE SA DE CV,4469000001F0FGR1VR82,CARIBE SOL,8124,64.0
HILLS SOUTH SH OWNER LLC,254900VMMYGEQSOQBU08,SOUTH SEA ENERGY LIMITED,54198,61.111111111111114
"Navitus Health Solutions, LLC",254900DFC42111IWVJ71,ELEMENTO SOLUTIONS LIMITED,30124,66.66666666666667
NEURAL ALPHA PTE. LTD.,254900E5QM18SRQTCN67,ALPHABET INTERNATIONAL DMCC,28605,64.70588235294117
SUREVIA CAPITAL MANAGEMENT LLC,254900OZ2J0IOF6XVE71,STERLING CAPITAL MANAGEMENT PTE. LTD.,55616,83.01886792452831
Carnyx Flagship Master Fund LP,2549009OKMPCV51F2P94,MIGHTY DIVINE FINE ART FUND,55965,51.85185185185186
AX CONSULTING LTD,9845003A4F7G70AF8A19,ARCH CONSULTING COMPANY,29783,85.71428571428572
RXCROSSROADS LOUISVILLE LLC,254900EUUGU50SQFLW30,LOUIS MARINE SHIPHOLDING ENT,49244,43.13725490196079
Eknikan LP,254900XY1WSTZACBLV83,,,0.0
AG-NAV INC,894500RWZ9C7OSB79478,,,0.0
EIKSMARKA SENTERDRIFT AS,254900800O9I5YHKV454,SISTINA LAJF KEAR SENTAR SKOPJE DOOEL,45212,44.827586206896555
SJØGATA 23 AS,254900EEH8OYVITEYU75,,,0.0
D.T CHARGE & R.L CHARGE,2549005AAFQW097E1W25,S-CAPE YACHT CHARTER LIMITED,23416,58.53658536585367
"Pocej, MB",2549001GTMRQE4MJGU32,,,0.0
CRISTIAN MIOLA LIGHTING S.R.L.,815600531D9E36F9C837,MIDAS LIGHTING LIMITED,51264,64.86486486486487
SALUS SERVICE S.R.L.,815600C51FD6705F4A44,PALM SERVICE LIMITED,25841,80.0
Cseh Holding Zártkörűen Működő Részvénytársaság,64880076VC87HNFQAM89,CYTROX HOLDINGS ZARTKORUEN MUKODO RESZVENYTARSASAG,48069,90.72164948453609
TAXI MCD'AIX,984500ABABF7E3CB9E72,TAXI AEREO ANTIOQUENO S.A.,11479,42.42424242424242
MUTA S.R.L.,815600E5CF325C116726,AL MUTAHADUN COMPANY,47001,61.53846153846154
AZIENDA AGRICOLA IL CARRUBO S.R.L. SIGLABILE IL CARRUBO S.R.L.,8156003E33A508491451,DESARROLLO AGRICOLA ORGANICO S.P.R. DE R.L.,18824,50.60240963855422
AGORA' SARDEGNA SOCIETA' COOPERATIVA A RESPONSABILITA' LIMITATA,815600EE9F94451F8085,BAJER SOCIEDAD DE RESPONSABILIDAD LIMITADA,26469,66.66666666666667
WESTCITY GROUP HOLDINGS PTY LTD,254900XDT27WO9K41990,KHEITI HOLDING GROUP,30163,72.34042553191489
MENELAO SPV S.R.L.,8156007B28633A9EEB84,UK VELES MENEDZHMENT OOO,40782,38.70967741935484
BOWLINGMANIA S.R.L.,81560089975F5A973450,,,0.0
BIOPTIK S.R.L.,815600EE46A21C11E863,BIOPHARMIST MEDICAL PRODUCTS TRADE LIMITED COMPANY,49272,29.268292682926834
SAGUTO S.R.L.,8156003637389413F362,,,0.0
HE HONGSAI,815600DB040AC2798324,TAVIT HONG KONG CO LIMITED,49363,56.00000000000001
TRE EMME ZETA S.R.L. ANCHE ABBREVIATO IN 3MZ S.R.L.,81560013D0CF27DA8E95,SAMEN AL-A'EMMEH INDUSTRIES GROUP,11314,41.7910447761194
SOLAR TEAM ITALIA S.R.L.,815600BDA60AD6A0DC20,STILE ITALIANO S.R.L.,56369,64.51612903225806
SOC. AGRICOLA ANTONIO NUZZO SRL UNIPERSONALE,81560042D6962AE4C823,ISSA EMPRESA UNIPERSONAL,15711,53.968253968253975
LOGICAT S.R.L.,815600AF6F4480FD9264,PIT LOGISTICS,41957,60.0
CHALET 12 DI ANNA CORRADINI,8156007283D44423D072,CORRALES SAN IGNACIO S.P.R. DE R.L. DE C.V.,9402,38.59649122807017
"TE.AM. TERAMO AMBIENTE SPA CON ABBREVIAZIONE ""TE.AM. SPA""",815600E767327F0F2618,"SLA. SERVICIOS LOGISTICOS AMBIENTALES, S.A. DE C.V.",53946,38.095238095238095
KAYLEE SRL,8156002C840C1E6FF226,,,0.0
NORA WEST 10-11 OWNER LLC,2549006H0VP5G1AL0202,PUMORI NORTH WEST LLC,47499,57.89473684210527
BOLTONS CAPITAL LIMITED,254900WHGVG0KIXMDY58,BONUM CAPITAL LLC,38053,78.57142857142857
Imperium Partners,984500B3O3641F578788,AMEREUS PARTNERS PTE LTD,40245,78.78787878787878
MALWA FRESH FOODS LIMITED,648800S2QCFN4QIYVM23,FRESHVALE EOOD,49536,70.96774193548387
1000930014 ONTARIO INC.,254900K2LKBYG62G6Q37,2351885 ONTARIO INC,56368,60.60606060606061
NACHMONT LIMITED,254900QVBG2J7H352Z97,,,0.0
MORMARL NO 3 PTY LTD,254900YAP0DK5UY6GC46,,,0.0
Optik Mülhaupt GmbH,984500570B51NA2C7232,LIMITED LIABILITY COMPANY AB OPTIKS,44281,60.0
WWML GmbH,984500B1F9DF75089B92,,,0.0
MAJARA CONSULTING LTD,254900S85OG23H0B8K28,RB CONSULTING LIMITED,42745,80.0
CHAMUNDA EXPORTS,894500RXQZ31VOYLIW33,CHOSUN EXPO,24917,66.66666666666667
JOYFUL BEING HOME APPLIANCES PRIVATE LIMITED,894500RXLFJA8PMPVC69,RADIATION APPLICATIONS DEVELOPMENT COMPANY,25638,48.38709677419355
SALUDA GRADE ALTERNATIVE MORTGAGE TRUST 2025-LOC4,25490021EZUEYE48H289,PALESTINIAN ALTERNATIVE REVOLUTIONARY PATH MOVEMENT,58462,48.0
SALUDA GRADE ALTERNATIVE MORTGAGE TRUST 2025-LOC5,2549007HO09PG9KYT969,PALESTINIAN ALTERNATIVE REVOLUTIONARY PATH MOVEMENT,58462,48.0
THE BULTIES WAY TRUST,9845009FB73E6A850034,TRUST LIFE,27192,66.66666666666667
Tetralys,254900AIZH22JY4QWN66,SILVER TETRA MARINE CO.,54909,37.03703703703704
"ALIDADE PINE CREEK WENDLER JV, LLC",254900RPV9BSMV0K9010,GREEN PINE ASSOCIATED CORPORATION,12212,52.0
AUTOLINEAS DE CULIACAN SA DE CV,4469000001F0K9XDBU65,ARTE Y DISENO DE CULIACAN S.A. DE C.V.,12086,63.829787234042556
OLD PLANK ROAD LLC,254900VKFNBGB6Z80X31,DRAGON ROAD LTD,50849,64.0
Prosperity PT Inc.,894500H4TA1RCPFIPK13,RETAIN PROSPER LIMITED,55554,66.66666666666667
Imagine Anything s.r.o.,648800KXEJSS4Y3YBO93,"D2 IMAGINEERING, C.A.",23886,52.63157894736843
MEXICO INFRASTRUCTURE PARTNERS II S A P I DE CV,4469000001F0OPO4CD91,MANAGEMENT COMPANY FOR INFRASTRUCTURE PROJECTS,25119,56.41025641025641
M.S. Visser Pensioen B.V.,6488001ZBY740TFS0950,VTB PENSION ADMINISTRATOR LIMITED,18730,55.81395348837209
LATEKO SPÓŁKA Z OGRANICZONĄ ODPOWIEDZIALNOŚCIĄ,259400HN0JZBBUUCIZ21,LAKE FOREST SPOLKA Z OGRANICZONA ODPOWIEDZIALNOSCIA,51404,86.5979381443299
Stiftelsen Sankt Thomas Skola,984500EC1EBVC3984F38,AL-AQSA SPANM I STIFTELSE,7645,58.82352941176471
KYNOSX,254900U4LSVX6YQ97V51,,,0.0
HORNBACK E-MOBILITY PRIVATE LIMITED,894500RXFVZILQAU7S76,MOBIN HOLDING LIMITED,29624,50.0
SVITANKO SERVICES SPÓŁKA Z OGRANICZONĄ ODPOWIEDZIALNOŚCIĄ,259400NRM620OUETBS90,INTER-TRANS SPOLKA Z OGRANICZONA ODPOWIEDZIALNOSCIA,42725,77.77777777777779
Hoet & Hollez verzekeringen,6488009B9L5EKZG3WK42,"HOLLYWOOD VAPE LABS, INC.",45315,31.818181818181824
Find Solutions,648800VVLYU7B8K4YP98,NAL SOLUTIONS COMPANY LIMITED,49366,81.4814814814815
C88 PTY LTD,254900TUCMMY0JMDWA15,,,0.0
Magismelius GmbH,894500RMNVJRX17AEW61,MAGICAL EAGLE LIMITED,54244,41.666666666666664
HAGUE LP,254900YEV6R1782UMA62,,,0.0
Explorer Investment Trust,254900837ANZUZMZFD28,IRAN FOREIGN INVESTMENT COMPANY,11627,66.66666666666667
RE SOURCES,984500D667B2D8F85F68,SOURCE1HERBS,16904,63.63636363636363
SANCHEZ SA DE CV,4469000001F0L8SHLE73,,,0.0
Homo Naturalis s.r.l.,25490071TWOTYS6NEY34,NATURAL GIFTS B.V.,39594,59.25925925925925
SAS ALPINAE,894500RWTPSG1SZBLK61,"GREEN ALPINE TRADING, LLC",52175,44.44444444444444
Holbuco,8755008N5PXUVKQEQ942,CHARCO CHARCO HOLBORN LIMITED,57873,35.71428571428571
"Jane Street Brazil Trading, LLC",254900G55Z69FVR4UU53,CORAL TRADING EST,48711,69.76744186046511
PARQUES INDUSTRIALES AMISTAD SA DE CV,4469000001F0VMW36U33,PARA CHEMICAL INDUSTRIES,10887,65.45454545454545
HJELLE KONSULENTTJENESTER AS,648800FPSLCAE12DZF58,AO KONSTERN GRANIT ELEKTRON,35864,50.0
EDIFICACIONES AMISTAD MEXICO SA DE CV,4469000001F0VIBZL667,INSTITUTO CUBANO DE AMISTAD CON LOS PUEBLOS,57905,50.70422535211267
ROMAGNA SNC DI ZANGHERI FEDERICO E C.,815600BE5BEC1E171809,BANK OF FOREIGN TRADE OF THE RUSSIAN FEDERATION,17013,49.31506849315068
AIREIT JV IV REIT BORROWER LLC,2549004A9WPPL9DMVJ04,"BUENOS AIRES SERVICIOS, S.A. DE C.V.",13446,47.05882352941176
PDLF-PS Offshore VIII LP,254900GL7MHY632LNI20,SEVEN SEAS SAL OFFSHORE,57212,60.0
AD LEO LIMITED,984500E8D7N4FA5CE293,,,0.0
MIH Fintech Investments B.V.,254900BXT0BPIGAG3L96,IRAN FOREIGN INVESTMENT COMPANY,11627,69.56521739130434
CYBERUP INSTITUTE S.R.L.,815600FAC8D8B0D0F842,FAATER INSTITUTE,11792,72.72727272727273
mhm assets eGbR,529900AD9JOPW4YY2898,O'NEILL ASSETS CORP,37449,62.06896551724138
VOLMERA Baumanagement GmbH,9845000E5EB9809ACH19,INTERCONTINENTAL BAUMASCHINEN,12602,48.0
KKR ROSELLA GP LLC,2549008JD7Z2F9YMKC52,ROSEHILL DRC SASU,34064,64.28571428571428
D2 Cayman LP,2549009D2BZHBVCGB731,,,0.0
罗盖特健康医药（上海）有限公司,9845001D79AD11FF3095,,,0.0
RLEPL Ltd,254900Y4H8UEZMJOHM40,,,0.0
LEONE S.R.L.,98450079C37EE7E1D506,STELLA LEONE LIMITED,40792,58.82352941176471
Saurus OÜ,984500EDB743E5CA3863,,,0.0
VIRTU-MACH LLC,254900J0JL7BI637F067,RUSSIAN MACHINES,24229,53.84615384615385
KYERA LIMITED,254900GCZFBSQJGPTO46,,,0.0
Hõbedane OÜ,984500C4DD44O2F7BA56,,,0.0
TANDEM WEALTH SOLUTIONS,254900477WLOSCEMHF02,TGR WEALTH SOLUTIONS LTD,52079,83.72093023255813
HLV New Real Estate GmbH & Co. KG,529900PPKRD3G9OGYD64,OZEAN REAL ESTATE GMBH AND CO. KG,44604,72.22222222222221
FANTIN S.R.L.,8156005E9204B55B4D17,NICE FANTASY GARMENT COMPANY LTD.,9539,38.46153846153846
HD Real Assets GmbH & Co. KG,529900HJIIDW3YJ5UW09,O'NEILL ASSETS CORP,37449,64.28571428571428
"PAPA LESTER, LLC",254900FUYURUGT5Z8A59,PAPA HOLDING LTD,48096,52.17391304347826
Zweite Riethorst Grundstücksgesellschaft mbH,5299005H0U0BC22FG920,GRUN GROUP CO LIMITED,50135,19.999999999999996
Eero Affiliate Oy,648800I9B8W0PF7RK619,AFFILIATES INTERNATIONAL,52052,68.42105263157895
Youth Control OY,648800LTHNX98EAUJS04,POUYA CONTROL,15605,76.92307692307692
AGRIFARM 2012 S.R.L.,81560077380D5924DB92,VABO 2012,32123,54.54545454545454
"Sabiedrība ar ierobežotu atbildību ""Alistek""",648800BKCB4AKET1P689,SABIEDRIBA AR IEROBEZOTU ATBILDIBU 'FALON INTERNATIONAL',25000,70.83333333333333
ISTITUTO INTERDIOCESANO SOSTENTAMENTO CLERO VELLETRI-SEGNI E FRASCATI,815600944BEA6D67D841,VICTORY TRADING INTERMEDIACAO DE NEGOCIOS COBRANCAS E TECNOLOGIA LTDA,56751,51.85185185185186
Nicasio,648800ULC7SEZDAWDF19,MINISTERIO PUBLICO DE NICARAGUA,32768,34.285714285714285
HEARENT MOBILITY CANARIAS SLU,959800MQCAQ5NH6TQ693,"ESTACIONES DE SERVICIOS CANARIAS, S.A. DE C.V.",13365,52.459016393442624
"NONNIE HOLDINGS, LLC",254900EE0ZI1V9U0H586,NORATEC HOLDINGS LTD,49779,77.41935483870968
JKSC Expedition UG (haftungsbeschränkt),984500C8B9154C7PN092,JSC POLAR MARINE GEOSURVEY EXPEDITION,47929,51.42857142857142
EG TRASPORTI S.R.L.S.,984500BABABB85D93B15,TRAST KONG OOO,43249,51.85185185185186
E.G.A.S. S.R.L.,815600BF370EFA608C44,,,0.0
MALIK ENTERPRISES,9845009159FED4400C20,KAFAK ENTERPRISES LIMITED,17770,82.35294117647058
ASSETA LTD,9845004DE986C1YCA371,ASSET AUTOMATION LLC,45254,54.54545454545454
"OOC PROPERTY PARTNERS, LLC",254900KQ38VACS8UIK59,PORTEASE PARTNERS LLP,58403,68.42105263157895
"Spice Expeditions, LP",254900T45VJ6YMMQUG34,AKALI EXPEDITIONS,54361,64.70588235294117
AJ worldwide OÜ,9845003C4A6B670EU881,WORLDWIDE LPG LIMITED,52508,71.42857142857143
AUSISTAT PTY LTD,984500MF7E2E0992F882,,,0.0
Clearlake Private Markets Fund,254900FZGIT8V6T4JY57,ALFA CAPITAL MARKETS LTD,34699,57.14285714285714
OECL (SINGAPORE) PTE. LTD.,9845007D607677B4B798,P.C.C. (SINGAPORE) PRIVATE LIMITED,11623,81.4814814814815
FINASDDEE PAYMENT SERVICES LTD,98450047U6AFC8ID5D37,PASARGAD ELECTRONIC PAYMENT SERVICES COMPANY,55017,67.74193548387098
JUVE CONSULTING,648800DV0U51NCE6PL47,DEVICE CONSULTING CO. LTD.,43134,81.25
Joeri Mertens,648800VKFZN486RKW612,,,0.0
Åsvallen Konsult AB,648800FB7O70V8493W36,DEVAIS KONSALTING OOO,43134,54.54545454545454
APOLOULOU,6488002Z32RPY629QL40,APOLLON LLC,35753,75.0
AIRPLANE REAL ESTATE TC,6488004V1I6GMSX25D23,ALROWAD FOR REAL ESTATE,37486,71.42857142857143
BASELINE HOLDINGS LLC,98450074747950P2C117,ASCENT HOLDINGS LTD,44249,81.25
ARSLAN UNLIMITED & CO,648800RIN5BUN3Q4MM15,GAMES UNLIMITED OOD,32117,68.57142857142857
HULEO SPÓŁKA Z OGRANICZONĄ ODPOWIEDZIALNOŚCIĄ,259400NCZU87IAKM8474,CALLLYNC SPOLKA Z OGRANICZONA ODPOWIEDZIALNOSCIA,57210,86.02150537634408
WOODSTONE CAPITAL,648800Q840QOTD7UPM83,SEPTEM CAPITAL LLC,34748,70.96774193548387
JAISWAL HOSPITALITY PRIVATE LIMITED,648800R183PAGPZMST77,MICHIGANTAP HOSPITALITY PRIVATE LIMITED,56049,66.66666666666667
JAWED AKHTAR,648800YDIXWQAHHTRH38,AKHTAR AND SONS PRIVATE LIMITED,52051,60.86956521739131
Suman Damodar Yadav,648800JL5KAC6I9ZLN81,PERSIAN GULF FAJR YADAVARAN GAS REFINERY COMPANY,26845,44.067796610169495
Cogna Pharma AB,648800D949VXP1XGSU14,CITY PHARMA SARL,28535,69.56521739130434
SURESH BABU POLASA,6488002CM4L9E3MTMF13,POLA RISE LLC,41079,51.85185185185186
CM STONE CRUSHER,648800OWS79C3CC8ZQ78,BLACK STONE OIL AND GAS,56835,51.42857142857142
Galyas Koelsystemen,724500EGEH6I3M9BCR47,,,0.0
D. Van Dalen Holding B.V.,724500UFK5DR15EY6N31,NOVE-AD-HOLDING AD,31995,70.27027027027026
Pinnacle Holding ApS,648800Y871I16NSRC505,PRINCE HOLDING PLC.,55612,86.66666666666667
SILVERCOAST INFRATECH PRIVATE LIMITED,648800BMVLJI8ZG49C03,SILVER STAR CHINA,24977,63.1578947368421
ERASİS ASANSÖR İTHALAT İHRACAT SANAYİ VE TİCARET LİMİTED ŞİRKETİ,984500409C1B50876F11,ELM KIMYA ITHALAT IHRACAT SANAYI VE TICARET ANONIM SIRKETI,55000,82.45614035087719
VARANASI DDU NAGAR STP PRIVATE LIMITED,98450066E89S4BBAA487,SHAHID VARAMINI INDUSTRIES,22786,50.0
Wiggers Beheer B.V.,7245005TO08GIQV6Z890,BEHENGAM TADBEER QESHM SHIPPING COMPANY,56997,44.44444444444444
HABL VIII LP,254900AUK3YJW0W6PS50,,,0.0
KALLEM PRUDHVINATH REDDY,648800TM3CG44EBN8H86,KALLIOPE LIMITED,16838,37.5
P.G. Lomans Holding B.V.,724500T0ZVMNFZZKXS58,KOMANA HOLDINGS LLC,34759,75.0
OLYMPEAK ApS,6488006RBDAR7FC9HQ49,NATIONAL OLYMPIC COMMITTEE OF THE REPUBLIC OF BELARUS,32676,23.529411764705888
Der Weduwen Advies B.V.,724500C8MV42DKOL9345,KEY ADVISORS PTE. LTD.,55581,53.333333333333336
BXDE ABL Borrower Series I-Levered SCSp,254900B6EN9JKALWWO27,A LEVEL AEROSYSTEMS CST LLC,45928,35.483870967741936
BXCI Falcon HoldCo I ABL Borrower SCSp,254900XIPDIBQS049K34,FALCON STRATEGIC SOLUTIONS DOO,28120,47.05882352941176
ELLAPPA NAIDU LAKSHMIPATHI,648800A3SKO90WLH0I84,LIMITED LIABILITY COMPANY ELLAND POLYUS,52188,44.89795918367348
"EII-C SPV, LP",254900N0RCMJM3YNSI27,,,0.0
TCM Thrust Capital Management GmbH,984500F3A48CFBC95A86,VOSTOCHNY CAPITAL MANAGEMENT COMPANY LLC,34757,77.19298245614034
Hizo Bouw,724500GZSDXV9H6T8P83,,,0.0
AYUR MATAM PHARMA,984500CEFF77B13D8424,"7 MAKARA PHARY CO., LTD.",28038,58.06451612903225
Katherine Gek Choo Vadgama Will Trust,254900R5GBHGEZTS1I95,SHERKATE CHOOBE SHOMAAL,30385,50.0
TAPESH GAUTAM,64880093TT0YR8TUR133,,,0.0
AIMTEX LEATHER LLP,6488008DUKN7SF5M6B91,,,0.0
KMadvies group B.V.,72450067KTLT7ULB2Z65,MACHINE GROUP LTD,48827,74.07407407407408
Sodifin Holding B.V.,724500JFVKHQZ7RL5081,IFIC HOLDING AG,11628,81.4814814814815
FRiS HRM B.V.,724500ADPK1OFN7XPM46,,,0.0
HAALAND EXECUTIVE AS,6488007L8JLFQXQ2H720,AL-QURESHI EXECUTIVES,48186,62.857142857142854
CKAPS LTD,2549003XINDPLPH6YX22,,,0.0
SWAGATH REDDY KALLEM,648800CCNITN7DHQVB98,KALLIOPE LIMITED,16838,35.71428571428571
فيردون للاستثمارات - ش م ح,9845007T6594C8DF4X47,,,0.0
Koiter C.V.,724500X4A41ACL1VR139,,,0.0
"PORTUS GLOBAL INVESTMENTS, LDA",529900IFXQ52ACYIRY10,GOLDEN WARRIORS INVESTMENT PVT LTD,44462,69.0909090909091
Axelsa AB,657400IITXFAQ5F63L03,,,0.0
Aureas Vastgoed B.V.,724500EEW30KNJ9YKV94,CG - VASTGOED INVEST,35311,66.66666666666667
JUGOMA SPÓŁKA Z OGRANICZONĄ ODPOWIEDZIALNOŚCIĄ,648800KXONQQM3JN5F86,CALLLYNC SPOLKA Z OGRANICZONA ODPOWIEDZIALNOSCIA,57210,85.1063829787234
TK ACCELIS GLOBAL SERVICES INDIA PRIVATE LIMITED,648800RX3YQIG088IF76,TRANS ARCTIC GLOBAL MARINE SERVICES PTE. LTD.,54275,71.64179104477613
GOVINDAIAH,6488000XINAGTMEPKA97,,,0.0
"""Kairos Advisory"" SIA",9845009OF9EC699EEA73,SINO RS ADVISORY PTE LTD,36277,80.0
große Austing GmbH,5299002ZMK08Y4ACXS13,GROSS LTD,47858,52.63157894736843
MANOJ GANGAR,984500064AB049D3AD20,PCA XIANG GANG LIMITED,33275,61.53846153846154
KSHIROD CHANDRA LENKA,648800GOWVB4W9I6RH62,CHANGTAI SHIPPING LTD,51307,52.63157894736843
THE CHARGING COMPANY POLAND PROSTA SPÓŁKA AKCYJNA,648800PU0F1U9JO72695,CHARITY ASSOCIATION OF SOLIDARITY WITH THE PALESTINIAN PEOPLE,50723,46.15384615384615
KALYANI INVESTMENT COMPANY LIMITED,648800WHIH28480CSL25,SATA INVESTMENT COMPANY,28658,78.78787878787878
NP Holding GmbH,894500RVWGHU7X01O896,PAPA HOLDING LTD,48096,81.81818181818181
B&S TECHNICAL ENGINEERING SERVICES LIMITED,984500BAB84F52CCIB14,ATBIN ISTA TECHNICAL AND ENGINEERING COMPANY,53936,78.78787878787878
Barbara Mayer Kfz-Handel und -Fachwerkstätte GmbH,9845005CFAS80MBK0Y25,MERCIFUL HANDS CHARITY,55986,43.07692307692308
REIM FAMILY HOLDINGS LLC,254900EY8FFTJARBJH78,BAILEY HOLDINGS PTY LTD,39582,71.7948717948718
Deviet Import und Export GmbH,529900YF6SOCVI621042,"M. D. S. IMPORT EXPORT CO., LTD.",28044,74.4186046511628
Wild Graan B.V.,9845003F9F78I4C99755,TEO BOON CHING WILDLIFE TRAFFICKING TRANSNATIONAL CRIMINAL ORGANIZATION,37901,24.691358024691358
SOCIETA' AGRICOLA ZANELLA GIANNI E C. - SOCIETA' SEMPLICE,529900JNC19YAO2RYK66,AGRICOLA DOIMA DEL NORTE DEL VALLE LTDA.,7283,53.012048192771076
JM Family Trust,648800HFSPDUHD1AIS49,AL AMIN TRUST,6912,72.0
C & E Holding B.V.,724500027JP6MM8GS595,GMCG HOLDING CORP,54838,78.26086956521739
MEESS Beheer B.V.,724500X4I5L2MD44UT85,GHADIR TOSE-E SAAMANEHAYE BEHENGAAM,25946,46.808510638297875
GK Staphorst Holding B.V.,724500YOCP4B6WBCVC19,STARS GROUP HOLDING,17039,76.92307692307692
INOVEX S.R.L.,9845009F5K3850A37E74,INOVEST LIMITED,23206,76.92307692307692
TWH Beheer en Management B.V.,7245006KCGFPMXA76L87,AREN SHIP MANAGEMENT,53099,72.72727272727273
CSJI Yuan B.V.,724500ENKWQ4SQGIRG47,HK YUANHANG SHIPPING LIMITED,57775,48.275862068965516
M.K. Coriovallum Vastgoed B.V.,724500UJS5S9ERR6O959,CG - VASTGOED INVEST,35311,58.53658536585367
Brino Praktijk B.V.,724500HVKJZ3S4GCO810,PRAKRUTEES INFRA IMPEX INDIA PRIVATE LIMITED,58392,38.095238095238095
Hortus Haarlem B.V.,724500CXHZVUP9K7N115,PRINCE HORTICULTURE DEVELOPMENT CO. LTD.,55856,35.55555555555555
GRUPPO IMMOBILIARE 2R S.R.L.,815600F37A3ED9B63776,GRUPO SEGTAC INMOBILIARIA,21524,69.56521739130434
PCAM Issuance IV SA - Compartment INS-0819,529900C3F1KEMYGHID18,COMPUTER RESEARCH INSTITUTE NIIEVM,48332,50.70422535211267
CJGM B.V.,724500UFAVVSPBR5XO56,,,0.0
2503761 Ontario Inc.,2549006PZ2BR0V5MHM25,2351885 ONTARIO INC,56368,73.33333333333334
LVG Nederland B.V.,724500Q4GHY6LH5T5U40,HASA NEDERLAND B.V.,46817,74.07407407407408
Rederij J. van der Plas en Zoon B.V.,724500XMXXBZZ5LTBK45,GUILIN ALPHA RUBBER & PLASTICS TECHNOLOGY COMPANY,41127,43.47826086956522
MIND & HEART FOUNDRY ASSOCIATION,984500E0M55F7DZ75C82,AL-BUSTAN CHARITY ASSOCIATION,22257,67.85714285714286
Marcel Malherbe de Juvigny Beheer B.V.,724500DLHVJU9DBJ8604,GHADIR TOSE-E SAAMANEHAYE BEHENGAAM,25946,43.07692307692308
Mowa Group B.V.,724500X578YFXACXN922,MEGA GROUP S.R.L.,13065,80.0
Fensterservice Haslinger GmbH,529900JJ2J2S0T5S9B31,,,0.0
Bunar B.V.,7245003D1W62VJN2LK89,,,0.0
JM Trust,648800RMXPNXJ90QGE26,AL AMIN TRUST,6912,77.77777777777779
AMOLIK FINE SPACES LLP,6488003ZK3S8I8XR8I25,JOINT STOCK COMPANY NEW SPACE CORPORATION,52568,61.53846153846154
Błażek Fundacja Rodzinna w organizacji,259400Z9DZ9WHUSK4985,THE ORGANIZATION OF AL-JIHAD'S BASE IN IRAQ,8759,59.154929577464785
FUNDACJA RODZINNA A. I L. DROZD W ORGANIZACJI,2594003CO1EG3U06QS84,OSIEL CARDENAS-GUILLEN ORGANIZATION,10386,53.84615384615385
UAB Aros Holding,648800O54W661C8VZW97,ORKA HOLDING AD,45208,70.96774193548387
THE TRUSTEE FOR ZAGCO 29 TRUST,25490035IRBXTPG4EL05,SWIRU TRUSTEE LTD,38536,57.14285714285714
16731074 CANADA INC.,984500C4D6CB55R51397,10219452 CANADA INCORPORATED,43277,66.66666666666667
Sjakie Wonderland B.V.,724500U8P09LJ59IWS29,WONDERLAND AMUSEMENT PARK,17769,66.66666666666667
GRUPO & DESARROLLO LA CUEVEÑA SL,529900FM884EQRR4A904,"DEEP BLUE DESARROLLOS, S. DE R.L. DE C.V.",56812,67.85714285714286
"BKM GOLDENWEST CIRCLE BUSINESS PARK 323, LLC",25490075YMEVVSCWOV15,JOINT STOCK COMPANY MIR BUSINESS BANK,25419,52.94117647058824
Schweiger-Leitner GmbH,529900X6R4QQHBREPB20,TRO SCHWEIZ,10486,50.0
Evacarol SA,5299006WDTYNMUJTB428,,,0.0
يوكوجاوا أفريقيا القابضة ذ.م.م,984500M8B9CB451J4D77,,,0.0
"NextGen Security, LLC",2549005QZ70FFGM8UF34,LLC SECURITY CODE,47391,68.96551724137932
"NEPTUNE LIFE, INC.",254900EQC8Y9U1QDZJ32,NEPTUNE MARINE LTD,53142,76.92307692307692
Mestiits OÜ,98450007C376NEB1Z342,AKTSIONERNOE OBSHCHESTVO VSEROSSIISKII NAUCHNO ISSLEDOVATELSKII GEOLOGORAZVEDOCHNYI INSTITUT UGOLNYKH MESTOROZHDENII,47934,15.748031496062998
Hexx Management und Investment UG (haftungsbeschränkt),9845006F5MB88B9AAE10,MIGHTY DIVINE INVESTMENT MANAGEMENT LIMITED,55970,59.77011494252873
OBBIETTIVO 100 SRL,529900LKZZ68LQEEBF37,,,0.0
ASD HOMES LIMITED,9845001KD4FE4791E493,HOME AND AWAY LTD.,23337,66.66666666666667
CH MEP SOLUTIONS LTD,984500B901C5BC408162,B AND P SOLUTIONS PRIVATE LIMITED,53882,82.75862068965517
KASKA INVESTMENTS LTD,984500FZQFD88414N124,KB INVESTMENTS LIMITED,23411,83.87096774193549
BLOCKBEAM LTD,984500ECBS41BDD93653,BLOCK NIROU SUN CO,12951,41.666666666666664
SURREY HAND CLINIC LTD,984500A6FE15CFY36B33,SURREY QUAYS COMPANY  LIMITED,51802,53.333333333333336
PROVN TALENT SOLUTIONS LTD,984500X97094A699E249,TGR WEALTH SOLUTIONS LTD,52079,66.66666666666667
MTY Affiliate Marketing LTD,5299002CVKAXO63O0J38,MS AFFILIATES INTERNATIONAL,52052,64.0
The Trustee for DARBY'S UNIT TRUST,254900HF3YS2QU9FK866,LEDRA TRUSTEE SERVICES LIMITED,42065,58.33333333333333
MORLEY CHIROPRACTIC CLINIC LIMITED,984500FCBEBD0CA0R345,,,0.0
SWIFT SOFTWARE SERVICES LTD,98450079OA2BE6B97481,STREET MOTOR SERVICES,44470,63.63636363636363
DAMSON 28 LTD,984500C674CA6A860S94,,,0.0
PVMVARUNA INDUSTRIES PRIVATE LIMITED,335800DOO7V3JGRI7638,MILITARY INDUSTRIES UNION,58290,71.11111111111111
V K BROTHERS,335800S4LRBDWSXQCX76,VAALY BROTHERS PVT LTD,44463,76.92307692307692
"CW STONELAKE, LLC",254900XFVJDJTW8SKZ79,U-STONE LIMITED,40484,52.63157894736843
weconsultit GmbH,9845008SA4715814F666,,,0.0
SSRP CITY DEVELOPERS,648800O2ZKNVMJVR6Y11,"SOHO DEVELOPERS, INC.",19151,68.57142857142857
P. van der Spek Beheer B.V.,6488006YONH1GK3XY477,RPT SPEKTR-AT,49220,47.05882352941176
THE TRUSTEE FOR ZAGAME'S BERWICK PROPERTY TRUST,254900VII7VABB9ZWN29,SMILE PROPERTY AND TRAVEL LTD,26466,50.0
PRABHAKAR REDDY KALLEM,648800QWWD76EX8J9A18,KALLIOPE LIMITED,16838,40.0
Jam Ekonomi AB,9845008411E090654429,EKONOMIKA SEGODNYA,26231,62.06896551724138
Apex Engineering and Logistics,6488006MWIDU6ZVDDX64,ANKA ENERGY AND LOGISTICS COMPANY,57399,72.34042553191489
Sirius Medical Systems B.V.,648800NGAAGKNHU0PB95,SYSTEMS OF BIOLOGICAL SYNTHESIS LLC,48834,64.0
CHANAKYA INFO SOLUTION PRIVATE LIMITED,648800024VMPUJFWCJ62,MARINE SOLUTION PRIVATE LIMITED,53139,64.86486486486487
"GCP XXVIII, LTD.",2549000AQUKZCF7KRY27,,,0.0
FRANKLYN COMMERCIAL DEVELOPMENTS LIMITED,894500RVLDEAXYCAD473,NATIONAL DEVELOPMENT COMPLEX,52049,66.66666666666667
KSR CONSTRUCTIONS,648800PHPB8XU52GU853,PB SADR CONSTRUCTION COMPANY,35998,81.08108108108108
GOLUB CAPITAL EUROPE LLP,254900YVRK33U147K163,GTLK EUROPE CAPITAL DAC,37862,79.06976744186046
PAWAN TRADING COMPANY,648800FMDHXO2J6QTM51,SPARROW TRADING FZE,40971,78.57142857142857
The Trustee for ZAGAME DOWNTOWNER TRUST,254900FLYOTHKFDEBL36,AL-FURQAN FOUNDATION WELFARE TRUST,7149,51.61290322580645
Centrum voor Levensgeluk B.V.,7245007ONB75FUYZ3427,ELVEES R AND D CENTER JSC,39179,58.53658536585367
Airback B.V.,6488002WG2NEASYQ2J29,AIRBRIDGECARGO AIRLINES LIMITED LIABILITY COMPANY,50282,25.0
R Y V VENTURES,648800RFDZK6ZNGPMW13,LLC VEB VENTURES,35004,76.92307692307692
PREMIER POLYSACKS PRIVATE LIMITED,648800DE7QOLLUT41N53,OIL PREMIER COMPANY,55193,71.42857142857143
HABL VII LP,254900ZOAQM9P7CWM062,,,0.0
Storage Linq B.V.,7245007USR1UH8GWZ710,ELLISSA MEGA STORE,12471,53.333333333333336
MANCHANATH DEV TRADERS,6488001I1BC30GUEED13,MA GOLD TRADERS PTY LTD,39581,63.41463414634146
JANG BAHADUR SINGH,648800BGTXQ56VI98Y25,BAHARESTAN KISH COMPANY,39036,60.60606060606061
SIF III WOLF ROAD LLC,254900V59KCQ2KEUXB59,MARITIME SILK ROAD LLC,28107,62.857142857142854
Sentiq Group,875500W5TYTI8EQ6E321,SES GROUP,8882,76.19047619047619
The Trustee for ZAGCO 24 TRUST,254900UE00HFPJ1SIJ95,SWIRU TRUSTEE LTD,38536,57.14285714285714
AKSHAR AIR TEX LLP,648800P2KPYYRNWMWJ95,AKSH,7649,44.44444444444444
"Rural Health Group, Inc.",254900U8KTTTO9FQW361,HEIDAR KARAR GROUP,26558,66.66666666666667
RUCHI INDIA LOGISTICS,648800WJPBUWSJ3LNE12,INSTAR LOGISTICS,23543,70.27027027027026
ORANGE GROVE APARTMENTS LLC,254900Z9K4WK4ARIV279,SWEET APARTMENTS,26468,66.66666666666667
YADAV SOLVEX,648800K43P21BDGQVT92,SOLVENT ORGANICS FZE,54043,35.71428571428571
OMKAR FAB,648800HMMDCZD8H9SN96,,,0.0
Hakuna LLC,254900SMYQIK5YQUHB65,,,0.0
YA Architecten B.V.,648800KUIJ06HDCH8W15,ARCHITECTONIC CORP LIMITED,57527,74.07407407407408
AROMAX CITY LLP,648800YXDXJQSM8X0H19,CITY BASE GROUP LIMITED,49679,46.15384615384615
"UPD 47th Street, LP",254900EBJ9KOTGSMWX82,STREET INVESTMENTS PVT LTD,44469,48.484848484848484
PLANTGENE BIOLOGICALS PRIVATE LIMITED,648800S3372LYTOMTY57,SYSTEMS OF BIOLOGICAL SYNTHESIS LLC,48834,61.224489795918366
BRIGHT MOTORS,648800E3HIWWD3LNKY47,BRIGHT SHORE INC LIMITED,49969,72.0
Splash Owner LLC,254900ZZSN3SYT005032,AKTSIONERNOE OBSHCHESTVO VLADIMIRSKII ZAVOD PRETSIZIONNYKH SPLAVOV,48550,25.64102564102564
DS GESTIONA GESTION DE ACTIVOS Y SERVICIOS,959800FAL5DEYAPEVL94,"ESTACIONES DE SERVICIOS CANARIAS, S.A. DE C.V.",13365,64.7887323943662
Brail SIA,648800PNX4FCVTMIDF35,,,0.0
NOVARGI INDUSTRIES S.L.,959800XLR1Q718GNJP03,MINING INDUSTRIES SURL,49101,74.4186046511628
INDIAN COTTON INDUSTRIES,648800N4CMTY645IIR23,INAND INDUSTRIES COMPANY LIMITED,47592,75.0
MODESEVENCOLLECTIVE LIMITED,984500ED76C908814531,"BARZA STYLE & MODE CO., LIMITED",38676,40.0
PDLF-PS Investments XXII LLC,254900055SK0QLL32B58,SHINE. X INVESTMENTS PVT LTD,44465,69.76744186046511
INMOBILIARIA R. SAGARRA SXXI S.L.(SOCIEDAD UNIPERSONAL),95980031B7Z7JRK37A10,"INMOBILIARIA RIVERA MARADIAGA, S.A. DE C.V.",16181,55.42168674698795
SALASAR AIR TEX,648800ET1AQR05S80S14,DAR AL SALAM FOR TRAVEL & TOURISM,34439,56.41025641025641
MARAGATHAM SOMASUNDARAM,64880038OWDPFCZVGA87,MARA SALVATRUCHA,15412,51.28205128205128
"VILLAS AT PAINTED DESERT, LLC",254900AD7KN1FLSWUF84,NAVIRA VILLAS & RESIDENCES,56462,58.33333333333333
FANTASTIC ITALIA S.L.,959800DU43M4QJLKWA93,STILE ITALIANO S.R.L.,56369,54.54545454545454
SMART EYE SECURITY SYSTEM,648800RJE4LDI6NEB942,SERENITY CYBER SECURITY LLC,50179,66.66666666666667
ANKIT SHRIVASTAVA,6488009UDC92WXVATK15,RECONSTRUCTION ORGANIZATION OF THE HOLY SHRINES,28694,35.08771929824561
RAJKUNWAR SINGH DHUNNA,648800W6K1VP9C27OT69,SINGH DAILY CULTURE PRESS LIMITED,29606,42.553191489361694
AQUA RAY,894500RUTNNGR1OW3C49,AQUANIKA LLC,16809,62.5
Tierschutzverein Dresden e.V. Menschen für Tierrechte,894500RW7JLDHVNSZC21,ROYAL ROOM DRESS,48094,26.865671641791046
"SPECTRUM BOISE HOTEL, LLC",254900H7H37AA74IYY70,LIMITED LIABILITY COMPANY SPECTRUM,46528,63.1578947368421
Hcapp Holding B.V.,894500RUZ778E10RQW77,CHAM HOLDING,12744,80.0
VIJAY CONSTRUCTION COMPANY,6488005TZMQQBZ8DPL44,CONSTRUCTION JIHAD,10053,83.33333333333334
KMT Kabel- u. Montagetechnik GmbH,894500RWO68OETNFY081,LLC KAMSKY KABEL,50727,47.36842105263158
Katholische Kirchengemeinde Merzig (Hilbringen) St. Maria,529900HPQ35UOGAMCW65,JOINT STOCK COMPANY MARI MACHINE BUILDING PLANT,37700,49.46236559139785
"LA FIESTA APARTMENT HOMES, LLC",254900A1032CK0BB6V36,SWEET APARTMENTS,26468,63.1578947368421
SIA UPE LR,648800SUEMTCT28HDU87,,,0.0
AUTOTECH IT SOLUTION,648800EKJ09NOSWKVM73,MAXTECH SOLUTIONS,40912,75.67567567567568
Ankit Patidar,6488006BYK9GPLNPEK40,MOVEMENT OF THE PATIENT ONES,23632,41.17647058823529
"AUTOSTAR Š & F, s.r.o.",648800PUOEUYIA0JZZ04,AUTO PARTS EAST FZCO,51227,55.55555555555556
STEEL SYSTEMS S.R.L.,529900AFJM9GA5J8VZ76,LIMITED COMPANY LASER SYSTEMS,45768,76.92307692307692
PHOENIX VENTURES LIMITED,9845002C8397VD376P96,LLC VEB VENTURES,35004,71.42857142857143
PRODEFINE SPECILAITY LLP,648800ZAC79OENUFS871,LEF SPECIAL UNITS,34099,59.45945945945945
SYSTEMSOLUTIONS DIAFERIA SOCIETA' A RESPONSABILITA' LIMITATA,8156001C6CCBF9E09542,BAJER SOCIEDAD DE RESPONSABILIDAD LIMITADA,26469,65.97938144329896
SVV KG,391200ZDEZW9K8P14R18,,,0.0
DJB MEDICAL LIMITED,894500RVQWY2KXO60O04,MEDIA LEND,53997,66.66666666666667
VaaSera GmbH,8755007UGZDWS9ZT0273,,,0.0
LUME ADVISORY SERVICES,335800K4FAR26V3NHL81,"GOMEI AIR SERVICES CO., LTD.",28110,75.0
SHREE KALLINATHA EDUCATIONAL TRUST KOPPAL,984500076AC9853D6E52,LIMITED LIABILITY COMPANY URAL EDUCATIONAL RESIDENCE,47899,57.14285714285714
RRSK COMMERCIAL SPACES,648800ZSUQAAUM0QLU23,SCORE COMMERCIAL COMPANY LTD.,9542,73.6842105263158
Lawrence River Macro Fund (Canada),254900VL1EWBWNSN9D15,CONGO RIVER ALLIANCE,48601,57.692307692307686
Alaya Capital Partners Limited,2549004HZD9AISCKN530,ALFA CAPITAL MARKETS LTD,34699,76.19047619047619
SHIVA GLASS HOUSE,648800PKQHWWS9P8Z214,HOUSE OF SHIPPING PRIVATE LIMITED,57082,58.06451612903225
AK RAGLAN INVESTMENTS LIMITED,254900DFCMCL0O8K9V27,WALDAU INVESTMENTS LIMITED,42209,76.92307692307692
The Trustee for Perennial Value Shares Wholesale Trust,2549003ICOZSMGXSS085,BRIGHT SPOT GOODS WHOLESALERS L.L.C,54609,48.0
MAJESTIC INFRABUILD LLP,64880068K8L1SUA03W92,MAJEED BRIGADE,26953,48.484848484848484
Unicus AB,984500FMDS903C0BBY90,UNICIOUS SA,40761,85.71428571428572
AGROWERS EXPORTS LLP,6488000FEYWIAY9CHS49,AGRO XPO S.A.S.,27234,66.66666666666667
Neelanchal Scaffolding,648800KXFJ3GLYVJWH84,,,0.0
AREIT SKYE 750 LLC,2549001ERFTVSDEYLO91,,,0.0
PAVANASUTHA AGRO INDUSTRIES,335800WEC4FZPXCPV297,NASR INDUSTRIES GROUP,10388,75.0
ASHISH CHOPRA,6488006Z2DVP96NOH838,ASHIQ JEWELLERS CC,39540,45.16129032258065
SAVITA RASHMI SOLAR ENERGY,648800VE11SIWB26SQ72,GHADIR MEHRIZ SOLAR ENERGY,25950,65.38461538461539
AFNA,894500RUO43P42D0FS16,,,0.0
SAN PIETRO ROOMS S.R.L.,529900M21IS3LLTSJK59,ROYAL ROOM DRESS,48094,50.0
Dokter Rani Peeters Huisarts,648800OMHX0UI0BNAT11,LOS HUISTAS DRUG TRAFFICKING ORGANIZATION,32452,46.37681159420289
ALCAST TECH PRIVATE LIMITED,335800PU71Q3W5KRB746,CATU TECH LTD,50446,80.0
ECM Energy Holding GmbH,529900SC6Y3OTESXOC66,ELFO ENERGY HOLDING LIMITED,30146,86.48648648648648
THARA SRIDHAR,648800YLQ5UISJ9NX858,KHALQ THARWAT SARZAMIN PARSEH COMPANY,57091,47.61904761904761
TERRASPARK ENERGY MP PRIVATE LIMITED,648800P89P0EX1M0XR14,MESBAH ENERGY COMPANY,25653,66.66666666666667
M.T.V. MIRONIDIS CONSTRUCTION LTD,9845009861A9AL577B45,MINISTRY OF CONSTRUCTION OF CUBA,58445,73.07692307692308
Kaypan Industries Private Limited,984500UDDFEFDFVO9730,JOZA INDUSTRIES COMPANY,10927,75.0
XANTRIS,6488002CTG2FGSVQJI39,XANTE LINE INC.,54790,47.05882352941176
GREEN HOME ENGINEERING SOCIETA' A RESPONSABILITA' LIMITATA,529900GT7B63K9OTRG89,BAJER SOCIEDAD DE RESPONSABILIDAD LIMITADA,26469,67.36842105263158
VIGHNHAR MARKETING PVT. LTD.,6488003AQ0VZF2Y18628,STAR MARKET MELANYE,26796,54.054054054054056
G2MC INC.,254900GV66KR4QCPMJ28,,,0.0
DEEPAK JAIN,648800OK9UCT1F8SVJ73,DEEP CURRENT SHIPPING L.L.C,56394,43.75
ARTEMIS BIDCO 2 LLC,254900BD0GKZH7XGU385,ARTEMIS HEART LTD,52949,57.14285714285714
Monttoni12 GmbH,529900YM5CM1AJ5Y0V28,MONTECARLO BEACH SAL,28166,38.46153846153846
FACILITY SOLUTIONS,648800DHIA5E50QTUH25,S AND D SOLUTIONS LIMITED LIABILITY COMPANY,46523,78.04878048780488
CLOVER PUB ROMA ESM SOCIETA' A RESPONSABILITA' LIMITATA SEMPLIFICATA,529900B3JKK21JZATY97,"'AGRICOLA RUELAS', SOCIEDAD DE PRODUCCION RURAL DE RESPONSABILIDAD ILIMITADA",21577,61.654135338345874
Ügyvéd.hu Korlátolt Felelősségű Társaság,875500TBMVI9JGA7O917,MATRIX METAL GROUP KORLATOLT FELELOSSEGU TARSASAG FELSZAMOLAS ALATT,49780,59.81308411214954
Abu Dhabi Commercial Bank (Kazakhstan) Joint Stock Company,254900L1EVA30QIP4E95,JOINT STOCK COMPANY COMMERCIAL BANK LANTA BANK,40903,76.74418604651163
RAKESH,648800TQ2UF3S1Z9NG21,RAKETA LUBRIKANTS,47414,34.78260869565217
Noan Fundacja Rodzinna,259400ZUBTZPK1YH8274,FUNDACION ISSARA,15857,57.89473684210527
"BAHIA TELECOM,SL.",959800B61NF0BMM5QQ59,BARAN TELECOM COMPANY,55013,75.86206896551724
MUKESH GUPTA,648800XXMMDBTX3AKF86,,,0.0
Baryton Sweden AB,648800ENWLHOUSQ95T66,SWEDISH RESISTANCE MOVEMENT,49260,39.02439024390244
SOHAM ENTERPRISES,648800JVN5MFDFMI2N92,MOHAMED ENTERPRISES,49150,88.88888888888889
AADHYA SILK MILLS,335800F8J1HVXA93HO34,MILLI MUSLIM LEAGUE,7140,50.0
NAYARA POLYMERS LLP,335800YHJ0KQPYYDLD92,ARYASASOL POLYMERS,30143,78.78787878787878
simplyrad AB,6488001FXPLNV8B5QQ23,SIMPLY ADVANCED LIMITED,55557,50.0
TARUN PANWAR,648800OBFARSCW83GU41,,,0.0
Hacken OÜ,648800Z8JZPHZC1DOY28,,,0.0
Buggyra Organisation OÜ,64880041VIW34K2WLJ83,AL-BUSTAN ORGANIZATION,22257,71.42857142857143
AMALTAS EDUCATION SERVICES PRIVATE LIMITED,648800LW19HVUIQGLG61,FARADANESH INSPECTION SERVICES,55002,71.42857142857143
OÜ Better Media,648800LNFA1KIT43CE77,ERA-MEDIA TOV,30863,71.42857142857143
Lagor OÜ,6488007DL3QHMKLW1340,LAGOSMARINE LIMITED,52290,52.63157894736843
Maatschap G. Hofmeijer en B. van der Kuip,724500ML8KD73TJ1EU62,MAATH ABDULLAH DAEL IMPORT AND EXPORT,34984,47.22222222222222
"MIERCA, LLC",254900XDWR2JNZIT1079,,,0.0
THE Storage Depot GmbH & Co. KG,391200VLDSWJWQTRD894,SMART DEPOT,48063,66.66666666666667
Zins PLUS Sicherheit (Euro),529900Y7QBSX7RW5RW23,IRISL EUROPE GMBH,25429,54.054054054054056
SULAKSHANA VENTURES PRIVATE LIMITED,335800JCL0CZKZQRQ863,RUSSIAN VENTURE COMPANY,35244,70.58823529411764
JMD Audio Group ApS,6367000VT7ZGBLD1JB72,"ANHUI LAND GROUP CO., LIMITED",19249,70.96774193548387
Apus Trade OÜ,984500G8E9EC961I4681,BY TRADE OU,37620,75.0
"Sabiedrība ar ierobežotu atbildību ""PAC Agenda""",9845009K778D456B9536,SABIEDRIBA AR IEROBEZOTU ATBILDIBU 'FALON INTERNATIONAL',25000,72.72727272727273
PT Pandawa Cerdasin Bangsa,984500713E9704F6DC53,ABU JANDAL AL-BANGALI,23843,50.0
GAMING ACQUISITIONS (FINANCING) LIMITED,254900GT32GUY83VB609,LIMITED LIABILITY COMPANY FINANCE DECISIONS,46000,60.71428571428572
RASAMANJARI ENTERPRISES LLP,648800RTNXJUKEHP8716,MYANMAR GEMS ENTERPRISE,31651,73.91304347826086
JAIN TEXTILE INDUSTRIES,3358006QH8QI24X6I892,TAEWO'N INDUSTRIES,20579,73.17073170731707
Busunternehmen in Kärnten GmbH,984500DA7I37864BDB28,7 KARNES,12449,36.36363636363637
CONTAINER SOLUTIONS (INDIA) PRIVATE LIMITED,648800FH4RRTI3M1UT22,ASIA MATERIAL SOLUTIONS COMPANY LIMITED,50115,66.66666666666667
AANJNEY VENTURES LLP,335800P7N383ZNRGB327,LLC VEB VENTURES,35004,71.42857142857143
"WPCS Manager, L.P.",2549008Q0JBHO7VZQ589,WCP MANAGEMENT COMPANY LTD,42201,69.23076923076923
SCANID SYSTEMS PRIVATE LIMITED,648800ZAKULGP61LOV13,AK SYSTEMS,41991,75.0
MAHARASHTRA MARITIME BOARD,984500896CDBA6F9CE77,AMSHA MARITIME,51821,70.0
GLOBAL ENRIQUE TOMAS S.L.,529900UIL6O3WKIXX602,TRADE BRIDGE GLOBAL INC.,56855,61.904761904761905
BOMBAY TECHNO-PLAST PRIVATE LIMITED,648800BV27ATF22SFT09,JAHAN TECH PARS COMPANY,17237,58.82352941176471
CAMBRIAN FAMILY OFFICE PTE. LTD.,39120088FI7193SONB47,CONFIDERI FAMILY OFFICE,40776,75.55555555555556
SRI VIDYA GANAPATHI EDUCATION TRUST,98450038B97TD6BC0635,SCIENTIFIC EDUCATION KOREA STUDIO,34022,55.88235294117647
Pivotal South Holdings Limited,391200LNYCYM63QMHH50,"HOTEL HOLDING, S.R.O.",28058,71.7948717948718
BARCELONA MORTGAGE SERVICING S.L.,959800JR6944N07FBN83,AEROSTAGE SERVICES SRL,49520,61.224489795918366
Tanzifco Company W.L.L.,3912000UYYCITZEXCX08,RIHS-TANZANIA,10923,47.61904761904761
AFINE SPÓŁKA Z OGRANICZONĄ ODPOWIEDZIALNOŚCIĄ,259400H7BGUEJU58AQ63,CALLLYNC SPOLKA Z OGRANICZONA ODPOWIEDZIALNOSCIA,57210,88.17204301075269
DANGI POWER SOLUTIONS PRIVATE LIMITED,648800ZTZI3ACTI4JX33,B AND P SOLUTIONS PRIVATE LIMITED,53882,70.58823529411764
JB FUNDACJA RODZINNA W ORGANIZACJI,2594002HZA48Y8GQVW27,WA'ED ORGANIZATION,11346,57.692307692307686
B2C,6488001YGTOBW9U4QP09,,,0.0
EXALPRO GmbH,391200OX711AHYUCSU40,,,0.0
ALBUSCUBUS TECHNOLOGIES PRIVATE LIMITED,6488003IB23E0XOX2A28,MCS TECHNOLOGIES GMBH,16013,76.92307692307692
ASHMEET SINGH MANAKTALA,6488000TR61VQS7UG039,SINA INVESTMENT MANAGEMENT CO.,30378,57.14285714285714
CASA DI CARNE I. K. E.,2549004LU4UUZALW3622,DEL NORTES CARNES FINAS SAN IGNACIO S.A. DE C.V.,9407,52.83018867924528
AVOXA - JEAN-MARIE DENOEL SOCIETE D'AVOCATS,648800QBGFV2XN7FDY96,SOCIETE GENERALE DES PAINS,28178,53.73134328358209
SPUNWEB CONSUMER PRIVATE LIMITED,335800Q2KIABOMTML835,CONSTRUCTORA W.L.,13430,51.61290322580645
The Trustee for Seven Hills Land Trust,2549008897VL4WTCG904,LEDRA TRUSTEE SERVICES LIMITED,42065,61.53846153846154
G GANESHAN,6488008AB0K2Z8V0FY77,,,0.0
SAS M.C. Biogaz,6488004ZTW8TEVOO2414,BIOGRAD LLC,48544,62.5
I-CUBE ALTERNATE ADVERTISING,9845009AVZC6EEC1B257,"J & P ADVERTISING, S.A. DE C.V.",18367,60.86956521739131
RUCHIKA PACKAGING LLP,648800M211R8RS5VO034,LIMITED LIABILITY COMPANY PRESSMAN PREMIUM PACKAGING SPB,47963,45.614035087719294
"SESTELO INMUEBLES, SL",95980033A8GJ033YVD16,INMUEBLES SIERRA VISTA S.A. DE C.V.,10998,62.22222222222222
SAARTHAK SOCIETY,648800RWY8F3YXX6A577,AL-SALAH SOCIETY,10408,82.75862068965517
"Ejerlejligheden Marselisborg Allé 10, st. th., 8000 Aarhus C",6488003Y2VRS6EZ54531,MARSHAL SHIP MANAGEMENT PRIVATE LIMITED,52816,37.9746835443038
CLEAN MAX HACHI PRIVATE LIMITED,335800YH7WZQR5KRTK79,"AL-HAMMADI TRADING, SHIPPING, AND CLEARANCE CO., LTD.",54496,48.97959183673469
PRATAP SECURITY AND ALLIED TRAINING INSTITUTE,648800SAUAH5GWQUKS73,IRISL MARITIME TRAINING INSTITUTE,25431,64.86486486486487
NABAVI GASTRONOMIA SOCIEDAD LIMITADA,959800R7ZVJDYLVR5563,BAJER SOCIEDAD DE RESPONSABILIDAD LIMITADA,26469,66.66666666666667
URBANRISE GREEN COMMUNITIES PRIVATE LIMITED,648800K0J680U70KZ852,COMMITTEE FOR THE RESCUE OF UKRAINE,20284,66.66666666666667
PRIMA S.I. S.R.L.,5299006S24E4MY7Z9M90,SISU PRIME LIMITED,57512,77.77777777777779
AMC MEDICAL VENTURES PRIVATE LIMITED,6488005EXKZKSX6H7Z81,AMMERSHAM COMMERCIAL VENTURES LIMITED,17100,69.38775510204081
BIRENDRA SINGH,6488004B2YP0WHO9CI65,SINGH DAILY CULTURE PRESS LIMITED,29606,51.28205128205128
TRADE SOLVENT PRIVATE LIMITED,335800JSDQAMJESYQH85,SALITA TRADE LIMITED,40961,72.0
JAS MAN POWER SOLUTIONS,64880070UPBQTIA0DT33,ASIA MATERIAL SOLUTIONS COMPANY LIMITED,50115,73.91304347826086
ANAS HOLDING ΜΟΝΟΠΡΟΣΩΠΗ Α.Ε.,984500E98FEBC85IB956,ATLAS HOLDING SAL,28527,53.65853658536586
"CHEYENNE TRAILS, LLC",254900LSZ495EFHMEC33,REPRESSION OF TRAITORS,4700,52.94117647058824
MEENAKSHI TRADERS,648800ES5FXQA0I0V856,SINO TRADER COMPANY,23479,64.28571428571428
5Head GmbH,984500574146SVED0408,,,0.0
KLEOS CONSULT,648800KZVTZ403AOCH15,KONEISTO CONSULTING,42729,68.75
"PRET 2026-RN2, LLC",25490046XIGHMXTNNV91,PRETTYANDY TRADING LIMITED,54247,45.16129032258065
"PRET 2026-RN3, LLC",254900L7SXVB2FL9PZ80,PRETTYANDY TRADING LIMITED,54247,45.16129032258065
"PRET 2026-RN4, LLC",254900FYK91XR1KWYH06,PRETTYANDY TRADING LIMITED,54247,45.16129032258065
HOTEL THE GRAND TULSI,3358004TN5RUKA74WC60,"HOTEL CASA GRANDE - ULCINJ, MONTENEGRO",17613,61.53846153846154
"DA LABS, SOCIEDAD POR ACCIONES SIMPLIFICADA DE CAPITAL VARIABLE",98450072BDC4EPCEF448,CLAUDIA MERCEDES VARGAS GIRALDO SOCIEDAD POR ACCIONES SIMPLIFICADA,20209,76.8
MANGALAM SYNTHETICS,3358003A91YBM20YQY76,MILLAB SYNTHESIS,47623,68.57142857142857
ENFECASA SA,959800FXVJ59VZL4AR70,,,0.0
NAMAH KISHAN AGRI SERVICES PRIVATE LIMITED,894500RUIKJXH314S857,SAMAN AIR SERVICES COMPANY,57393,72.72727272727273
GEROPA 24 SL,959800DRGUCFER9MZ280,REGIONALNY OBSHCHESTVENNY FOND IMENI GEROYA ROSSII AKHMATA KADYROVA,30610,22.78481012658228
DAUNIA CAPITAL INVESTMENTS S.R.L.,984500B83C43B9638D74,AL-CARDINAL INVESTMENTS COMPANY LIMITED,27593,73.91304347826086
DEP 26 SOCIETA' A RESPONSABILITA' LIMITATA,81560023EA1FAEF6F857,BAJER SOCIEDAD DE RESPONSABILIDAD LIMITADA,26469,78.48101265822784
BEWTOC CORBI SL,9845004V43E675EOB033,,,0.0
SIDHESWAR RICE MILL PRIVATE LIMITED,3358000U8GXRGB5QN041,MILLAB SYNTHESIS,47623,51.42857142857142
MUKUL BAJAJ,6488002OQSLV0X3LPZ93,"FORTIA BAJA SUR, S.A. DE C.V.",13013,41.379310344827594
ARYASHREE ELECTRICALS AND ENGINEERING PRIVATE LIMITED,3358006PX2ZYN1Z8LY59,CENTRAL DESIGN BUREAU OF APPARATUS ENGINEERING,48435,65.78947368421053
AR PROVISION STORE,894500RU1XWMK51HTK60,ISLAMIC STATE-SINAI PROVINCE,16763,60.86956521739131
TSG RESTAURANTS L.L.C,9845003CB06A1A3AEF93,THE YANGON RESTAURANT,31331,75.0
Maritim Service Barth GmbH,5299000UEO7DXJ8A9F06,EMPIRE MARITIME SERVICES LIMITED,25847,75.55555555555556
S.K.R. TECHNOLOGIES,335800VZ0JQOZSU5NA32,PSV TECHNOLOGIES LLC,40914,87.5
INVICTA EDUCATIONAL SOCIETY,648800GXPM8B8UHWIL44,SOCIETY OF ISLAMIC COOPERATION,6936,66.66666666666667
BB Multi Manager Fund 1 Ltd.,254900I9CWWD0R7L5989,BLD MANAGEMENT,37221,59.45945945945945
LOVIN TECHNITEX LLP,3358004DG3I4RPRGUV58,SELIN TECHNIC CO,41491,71.42857142857143
David Uwe Graubmann,391200I87VW4ID1TWF15,SWORD OF DAVID,4700,46.666666666666664
ASHOK BAHETI,648800C7K88U7M9GXI82,,,0.0
RASMALAI LIMITED,529900U5897YV0OQMK02,,,0.0
Kronborg Global Assets ApS,984500050E937AF96D35,FINESSE GLOBAL TRADING LIMITED,54623,63.63636363636363
Psykoterapia- ja psykologipalvelu Sanna Lehikoinen Oy,894500RTLB9BN71UUW40,SANNABIL,7919,17.543859649122805
PUNAMCHAND BHATMAL CHANDAK,648800ZA8VOBK97JCE03,MANHATTAN BUREAU DE CHANGE LIMITED,57972,48.97959183673469
AF Performer Managed Unit Trust,3789YVHYC3X6Y737HC83,UNIQUE PERFORMANCE GENERAL TRADING L.L.C,46353,55.38461538461539
Marathon Runners Invest ApS,98450079USFA76DEH563,TUR INVEST TOO,58499,64.86486486486487
OMKAR TRADING,335800ZJJJUFS2FL6216,OKHAR TRADING LIMITED,54243,92.3076923076923
UTTARANCHAL SUPPLIERS,894500RTQUT3A6DQIG36,VANGUARD TACTICAL SUPPLY LIMITED,58145,53.333333333333336
MENA CANVAS LTD,984500AE54NB03511E75,,,0.0
K-Floors OÜ,98450073744781BCCE56,,,0.0
MARKETING Y WEBS GUERRERO SL,959800ARVGUE4LE7DZ64,GUERREROS UNIDOS,34182,50.0
MIRAE ASSET BST LARGE MID (60:40) STABLE DIVIDEND 50 ETF,335800SV1CKK4EB39Z53,BREEZE MARINE ASSET MANAGEMENT INC,54426,42.85714285714286
OWI Capital SA,529900TB37QG80JKVW11,CJSC IIB CAPITAL,41918,81.81818181818181
KYW TECH PRIVATE LIMITED,3358006BXI0FKKREL629,KIDMA TECH OJSC,33397,66.66666666666667
KL Power Oy,894500RTWECUX5PM6032,POWER ANCHOR LIMITED,28339,60.0
IBEXIA INVESTMENT HOLDINGS II LLC,5299009BQQTWDMC0A444,INTERNATIONAL INVESTMENTS HOLDING S.A. DE C.V.,28228,70.76923076923076
Alkagesta (UK) Limited,254900147AN5G3UF3N14,ALKAWTHER NEON CO,54208,46.15384615384615
SYNTHESIS LEGACY VCC,984500FD03FCC8FNA905,MILLAB SYNTHESIS,47623,66.66666666666667
JAKHETE NEW ENERGY VEHICLES PRIVATE LIMITED,335800D67N7K91WAO237,RED BOX ENERGY SERVICES PTE LTD,48803,60.0
EA S.R.L.,5299007E8D6D3HVV5K28,,,0.0
Kurpfalz Naturstrom GmbH,529900VCKPYBQA1F4U42,NATURAL GIFTS B.V.,39594,43.75
SPECIAL HAIR Heidi & Anja GmbH,529900P4V6Z0NRTJQH23,DESIGN BUREAU OF SPECIAL MACHINEBUILDING AO,35350,57.14285714285714
I.A.S. INDUSTRIA ACQUA SIRACUSANA S.P.A.,529900AV2JN33N82TN27,INDUSTRIA AGROPECUARIA SANTA ELENA LTDA.,7584,63.76811594202898
Aeonis GmbH,529900TCTESQ3MQD8J12,OOO IK AEON,45979,76.92307692307692
SEVAA SATHI FOUNDATION,335800XGME1K0EXERV59,AL-SALAH ISLAMIC FOUNDATION,10408,78.26086956521739
SUCCESS DIRECT MARKETING SL,959800GHDSEYTXRLWQ26,GREAT SUCCESS SHIPPING CO,54018,61.224489795918366
BITRON SERVICE S.P.A.,529900TOZ91D2H2BYM56,LIMITED LIABILITY COMPANY RN SERVICE,51541,76.47058823529412
VanEck California 0-5 Year Muni Ladder ETF,254900H3K6ATF86O6E18,"KONTROLES ELECTRONICOS DE BAJA CALIFORNIA, S.A. DE C.V.",9386,50.60240963855422
VanEck New York 0-10 Year Muni Ladder ETF,254900B2D6Y3WBLA6G24,TINDAYA PROPERTIES OF NEW YORK II CORP.,26213,45.070422535211264
VanEck Global Exchanges ETF,254900HK82826M519X67,AL KHALDI GOLD AND EXCHANGE COMPANY,24760,59.57446808510638
VanEck California 0-10 Year Muni Ladder ETF,254900SFHH4VD4VI7734,"KONTROLES ELECTRONICOS DE BAJA CALIFORNIA, S.A. DE C.V.",9386,50.0
VanEck Wealth Builder ETF,254900A4S0D9DIATYK34,CALIBER WEALTH MANAGEMENT LTD,40826,56.00000000000001
VanEck New York 0-5 Year Muni Ladder ETF,254900AWCQVNRU543C89,TINDAYA PROPERTIES OF NEW YORK II CORP.,26213,45.714285714285715
Epomeno GmbH,529900OLK7ROXPCP6055,,,0.0
Österreichische WIPLA-Laboratorien Gesellschaft m.b.H.,529900XO1XEWK3XMZE48,"LABORATORIOS WILLMAR, S.A. DE C.V.",11244,54.28571428571429
"Sketchbrigade - Engenharia e Gestão, Unipessoal, Lda.",894500RT4OM0Q927W861,AVENIDAS FLUTUANTES UNIPESSOAL LDA,56754,53.65853658536586
SHRI SWATHI MINES & MINERALS,894500RTA85SD8E3JS75,NOVIN PARS MINERAL MINING COMPANY,25659,58.82352941176471
Anumar Solarpark Uettingen GmbH & Co. KG,529900A0BAYIMN5WVN65,RAJAH SOLAIMAN GROUP,10928,39.13043478260869
EGS SRL,815600966C0B9FF64855,,,0.0
GRUPPO ESCURSIONISTI VERCURAGHESI LUMACA,529900C8KM6KPBN4HY81,"GRUPO ESPECIAL MAMBA NEGRA, S. DE R.L. DE C.V.",57122,51.35135135135135
Kommstart 4162 AB,6367006WHBO9Y24BIS37,FKP SAMARA PLANT KOMMUNAR,49349,41.02564102564102
S.M.A. S.R.L.,81560009BBCD11FCB750,,,0.0
M&M-Wertegesellschaft eGbR,391200APQ2VPFAA9A631,,,0.0
"LAGE & SÁ, LDA",894500RTFRPK07PZ7C51,,,0.0
Bickery Food Group B.V.,724500WGH0Z1L7B53L62,EURO AFRICAN GROUP LTD,24393,61.111111111111114
E31 Holding B.V.,724500SML4U2G4ROL931,LLC HOLDING GPM,47832,72.72727272727273
DHT MJ B.V.,724500ZJN9BHPFQIDO92,,,0.0
Mevado B.V.,72450098P2NX728BZ170,,,0.0
Leconline B.V.,724500HXEEUC8TH9TO17,,,0.0
BVL de ijswinkel B.V.,724500DXKMZVSMHW0X67,,,0.0
Albourgh Tyres B.V.,72450029RB4RD2H1SI43,"ALBORADA GARDENS, S.A.",19157,60.0
GeoXact Holding B.V.,7245003MCK9M4TUPVS78,AGROGATE HOLDING CORPORATION,37487,77.41935483870968
JCF NucMed B.V.,724500SI5Y3D8CAJKM98,,,0.0
Loes83 B.V.,7245007IAYX1J0NT2305,,,0.0
Oever International Trading and Investments B.V.,724500GDNOPV3Q9N1K33,ZADNA INTERNATIONAL INVESTMENTS,46819,82.85714285714285
Besteed het uit B.V.,7245002FJTOKKAR42D49,BEST DIAMOND HOUSE DMCC,42325,48.484848484848484
Layer Management B.V.,7245007XBIWBCNNEL727,GALAXY MANAGEMENT NV,52272,84.84848484848484
GRADE INDUSTRIES,3358008IAAB9WG3OYA59,"GREEN INDUSTRIES, LTD",27165,87.5
QUORIVA PRIVATE LIMITED,648800LY50FI9QOO1237,JOINT STOCK COMPANY QUORUM,47251,31.999999999999996
GOWRI RAMKUMAR,648800PO83UCGKC4Z329,RAMKIANI QURDI,23223,57.14285714285714
BoJo-Life-Stiftung,529900AIRTGZJUF2YP16,TRUST LIFE,27192,50.0
TAILWIND DI SUN CANYUN,529900AHOYB9D6YWVH57,DEHONG TAILONG INDUSTRY COMPANY LIMITED,11307,44.44444444444444
AXIA MEDICAL SOLUTIONS HOLDINGS LLC,2549002Z719JWA16HX75,ASIA MATERIAL SOLUTIONS COMPANY LIMITED,50115,70.37037037037037
THEOS METROC (OPC) PRIVATE LIMITED,6488000P9NPP1L0LYD79,THEODOSIA MERCHANT SEA PORT,18321,55.81395348837209
DOMINA HOLDING SRL,815600D4515F29813267,FORTIANA HOLDINGS LIMITED,46722,77.41935483870968
"Mason 125 Associates, L.P.",254900D78KFP1WOHCW51,AL-BUSTAN ASSOCIATION,22257,57.89473684210527
LF S.R.L.,815600DF4E208F916677,,,0.0
"CONTINENTAL AG RESIDENTIAL, LLC",254900GUNPMO5H8ZL521,CONTINENTAL SINOIL GROUP LIMITED,54200,76.59574468085107
AVIGHNA PROPBUILD LLP,3358001MG4Q16IZI1I41,ALMERINA PROPERTIES LIMITED,24673,55.55555555555556
ادياه بريشيوس ميتالز ش.م.ح- ذ.م.م,9845000C3BF4590T5055,,,0.0
HONEY BEAR FINANCE LIMITED,984500F9NB581EFEE948,HOME CREDIT & FINANCE BANK LLC,45808,71.42857142857143
CLIMBINGARMONY UNIPESSOAL LDA,984500CC65B3A09I0082,BUSINESS UNITED UNIPESSOAL LDA,55549,61.01694915254237
SILICON SOLAR POWER PRIVATE LIMITED,6488003XISO4FSEGX553,OOO SOLAR SEKYURITI,44851,58.82352941176471
AST HOLDING S.R.L.,815600BF9BD602CB1422,ASCOTEC HOLDING GMBH,11608,84.61538461538461
WORLDWIDE MACHINES IMPEX,6488006BB5QWBSR1CJ64,WORLDWIDE SHIPPING & TRANS,25857,66.66666666666667
"Claymore Capital Partners, LLC",254900EVXOR65A65AK20,MARSHALL CAPITAL PARTNERS,17449,76.0
MARAIDAN EUROPE HOLDING SL,9598009HPJZZ6PZDR136,TOSE-E DIDAR IRANIAN HOLDING COMPANY,25634,66.66666666666667
WIREX USA INC.,984500379FA91SY0F652,"CHENGDU KEYLINK WIRELESS TECHNOLOGY CO., LTD",48759,27.27272727272727
"Corner Home Medical, Inc.",254900PD6JKPXWSS2O73,AL HAYAT MEDIA CENTER,8759,64.86486486486487
TROQUELES Y FOTOGRABADOS BONET SL,959800NGACR4FSA8FJ77,LIMITED LIABILITY COMPANY FOTOPARK,45927,39.21568627450981
"600 ROSEMEAD, LP",254900ULPOXQJV950Y27,AO ROSEKSIMBANK,18268,51.85185185185186
FAIRDEAL POWER AND ELECTRIC PRIVATE LIMITED,648800NRHK0EAS6NOB41,KHMER ELECTRICAL POWER CO LTD,57201,71.11111111111111
TECNOPROGETTI S.R.L.,815600CED7EAD46FAF46,TECNOIMPORT,58292,66.66666666666667
FERRAMENTA GIORDANI S.R.L.,81560079C0FDAD3DE417,FERRETERIA VIOSMA,54663,61.111111111111114
EMICAR S.R.L.,815600DC1644B7EF0913,,,0.0
STAIRS SRL,81560066244249BE3D63,,,0.0
DRR & FAMILY LLP,335800YS6B0CPPUMS125,CONFIDERI FAMILY OFFICE,40776,54.54545454545454
SUSHRUT INFRACON LLP,648800BG4VPQ6B3KKO09,LLC RKS INFRASTRUCTURE,46038,52.94117647058824
ANDREA SPECIALITA' GASTRONOMICHE S.R.L.,815600FE1FFEE176C867,IRANIAN POLICE SPECIAL UNITS,34099,61.01694915254237
ACORNS GROUP LTD,648800PB21CC1Y7SQJ81,CRN GROUP,36047,85.71428571428572
PEGASO GSI SRL,8156001053FE37C0AA63,PEGASUS 88 LIMITED,27466,60.0
GREATPIXEL S.R.L.,815600C95F0B8DDC5415,READY GREAT LIMITED,56587,57.14285714285714
ALAMAX S.R.L.,815600103C549FD1A956,ALAM ALTHRWA LLC CO,28607,55.55555555555556
PUNJAB TIMBER,335800PJ8U1CQTPSA836,TIMBER CORPORATION,31691,63.1578947368421
C.E.D.O. S.R.L.,815600C18C08CAE4BA87,,,0.0
MVM SOCIETA' AGRICOLA SEMPLICE,815600D0CD699706C649,AGRICOLA TAVO S.P.R. DE R.L.,18822,61.224489795918366
HOTEL IL CAVALLINO BIANCO S.R.L.,81560005E2D0EB3EC792,BOLAI HOTEL AND CASINO,57244,65.11627906976744
OK BIDCO S.R.L.,815600E9025B12D09175,,,0.0
Supergaande B.V.,724500HIWEP7WESKC568,SUPERWAVE GROUP,51289,53.84615384615385
EUROCAR S.R.L.,8156006CF15D3E953E25,EUROSADRUZHIE LTD.,32025,60.0
KRBS PACKING PRIVATE LIMITED,648800XDG6FJ6KKJ4693,LIMITED LIABILITY COMPANY PRESSMAN PREMIUM PACKAGING SPB,47963,34.61538461538461
ALPHA INDIA POLYCRAFTS,3358001FGPOKEE1QN066,KANCHAN POLYMERS,54998,57.89473684210527
Pomppoli Oy,648800Q69OPOQ5XYNM86,,,0.0
MEENU LUNAWATH,648800B4KP483Q44KU30,MEENTROPY TECHNOLOGY HANGZHOU CO LTD,57593,32.55813953488372
IFLU Holding B.V.,724500VMW2FZBTPT9H92,IFIC HOLDING AG,11628,83.33333333333334
FLEX INTERNATIONAL BUSINESS (SINGAPORE) PTE. LTD.,529900VOCVRHT6GF4I96,LIMITED LIABILITY COMPANY INTERNATIONAL BUSINESS CORPORATION,45091,72.46376811594203
AXIOM SOLUTIONS (SINGAPORE) PTE. LTD.,529900FVEBPSZ72KR442,GLOBAL IMPORT SOLUTIONS S.A.,56355,66.66666666666667
FOUR PETALS HOSPITALITY,9845001144B287451098,MICHIGANTAP HOSPITALITY PRIVATE LIMITED,56049,60.86956521739131
Rainbow Financial Investment Holdings Limited,5299007V7RZNG7TBZ561,SINA FINANCIAL & INVESTMENT HOLDING CO.,30378,88.57142857142857
STAMBH SERVICES INC,648800QO2JWUXG8WUN09,VB-SERVICE COMPANY LIMITED,40211,72.0
Cabbages B.V.,724500CNELTWRKS2TG68,,,0.0
IRA POWER PRIVATE LIMITED,6488001XFLHT79OCR144,POWER ANCHOR LIMITED,28339,66.66666666666667
ROYAL SIDDHI VINAYAK,33580020MIAJ2UY5RZ37,ROYAL SHIPPING AGENCY,42316,53.65853658536586
"P&L SUR FAMILY INVESTMENTS, S. L.",9598007QQEHG80LTMM21,PISHRO IRAN FINANCIAL AND INVESTMENT CO. PJS,30405,64.51612903225806
JAMA RAJAKRISHNA,335800VTUJPI9PJ93X96,JAMA'AT AL-JIHAD,9334,62.06896551724138
GLOBAL MANUFACTURERS,335800KNLSGWI4BSGI61,"GLOBAL STRUCTURE, S.A.",26985,72.22222222222221
SCI 2G2F,894500RSZ52939QC8O85,,,0.0
HG Innovation Limited,984500DFE695FAGE6375,LLC F2 INNOVATIONS,45759,81.4814814814815
Mercury Phase AB,9845003ECA02DE1OPD39,"MERCHANT SUPREME CO., LTD.",33676,55.172413793103445
EAGLE NEST SPORTS ACADEMY,648800R0FC9HTYVND928,SECOND ACADEMY OF NATURAL SCIENCES,12215,60.71428571428572
MAHABIR FISH CENTRE,984500CD566F44AF4D07,SHAHID SHIKRI CENTER,26557,61.53846153846154
LAPROWORLD LLP,335800PJLE58RHE5RO94,,,0.0
PRIYANKA GATTANI,648800CYYSUGAT7SEX39,,,0.0
Centauri Agora SL,529900K5YZTL58J5O146,ISIS-CENTRAL AFRICA,16696,61.111111111111114
LEVANTIS AGROLIFE PRIVATE LIMITED,648800MNF5OHBTWFTX58,AGROGANADERA LOS SANTOS S.A.,11481,55.00000000000001
Mandel Holding GmbH,391200TD2M8795JHI534,MARANER HOLDINGS LIMITED,25468,80.0
LA NATURE A DU GENIE,894500RSTLIHGAEGL452,NATURAL GIFTS B.V.,39594,53.333333333333336
VK FABRICS,984500HD43AE147YFR55,OOO FABRIKON,50897,66.66666666666667
PRAKASH PATIDAR,335800OK9PSFR9R4V018,PRAKRUTEES INFRA IMPEX INDIA PRIVATE LIMITED,58392,51.162790697674424
GIAKNI SL,959800GELCB1PE08BH68,,,0.0
AASTHA LAND,648800OG53IQJ8BQA914,BANK OF EAST LAND,12696,72.0
RAHUL FOUNDATION,648800AFNHHMKS483047,AL-RAHMA FOUNDATION,20981,87.5
NIGAM PHARMACHEM INDUSTRIES,33580019NIU7O54RI331,SHAHID NURI INDUSTRIES,19715,69.38775510204081
FRANCIONI LIMITED,984500I9D991F5050E07,ORT FRANCE,10486,63.1578947368421
ENICO AS,6367008L50W3DCHVNU45,,,0.0
MAHESH AWANA,6488001PJCEYL4IXOA16,MAHER TRADING AND ENGINEERING,21562,32.432432432432435
R.J. van der Vlies Holding B.V.,724500AX0MY04VJ7N708,"PANLI HOLDINGS, INC.",19149,63.1578947368421
VINICOLA VENDITTI SOCIETA' COOPERATIVA,529900T8BSH9PZ1EU887,OFFICE OF SCIENTIFIC AND TECHNICAL COOPERATION,15148,60.526315789473685
Dr. Fresen Pharma GmbH,5299001K55NO9TCXQ767,FRESNO HOME S.A.S.,30269,59.25925925925925
DOS SANTOS P,894500RSO1YPTB2KXK92,AGROGANADERA LOS SANTOS S.A.,11481,57.14285714285714
VERA WELLNESS SRL,984500I8FD5849054A62,WELLBRED TRADING DMCC,58432,55.172413793103445
Filiprili Invest AB,984500B71A9790A6O580,OOO AVIALIZING INVEST,49514,66.66666666666667
The Trustee for La Trobe Credit Asset Trust,9845003B15L42DB7U588,LEDRA TRUSTEE SERVICES LIMITED,42065,55.55555555555556
PARISI DAKAR S.R.L.,5299002P1JSSVTL0Y716,PARITET,49314,42.10526315789473
Gemeinde Waltenhofen,529900FLC3LITOLQES23,,,0.0
NAHAR SINGH CHANDANA,648800541TQB8678L813,CHANGGWANG SINYONG CORPORATION,9345,57.89473684210527
USHA MOTORS,3358006IJV00W5XPIK49,JSC UEC PERM MOTORS,51127,61.53846153846154
UNICA SERVICE S.R.L.,529900EIKYFZQMLC8010,URANTIA SERVICES S.A.,11408,82.75862068965517
Lumen Maris Holding B.V.,724500KSX8NFTM91EO79,SHUEN WAI HOLDING LIMITED,11298,77.77777777777779
SHETTY HOSPITALITY AND SOFTWARE SERVICES LLP,98450055Z977G782E473,SEWA SECURITY SERVICES,39618,62.06896551724138
JAI BALAJEE TRANSPORT COMPANY,648800TSI53S4N2TWG61,AZZA TRANSPORT,10369,68.57142857142857
LEGACY VENTURE CAPITAL PTY LTD,926900A1B0E096196D91,SEPTEM CAPITAL LIMITED LIABILITY COMPANY,34748,64.0
AWF Holding AB,6367000LSCWBUDDYLF14,CHAM HOLDING,12744,78.26086956521739
DeNa Holding B.V.,724500H3SCZ9Z6K5GP19,FANAP HOLDING,54977,80.0
SHANTI CONSTRUCTION,335800FF18KSI00YY447,CONSTRUCTION JIHAD,10053,81.08108108108108
LMT HOLDING ApS,98450046NF8CI598T362,LTS HOLDING LIMITED,19045,90.9090909090909
NATIONAL EDUCATIONAL AND WELFARE TRUST,984500D3JC80E5EA2D65,AL-FURQAN FOUNDATION WELFARE TRUST,7149,70.76923076923076
KHUSHI ENTERPRISES,335800R5F4PPLAI03255,ROCKSIDE ENTERPRISE,52053,75.67567567567568
Tovenco AB,6367004EWHMNZEF6M586,,,0.0
SRI SAI TRANSPORTS,648800GOOKSLZJ1JYO53,CAROIL TRANSPORT MARINE LTD,27426,73.17073170731707
EXCENT,894500RSIIEY6BQPA024,PAR EXCELLENCE LIMITED,23406,50.0
LQ Capital Ab,636700OIRR383947RE05,CAPITAL S.A.L.,28539,82.35294117647058
Thomas Widdershoven B.V.,724500ENLZHWVMXNEC03,THOMAS METAL S.A.,57115,38.70967741935484
Ralph Jacobs B.V.,72450050OA5E98Q02M90,,,0.0
a&b Legal B.V.,724500H8Z54QSKJG2H32,SBER LEGAL LLC,36424,52.63157894736843
Huijg Beheer B.V.,724500YISZ60WMZOHY29,BEHENGAM TADBEER QESHM SHIPPING COMPANY,56997,41.860465116279066
Vitolan Privatstiftung,529900243MTMSXZI9N10,LTD NTC PRIVODNAYA TEKHNIKA,45592,40.0
vvsmiljö i göteborg aktiebolag,6367004ZE1ABHYV4KT71,JOINT STOCK COMPANY AKTIV,51427,42.553191489361694
Eryigit Holding B.V.,724500ROBHUBBAOYRN20,AGROGATE HOLDING CORPORATION,37487,70.96774193548387
KIRITBHAI GOPALBHAI SANGANI,6488001G0FWUZ1GXGK43,DATA CENTER KIRISHI LIMITED LIABILITY COMPANY,56304,42.85714285714286
LK GROUPS,335800DX2WEHKZ1TLJ87,KNS GROUP OOO,41125,77.77777777777779
MAMTA STEEL,335800JJSB8Z0JGG5154,SABA STEEL,28303,76.19047619047619
508 Ventures GmbH,391200TF30800PQNUR90,LLC VEB VENTURES,35004,75.0
securities.lu SA,529900SY30DEFVPAVO54,SB SECURITIES SA,18753,84.61538461538461
M.A.J. de Roos B.V.,7245003VAA4TF19UVR97,,,0.0
RUIA CARS PRIVATE LIMITED,335800BEKE5GM9PIZP76,SHADI FOR CARS TRADING,17828,51.85185185185186
"""PROGETTAZIONI IMMOBILIARI COSTRUZIONI ALESSANDRO S.R.L."" E IN FORMA ABBREVIATA : "" P.I.C.A. SRL """,81560094F6400899E756,SERVICE IMMOBILIERE ET GESTION SAS,38037,43.80952380952381
MOHIT GARG,648800WZX535XI4YTY91,,,0.0
BCT Holding AG,894500RQZ2X9SIFWQG76,GMCG HOLDING CORP,54838,78.26086956521739
ROMA BOHORQUES TAX & LEGAL SL,959800DSG9T92UTZWD15,"CORPORATIVO SOPORTE LEGAL RECOVERY, S.A. DE C.V.",41662,46.875
Anders Voss Holding ApS,636700KZYWITQ28ZX951,ORKA HOLDING AD,45208,70.58823529411764
Vita Nova B.V.,724500T57HI02NNNVC85,NOVASTREAM LIMITED,38096,63.1578947368421
EKW16 Immobilien GmbH,391200ZLFAMX7E5EYH73,SERVICE IMMOBILIERE ANTIBES SAS,38036,51.162790697674424
OBMAC LIMITED,648800N2PGMYDLWZZ973,,,0.0
FGI PROMOTORA METROPOLITANA SA DE CV,984500B53BEA647DA515,HURRARI KASH S.A. PROMOTORA DE INVERSION DE C.V.,58075,61.53846153846154
OPPDOOR SOFTWARE MODELS PRIVATE LIMITED,648800GUNWUTSPMBP660,AJILY SOFTWARE PROCUREMENT GROUP,22697,58.18181818181818
Stormbey Holding B.V.,724500YPSP1ZV447ES69,RB HOLDING LIMITED,42744,76.92307692307692
The Xanthe Reed Trust,254900X08N10EFN93N58,AL RASHEED TRUST,6912,66.66666666666667
SUNRISE TEXTILES AND MACHINERIES,335800N3PI3DNQIHMH54,RESOLUTE MACHINERY TRADING LLC,46729,55.55555555555556
O&A Ventures ApS,9845006485378V400B92,PARK VENTURES SAL,42331,80.0
Simon Wenig Beteiligungsholding UG (haftungsbeschränkt),39120080V2T8Q4AS2G95,BETENSH GLOBAL INVESTMENT & DONG DONG SHIPPING LIMITED,54334,47.42268041237113
H.L. van Kampenhout Beheer B.V.,724500MWCLIRTS7SDX32,VA BO KAMPANI EOOD,32120,52.38095238095239
TECHNICAL SPIRIT,335800D7XCI1B8XR6O24,ATBIN ISTA TECHNICAL COMPANY,53936,72.22222222222221
KASHNI MINING & MINERALS LLP,894500RRFPKKPGFJP418,LLC ARMZ MINING MACHINES,45074,66.66666666666667
SHRISH MOTORS LLP,33580049GI7QFUVF5B96,STREET MOTOR SERVICES,44470,58.82352941176471
Deutsch Capital Holding UG (haftungsbeschränkt),984500A04000D42A9784,DENIZ CAPITAL HOLDING AS,46873,57.57575757575757
RoVo Holding B.V.,7245001RTTCQRAGAOX47,NOOR HOLDING SAL,28168,83.33333333333334
Edmares B.V.,72450060UOGF3OXEKN32,,,0.0
ح.م.ش غنيديرت كلاب سنيلاير,984500AF0D5A9A93F031,,,0.0
Gerbes Capital UG (haftungsbeschränkt),98450045LW0IE1800793,SBERBANK CAPITAL LLC,18669,57.692307692307686
INNACCEL TECHNOLOGIES PRIVATE LIMITED,335800HNBQWHPWLB9P96,ALEL TECHNOLOGIES LLC,29060,84.21052631578947
ASP TRADING CO,335800Q1KU3LF2NBVO81,ACS TRADING LLC,57083,90.9090909090909
Allroundklussenbedrijf-Alegandro,724500EBP1GD6PW61I93,AGRICOLA COSTA ALEGRE S.P.R. DE R.L.,31146,40.0
"F. DUARTE, INDÚSTRIA E COMÉRCIO ALIMENTAR S.A.",894500RR4MH1FHRSE033,AFRI BELG COMMERCIO E INDUSTRIA LDA,12458,64.86486486486487
Ecoam Vagyonkezelő Kft,894500RS1VRN9DR2BC07,,,0.0
Keller I ApS,98450057PA653C5J2D27,,,0.0
STUDIO LEGALE AVV.BRUNO CIMADOMO & ASSOCIATI,8156007DBDF52188A566,MIDAD PALESTINE CHARITABLE ASSOCIATION,58196,57.49999999999999
Jaap Verboon Beheer B.V.,724500CBCMX636PK7017,PALAESTINENSISCH VERBAND OESTERREICH,7918,43.63636363636364
SHAZ PACKAGING LLP,3358002TWLXF1L0VOH40,SHAZAND PETROCHEMICAL CORPORATION,15956,45.714285714285715
sharikat jusur alearabiat alqabida,558600FEWTBUSFQIJM84,SHARIKAT AL-HARAM LIL-HIWALAT AL-MALIYYAH,25063,57.971014492753625
1 GLOBAL ENTERPRISES PTE. LTD.,984500EP64B3DB961F21,LORA ENTERPRISES LIMITED,23270,83.33333333333334
Joinvestment Holding B.V.,724500RZ21D80Q1VCL65,SPECTRUM INVESTMENT HOLDING,19276,76.59574468085107
Redevco b.v.,894500RS7FBEWD2XYW67,,,0.0
JESR Holding B.V.,7245007VTACOUZN8H334,RB HOLDING LIMITED,42744,81.81818181818181
Rikkert Ouwerkerk Management B.V.,724500FVEMG58R2MUP66,SQUARE TANKER MANAGEMENT LTD.,55220,69.23076923076923
Fortis Unternehmerkapital GmbH & Co. KG,984500I77B75CFBBF091,UNIVERSAL FORTUNE TRADING LLC,57579,52.0
ΛΑΓΑΡΙΑΣ ΞΕΝΟΔΟΧΕΙΑΚΕΣ ΕΠΙΧΕΙΡΗΣΕΙΣ Ε.Ε.,9845001EB14511A2CJ46,,,0.0
CHRISTIANA KOUPPI LLC,984500CA8D0680802C27,CHRISTODOULOS G. VASSILIADES & CO. LLC,42059,40.90909090909091
ΑΝΩΝΥΜΟΣ ΤΕΧΝΙΚΗ ΕΜΠΟΡΙΚΗ ΕΤΑΙΡΙΑ ΛΑΓΑΡΙΑΣ Α.Ε.,984500892D1EF1FK4R93,,,0.0
Amsi Holding ApS,648800AQKTNY8MSYGP57,CHAM HOLDING,12744,83.33333333333334
Altera Bewind B.V.,724500I3AQNWKSKL4H90,LIMITED LIABILITY COMPANY ALTERNATIVA,43238,52.94117647058824
KUNAL GAURAV,98450062C4E604B85A71,,,0.0
COVERFOX INSURANCE BROKING PRIVATE LIMITED,6488007739LKR2R30A50,INGOSSTRAKH INSURANCE COMPANY,51844,63.829787234042556
MM Frost Guldhammer Holding ApS,648800IFELICB2QD8Q07,AGROGATE HOLDING CORPORATION,37487,60.46511627906976
GABOL S.R.L.,894500RRL94CCFRFCO75,,,0.0
FER CANTIERI S.R.L.,815600AE94D5A0D9EB56,EL REY DE LOS CANTARITOS,55028,53.333333333333336
Meitinger GmbH,391200JKWEDN4OQYAM59,,,0.0
BEN HALL FAMILY TRUST,9845003B0L49CRQ6FE66,JAMMAL TRUST BANK S.A.L.,27189,68.42105263157895
Generation Skipping Trust FBO Wendy Chaikin under the Robert S Blank 2014 Revocable Trust dtd 5/9/2014,254900CDD6DI5TARZP29,INFORMAL ANARCHIST FEDERATION/INTERNATIONAL REVOLUTIONARY FRONT,56429,43.47826086956522
SUN ERECTORS PRIVATE LIMITED,335800XJ6DGG24KS4S36,,,0.0
Louvoyer B.V.,724500AFZ07EMR553025,,,0.0
Rönnehill Environment AB,894500RRQSO3ZF3B0811,OCEANEN ENVIRONMENTAL SCI.& TECH.,50499,66.66666666666667
Hazelbag Praktijk B.V.,6488005ST9DZVE5YF414,PRAKRUTEES INFRA IMPEX INDIA PRIVATE LIMITED,58392,35.55555555555555
JKS IBERALIA INVERSIONES SL,9598007KAL9HWFVYNT56,INVERSIONES ADAG LTDA.,11860,66.66666666666667
AKAR SALES,648800HPVZZNM5Y9IS96,B K SALES CORPORATION,55876,73.6842105263158
Alphaned B.V.,724500BYVLVC6QJSRD94,KGB ALPHA,30702,58.82352941176471
FIRE CAPITAL S.R.L.,8156007CA022315A4181,RT-CAPITAL LLC,37790,81.81818181818181
WAWER-WELK FUNDACJA RODZINNA W ORGANIZACJI,259400I6OQZPYNB9FI80,NEJAAT SOCIAL WELFARE ORGANIZATION,27967,57.89473684210527
R.B. Fundacja Rodzinna w organizacji,259400DKWUUPJIX7B007,A-SABRIN ORGANIZATION,23632,58.18181818181818
Hoffman Vagyonkezelő Kft.,894500RRWC7VMEF6NS47,,,0.0
Miraya Klussenbedrijf,648800F8HVXC6W4V7F29,MIRAGE FOR ENGINEERING AND TRADING,21565,46.808510638297875
PRIYA GARG,6488005X60LO11FAD564,,,0.0
Tilia B.V.,7245001AM4DTV3BSYO90,,,0.0
Kloofzicht B.V.,72450057J719GV6W8V93,,,0.0
BALAJEE BUILDER,3358000798CRIP95UR95,A.S.P. BUILDERS,25887,66.66666666666667
Variational Token Holding Limited,98450069A81A596HEC94,SIDAR INTERNATIONAL HOLDING COMPANY WLL,37484,69.23076923076923
MOLISE AGRISERVICE NEW S.R.L.,815600AA80D38299F828,BANANERA AGRICOLA S.A.,7576,51.28205128205128
SAHEJANI AGRO FOODS PRIVATE LIMITED,335800LXJU3WQ2JOPY36,FOSSIL AGRO,39838,66.66666666666667
Prakash Marketing,894500RQ1TMNYMGMT494,KONIJANE STRATEGIC MARKETING,40137,53.333333333333336
StillNorth B.V.,7245007S7ERU75K3EN59,LIMITED LIABILITY COMPANY STILSOFT,46059,42.85714285714286
"Massive media entertainment, MB",648800AJ6MK18NMITP23,"MARIMBA ENTERTAINMENT, S.R.L. DE C.V.",21104,74.07407407407408
JINCHANDRA INFRATRADE LLP,636700YJ3T453R4HW449,LLC RKS INFRASTRUCTURE,46038,51.28205128205128
CALCUTTA BELT CENTRE (BOMBAY),984500EC836K92EB8143,BOMBAY BEACH CLUB,54938,59.09090909090908
FJ Farms,254900E8T56XE1I0YP03,GM FARM,51084,66.66666666666667
U Kožaka s.r.o,894500RQ7D6FLLSIGO36,,,0.0
Stichting Archief Honig(H),724500R37GJJEGF40585,STICHTING AL HARAMAIN HUMANITARIAN AID,8262,60.0
Ganado Trustees & Fiduciaries Limited as trustee of The St Julians Trust,254900041HHU72OUGC55,PALESTINIAN AND LEBANESE FAMILIES WELFARE TRUST,15492,48.421052631578945
ART DESIGN SMILE SOCIEDAD LIMITADA,9598007HAEHU6NNNY868,BAJER SOCIEDAD DE RESPONSABILIDAD LIMITADA,26469,65.75342465753424
METALMECCANICA MONTONESE SRL,815600D665EC015EB285,METAL & MINERAL TRADE S.A.R.L.,11610,51.162790697674424
FIDECO SRL,815600475CB68AC00D51,FIDESYS,47511,61.53846153846154
Master Boel B.V.,7245000A1LO2GQOE9M43,"MASTER JOINT CO., LIMITED",52284,69.56521739130434
ENEREDIL S.R.L.,52990083VBUUI5GVSL71,ENERGOOIL,32732,70.58823529411764
"MR revize, s.r.o.",894500RQCWQ78L4E4841,REVIVAL OF MARITIME TRADITIONS,37478,50.0
Navyug Siksha Samiti,64880069LV3RS34DSV38,"SATEREH SHARGH SAMIN CO., LTD.",21545,44.99999999999999
FISCALINE,648800K8796TUJDYIJ77,,,0.0
HNDWD B.V.,724500ZMBWQE2O1BIL31,,,0.0
BUMBUM,648800GH19PL7FO4FZ23,,,0.0
DCAP GmbH,529900J68WWLJFJ3VD57,,,0.0
HOF COMPANY S.R.L.S.,894500RQIG9YVKG9RS56,WINDROSE TACTICAL SOLUTIONS S.R.L.S.,56371,30.000000000000004
Zakenkantoor Sandy DEGROOTE,648800UXBHL88I83WW94,ROCKET SANDBOX LTD,57854,43.90243902439024
HIM-advies B.V.,724500YBIL1N4GFV7B63,SAI ADVISORS INC.,24428,63.63636363636363
KAB CAD GmbH,984500BC0A5D57DBDC24,,,0.0
VALLEY VOYAGERS CLUB PRIVATE LIMITED,6488004U4ZF8FX93J416,OCEAN VOYAGE LLC,54510,56.25
TISNE,6488001H4MZE9NPMN320,FSBI TISNCM,49949,50.0
Ardennes chauffage s..,894500RQNZTQIJS5FC72,RIHS CHAOM CHAU CENTER,10923,47.61904761904761
GAERISH GLOBAL DEFENCE LOGISTICS PRIVATE LIMITED,648800ZQ93X1P1OUIP06,GLOBAL CENTRAL LOGISTICS FZCO,46738,65.57377049180329
Springstone,6488008NSV1PBMVRLV36,SPRING SHIPPING LIMITED,25853,53.84615384615385
R V CONSTRUCTIONS,335800R4W5CFMCIEWL74,FURAHA CONSTRUCTION PVT LTD,44459,77.77777777777779
Eriksberg Konsult och Förvaltning AB,894500RPL6ZD1OGZUG62,AKTSIONERNOE OBSHCHESTVO KONSALT,47743,49.23076923076923
AADESH INFRATECH,6488000B1M7OHW0HEU58,AO INFRAVEB,35001,59.25925925925925
GUNINA COMMERCIALS,335800TBC2OU1YF8XG83,WINDHAM COMMERCIAL GROUP INC.,26220,76.19047619047619
Stichting Sûr Atelier,724500DRDPDBMBYKDZ56,STICHTING ISRAA,53923,66.66666666666667
Compass Plus,648800XBBHNZU2IRBG04,LLC STATUS COMPLAINS,45047,64.28571428571428
QUOGA SOCIEDAD LIMITADA,959800B7MYT8G673S486,BAJER SOCIEDAD DE RESPONSABILIDAD LIMITADA,26469,64.51612903225806
NLOPTICS,9845001596XB3D74CA29,,,0.0
BEAU ROI,9845000E9AO79F0ED012,GAVIA BEAUTY COSMETICS PTY LTD,42256,41.17647058823529
TST DRIFT DA,648800EEISOQSA34D770,,,0.0
"KOBIT Holding, s.r.o.",894500RQTJDI5J412W03,"HOTEL HOLDING, S.R.O.",28058,82.35294117647058
WOW GREENTECH PRIVATE LIMITED,648800EPZYASN62GC451,GREEN WAVE TECHNOLOGIES,23465,61.111111111111114
Triwood Tischlerei GmbH,529900O3MS5AW0RBNO39,,,0.0
IN&MOTION,98450005149AE2FC6913,MOTIONAVIGATIONS LIMITED,51301,48.0
I.V.A.L.,984500E0D8C5D005BE53,,,0.0
KIRAT TRADING COMPANY,335800U0PLDIAGRA8994,RAHAT TRADING COMPANY,15580,84.61538461538461
KAJARIA SANITARY MART PRIVATE LIMITED,335800CKTW4WMY7C4O15,AMANA SANITARY AND PAINTS COMPANY L.T.D.,28534,71.42857142857143
COGNITE TECHNOLOGIES INDIA PRIVATE LIMITED,3358002OVQONXGAXYR79,CENTER OF DIGITAL TECHNOLOGIES,47514,79.24528301886792
SHUBHKARMA UDYOG PRIVATE LIMITED,648800NZE2L38VOLC208,,,0.0
Spilled Milk Productions ApS,984500F5540M883C4604,OAO SCIENTIFIC PRODUCTION CORPORATION IRKUT,35901,66.66666666666667
MINISTER'S KOURT,335800R8X0IEOTKVQ990,MINISTRY OF LABOR,21308,66.66666666666667
L.J. Hadderingh Beheer B.V.,724500J66T0BS12DCL46,GHADIR TOSE-E SAAMANEHAYE BEHENGAAM,25946,47.27272727272728
GOYAL AND SONS SALES PRIVATE LIMITED,335800U7FA07FVDV0S74,JOINT STOCK COMPANY SALEK,50338,54.54545454545454
VITO SOGN AS,648800XN3SPQ7ONZRE95,INDIO VITORIO S. DE P.R. DE R.L. DE C.V.,9400,36.36363636363637
MUKESH KUMAR,6488008LMAH4HT2UT825,A Y A UNIVERSAL DENIZCILIK KUMANYACILIK LIMAN HIZMETLERI ITHALAT IHRACAT LIMITED SIRKETI,48424,19.565217391304344
ERLT Holding AB,9845007996A8AF3D9610,"DELVEST HOLDING, S.A.",651,81.4814814814815
AWADHESH KUMAR,984500395999EE1C9C78,A Y A UNIVERSAL DENIZCILIK KUMANYACILIK LIMAN HIZMETLERI ITHALAT IHRACAT LIMITED SIRKETI,48424,25.531914893617024
"SB-IRODA Ingatlanhasznosító,-beruházó és Tanácsadó Korlátolt Felelősségű Társaság",875500CYGFUJP6YVRJ33,MATRIX METAL GROUP KORLATOLT FELELOSSEGU TARSASAG FELSZAMOLAS ALATT,49780,61.224489795918366
P. K INTERNATIONAL,3358000OFNSX8X566M23,N P C INTERNATIONAL LTD,11620,88.88888888888889
HEMISFERIO VERDE SL,959800XYTF23VM7UNQ04,DESARROLLO AGRICOLA VERDE DE SAYULA S.P.R. DE R.L.,18825,44.827586206896555
FISCHER & GREINERT Versicherungsmakler GmbH,984500637A4B0DFP5589,VERSOR S.R.O.,44579,34.78260869565217
ANTELLI S.R.L.,815600946566C76C8844,ANTELS OOO,41013,76.92307692307692
SRI VIGNESH INDUSTRIES,648800Y8ZNBVI9X44920,SHAHID NURI INDUSTRIES,19715,72.72727272727273
V4 TECHNOLOGIES,894500RPQQJ4ONSVI047,TOP TECHNOLOGIES SARL,24755,83.87096774193549
"MIQUEL RIUS, S.A.",959800V7D9H2S2RS3172,,,0.0
GI.CA COSTRUZIONI S.R.L.,815600427FECB88BCB61,COSTIN SHIPPING LIMITED,57134,50.0
FUNDACJA RODZINNA KUSIŃSKI,2594008P5YNAK9UZN423,FUNDACION ISSARA,15857,52.38095238095239
F.M.D. S.R.L. SEMPLIFICATA,815600A3CAEEC6B68D54,,,0.0
RAJESH SAHU,648800Y2TRWDONNVHW46,,,0.0
FL CONSULTING S.R.L.,529900R1OJWQOJESEO55,FORT CONSULTING OOO,43104,85.71428571428572
FAIRLEAD INSPECTION & TESTING PRIVATE LIMITED,894500RPWA2WBN4R5K26,FARADANESH INSPECTION SERVICES,55002,66.66666666666667
D.L. SALES,335800V5U9VB577KGD35,B K SALES CORPORATION,55876,70.58823529411764
REC ITALY FUND 1,815600B517E5D42C6606,ERA FUND LIMITED LIABILITY COMPANY,34668,58.82352941176471
GARBIBET CONSULTING SOCIEDAD LIMITADA,9598002DRQ88U6JB8Z45,"CONSULTORIA INTEGRAL LA FUENTE, SOCIEDAD CIVIL",18089,60.75949367088608
ROOSEVELT (CYPRUS) LTD.,984500K51EC981HD1C15,ELIT LIMASSOL-CYPRUS,50519,55.55555555555556
MUHABATH TRADERS,335800UZ8U20N2SHP565,SHAHNAWAZ TRADERS,10606,66.66666666666667
SOMEEK ENGINEERS,3358006NDV088L13LB74,SEYMEH ENGINEERING,24679,70.58823529411764
Slijpen Holding B.V.,72450019JF049ACD2W29,LUFINDO HOLDING LIMITED,51362,73.33333333333334
MONDAL FOOD PRODUCTS PRIVATE LIMITED,648800LPDD7R6VLD9J64,AL MOUKHTAR PRODUCTS CO. SARL,37424,64.86486486486487
ERAPARTMENTS SPÓŁKA Z OGRANICZONĄ ODPOWIEDZIALNOŚCIĄ,259400LN0CNSFYB4EC47,CALLLYNC SPOLKA Z OGRANICZONA ODPOWIEDZIALNOSCIA,57210,82.0
J R FORGINGS,335800ECGHX6AKOAA484,ANYANG FORGING PRESS NUMERICAL,48809,47.61904761904761
MADANLAL GUPTA FOUNDATION,648800IATHCPG7XGY552,TAMIL FOUNDATION,11347,73.17073170731707
SVAI S.R.L.,52990051DBGQ61IYTS48,,,0.0
MAHESH HANAMANT MOHITE,648800UFKQUII0HVP966,MAHER TRADING AND ENGINEERING,21562,38.297872340425535
SURABI IMPEX PRIVATE LIMITED,335800BDQ0R23VOOW543,MAVASAL IMPEX PRIVATE LIMITED,40928,64.0
United Energies B.V.,894500RPA3VTRPT8JC07,UNITED ENGINE CORP JSC,37782,85.71428571428572
Des Champs Chefs & Management B.V.,7245006XVCP9T5TOEX18,COMFORD MANAGEMENT S.A.,55221,66.66666666666667
LAXMI GEMS,648800L294RQLCP9YF96,WAZNI GEMS DMCC,42322,70.0
JOMAFEJA Fonds,529900KB9FNN0133KY61,FOND YAMAL,52032,58.33333333333333
Démétér Ház Nonprofit Zártkörűen Működő Részvénytársaság,8755002RK8L2KJ0E6Y93,CYTROX HOLDINGS ZARTKORUEN MUKODO RESZVENYTARSASAG,48069,73.58490566037736
ADAM FOSS ApS,98450097FAE808D6Z952,FOSSIL AGRO PRIVATE LIMITED,39838,60.0
IMMO DOMUS S.R.L.,5299002JTW2E3Y1OGF40,DOMUS TRADING HK LIMITED,57793,53.84615384615385
A.A. de Gans Beheer B.V.,894500ROZ0SAHR5H8840,GHADIR TOSE-E SAAMANEHAYE BEHENGAAM,25946,40.816326530612244
RUOCCO IT SERVICES,894500RM1PCPD3VRSO44,ITAUGUA SERVICES INC,53146,70.58823529411764
SINTESIS DE IDEAS SL,959800R5H67Y71CLTA82,JEWISH IDEA YESHIVA,4700,55.55555555555556
TILDECAP SOCIEDAD LIMITADA,959800T1HEXY0CHQ1N11,SOCIEDAD SUPERDEPORTES LTDA.,10473,64.15094339622642
GILTFI MARKETS LIMITED,254900ZU5AOZTNSFYD64,ALFA CAPITAL MARKETS LTD,34699,64.70588235294117
Mila Ventures GmbH,391200KJQ5J72RN1O032,PARK VENTURES SAL,42331,76.92307692307692
Polterauer Beteiligungs- und Verwaltungs GmbH,894500RP4KC24QHCVS26,NAI ENERGY EUROPE VERWALTUNGS GMBH,44265,61.76470588235294
P. Stehouwer Boksum Beheer B.V.,724500LGIPD16W3RKP75,BEHENGAM TADBEER QESHM SHIPPING COMPANY,56997,50.0
Florex društvo s ograničenom odgovornošću za zračni prijevoz,7478CO0O88HQ57BMKR12,DRUSTVO SA OGRANICENOM ODGOVORNOSCU RAD 028 ZVECAN,33990,72.89719626168225
PARTHAM MINERALS,335800RZ1NTDDBGG7363,OOO VARNA MINERALZ,47848,73.33333333333334
UEG INFRASTRUCTURE PRIVATE LIMITED,335800SW1MEPN00VCO14,LLC RKS INFRASTRUCTURE,46038,83.33333333333334
INCAMATIC SL,959800LQ1WL7B7WM5V20,PRO RATA INCASSO,42979,42.85714285714286
Hensl Expeditions UG (haftungsbeschränkt),98450080BFB5B7A75E20,JSC POLAR MARINE GEOSURVEY EXPEDITION,47929,52.77777777777778
M.G. van Rijn Beheer B.V.,724500ENJ288I75AHU57,BEHENGAM TADBEER QESHM SHIPPING COMPANY,56997,44.89795918367348
CGS FASHIONS,3358001ARZD8LF2FHG55,"VNV FASHIONS, S.A. DE C.V.",56053,74.07407407407408
NAMISH FREIGHT CARRIER,335800EZAMRXVNM2IM94,GATEWICK FREIGHT AND CARGO,28124,63.63636363636363
EVENTRA TRADE PRIVATE LIMITED,3358000WXZQ7TPROLV89,HESA TRADE CENTER,11195,73.33333333333334
VALDONAIRE DEVELOPMENTS SL,959800U7F9ED8JXYNM27,SALING DEVELOPMENT LP,42747,72.72727272727273
UI HFG,5299005O1I6C6VS01D76,,,0.0
Kevinbouwbedrijf,7245005VV92GPJMJ2M16,,,0.0
Toolx Oy,648800PRAUN8PESUTZ51,RBH TOOLS LTD,48824,57.14285714285714
DYNAMO S.R.L.,815600718CEFB5A63937,"POSH 8 DYNAMIC, INC.",26217,60.0
LA BESANA DEL TAJO S.L.,9598001D9WHDZA64VN91,,,0.0
EDHO Beheer B.V.,894500RO7B1GAUI2YG49,GHADIR TOSE-E SAAMANEHAYE BEHENGAAM,25946,43.47826086956522
DURGAMANI AAROGYAM CLINIC AND NURSINGH HOME,894500ROIE4ZKT5U9K91,HOME ELEGANCE COMERCIO DE MOVEIS EIRELI,34280,42.666666666666664
SONANDOVOY MUSIC SL,959800UR1WLYC8GYCX22,ROYAL SONA OSOO,52092,47.05882352941176
High Tech Mind B.V.,7245009LLORR9RVT3J56,SIGMA TECH COMPANY,17827,66.66666666666667
FAICREDITO - SOCIETA' DI MEDIAZIONE CREDITIZIA S.R.L.,8156006CC6D9F484BC79,ISLAMIC HERITAGE RESTORATION SOCIETY,10923,60.75949367088608
US BY KRONOS TORREJON SL,959800EZXJTZTHDS0513,HOTEL LAS TORRES,40797,50.0
BIO-BRAMHA TECHNOLOGIES PRIVATE LIMITED,33580082BR7WAMCVC025,BCI TECHNOLOGIES C.A.,44521,80.95238095238095
"INDIARUM, S.C.R. SA",959800K82V39Y6M6LH81,TR6 PETRO INDIA LLP,56405,59.25925925925925
NAVRIST FINANCE AND ASSET MANAGEMENT PRIVATE LIMITED,335800CLXH0EZYY9C434,OOO NAVIGATOR ASSET MANAGEMENT,34506,75.86206896551724
MEDICOM SUPERDRUGS PHARMACY PRIVATE LIMITED,894500RONXOR7SHPX403,PARADISE MEDICAL PIONEERS COMPANY,26582,57.692307692307686
BIHAG HOLDINGS LTD,254900ATTXF0D85YPT67,CHAM HOLDING,12744,76.92307692307692
Hexagro Fibre Private Limited,636700N9K1MOIZL02C58,GRODNO CHEMICAL FIBRE OJSC,12862,52.94117647058824
M. Janssen Holding B.V.,724500FRV54E2CFHA357,SHUEN WAI HOLDING LIMITED,11298,70.58823529411764
Doppelhammer-Werbung GmbH,98450009F9F07A891552,,,0.0
A&C Vermögensverwaltungs- und Beteiligungs-GmbH,391200CGRCVBO96T9579,BETENSH GLOBAL INVESTMENT & DONG DONG SHIPPING LIMITED,54334,42.352941176470594
GOPALA KRISHNAN GANGATHARAN,648800BIUGQ92E6H1K05,PCA XIANG GANG LIMITED,33275,53.65853658536586
VIMAL JEWELS,335800HAEH7LSY21AK44,TRIO JEWELLS LLC,49897,66.66666666666667
Loca People Events GmbH,984500DD107F515E0E96,THE PEOPLE'S DEFENSE FORCE,4702,70.0
QIA FIG Glass Finco 1 Limited,254900WAJEIKT6ZUNA18,LLC AGC FLAT GLASS KLIN,49468,55.00000000000001
QIA FIG GLASS HOLDING LIMITED,254900MMZ94ZI5SJMU97,TIAN FANG HOLDINGS LIMITED,40209,66.66666666666667
QIA FIG Glass Finco 2 Limited,254900VRHP3IUAF6HI69,LLC AGC FLAT GLASS KLIN,49468,55.00000000000001
CONTROLTECH,3358008K8FB1430BCF55,POUYA CONTROL,15605,58.33333333333333
IMMOBILIARE A&V S.N.C. DI MANZARDO MORENO E F.LLI,815600D3A2EB33FF9333,OZEAN IMMOBILIEN MANAGEMENT GMBH & CO. KG,44201,52.05479452054795
MD JALALUDDIN,335800E5QLPPU8IKV770,"GRUPO JALA LOGISTICA, S.A. DE C.V.",53947,33.333333333333336
Viadex (PTY) Ltd,894500RN4I72TZ6XDK50,,,0.0
JHL Holding ApS,984500AAC5F68C608X29,O.H.G. HOLDING SAL,50520,81.81818181818181
SHREE VINAYAK ENERGY,3358000KBRZ073S2BW10,ENERGY GOSTAR SINA COMPANY,30366,68.42105263157895
AZIENDA AGRICOLA NOCCIOLE D'AUTORE SOCIETA' SEMPLICE AGRICOLA,8156007C6CA135942641,"'AGRICOLA RUELAS', SOCIEDAD DE PRODUCCION RURAL DE RESPONSABILIDAD ILIMITADA",21577,53.54330708661416
Linden Investment B.V.,724500ANEBSAKJP8UD03,OCEAN LEONID INVESTMENTS LTD,54863,78.04878048780488
REALVANTIA S.L.,959800P5P67ZEA1PAQ14,USA REALLY,26234,52.17391304347826
M/S PRIYA POLYMERS,648800FLEZM5OG74BC31,TIVA POLYMER CO.,16527,66.66666666666667
M/S R. K. CONSTRUCTION,335800E9AZPD2ZDRMY24,TET KHAM CONSTRUCTION COMPANY LIMITED,11306,78.04878048780488
ARK SOUMYA ASSOCIATE,894500RNA1QUGYIT1456,PRODUCTION ASSOCIATION ARKTIKA,36049,60.0
GARCIN ALCOVER INVESTMENTS SL,959800UA9T9U1LW53L65,ALMERINA INVESTMENTS,24673,73.46938775510203
اجورا ذ م م,984500EEAF8A5C14DA21,,,0.0
Sent IT B.V.,724500371XSYU38I9G67,SENTYABR OOO,47964,53.333333333333336
Createron OÜ,648800DMPU9IF55QWK13,CREATIVE PYTHON,48963,59.25925925925925
MIRAE ASSET SILVER ETF FOF,33580096SP84THSP4913,LLC VEB.RF ASSET MANAGEMENT,35024,53.06122448979591
UNITED LANDMARKS LLP,3358001A8UABI6C0LS27,UNITED TANKERS LTD,53143,73.33333333333334
Taeke Posthumus Beheer bv,894500RNQOE5DWIFZS82,BEHENGAM TADBEER QESHM SHIPPING COMPANY,56997,52.83018867924528
HIGHLODGE AGENCIES LTD,9845004106AB595JCD15,HARDSEA AGENCIES,25801,70.58823529411764
RAJUBHAI SAMARIYA,648800DLTM8TMET2YE58,SAMARIA HOLDINGS LIMITED,52067,60.60606060606061
DishDesk V.O.F,724500JGFAR7VA942E35,,,0.0
MIRAE ASSET NIFTY METAL ETF FOF,335800AAEYV2ZSHC1A42,MOSPRESS METAL SPINNING AND FLOW FORMING FACTORY,48558,53.333333333333336
SKØYEN PARALLELLINVEST II AS,6367009CENE6Z52IP189,PARADISE MEDICAL PIONEERS COMPANY,26582,43.99999999999999
POMER ROYAL društvo s ograničenom odgovornošću za usluge,7478O42RWJTSZH7TDZ42,DRUSTVO SA OGRANICENOM ODGOVORNOSCU RAD 028 ZVECAN,33990,73.7864077669903
CHUBBS HOSPITALITY PRIVATE LIMITED,894500RNW7XX0VUBNC23,MICHIGANTAP HOSPITALITY PRIVATE LIMITED,56049,53.65853658536586
GETNET TECHNOLOGIES,894500RMIC00A1VERC28,NEW TECHNOLOGIES,50996,85.71428571428572
CLUB RESHA PRIVATE LIMITED,6488003BOCDBA2JU3K17,IRISL CLUB,25799,70.0
Powerants OÜ,648800LMTJCNBHQPQM13,POWER ANCHOR LIMITED,28339,58.33333333333333
P S QUALITY CERTIFICATION PRIVATE LIMITED,648800NBFM5AA52EHE67,"HUANGDAO INSPECTION AND CERTIFICATION CO., LTD",54195,62.06896551724138
Kiirkoristus OÜ,6488004CV1ISSNHJ6927,,,0.0
STRAKA Group s.r.o.,98450088BYE6C97V1289,STROYTRANSGAZ GROUP,16831,74.28571428571429
RLT Group OÜ,648800R92Q7ZCI1QMV49,ORIEL GROUP,57076,78.26086956521739
"BRAVOLOBO, SL",9598006K1R3WV9DRBV20,BRAVERY MARITIME CORP,32895,35.71428571428571
Sõnasadu OÜ,894500RO1RHONV67AW32,ROYAL SONA OSOO,52092,46.15384615384615
Oppida B.V.,724500X0U67Z3ZI2LK07,,,0.0
RaMa INVEST OÜ,6488006AU8S5WKLNGP79,TOUR INVEST LLC,58499,80.0
LONGLASST GLASSES PRIVATE LIMITED,648800RQBP26SMME6N71,GLASS COMPANY MEGASTEK,49411,64.51612903225806
MEHTA AS,984500KC036F8PB10635,,,0.0
Matsuri Farm OÜ,648800R2DD2RDZ9W7K88,FARMACIA LUDIM,40383,55.172413793103445
Scheiblegger Transport GmbH,5299002FADA8JL08FB44,LINER TRANSPORT KISH,12480,71.42857142857143
Schmitz Invest B.V.,7245006S1A70FATHLJ31,"M INVEST, OOO",29101,72.72727272727273
COMUNITA AGRICOLA SANVITESE SOCIETA COOPERATIVA,894500RE1GSS62Q1RS26,REVIVAL OF ISLAMIC SOCIETY HERITAGE ON THE AFRICAN CONTINENT,7149,58.00000000000001
ZING TECHNOLOGIES,335800WH4ED49APD8141,TOP TECHNOLOGIES SARL,24755,78.78787878787878
C R ENERGIES ENTERPRISES,894500RGCM1AQSO8L477,EAST AND WEST ENTERPRISES,7149,66.66666666666667
SARGON MANAGEMENT,699400GL1GDOS2Y9P279,RONIN MANAGEMENT B.V.,42978,84.84848484848484
JAM JAM HARI PRASAD,648800P54OZJW7W9TI44,,,0.0
DOLCE E SALATO S.R.L.,529900PWS67RKG37MT53,SALASKO OFFSHORE S.A.L.,28181,53.333333333333336
Emansa B.V.,724500CW9ZYASXJ58392,,,0.0
S&B Weninger KG,9845000415B0CEFCCF89,,,0.0
NIRANJAN EDUCATION AND CHARITABLE TRUST,33580023KVODVNT5WL79,ISRAA CHARITABLE FOUNDATION NETHERLANDS,53923,70.27027027027026
"InnoGrid Hungária Mérnöki, Kereskedelmi és Szolgáltató Korlátolt Felelősségű Társaság",984500092CAA84D9E850,MATRIX METAL GROUP KORLATOLT FELELOSSEGU TARSASAG FELSZAMOLAS ALATT,49780,58.27814569536424
JWKW Beheer B.V.,724500HX65L8TABGV080,GHADIR TOSE-E SAAMANEHAYE BEHENGAAM,25946,30.434782608695656
PURSUIT FIBC PRIVATE LIMITED,3358002MW1IZR2XS6039,,,0.0
Shri Narsinha Saraswati Sahakari Bank Ltd,894500RGI5L2DS048O18,GHARZOLHASANEH MEHR IRAN BANK,13143,54.54545454545454
Zilverfox B.V.,724500DQ9MIDFJ51RC20,,,0.0
GPRC - German PR and consulting group GmbH,9845002D14B88A746S56,VERUS CONSULTING GROUP,44544,67.9245283018868
The Trustee for Driver Australia twelve Trust,984500X4B3Y0BK23AC20,LIMITED LIABILITY COMPANY VELES TRUST,40783,51.72413793103448
EZP ApS,984500DD54C5T8DA6E52,,,0.0
"""Gotham Research"" SIA",648800H54LUG5XXR7F26,HAKIMAN SHARGH RESEARCH COMPANY,49833,71.42857142857143
MAM LA BOTTEGA S.R.L.,815600000802825B0D52,,,0.0
VENKATA SATYANARAYANA PARUCHURI,648800GI6PFZG24F2538,,,0.0
Linemann Holding ApS,9845004DGPFA86DE8F28,PRINCE HOLDING PLC.,55612,73.33333333333334
Wired Relations Holding ApS,984500DC5C69F543A670,SIDAR INTERNATIONAL HOLDING COMPANY WLL,37484,68.0
M. Pauw Beheer B.V.,724500DFD1T91VM4IN11,BEHENGAM TADBEER QESHM SHIPPING COMPANY,56997,40.90909090909091
SOMNIATE SOFTWARE SOLUTIONS PRIVATE LIMITED,9845003D6DL68F5F7223,FALCON STRATEGIC SOLUTIONS DOO,28120,63.1578947368421
Paporsi Unipessoal Lda,894500RNFLAM3XUOOO39,ISSA EMPRESA UNIPERSONAL,15711,60.86956521739131
Vi-consult ApS,9845000FB5AD745X9205,DEVICE CONSULTING CO. LTD.,43134,74.07407407407408
REKSA DANA ALLIANZ RUPIAH LIQUID FUND,254900Q4NIZ3NIMLRK32,FLY PERSIA PRIVATE DANA AIRLINES,58531,55.73770491803278
NIKKI INDIA FUEL SYSTEMS PRIVATE LIMITED,335800U17FWJRAG7GT89,GIGANT COMPUTER SYSTEMS LLC,50905,59.57446808510638
HENDEN UTVIKLING AS,636700NDEQX8SAX2XP54,,,0.0
KIEC Holding B.V.,724500ILENFAORJ6VL68,IFIC HOLDING AG,11628,83.33333333333334
CABINET DENTAIRE CHARLES COURTY,984500B7D3A51CVA4815,AERO COURIER CARGO S.A.,11404,53.06122448979591
SUBIR KUMAR DUTTA,6488003EB85T94CN5592,A Y A UNIVERSAL DENIZCILIK KUMANYACILIK LIMAN HIZMETLERI ITHALAT IHRACAT LIMITED SIRKETI,48424,28.865979381443296
Facta Non Verba Holding B.V.,724500JVQ1BFPF6BY718,NOVE-AD-HOLDING AD,31995,73.17073170731707
TTF TECHNOLOGIES PRIVATE LIMITED,6488009PEKMNZB7Z8S96,TOP TECHNOLOGIES SARL,24755,87.5
KUNDIR CHARITABLE TRUST,648800EMMM6WJDPQ6G08,AL-FURQAN CHARITABLE FOUNDATION,7149,66.66666666666667
NEW PRAKASH ENTERPRISES,894500RINR9TBIMFEG52,LORA ENTERPRISES LIMITED,23270,71.7948717948718
TITIMITI LTD,6367008NYPK3L8MKUC46,,,0.0
Lumi Trust 2026,335800YX5MENCW7JQE85,TRUST LIFE,27192,64.0
PANNA POMODORO SL,959800S80KASPBYD3V04,,,0.0
Riddering Management en Advies B.V.,724500FJYJKCTVS3FM48,PROPER IN MANAGEMENT INC,26656,68.0
GANESH CORPORATION,648800UH9Z3VO1J1T589,,,0.0
SHIVAJI RAMCHANDRA PAWAR (JEWELERS) PRIVATE LIMITED,894500RG1IXRGU0HA026,AL-KHALIDI JEWELRY SHOP,24760,49.056603773584904
The Averil Anne Kidd Discretionary Will Trust,894500RHFEVO7NZE6041,AL-AKHTAR TRUST INTERNATIONAL,7946,50.74626865671642
MIRAE ASSET NIFTY INDIA INFRASTRUCTURE & LOGISTICS ETF,3358005KSD9LQK93CL25,LIMITED LIABILITY COMPANY INFRASTRUCTURE CORPORATION AEON,45979,61.728395061728406
K S R TRANSPORT,894500RITATKYHYB2016,LINER TRANSPORT KISH,12480,74.28571428571429
Floris van Rosemondt C.V.,724500ND7BHM6R8SCY10,ROSETTA GAMING S.A. DE C.V.,56333,55.00000000000001
MIRAE ASSET NIFTY 500 VALUE 50 ETF,335800W32BKKBB9D8Z22,BREEZE MARINE ASSET MANAGEMENT INC,54426,50.0
HONEY RICE MILL,6367007QGRUDVULR2E91,MEHRAN PAPER MILL,17355,56.25
NEW ROSHAN ENTERPRISES,894500RIYUDCLHA6PK74,LORA ENTERPRISES LIMITED,23270,73.6842105263158
MICRO TOOLING SYSTEMS INDIA PRIVATE LIMITED,98450052FA3F0E5D4A28,LLC SPC MICROSYSTEMS,47634,60.46511627906976
Samantha Pearce Flexible Revisionary Trust,984500872J07E3D9A832,PALESTINIAN AND LEBANESE FAMILIES WELFARE TRUST,15492,49.411764705882355
G R ENTERPRISES,6488009OYXCEVQSHOB04,LORA ENTERPRISES LIMITED,23270,83.87096774193549
FONDAZIONE PER L'AGRICOLTURA FRATELLI NAVARRA,8156007FD287A5A24F72,"DESARROLLO AGRICULTURA VERDE DE SAYULA, S.P.R. DE R.L.",18825,57.47126436781609
J. Knaven Beheer B.V.,724500YPQCL549UBSD26,GHADIR TOSE-E SAAMANEHAYE BEHENGAAM,25946,40.0
The Trustee for Illawarra Series 2026-1 RMBS Trust,984500C57B81E0039F69,LEDRA TRUSTEE SERVICES LIMITED,42065,56.25
FYTIKA HEALTHCARE PRODUCTS LLP,894500RFKWAGJW0UBC32,AL MOUKHTAR PRODUCTS CO. SARL,37424,65.11627906976744
PandaTech OÜ,894500RJFH0NIF9TO824,PANDA MALDIVES PVT LTD,44451,46.15384615384615
MRS METALLICS PRIVATE LIMITED,648800PJQJ33ZP0AUU41,THOMAS METAL S.A.,57115,64.0
SANTA LIBERATA SOCIETA' SEMPLICE,8156000FCBC6E98B0404,BOSQUE DE SANTA TERESITA LTDA.,11783,59.64912280701755
MUHAMADYAKOOB,6488006E8ZZKKWGGZ493,AL-MUHAMMADIA STUDENTS,7140,50.0
NOMONDAY SPÓŁKA Z OGRANICZONĄ ODPOWIEDZIALNOŚCIĄ,259400SBUAXGOBAFR854,CALLLYNC SPOLKA Z OGRANICZONA ODPOWIEDZIALNOSCIA,57210,85.41666666666666
INOX POWER S.R.L.,81560071A3460E3E7E19,POWER ANCHOR LIMITED,28339,72.72727272727273
AITAM RAMESH,64880004WMQ8BKXBJ982,AO RAMEK VS,48507,60.86956521739131
Videograaf OÜ,894500RJQK46SDXKZC51,,,0.0
PAWAN KUMAR BHARDWAJ,648800C5U2EEZLAA5Y22,"BHARDWAJ, S.A. DE C.V.",54709,58.06451612903225
Geschwister Croll GbR,3912009ZAJHO0WZE7D26,,,0.0
AFAYA 2018 SL,254900HTMS6JJ9YUL177,,,0.0
Maro Holding B.V.,724500TWH9ATGZIRKL84,MAKO HOLDING,18325,91.66666666666666
PACHORA GAS COMPANY,648800COTZJK6MJAHQ66,FRESCOS EL PACHON,15674,56.00000000000001
Marketing Monkey OÜ,894500RKCQB9CB93LK13,STAR MARKET MELANYE,26796,57.89473684210527
Krebsgesellschaft Mecklenburg-Vorpommern e.V. Mitglied der Deutschen Krebsgesellschaft,984500010F9C4CB93A13,NDA NORD-DEUTSCHE INDUSTRIEANLAGENBAU GMBH,39537,39.66942148760331
Karl Guntrum Bauunternehmung Gesellschaft mit beschränkter Haftung,894500RFFCQOWWOYNS91,MOJTAMAE SANATE HAFTOME TIR,10863,30.107526881720425
COMPAGNIA DI S.ORSOLA ISTITUTO SECOLARE D.S.A. MERICI,81560085DF771329AD65,"REI COMPANIA INTERNACIONAL, S.A. DE C.V.",43842,53.16455696202531
Houndstooth Holding B.V.,724500E1N1F5EUG3BX22,NOOR HOLDING SAL,28168,70.96774193548387
SEBASTIAN PANACKATHOTTAM,648800KRKMW9G7K6DY05,SEBASTIANO,15709,52.94117647058824
Safety 4 Projects B.V.,724500H6WI6427J0C354,WA'D PROJECT,11346,68.96551724137932
GeekTrade OÜ,894500RKI9V0ZAKZ9485,,,0.0
BHAGYALAKSHMI EDUCATION AND CHARITABLE TRUST,648800FHN5A4C9RH7U27,AL-AQSA CHARITABLE FOUNDATION,7637,60.60606060606061
SATYA SOLAR PARKS PRIVATE LIMITED,648800F9SC6AY7LYTH20,PARKSTROY-SOFIA OOD,31997,61.111111111111114
Budget Housing B.V.,724500RFN1N5720AEP29,HOUSING BANK - OF IRAN,4633,58.06451612903225
Catigo Holding AB,636700OIPGXTRJBGOO79,GMCG HOLDING CORP,54838,76.92307692307692
osaühing ENNUSVARA,894500RJL0KF5ELPBS14,,,0.0
GREEN TECH SOLUTIONS,894500RKNTESM9WUWO11,RG SOLUTIONS LIMITED,48588,68.75
M/S DOON VALLEY PUBLIC SCHOOL SOCIETY,9845008K6F3B39ECNB10,PUBLIC JOINT STOCK COMPANY SOLLERS,44880,53.968253968253975
Angium Curat B.V.,7245000Y9MY3Z64GIM65,,,0.0
PRIYANKA SHARMA,984500C57P4D66E74178,ANSAR AL-SHARIA,16475,66.66666666666667
SHREE SHYAM POLYMERS,648800LOEMLPT2NDQC61,ARYA SASOL POLYMERS,30143,56.41025641025641
MOBILE HOTSPOT,3358003B8CORRVCYC457,MOBIN HOLDING LIMITED,29624,51.85185185185186
SIA “Yes Yes”,894500RKTCYK998QK886,,,0.0
Jos Burger Holding B.V.,7245001VOY6GNUNE3R53,AGROGATE HOLDINGS,37487,68.57142857142857
CLUSTER ALUMINIUM CORPORATION,894500RI74MIEKMSFS25,SOUTH ALUMINUM,25883,70.96774193548387
AOM Ventures UG (haftungsbeschränkt),391200NNVRFGJZ14XJ03,CUBE VENTURES SHIPPING SA,51721,57.14285714285714
SANZIO LIFESCIENCES PRIVATE LIMITED,6488004NXW3ILE757Z61,SHREYA LIFE SCIENCES PRIVATE LIMITED,51297,76.92307692307692
VEERAANJANEYA INDUSTRIES,9845003F7AA42C09F971,TAEWO'N INDUSTRIES,20579,66.66666666666667
SATYA RENEWABLES PRIVATE LIMITED,648800T2XHFLBCQDMC91,RENEEZ SHIPPING LIMITED,48182,45.16129032258065
Vident Group SIA,894500RKYWIBW8KM7S55,SEVEN SEAS GROUP S.A.R.L.,57213,75.0
Synerventum B.V.,724500NDODKC1M3CYB33,BLM SYNERGY LLC,50753,45.45454545454546
AUSPIC GIFTS NETWORK PRIVATE LIMITED,648800R5P5TU62RX1H57,AUSPICIOUS TYCOON LIMITED,55465,59.45945945945945
SARL JDM INVEST,894500RGT8OLNQNVJS20,"M INVEST, OOO",29101,88.88888888888889
GÁBA AS,648800G96ARM42REI734,,,0.0
"MERCK GLOBAL HEALTH INNOVATION FUND, LLC",254900V11XTTVZ63PH54,STOP-IMPERIALISM GLOBAL INFORMATION AGENCY,36139,57.14285714285714
MIRAE ASSET NIFTY 500 HEALTHCARE ETF,335800YZ4AF5RQXXHP27,OOO NAVIGATOR ASSET MANAGEMENT,34506,48.38709677419355
"REINER WERT S.R.L. SIGLABILE ""RW S.R.L."" E ""R.W. S.R.L.""",815600BC61D897E63690,JOINT STOCK COMPANY RUSSIAN NATIONAL REINSURANCE COMPANY,49160,37.68115942028986
4M INVEST,894500RI1L2QRLAWS879,LLC A INVEST,46053,82.35294117647058
Wirelabs AS,894500REYQ3DZYPBP421,"CHENGDU KEYLINK WIRELESS TECHNOLOGY CO., LTD",48759,27.906976744186053
RACHIN DEWAN VENTURES LLP,648800W3Z7849MMP7A37,VALIANT MARINE VENTURES FZE,53877,68.18181818181819
MIRAE ASSET BSE INDIA DEFENCE ETF FOF,335800NE6ZBDYOB2PW82,MINISTRY OF DEFENCE EXPORT CENTER,13156,56.71641791044777
DNP ENGINEERS PRIVATE LIMITED,894500RL4G23J7WHVC41,S 7 ENGINEERING LLC,47939,71.42857142857143
Ciracha’s Caring,724500YM90AWNDQV7L21,"BIENES RAICES DEL CARIBE, S.A.",19167,50.0
PMA HOLDING GROUP LTD,984500UA2EFFBEF46854,ML HOLDING GROUP LIMITED,39279,90.9090909090909
SRI CHARAN SILK TWISTING FACTORY,648800P45O2XJ0558Y02,IRKUT AIRCRAFT FACTORY,35352,55.55555555555556
Spencer sp.z o.o.,894500RL9ZLV678DIW13,,,0.0
Decidimos Holding N.V.,724500MGOJ8LODV5O147,"GEMUHO HOLDING, INC",19939,70.96774193548387
OPTIHOTEL SPÓŁKA Z OGRANICZONĄ ODPOWIEDZIALNOŚCIĄ,259400NBIFXSLMN44P96,ROSETTA GAMING SPOLKA Z OGRANICZONA ODPOWIEDZIALNOSCIA,56336,81.55339805825243
ASHISH ASSOCIATES,894500RH4BS4XPBMUW62,ASSOCIATION FOR PALESTINIAN AID,7911,59.09090909090908
RAGALORE ENTERPRISES PRIVATE LIMITED,648800S8J6VIRGUROW81,LORA ENTERPRISES LIMITED,23270,83.33333333333334
Artha Securitisation Trust 18,335800S0NUM9LPMM2S13,AL-AKHTAR TRUST INTERNATIONAL,7946,61.81818181818181
GANPATI VIHAR PRIVATE LIMITED,6488000YGN4DX4BV1769,,,0.0
De Groene Draak B.V.,724500W893NZ1KQE8F68,,,0.0
M & M CONSULTING - LICENSING S.R.L.,815600D047364C394096,TRILEMMA CONSULTING LTD,40803,69.76744186046511
VISHAL ENTERPRISES,6488001CNAYJA4J90A20,LORA ENTERPRISES LIMITED,23270,76.47058823529412
RS STEEL CO,894500RLFJ5MT6K96G16,SKS STEEL COMPANY,28286,82.35294117647058
WS TURBINEMAR PRIVATE LIMITED,648800KZ14KU1L2DKP66,JSC TURBINA SDB,37696,58.33333333333333
BACKOFF\' PHARMA,894500RHQHZ7HMN5H496,CITY PHARMA SARL,28535,64.0
RAM OVERSEAS,648800M6Q7XTYDES5U91,RUSATOM OVERSEAS JSC,42069,85.71428571428572
MSB AGROTECH PRIVATE LIMITED,6488000KM3BDLLBFVO83,AGROPECUARIA MAIS S.A.S.,20208,62.06896551724138
Sanjay Kumar Agarwal,648800KPN58BLESYTI37,KEYHAN SANJESH AZMA,54049,51.28205128205128
Saroj,648800XO7NFT6W81V178,JSC SAROVBUSINESSBANK,34539,36.36363636363637
HALLI & HALLI GREEN ENERGY LLP,6488004LGUJOLFKAAE57,"SHANGHAI QIANYE ENERGY CO., LTD.",57864,60.86956521739131
Rudra Securitisation Trust 17,335800CE0IAPL36G9L64,TARABAR-GOROUS TRUST TRANSPORTATION,25944,59.375
KREST HORIZON LLP,6488001G0EIUHJ0O0X19,ORBITAL HORIZONS CORP.,13353,68.96551724137932
ZigZag Holding B.V.,724500UGY06AWWRJIP38,MAGUS HOLDING LLC,26206,74.07407407407408
SHANKAR AUTO SERVICE,894500RLL2PEG5W4U055,IRKUT-STANKO SERVICE,35905,75.0
BARLIN 09 2026,335800AJ3FS62IZN8S31,AO NPK BARL,40237,48.0
PHARMA DISTRIBUTOR,648800JS4EN3XS3FXE80,DISTRIBUIDORA IMPERIAL,7156,70.0
"ADGT FLEX SPC, SEGREGATED PORTFOLIO QUASAR QUANT II",254900F7T9Q32RGC0C47,"QUANZHOU YIYANGJIN IMPORT AND EXPORT TRADE CO., LTD.",40212,43.18181818181818
NOVEL WEB DESIGNS LTD,98450011F8A61DE88C85,LLC RM DESIGN AND DEVELOPMENT,44000,57.89473684210527
LIVE CONSOLE LLP,6488001G3FTH4YY7LQ75,LLC CONSOL-STROI LTD,26505,66.66666666666667
JAI BAPJI ISPAT PRIVATE LIMITED,6488006DSCQDC3VUPC47,,,0.0
Kapital Dock GmbH,391200IE5MQSJ95G0S43,IFD-KAPITAL,22416,78.26086956521739
SHREE SHYAM SALES,648800GXL6NHNPO2X411,SHREYA LIFE SCIENCES PRIVATE LIMITED,51297,59.45945945945945
RAYMAX,894500RHKYFFUNB9TK22,RAYMING TECHNOLOGY,55456,33.333333333333336
Flexituff Exports,648800H7Q4T8STH6GP79,GOKLER IMPORT AND EXPORT LIMITED COMPANY,48263,59.45945945945945
VAIIBHAV LAKSHMI BUILDWELL PRIVATE LIMITED,894500RLQM963580HK65,MARI MACHINE BUILDING PLANT JSC,37700,49.056603773584904
Apocalyptic Visions OÜ,9845000E7C5F89AZF624,GLOBAL VISION GROUP,26119,63.41463414634146
KUNAL FOOD PRODUCTS PRIVATE LIMITED,648800764X0N0GZKZG10,MEDIN PRODUCTS S.A.S.,58003,66.66666666666667
SANTA TERESA CAPITAL SL,9598002H4SX5DDT2PU70,MARSHALL CAPITAL PARTNERS,17449,66.66666666666667
SOLAR ROOTS PRIVATE LIMITED,648800887OCA8HYQM536,ROSTELEKOM SOLAR,44851,66.66666666666667
PROSTAMOL S.L.,9598006QFPX06ZAE5V74,RETAIN PROSPER LIMITED,55554,46.15384615384615
BL service AB,894500REI3G330POQG07,PALM SERVICE LIMITED,25841,81.81818181818181
KFZ-Sachverständige Nordheide eGbR,391200EXGX9LI1LZFD62,NORDIC RESISTANCE MOVEMENT,49260,46.666666666666664
METAL ORBIT,648800366Y8VOTXNOW78,METAL SPRINT,47527,78.26086956521739
MUKESH TAYAL,648800DA6AE6Y6FJYX22,AL-TAYAR AL-RISALI,28283,50.0
SUNIL KUMAR BANSAL,9845001Y3D5E1555A906,A Y A UNIVERSAL DENIZCILIK KUMANYACILIK LIMAN HIZMETLERI ITHALAT IHRACAT LIMITED SIRKETI,48424,30.612244897959183
SOCIETE GENERALE DE RENOVATION ET DE CONSEIL,894500RH9VBWKONIIG80,SOCIETE GENERALE DES PAINS,28178,68.75
INDUSTRIAS GRAFICAS SAN MAR SLL,9598003JZ91NGE5Z6D13,IRAN AIRCRAFT INDUSTRIES CO.,23464,65.45454545454545
SHASHI PRABHU & ASSOCIATES,648800GK7BS2KLXEPH50,EBRAHIMI AND ASSOCIATES PARTNERSHIP COMPANY,57695,69.0909090909091
PEEYUSH MISHRA,648800LLBW58ZSM28N52,,,0.0
EKO X-RAY PRIVATE LIMITED,6488009YNQLV8ZPYUL12,,,0.0
RIVIERA CAPITAL,984500F1A4EC6865C771,OOO OTKRITIE CAPITAL,34508,77.41935483870968
HANS SCHIESS MINDELEGAT,6367000QCELQDEU16S26,HANSA SHIPPING INC.,58116,48.64864864864865
"CRESTON LABS, SOCIEDAD LIMITADA",959800LU70CES8KXEU60,"P L M SOCIEDAD DE CORRETAJE, C.A.",23897,59.64912280701755
VIDYASAGAR DAIRY LIMITED,894500RMCSG8N2JJ3S31,SANTA MONICA DAIRY,10366,64.70588235294117
BLESSINGS AI S.R.L.S.,529900MAHRTP5NKH3D28,WINDROSE TACTICAL SOLUTIONS S.R.L.S.,56371,36.73469387755102
Krishna Travels,648800YB5SJJ3XENTI32,KAISSA TRAVEL CO LTD,57189,78.57142857142857
AVANZA CAPITAL 67 SL,959800PM256MDFMDM842,AVRORA CAPITAL SRO,40825,68.42105263157895
BARRABESCORELLA 2018 S.L.P.,959800WCZA9UXHHAFG53,BARRIO 18,55416,48.484848484848484
MITTAL SARAF LIMITED,6488001PC1ML3DTY9R75,AL-AMAQI LIL-SARAFAH COMPANY,20820,62.06896551724138
ADVANCE EDUCARE SOLUTIONS OPC PRIVATE LIMITED,6488002J1D1H9KH3S859,ADVANCE SECURITY SOLUTIONS,56996,76.36363636363637
COMPUTER DESARROLLOS INFORMATICOS S.L.,959800EVCVWP7KW0V177,"DESARROLLOS TURISTICOS FORTIA, S.A. DE C.V.",13008,67.64705882352942
Libri Projecten B.V.,724500RMU07CL8XB0L38,LIMITED LIABILITY COMPANY SOUTHERN PROJECT,25691,68.29268292682926
ALPIMMO,894500RGYS8DAPZR7C69,"GREEN ALPINE TRADING, LLC",52175,29.629629629629626
KAPIL BHALLA,648800CPAZ2Y2FZO8T88,AO MIB KAPITAL,41918,53.84615384615385
SHIVANSH FOUNDATION,335800CSHSL29GZU5E70,SHAHID FOUNDATION,10410,83.33333333333334
Konsulent Claus Ottow Jensen,648800A9WSLIMJPWUO77,AKTSIONERNOE OBSHCHESTVO KONSALT,47743,53.333333333333336
Freesia Trust 2026,3358002NPPW2UFFR5I90,AL RASHID TRUST,6912,60.0
MHL Trading GmbH,391200OCFJITDXU90758,"MILEN TRADING CO., LIMITED",54186,83.33333333333334
Hotell Östergatan 108 Aktiebolag,894500RECJWBG1DT2W77,BOLAI INTERNATIONAL HOTEL,57244,59.64912280701755
CBBC Holding ApS,648800OIE4KJ0WUU2G28,GMCG HOLDING CORP,54838,75.0
BHAGWATI FATS AND EDIBLE OILS PRIVATE LIMITED,648800L5DANEJ38CJY65,AL AHMAR OILS SUPPLY AND DISTRIBUTION,47268,43.63636363636364
CB Beteiligungen GmbH,391200B2GLHR4L6K7L48,BETENSH GLOBAL INVESTMENT & DONG DONG SHIPPING LIMITED,54334,33.333333333333336
ARVEA Investments AG,3912008HGEWYFBKSJF24,ARP INVESTMENTS LIMITED,49151,87.5
Techcore Holding ApS,648800UN65COBIB2AB19,LLC RCC HOLDING COMPANY,44987,74.07407407407408
TSU Concept GmbH,391200FEEN9O18ZOCJ10,CONCEPTOSCREEN,36083,64.0
MERLIN PROJECTS REAL ESTATE LLP,648800JDHBPL0OMZ9862,OZEAN REAL ESTATE GMBH AND CO. KG,44604,63.63636363636363
Ott Fenster & Innenausbau GmbH,529900U9YSCN4245Y512,,,0.0
JAI SANTOSHI MA GRAMIN VIKAS MANDAL,648800IZV0X7VA2DNO91,AGROPECUARIA HATO SANTA MARIA LTDA.,11903,52.17391304347826
ARES MARKET MILANO SRL,894500RE70CJT21XFC37,AL-KHAIR MARKET,23051,60.0
Columbia Hamilton Lane Growth Innovation Fund,5299000Q1MCQZWBFPL48,RAMZINEH ELECTRONIC COMMERCE INNOVATION COMPANY,57092,57.14285714285714
BLUEGRASS HUTTERIAN BRETHREN,894500RGNP4U0RBZW866,BLUE DASH GENERAL TRADING COMPANY LIMITED,58275,52.83018867924528
BEENA GUPTA,648800R1MQDD1U0I2197,,,0.0
Autoteile Becker GmbH,894500RFQFU86VCPYW10,CROWN AUTOMOBILES,26175,60.60606060606061
N D DAMANI (HUF),335800RZ3ZO0K5Z0AK23,DAMAVAND MINING,30379,48.275862068965516
Ulrich Porwollik Communications GmbH,391200YCR27GVVAJ6U60,LIMITED LIABILITY COMPANY SPACE COMMUNICATIONS,47559,65.57377049180329
afi Beteiligungs UG (haftungsbeschränkt),894500RG72HJ3TCCXK36,BETENSH GLOBAL INVESTMENT & DONG DONG SHIPPING LIMITED,54334,39.02439024390244
IMMOBILIARE ALEARDO SRL,894500RDVX90J3E64883,SERVICE IMMOBILIERE ANTIBES SAS,38036,56.52173913043479
Hansen Investment eGbR,391200R6TQD9CV2U8S84,CHAPS INVESTMENT INC.,15866,73.6842105263158
BPH Beteiligungs GmbH,391200Y2174X1BA45W33,BETENSH GLOBAL INVESTMENT & DONG DONG SHIPPING LIMITED,54334,33.333333333333336
Alpha 2026,335800VSATW4SAH4BJ94,KGB ALPHA,30702,52.63157894736843
PIRAMAL ALTERNATIVES INVESTMENT FUND I- SCHEME III - LVF,335800ACE6PN24WSSO89,MEHR EQTESAD IRANIAN INVESTMENT COMPANY,12802,57.14285714285714
INSPIRE KITCHEN LLP,648800CNAAZR3BLKB203,BAKE AND KITCHEN,21666,66.66666666666667
Stuckateurmeisterbetrieb Torsten Nolden GmbH,894500RFVZDZTUOLMG71,,,0.0
AHS EXIM SOLUTIONS,335800W0UG6NMG430D18,ALCHEMICAL SOLUTIONS PRIVATE LIMITED,54999,73.6842105263158
TPO TECHNOLOGIES PTY LTD,254900GY3ANXE912TM67,TOP TECHNOLOGIES SARL,24755,83.33333333333334
Langevik Holding AB,984500460D4505751610,LARK HOLDINGS PTE LTD,36277,75.86206896551724
Müller Logistik Immobilien GmbH,529900DFY2F19UA8IO34,LIMITED LIABILITY COMPANY YATEK LOGISTIKA,50306,62.745098039215684
EXPERIA PREFAXO PRIVATE LIMITED,648800VBKG92D7J7M207,EXPERT PARTNERS,16996,60.0
SHREE SHYAM ENTERPRISES,335800GTSARUTPZQV426,LORA ENTERPRISES LIMITED,23270,71.7948717948718
TS AGRIPV GREEN POWER PRIVATE LIMITED,3358006MGE265NRPAW20,SMART GREEN POWER,24744,68.42105263157895
SC SERVIZI SRL,894500RDQDP8W42AGO69,AMC SERVICE FZC,46508,66.66666666666667
Mücke Angeln & Freizeit GmbH,3912000MK7BX6OC5CF96,GATEWICK FREIGHT AND CARGO,28124,51.162790697674424
SHAAN ENTERPRISES,648800WRDV3D2VQBF534,KAFAK ENTERPRISES LIMITED,17770,82.35294117647058
HAVONA VENTURES LIMITED,9845003D97EBBA50E861,LLC VEB VENTURES,35004,74.07407407407408
TW Cargo GmbH,391200QPKR1H8NZ5CB12,PARTHIA CARGO LLC,29382,66.66666666666667
GURMEET KAUR,648800HOK7OIPL5KTN27,,,0.0
The Trustee for Conos-Leakes Road Unit Trust,984500B08DFFC4574B26,UNITED SELF-DEFENSE FORCES OF COLOMBIA,6895,53.52112676056338
ALMACIBEX,894500RDKU5H94QET429,JSC RPE ALMAZ,37684,55.55555555555556
VFH MANAGEMENT CONSULTANTS LLP,648800RQ6GBQ7E1KML78,CAPITAL TAP MANAGEMENT AND CONSULTANCIES L.L.C.,48961,70.96774193548387
Qwickets GmbH,391200HP56G08ZKIZH69,,,0.0
VAR Holding ApS,636700BFE8TRDCE55O51,RB HOLDING LIMITED,42744,85.71428571428572
SBL GUNJAN 0926,33580030ABB9MQ6WH997,,,0.0
AURUM PTC SERIES G-8,3358000JY6MEM34PEM44,AURUM SHIP MANAGEMENT PTE. LTD.,34958,53.65853658536586
ZANAHORIAS DONA PEPA SL,9598001ENNTDVT16L498,N.P.T.T. DONA-SHELL,17626,47.36842105263158
RAJ GOYAL,648800EF9ZJ53L0OHZ08,,,0.0
Hellmans Mat i Dalarna AB,894500RENMZUQ01KE003,,,0.0
SBL Charu 0926,3358003CRR238RXVSD32,CHARSO LIMITED,23285,50.0
BANDANA AUTOMOTIVE PRIVATE LIMITED,648800LK2XNXWGHNE074,OJSC MINSK AUTOMOBILE PLANT,41318,60.0
PAPER PACK INDUSTRIES,6488008FXL7PXK9TI233,SHER MATCH INDUSTRIES (PVT.) LIMITED,10607,76.19047619047619
KALASH CONTAINERS (INDIA) PRIVATE LIMITED,894500RBF8GQBE43NC64,CONCERN KALASHNIKOV,16911,61.904761904761905
J.BAK GmbH,3912001CH47Y7JN6VM42,,,0.0
Muníció Holding Zártkörűen Működő Részvénytársaság,875500YZPN8HACL79P08,CYTROX HOLDINGS ZARTKORUEN MUKODO RESZVENYTARSASAG,48069,84.0
LAXMAN HEMANDAS LALWANI,9845004EB88E72A3B836,,,0.0
Joerck Estates ApS,984500752CFFCF557270,OCEAN ESTATE COMPANY LIMITED,44272,69.23076923076923
"VELASCO CAPITAL, S.L.",894500RDFALPM5EJ5K48,IC VELES CAPITAL LLC,40780,76.47058823529412
Brigitte Becker Vermögensverwaltungs GmbH,391200W6M8ARTMY7ZX05,BANNER OF THE LINE OF FIRE BRIGADE,44620,46.666666666666664
JIMALAGRI SL,959800BH1FWQ0NZPDC66,"NEGOCIOS JIMAR, S.A.S.",58381,53.84615384615385
NIMBUS ITES LIMITED,3358006OJVP758RN8F46,,,0.0
DISTRIBUCIONES MENDOZA-DIAZ E HIJOS SL,959800H54405V1JVJ158,HEAVY OIL DISTRIBUTION COMPANY HODICO S.A.L.,50482,59.70149253731343
equitrinity GmbH,3912001ZJH4QHEE5ZS54,SCIENTIFIC EQUIPMENT GROUP,48655,48.64864864864865
CLASSIC EDUCATIONAL AND CHARITABLE TRUST,984500FDCA0CD3AC1258,BECF CHARITABLE EDUCATIONAL CENTER,7323,62.857142857142854
RATHORE SOLAR PRIVATE LIMITED,984500AF611E8D6CFA57,ROSTELEKOM SOLAR,44851,62.06896551724138
AYSA GAMBOA SL,894500RD9R1XZ62NI092,BUFETE CELSO GAMBOA AND ASOCIADOS,54416,46.51162790697675
MATA MAHAKALI MAHILA MAGASVARGIYA SAHAKARI SOOT GIRNI LIMITED,894500RB9OWYOES7ZS81,BEIT EL MAL AL-PHALASTINI AL-ARABI AL-MUSHIMA AL-AAMA AL-MAHADUDA LTD.,7115,48.0
W. Bicker Beteiligungs GmbH,391200V683DJ51FZEN59,BETENSH GLOBAL INVESTMENT & DONG DONG SHIPPING LIMITED,54334,36.92307692307693
The Trustee for R D & J L FARLEY FAMILY TRUST,9845008ED9FZADA60A57,PALESTINIAN AND LEBANESE FAMILIES WELFARE TRUST,15492,51.28205128205128
MAREOLICA SOCIETA' SEMPLICE,81560098B76F636D4A52,PALESTINIAN RELIEF SOCIETY,7911,61.53846153846154
MAFATLAL AND SONS CO,648800HCRQSN9KGW1G27,AKHTAR AND SONS PRIVATE LIMITED,52051,66.66666666666667
ZINCK EJENDOMS INVEST ApS,894500RD47I6C6QRUG55,MK INTERROS INVEST,40575,61.53846153846154
Industrie- und Eilservice GmbH,391200QQ1KKOU7CCGF12,IRAN ELECTRONICS INDUSTRIES,11184,70.58823529411764
VIBRANT VRAKSH DEVELOPERS,335800ZIYHP6DFHBGH53,LANDTEK DEVELOPERS,19974,69.76744186046511
Schreibers GmbH,391200OY8WU2Y3Q2IB19,,,0.0
NEXTAR S.R.L.,815600F5EA0D2358DE61,,,0.0
Nesoi AB,6574006Q57D42QY7MV12,,,0.0
MVP Walzen GmbH,391200B9DM35IGNEL549,,,0.0
TSB Invest GmbH,984500E7E07EB31C7C44,TABAK INVEST LLC,46222,81.81818181818181
"SNP Energy Administrator, správca podlimitných rizikových fondov s. r. o.",097900CAKA0000350727,SBERBANK FUND ADMINISTRATION LIMITED LIABILITY COMPANY,34542,50.46728971962617
Global Waste Profit j. s. a.,097900CAKA0000350048,JOINT STOCK COMPANY MARSHAL.GLOBAL,36359,62.745098039215684
BFLD j. s. a.,097900CAKA0000348302,,,0.0
Maj Tornøe Holding ApS,9845009E838B6D8B7E94,MARANER HOLDINGS LIMITED,25468,76.47058823529412
EXCEL GRANITES,894500RB45D71FGCC840,GRAND SERVICE EXPRESS,28083,57.14285714285714
KHAJANCHI TRADERS,33580092QU6F6PZY1127,SHAHNAWAZ TRADERS,10606,64.70588235294117
SUDARSHAN SILKS PRIVATE LIMITED,6488005F0XKTMB57S491,SILKWAY LLC,44721,45.45454545454546
PENTA COAL PRIVATE LIMITED,6488001VAWLA4ZDW6712,COAL TAR REFINING COMPANY,30403,66.66666666666667
"DPM HOSPITALITY ASSETS, S.L.",959800CWK1YAXYDU2239,O'NEILL ASSETS CORP,37449,51.28205128205128
Dr. Schlarmann Kollegen GmbH Steuerberatungsgesellschaft Wirtschaftsprüfungsgesellschaft,391200H9LDTCTRUIX991,STICHTING INTERNATIONALE STEUN RECHTSTREEKS AAARMEN,53923,39.097744360902254
"DPM CREDIT ASSETS, S.L.",959800VW2ZUZFSEJ4F12,O'NEILL ASSETS CORP,37449,58.82352941176471
"AWRIA Group, spol. r. o.",894500RCYNYEP7EW6W32,AVIA GROUP NORD LLC,16826,68.57142857142857
SAPV Rheinland UG (haftungsbeschränkt),3912003B1C409RDD8934,SANAYE HAFTOME TIR,10863,37.03703703703704
FEL,6488007VVDK3COR4SP11,,,0.0
HARMAN RENEWABLES PRIVATE LIMITED,3358007IASIYBJII4R74,ROBUST HARMONY LIMITED,55555,58.06451612903225
DRG-Deutsche Reinigungsgesellschaft mbH,3912003933HQEAINXB45,NDA NORD-DEUTSCHE INDUSTRIEANLAGENBAU GMBH,39537,47.22222222222222
AMIT kUMAR,984500YF3FDD3463C593,AMITO TRADING LIMITED,54613,52.17391304347826
CO2 services,894500RCT4EN2830JC11,AMC SERVICE FZC,46508,78.26086956521739
ANIL KUMAR SRIVASTAVA,648800OF6U3E4GAFZ114,AYA UNIVERSAL TRADING DENIZCILIK KUMANYACILIK LIMAN HIZMETLERI ITHALAT IHRACAT LTD STI,48424,33.009708737864074
SHARIFI LIMITED,984500NC7A2C9B69F732,AL-SHARAFI OIL,56698,66.66666666666667
BENEVALOR Capital Partners AG,391200G2NLTYSOK5ZQ65,ALFA CAPITAL MARKETS LTD,34699,65.21739130434783
RM ENTERPRISES,3358005NDHSM1JT5MS32,LORA ENTERPRISES LIMITED,23270,86.66666666666667
SENSE HAIR STUDIO DI ASTOLFI DAMIANO,529900HIKQ5DT6XS1R41,MANSUDAE ART STUDIO,20578,58.18181818181818
Christian Bauer Vermögensverwaltung GmbH,391200OFFKKG0QGZ9R77,OZEAN HORIZONT BAUMASCHINEN & BAUEQUIPMENT GMBH & CO. KG,44236,42.666666666666664
CJU Industries ApS,894500RCNKUVF8R4VS64,AZAR AB INDUSTRIES COMPANY,53935,75.86206896551724
RBS FOUNDATION,335800NR991Y6BLEO847,AL-QUDS FOUNDATION,15493,82.75862068965517
MOAVIKA ENTERTAINMENT LLP,3358008Q42M33M0Q2892,"MARIMBA ENTERTAINMENT, S.R.L. DE C.V.",21104,80.0
MIRAE ASSET BSE INDIA DEFENCE ETF,335800Z25839HAOL9A87,MINISTRY OF DEFENCE EXPORT CENTER,13156,60.31746031746032
Neitzert Real Estate 2 GmbH,3912007ZOL9YBQ2YNN88,OZEAN REAL ESTATE GMBH AND CO. KG,44604,71.7948717948718
PUNIT TEXTILE MILLS,335800L4TQBSI308AE14,HONG PANG TEXTILE COMPANY LIMITED,11301,61.111111111111114
Glavas Holding GmbH,529900M3T5EH0KVBFX37,ATLAS HOLDING SAL,28527,81.4814814814815
NETTIS AS,894500RCI1B3S9F98817,,,0.0
RECON A/S,984500B1A4F8544B7659,BARBARO RECORDS,26149,58.33333333333333
RAJEEV GUPTA,636700JTHI5O3F3KKW11,,,0.0
Lechner Georg GmbH,529900KH8WQMTQIU8184,GEORESOURCES LIMITED,55920,56.00000000000001
BAITY INVEST SL,959800XU6ALQ627R1Y63,LLC A INVEST,46053,69.56521739130434
MSL² UG (haftungsbeschränkt),3912001WY4TISVD8SC54,SANAYE HAFTOME TIR,10863,40.90909090909091
COSTASOL CRUCEROS SL,959800WXHZC0FEGN8N96,"GASOLINERA EL CRUCERO LAS TORRES, S.A. DE C.V.",15014,42.307692307692314
Studio Alain Monnens BV,894500RC6Y7KIARHX407,NINGS CARTOON STUDIO,34023,65.0
CEMENTOS ANDALUCES MALAGA SL,959800SKXD4XR4PF7D67,ANSAR UL ISLAM OF MALAM BOUREIMA DICKO,23803,50.79365079365079
ML GmbH,391200T2EROU40TGFV90,,,0.0
GOPINATH AND ASSOCIATES,335800C3TCAQRKOAEC59,GREEN PINE ASSOCIATED CORPORATION,12212,70.0
CARBOPALEX,894500RC1ENSVBFM9K56,DALIAN CARBON CO. LTD.,9749,60.86956521739131
JAYANNA FOUNDATION,6488003MTWRNNREBLR13,AL-RAHMA FOUNDATION,20981,76.47058823529412
Tessonia Holding AG,529900OZWHA7M7T3AL32,YONA HOLDING,20219,78.57142857142857
AMIT INDUSTRIES,335800QJKCM3SAX9TH78,AZAR AB INDUSTRIES COMPANY,53935,80.0
POOR CHILD HELP FOUNDATION,335800TOWMPRLIFOGP48,GERTLER FAMILY FOUNDATION,23258,66.66666666666667
Linner Steuerberatungsgesellschaft mbH,391200D66THFJTDCBB09,STG. INT. STEUN AANARMEN STICHTING ISRAA,53923,41.666666666666664
Klinik for fodterapi,984500429903FD986C34,LLC AGC FLAT GLASS KLIN,49468,45.714285714285715
SEETHA MEDICALS,335800SH7CXA519CRA46,TSARGRAD-MEDIA OOO,36321,55.172413793103445
S R T AGENCIES,335800ZTSV4EHR0LND72,HARDSEA AGENCIES,25801,73.33333333333334
Benjamin Schmitt UG (haftungsbeschränkt),391200K7WNRZ5XGWKB66,MOJTAMAE SANATE HAFTOME TIR,10863,36.92307692307693
ENFROS SOLAR PROJECTS TWO,335800W52IILP62F9283,NORD PROJECT LLC TRANSPORT COMPANY,37062,63.829787234042556
EVE ENERGY STORAGE PTY LTD,836800FVA1VLQJRGIZ24,FIVE ENERGY OIL TRADING,27268,66.66666666666667
SHAIVAM APPARELS PRIVATE LIMITED,335800OY6MRHZXOETY86,LLC SPC LASERS AND APPARATUS TM,45769,51.28205128205128
Glashaus Verwaltung Kontor GmbH & Co. KG,391200DCSYRSGKV0US07,MAZIXON VERWALTUNGS GMBH,48292,62.22222222222222
EVISA GROUP HOLDINGS LTD,9845004A3DD59RE0A481,AMAN HOLDING GROUP,26887,78.94736842105263
PRATISHTHA PRAGATI PETROCHEM,33580015VS057900R029,TIBA PETROCHEM PRIVATE LIMITED,39280,61.904761904761905
M A SAFETY PRODUCTS AND SERVICES,335800N3ER96NR6WBZ25,SEA SERVICES PROVIDERS NV,53095,68.0
Staleit Holding AG,529900DXI5C6LIEXAZ20,STANMIX HOLDING LIMITED,46726,80.0
BABA KUMA SINGH INTERNATIONAL CHARITABLE SOCIETY,335800UE2SR82006QJ98,AL-AQSA ISLAMIC CHARITABLE SOCIETY,7637,65.82278481012658
ADI DEVELOPERS,984500E2F09805A5CD26,"SG-DEVELOPMENT, AO",18740,70.96774193548387
FABRICA PACKAGERS PRIVATE LIMITED,335800CNDKAMZ6L60P23,OOO FABRIKON,50897,48.0
Meierei Barmstedt eG,391200C6Y1N1A2J17B77,SAMAN TEJARAT BARMAN TRADING COMPANY,54022,45.833333333333336
euporium technology s.r.o.,98450013D0A6B99CC089,RION TECHNOLOGY,49924,73.6842105263158
METACO INTELLIGENCE FOUNDATION,984500067FABE8B3C405,RANA INTELLIGENCE COMPUTING COMPANY,29848,70.17543859649122
MJ ENTERPRISES,3358007N9V99H8AZZL85,LORA ENTERPRISES LIMITED,23270,80.0
NAGA VENKATA GUPTA ENTERPRISES,335800TFD7STKQH4F243,WEALTHY OCEAN ENTERPRISES LTD.,9749,65.45454545454545
Cepheus Trading Ltd.,254900OINDN2IYFVBK26,HMS TRADING FZE,56796,76.92307692307692
RAJ VOLTIC PRIVATE LIMITED,335800WXKC1D14SFC545,VOLTAG LLC,50912,50.0
Resolute Collective Oy,6367003RAESIO1RJ2771,THE TERRORGRAM COLLECTIVE,52485,65.0
AK Investment UG (haftungsbeschränkt),5299001MOPAJTJL11M22,HUNTSMAN INVESTMENTS CO. LTD.,55576,61.81818181818181
SCHRODER RECAP SSF LIMITED PARTNERSHIP,6367001WJ6ILPWQ8IJ53,PORTEASE PARTNERS LLP,58403,59.57446808510638
SWAN HYGIENICS PRIVATE LIMITED,335800GS8RK6R67VAK27,SWANSEAS PORT SERVICES PTE. LTD.,39359,50.0
BAJRANG WAREHOUSING,335800TZRUT8J5ONLL43,CAPITAL ZONE WAREHOUSING PTE. LTD.,55982,65.11627906976744
ADHIKARDHARA TRUST,98450073D39A75AD6F38,AL-RASHID TRUST,7201,66.66666666666667
LUCRATIVE AS,6367007FNDX1ZBY7BT75,,,0.0
G11 ASIA 3 PTE. LTD.,254900W8ABRUMW3JJB44,GTLK ASIA LIMITED,37864,63.1578947368421
Sperl Holding GmbH,391200TILVMW4842J588,RB HOLDING LIMITED,42744,78.26086956521739
BUZZING N K GROUPS,335800WE2W5Z4HH35J15,JIN BEI GROUP CO. LTD.,55998,64.51612903225806
BOV EIENDOM AS,636700FAZI61TMUR8N27,,,0.0
GREVESKOGEN NÆRING AS,636700JDSXY5V7740383,,,0.0
SWARGIYA SHREE BHAGIRATH CHOUHAN EDUCATION SOCIETY,6488003RGHSBJUMXWV88,"ASSOCIATION FOR EDUCATION, CULTURAL, AND TO CREATE SOCIETY - SIRAT",8225,59.61538461538461
GB CAPITAL AS,636700K7AIBE8GUWRX58,CJSC IIB CAPITAL,41918,85.71428571428572
NAWAL GIR,3358006SC5EOOP89X387,,,0.0
EKAMAGRO COMMODITIES PRIVATE LIMITED,335800SV8LYVCK5DYQ69,GOLDEN COMMODITIES LLC,26542,73.6842105263158
MPS GLOBAL SOLUTIONS LIMITED,6488003WQNWULZ49BC81,GLOBAL IMPORT SOLUTIONS S.A.,56355,88.37209302325581
CHANDRASEKARAN,648800HA4LCKMUZFN866,ZORAH CHANNEL,10658,51.85185185185186
Swarajya Kalyan Sevabhavi Sanshta,648800N0G44O2U0VWK83,LIMITED LIABILITY COMPANY SANSARA,48840,43.99999999999999
NKG AGROINDIA IMPEX PRIVATE LIMITED,636700QSOCST906AO318,AGROINDUSTRIAS CIMA S.A.S.,20207,63.1578947368421
VARSHA SOLUTIONS,6488001OCZQE2UG60B66,VFC SOLUTIONS LTD,40490,75.86206896551724
WINDEX AS,636700KD0FJ9NJFGQQ97,WINDFEL PROPERTIES LIMITED,41502,41.666666666666664
AGRIM OVERSEAS,335800M64MQILONX4Y28,MSE OVERSEAS PTE. LTD.,46483,76.92307692307692
SENTIA REGENERA SL,959800015XBAKK9SGU88,SENTIMARE ENTERPRISES LIMITED,49480,56.41025641025641
SOMANI REALTORS PRIVATE LIMITED,335800J56MS79HCMUJ73,RIHS-SOMALIA,10923,59.25925925925925
Purple Sunshine AB,9845008FDN8FFF61A866,CARTEL OF THE SUNS,55025,53.84615384615385
AEGIS PROPERTY MANAGEMENT SL,959800KL14FLW6H0J527,PROPER IN MANAGEMENT INC,26656,79.16666666666666
Advokatanpartsselskabet Reichstein Holding,636700COLWBOJEIFMA36,RADIATION APPLICATIONS DEVELOPMENT HOLDING COMPANY,25638,54.761904761904766
SIDDHI GARIMA REALITY PRIVATE LIMITED,3358000CLUGZYVKUTP76,AAFIA SIDDIQUE BRIGADE,20360,55.81395348837209
JOWEKA Fastighets AB,6367004MSBG3BRDO7X93,FASTLINK SARL,17045,48.0
VEDA RESEARCH PA INC.,636700RRJSV4UOOQH377,SADRA RESEARCH CENTER,26564,64.86486486486487
ROHIT TRADING COMPANY,335800WJECYREC100P85,RONIN TRADING,42978,84.61538461538461
"CANYON CLO 38, LTD.",254900YB3KRG0AYX2D54,FARWELL CANYON HK LIMITED,38339,53.333333333333336
SHIV SHAKTI STEEL CENTRE,335800APE0WWYPBCBG73,SHAHID SHIKRI CENTER,26557,63.63636363636363
von Euler Management AB,636700EUQQJ38ZIXL716,ONE ASSET MANAGEMENT AG,50043,75.0
SHIVAY ULTIMATE PRIVATE LIMITED,3358008NPL90R9TZ5Z84,ULTIMATE SPIRIT LIMITED,54824,73.33333333333334
JAYAKRISHNAN ELECTRICAL AND MACHINARIES,335800JDUFLRYKJHCU64,JOEMARS MACHINERY AND ELECTRIC INDUSTRIAL CO LTD,54944,63.888888888888886
TS Bäck i Rånäs AB,636700WKB570D0QG0118,IS-RANAO,23849,52.17391304347826
SHRI ANEKAS VENTURES LLP,3358005FKUXR9ZF7PN56,BARKAT VENTURES,30876,68.57142857142857
Bocenter Fastighetsförmedling i Sverige AB,636700IQA97TVAWEPB64,FEDERAL STATE ENTERPRISE YA M SVERDLOV PLANT,44204,43.37349397590361
SHOUMIK INTERNATIONAL,335800QU87AVZCHKX636,SHARK INTERNATIONAL,49036,85.0
OM SAI MEDICAL AND GENERAL STORES,3358002IEG3PSYDEAG13,ROYAL PEARL GENERAL T.R.D.,21554,65.38461538461539
Roskir Holding AB,6367009NVAGULT0H9R67,SWIRU HOLDING AG,38536,81.4814814814815
Integral Investments Asia I Limited,25490043JYN0FZA76Q65,AL-CARDINAL INVESTMENTS COMPANY LIMITED,27593,72.34042553191489
NISHANT HEALTH CARE PRIVATE LIMITED,335800T2YEW5F4YFJS92,CAREGIS TRADING HK LIMITED,49663,48.64864864864865
Malmhold AB,6367000QVF6810YF8785,JOINT STOCK COMPANY MALMYZH DIESEL ENGINE REPAIR PLANT,49234,22.22222222222222
MANI PACKAGING PRIVATE LIMITED,335800VB58YTQL4T7139,LIMITED LIABILITY COMPANY PRESSMAN PREMIUM PACKAGING SPB,47963,44.44444444444444
Psykolog Mette Bøgh,636700RO2WG86QIAHN61,,,0.0
KAPOOR OVERSEAS,335800J71JVMGVCW6H55,KRU OVERSEAS LIMITED,52027,81.4814814814815
OPB Holding ApS,636700007JCSHUFQ6541,RB HOLDING LIMITED,42744,85.71428571428572
SOLUTIONEERING AS,636700HOAAI7QUU33W92,RG SOLUTIONS LIMITED,48588,61.53846153846154
DigitalMDMA ApS,636700HLSKD4NE2MD328,MUNDO DIGITAL S.A.,28718,75.0
CAUVERY COFFEE LINKS,335800IJ4JREUT27B647,KAVE COFFEE S A,30629,62.857142857142854
FUNDACJA RODZINNA NOVUM RODZINY GŁOWACZ W ORGANIZACJI,2594006MX59UZPBFYI08,RAZAVI ECONOMIC ORGANIZATION,30848,51.85185185185186
BLUE MOON HOLDING AS,636700JFCMC5IB133T69,MOBIN HOLDING LIMITED,29624,73.33333333333334
KHUSHI CONTROL SYSTEM,335800WOR2C4W05DPM44,OJSC AGAT-CONTROL SYSTEMS,48007,68.29268292682926
Tibson AB,636700DO5QW5S2ZQIG04,,,0.0
CONCORD HOUSTON LLC,254900SHV7H41DTH6176,CONGOCOM TRADING HOUSE,10144,64.86486486486487
OFFINGO PRIVATE LIMITED,3358003MO1N9PIBG3853,OFFISCOOP NV,26747,62.5
SHUBHI SUDH TRADING COMPANY PRIVATE LIMITED,98450055B6B3WE5A9362,ASIA SUN TRADING CO. LTD.,41536,74.28571428571429
SKLO MANAGEMENT PRIVATE LIMITED,3358007MUX8E9BQ6FH15,VELES MANAGEMENT LTD,40782,77.41935483870968
TEJAS NAMKEEN UDYOG,3358005IZ7KBR4QJ4172,SAMAN TEJARAT BARMAN TRADING COMPANY,54022,51.06382978723405
"BLUEBIRD 57, LLC",254900NT6WKWTFCYAP33,BLUENOROFF,27308,47.61904761904761
"RANGEL PACT COLLABORATIVE, LLC",2549008OU1K2AUELR413,LARGE RANGE LIMITED,26689,55.55555555555556
TIRUPATI AUTOPARTS PRIVATE LIMITED,984500BJB48AFE1RQ643,YIMINAI AUTOPARTS TRADING LIMITED,54252,65.11627906976744
ZINKPOWER Holstebro A/S,254900A5ATI3UFB7M581,,,0.0
NORION AS,254900UTZFMQA6HMCG43,NORILSKNIKELREMONT OOO,50157,50.0
TOSTCO AS,254900YFS3TCFTY6VQ22,,,0.0
ØIVIND PEDERSEN AS,254900PFVJ87H63G0R35,,,0.0
CILJAN AS,254900MNZX6RST2QMH15,,,0.0
SM-BYGG AS,254900SUZWN8FW2JTU63,,,0.0
SANDALCITY RENEWABLES PRIVATE LIMITED,335800VRC7ATE3CPM771,RENEEZ SHIPPING LIMITED,48182,44.44444444444444
ASTRIX ESTATES PRIVATE LIMITED,335800X3WRCMAYLJIS19,ASTRID MENKS LIMITED,53356,61.53846153846154
AEKRI INFRASTRUCTURE PRIVATE LIMITED,3358007PTEAJ72Z5HY48,FANAP INFRASTRUCTURE,55014,80.0
DEEN DAYAL EDUCATIONAL AND CHARITABLE SOCIETY,3358005N7C195A51QD20,MADAD PALESTINE CHARITABLE SOCIETY,58196,72.0
SREE KRISHNA PHARMACEUTICALS,9845009BFH539A3A0C52,REEM PHARMACEUTICAL,21564,76.59574468085107
KULWANT SINGH,984500F9A1CAB8A1FD48,SINGH DAILY CULTURE PRESS LIMITED,29606,47.36842105263158
ASHEESH WAREHOUSE PRIVATE LIMITED,9845002D6E41D7E3BH20,"WAREHOUSE OUTLETS, S.A.",19186,70.58823529411764
DR GANGESHWAR PANDEY TRUST,984500AZ05BE0BAAA075,MISAGH TRADE TRUST COMPANY,48764,59.09090909090908
RAJAT SINGLA,9845003ADD854DB82C83,RAJAH SOLAIMAN GROUP,10928,50.0
ECLIPSOL ENERGY PRIVATE LIMITED,984500M3E2F9AD5GE762,BELLATRIX ENERGY LIMITED,47042,64.51612903225806
Green Arden Universal Inc.,9845004A1A53EFWD5B94,RUSSIAN UNIVERSAL BANK,51656,69.76744186046511
THE SIMON ANTHONY THORNTON CHAPPELL WILL TRUST,213800JSAQDKJA5VNM36,AL-AKHTAR TRUST INTERNATIONAL,7946,52.94117647058824
THE CLAIRE KNOX EVANS DISCRETIONARY TRUST,213800T9971NEXJL2966,SEQUOIA TREUHAND TRUST REG,41476,53.968253968253975
THE JCC TRUST- ASHWELL SUB FUND,213800Y38DH2JWGR2L91,AL RASHEED TRUST,7201,56.41025641025641
The Flimax Trust,50670088W3DHC0852Q77,MAIMAR TRUST,6912,75.0
MATTALEX LIMITED,213800AYS1ABXYOEHN91,,,0.0
ARGYLL COMMUNITY HOUSING ASSOCIATION,213800HOXI9R4X85JO63,AL-ANSAR CHARITY ASSOCIATION,45890,62.295081967213115
SETTLEMENT FOR APWH (TRUST NO H206),213800N3EHBPW91GI950,BORDER TRADE SETTLEMENT BANK,11581,59.64912280701755
POPS HOLDINGS,213800LI2D69B1AIEJ77,ZUPPA HOLDINGS LIMITED,23271,81.4814814814815
ATLANTIC 2025-01 UNIT TRUST,213800PEFI5JYSRL2Y76,UR-RAMAT TRUST,12294,53.65853658536586
NORDNET USA DUAL INDEX (UCITS ETF),213800BFM8I6WNZ9QA79,NORD GOLD UK SOCIETAS,37505,52.83018867924528
MARTIN SLOWE ESTATES LIMITED,213800NCJZW5ZKTA2M03,SOVA REAL ESTATE LLC,35328,61.111111111111114
GLASSHAPE LIMITED,213800VXIHVXPTYXU164,GLASS COMPANY MEGASTEK,49411,60.86956521739131
AYLES FAMILY 2023 DISCRETIONARY TRUST,213800CF1H2L18KD4U06,AL-AKHTAR TRUST INTERNATIONAL,7946,50.79365079365079
M ACKROYD (2002) SETTLEMENT TRUST,2138004KORIFZQP2YS36,BORDER TRADE SETTLEMENT BANK,11581,61.01694915254237
Wyon AG,5067001EOAXJB5N7J128,,,0.0
GAS STRUT HOLDINGS LIMITED,213800AI7ZXAN7S36U30,STG HOLDINGS LIMITED,16830,73.33333333333334
MW ESC (US) SERIES,213800KMRB77A4QTRV33,SERIFOS MARITIME AND TRADING S.A.,56345,40.0
EMMA'S LIFE,2138003HP6GXNQJI4S56,EMMA TEL LLC,29858,63.1578947368421
Allu Finance AG,506700M4152DB2P10662,ACG FINANCE LIMITED,43093,78.26086956521739
Qubic AGI Lab,50670069VR1O3UF9S782,,,0.0
АДВОКАТСКО ДРУЖЕСТВО ЙОРДАНОВ ИГНАТОВ ИВАНОВ,485100UB7K5LONYWH283,,,0.0
ОКОЛ ИНВЕСТ АД,4851000JYH97B3573353,,,0.0
"LUVANA, gradbeništvo, trgovina in storitve, d.o.o.",485100SPE6171MRUHN05,"DOO BABUDOVAC PREDUZECE ZA PROIZVODNJU, TRGOVINU I USLUGE, BRNJAK",33879,44.859813084112155
"Calculate, finančna družba, d.o.o.",485100SMHPPLB140SY02,JOINT STOCK COMPANY AUTO FINANCE BANK,51718,51.72413793103448
MARSHALL WACE FUNDS LLC,213800LYH13AUO1ZTW61,AL MASHREK FUND,12746,64.51612903225806
THE JAMES AND DANA ANDERSON LIVING TRUST,213800JQZCYVJ5GBUP68,TRUST LIFE INSURANCE COMPANY S.A.L.,27192,53.84615384615385
NORDNET EMERGING MARKETS (UCITS ETF),213800A7K95UDAWW6N40,PRINCE SUPER MARKET CAMBODIA CO. LTD.,55849,48.38709677419355
GLOBAL HIGH YIELD CORPORATE BOND INDEX FUND,213800UNHOMTFLXTAH88,CORPORATE FINANCE BANK LLC,51809,55.38461538461539
NEWBURY BRIDGEPOINT FOUNDERS FUND L.P.,213800IPB7DJEZXW7U35,MIGHTY DIVINE FINE ART FUND,55965,50.0
ONEIM SPIF EU CLO (UK) LTD,213800XK29C6N6KOZE42,,,0.0
NEMO INVESTMENTS LIMITED,213800PNMUPMLBQVMO32,NIKESTO INVESTMENTS LTD,51347,85.71428571428572
Jupiter Wealth Advisors SA,506700AAN7K8UQ7I3E58,SOUTH WEALTH RESOURCES LTD.,26861,62.22222222222222
PARKING FACILITIES LTD DIRECTORS PENSION SCHEME,213800V782Y76BJNL582,MYANMAR DIRECTORATE OF PROCUREMENT,34657,56.75675675675676
"PGIM SENIOR LOAN OPPORTUNITIES (AGGREGATOR) I, L.P.",213800SE1H4IHNCMOO25,VOSKRESENSKIY AGGREGATE PLANT,47718,55.55555555555556
CMC MARKETS SECURITIES AUSTRALIA PTY. LTD.,213800T8DK2SIA5EG242,ROYAL AFRICA SECURITIES BROKERAGE CO LTD,23334,60.86956521739131
THE SOUTER 2016 FAMILY TRUST,213800VTNADRCPKJBP57,THE SISTER TRUST,41493,61.111111111111114
EILANE LIMITED,213800ECITZ3X4MNSY30,,,0.0
NORDNET GLOBAL DUAL INDEX (UCITS ETF),21380012WYPHJRZAEC95,TRANS ARCTIC GLOBAL MARINE SERVICES PTE. LTD.,54275,54.28571428571429
EMERGING MARKETS LARGE CAP CORE EQUITY IV FUND,213800L2KIQURGZW8759,LIMITED LIABILITY COMPANY MARKET FUND ADMINISTRATION,34542,51.21951219512195
GAS STRUT ENGINEERING LIMITED,213800W2Q8BPJL4CRO51,FATER ENGINEERING COMPANY,11792,78.94736842105263
STHREE SWITZERLAND GMBH,2138002YG2R921AB2911,GAZPROMBANK (SWITZERLAND) LTD,20312,63.41463414634146
THE ASG TRUST,2138006ELA14F64LCJ65,AL-RASHID TRUST,7201,76.19047619047619
HARVEST MOON CAPITAL LIMITED,213800JZZ3TDI5OIMN47,CATHAY HARVEST MARINE LTD,51030,73.17073170731707
HARPER WOOD CONSULTING LIMITED,213800SHNWTIYTXZCS63,RB CONSULTING LIMITED,42745,68.57142857142857
STARMOUNT (SECURITIES) LIMITED,213800Z1PKDUIL21J742,SOVCOMBANK SECURITIES LIMITED,34759,68.29268292682926
JESSE CAPITAL AG,21380087SR1P6NL41M48,CHEER CAPITAL LIMITED,55922,76.92307692307692
NORDNET GLOBAL (UCITS ETF),213800RATAADLZ7PEW28,TETIS GLOBAL FZE,46332,61.111111111111114
SYNGEN GLOBAL LTD,2138007LR3S2W1KRM108,MAINE GLOBAL CORP S.A.S.,56540,72.0
NEWBURY BRIDGEPOINT LP,21380097LN1V3D7AH761,"SILVER BRIDGE SHIPPING CO., LIMITED",27533,58.53658536585367
THE JCC TRUST- JEC SUB FUND,213800HHG3RPZ8M8ZV18,TRUST INSURANCE SERVICES S.A.L.,27191,56.52173913043479
MAIG LIMITED,213800ETTMH2NYWWRS18,LIMITED LIABILITY COMPANY MAIGEOPROM,50316,33.333333333333336
NORDNET TECHNOLOGY (UCITS ETF),213800Z9YJ9IT6D45388,UNSONG INTERNET TECHNOLOGY CORPORATION,24977,70.37037037037037
RIGGELA HOLDINGS LIMITED,213800NU9D7UUH24N118,RG HOLDINGS LTD,44210,81.4814814814815
NJC GROUP SSAS,2138004Z6XXBWL6QUS79,VANESSA GROUP LIMITED,46872,74.07407407407408
Retail holding s.r.o.,315700C7GS448Y4SNI51,"HOTEL HOLDING, S.R.O.",28058,80.0
Β. ΣΟΛΩΜΟΣ- Β. ΠΑΠΑΓΙΑΝΝΟΠΟΥΛΟΣ- Ο. ΠΑΠΑΓΙΑΝΝΟΠΟΥΛΟΥ ΟΕ,635400BIPGQ6JFBXYW70,,,0.0
"3J GROUP, s.r.o.",315700LBHJXHAWL7UG92,TOP 3D GROUP,47365,75.0
"AP-SATELIT, spol. s r.o.",3157006WP667JO090U39,AL-AQSA SATELLITE TELEVISION,11911,57.77777777777777
"MINT fond komerčních nemovitostí SICAV, a.s.",315700G1TIUS7TLTMF65,FONDATION SECOURS MONDIAL VZW,7270,44.776119402985074
AVG building a.s.,315700KN19N9NZ355Z09,NATION BUILDING,7132,59.25925925925925
"Snowy Peaks, s.r.o.",3157006QEK1YL9LTQV14,PEAKWAY GLOBAL LIMITED,54605,41.379310344827594
Dolezal Advisory s.r.o.,315700PG7643LJS52W40,SINO RS ADVISORY PTE LTD,36277,66.66666666666667
"Salutem Real, a.s.",31570023DH1I17VTGK90,USA REALLY,26234,63.63636363636363
Karlovarský kraj,315700T10V911AP2O152,,,0.0
ΑΛΜΗ ΑΝΩΝΥΜΟΣ ΒΙΟΜΗΧΑΝΙΚΗ ΕΜΠΟΡΙΚΗ ΕΤΑΙΡΙΑ,635400NMWWQD2EZJPY35,,,0.0
KELVORA DESIGNATED ACTIVITY COMPANY,635400FOUPPOSZQGZM42,GTLK EUROPE DESIGNATED ACTIVITY COMPANY,37861,75.86206896551724
INNOVATIVE TECHNOLOGIES SUPPORT ΜΟΝΟΠΡΟΣΩΠΗ Α.Ε.,635400YQ3JGTSDXPWB51,JSC INNOVATION WEAPONS TECHNOLOGIES,48438,58.97435897435898
MARMARA SINAİ VE TİCARİ YATIRIMLAR ANONİM ŞİRKETİ,789000XPN9HP4CUWQS39,RAMOR DIS TICARET VE INSAAT YATIRIM ANONIM SIRKETI,22695,72.72727272727273
ATLASDENİM TEKSTİL SANAYİ VE TİCARET ANONİM ŞİRKETİ,789000F5XSJXUI2ZQP82,ASL ENERJI SANAYI VE TICARET ANONIM SIRKETI,36079,80.85106382978724
GENÇLER KABLO SANAYİ VE TİCARET ANONİM ŞİRKETİ,789000P3KYPQOZJHA266,ASL ENERJI SANAYI VE TICARET ANONIM SIRKETI,36079,83.14606741573034
AGYSIALE CONSULTING,984500886653F8100942,BAIA CONSULTING LIMITED,34138,82.35294117647058
Kaksinen Oy,743700NJTV9EM3HJIC07,,,0.0
JiiMVee Oy,743700QLZ4T5WF8EVZ73,,,0.0
Owl Capital Oy,743700HNC72G6WIE3V72,POLINA CAPITAL PTE LTD,40776,80.0
Polus Consulting Oy,636700OUP71P1WVF1R41,KORUS CONSULTING CIS LLC,36419,77.77777777777779
T2M Kiinteistöt Oy,743700VNURPD08RSPH55,,,0.0
Lastbeat Holding Oy,74370028TCJYNO0QG559,PABAS HOLDING CORP.,16858,75.86206896551724
Medipulssi - SLP Oy,7437000V5Z9EWX59RR22,MEDIN PRODUCTS,58003,50.0
Moonsault Software Oy,743700AHXMOBGPR4Q341,QESHM ARIAN DATIS SOFTWARE COMPANY,55009,54.54545454545454
OL Partners Oy,743700H3OZ2R21QZZI89,OOO PARTNER,51455,77.77777777777779
SJ Järvenpää Ky,743700FBQ30H884KE553,"JARVIS HK CO., LIMITED",46822,41.666666666666664
A Small Fortune Oy,7437007BHS6AKL9VG258,LIMITED LIABILITY COMPANY FORTUNA,53822,56.25
Pashur Oy,7437000QSWQ8EV6N9451,,,0.0
Euran vapaaehtoinen palokunta ry,743700IZ16UF028OK504,"EL PALOMAR CAR WASH, S.A. DE C.V.",13012,43.13725490196079
Hietanen Consulting Oy,743700J8GFB3KQ7ESD77,TRILEMA CONSULTING LTD,40803,75.67567567567568
Iloks Pro Oy,743700WOHF0701KLPQ78,,,0.0
Konepalvelu Mäläskä Oy,743700RBJ86NH2H3WY86,FEE BANK MALAYSIA,25681,55.55555555555556
Aceus Oy,743700ORJ662WJQET850,,,0.0
Helsingin Vapaaehtoinen Palokunta ry;Helsingfors Frivilliga Brandkår rf,743700M0AE4LMK8Z6A34,SPI INTERNATIONAL PROPRIETARY BRANCH OF A FOREIGN COMPANY,28645,44.44444444444444
Refpunk Oy,743700XRNUM2O5T2MM11,,,0.0
ADVERSE ORBIT LTD,984500HB5C410P7FFK32,ORBIT FINTRADE LLP,51093,66.66666666666667
LEPERLIER DEPANNAGE PLOMBERIE ELECTRICITE,9695007LAHW9E6XE9Y21,DAMAVAND ELECTRICITY AND POWER ENGINEERING,25956,60.75949367088608
SCHN INVEST,969500T29YN6YVMFTU70,OOO TKH-INVEST,40190,76.19047619047619
O2L CONSEIL,9695002N7NQCW9U4BS44,CONSTELLO INC.,26216,70.0
COMPLIANCE & MARKETS ADVISORS,969500XBC9B2CZSM7105,STATUS COMPLIANCE,45047,63.63636363636363
SELARL SEBASTIEN ALBOU,969500A3VBSNUJR2TI97,WEST ALBORZ STEEL CO.,30756,51.28205128205128
LEANEOUS,9695004SA6YKZ6H1SZ16,,,0.0
APG CAPITAL,969500I7YZX2OYSXUZ23,ALT CAPITAL PTE. LTD,57770,81.81818181818181
JMG COMPAGNIE,9695006A0SUL457FW493,AL-MUKHTAR COMPANIES,30650,66.66666666666667
FH2M,969500P37W5S2NXAAJ49,,,0.0
CHETRITT CAPITAL,9695002WPAC4F4VPJS29,CHEER CAPITAL LIMITED,55922,82.75862068965517
ASSISTANCE ADMINISTRATIVE AUX ARTISANS,9695007I1EWG2YE4GW84,AL SHAFA ADMINISTRATIVE SERVICES LIMITED,57562,65.67164179104478
ACT,9695002SOL20HAJ45M48,,,0.0
Hop Dragon Kereskedelmi és Szolgáltató Korlátolt Felelősségű Társaság,9845006677706BPEFC18,MATRIX METAL GROUP KORLATOLT FELELOSSEGU TARSASAG FELSZAMOLAS ALATT,49780,58.82352941176471
Valores Sachwert GmbH,98450082B0I64D88KB38,C.I. CAFFEE VALORES S.A.,15868,60.60606060606061
CAP Service GmbH,984500AA03GCEBMCA424,AMC SERVICE FZC,46508,81.81818181818181
Happy Panda Sweden AB,657400RYOAZSWD4FUO89,PRINCE HAPPINESS PLAZA CO. LTD.,55864,50.0
AA Andersson Holding AB,984500J7984044285D11,AMAN HOLDING PRIVATE JSC,26887,68.75
Melanchi OÜ,984500371014C6C98F05,STAR MARKET MELANYE,26796,40.0
EMI Investors OÜ,9845008401A499S88E85,TOUR INVEST LLC,58499,66.66666666666667
TYUIO Holding AB,657400MWHXJV4NU2UP34,YONA HOLDING,20219,80.0
Barkler Holding ApS,9845007F88D78060EF10,ARIMERO HOLDING LIMITED,34616,80.0
Barkler Invest ApS,984500D53ED5379BR410,LLC A INVEST,46053,72.72727272727273
Tannert Holding UG (haftungsbeschränkt),875500C7Y59Z9TSYY622,TIAN FANG HOLDINGS LIMITED,40209,54.54545454545454
NUPUR SINGH,984500F9F70A3A8B3E97,P.C.C. (SINGAPORE) PRIVATE LIMITED,11623,50.0
LOKESH KUMAR,9845009941DEDC1D7158,A Y A UNIVERSAL DENIZCILIK KUMANYACILIK LIMAN HIZMETLERI ITHALAT IHRACAT LIMITED SIRKETI,48424,19.565217391304344
INDERPAL SINGH,98450082BB6B8O980793,INDERSEN GLOBAL PTE LTD,40776,48.275862068965516
BANSIDHAR TEXTILES,984500C813D83C87EB34,GLOBAL DE TEXTILES ANDINO S.A.S.,27250,65.0
TEJAS BIPINCHANDRA PAREKH,98450013688FEZ894041,KHAVAR TEJARAT ARKA KISH COMPANY,57148,53.06122448979591
SURESH CHAND GUPTA,9845009F1BC693F65983,CHANGTAI SHIPPING LTD,51307,57.14285714285714
ANKIT SINGHAL,9845005938AA5B0B5511,CCIC SINGAPORE PTE. LTD.,54168,51.85185185185186
PERFECT S P PRIVATE LIMITED,9845000BF48CDE84S214,PERFECT DAY CO SA,55550,72.72727272727273
Sustcred Fund I,984500TAA15C7E7D9196,AL MASHREK FUND,12746,59.25925925925925
Thiqwave Technology Ltd,984500FY6AB147388E51,TIANY TECHNOLOGY LIMITED,58336,80.0
BABALIBAIL,984500BAAC481551BD11,SHAHID BABAEI GROUP,26553,48.275862068965516
BRUICHLADDICH AF 2003,984500DA7F7E3YCDAD17,,,0.0
CANTER SOFTWARE DESIGN - L.L.C,984500763BB37DD13B67,STAUT DESIGN CENTER,43857,78.04878048780488
PRAMOD KUMAR JALAN,984500F85E392D949D58,DZIARZAUNY VAJENNA-PRAMYSLOVY KAMITET,34778,43.63636363636364
CMX Consulting AB,657400VRLZQJABBTM595,ARCH CONSULTING COMPANY,29783,82.75862068965517
THE BRAINY EDUCATIONAL SOCIETY,9845009376571DFBWC25,AL-ANSAR CHARITABLE SOCIETY,45890,64.0
VISHAL AGGARWAL,984500EF86651CE94F07,VISHNU INC.,47660,38.095238095238095
NRI ACADEMY OF SCIENCES,9845003ESA866E581C80,ACADEMY OF NATURAL SCIENCES,12215,86.36363636363636
TSP Asennus Oy,9845006B9762D1CE1475,,,0.0
SIVA KUMARI YANDRATHI,9845001144B14B41C664,KIMIA PART SIVAN COMPANY LLC,33575,54.054054054054056
The trustee for Hirani Property Trust,984500845SNF9I1P1E20,"TRY PHEAP PROPERTY CO., LTD.",28050,59.57446808510638
Mourina Co for Investment and Development,558600UPYBHQANUWLD86,NATIONAL DEVELOPMENT INVESTMENT COMPANY,25425,85.24590163934427
Abdulqader Nasser AlObaikan & Partners Holding Company,558600JOXHYKRFWTUF83,AFRICAN TRANS INTERNATIONAL HOLDINGS B.V.,24668,55.00000000000001
V R FOODS AND SERVICES,984500365RB798F66109,FIRST VPN SERVICE,57975,68.57142857142857
AAQG HOLDINGS INC,98450091BE0FFF9ECR64,AMAN HOLDING PRIVATE JSC,26887,80.0
MB Kodo srautas,98450003DDBE89F1O183,SANDAIME KODO-KAI,17787,50.0
SARATHBABU,9845003AEY0E8FBF4G02,OAO EPK SARATOV,46411,47.61904761904761
PRIYA,984500U1F1O1F1N06173,,,0.0
AlWeam Premium Car Rental Office,558600EUSFXSOVBVJY89,N.I.T.C. REPRESENTATIVE OFFICE,15119,55.172413793103445
The Power House Trust,9845008938B55E84NC20,LMG LIGHTHOUSE TRUST REG,50044,63.41463414634146
SHALINI MITTAL,9845002F41D7518PCF77,PIJ-SHALLAH FACTION,4707,36.36363636363637
WINFOX HYGIENE PRIVATE LIMITED,9845001EP8A597114977,,,0.0
HARIHAR SAHOO,984500E7C143B400P732,,,0.0
CODECRAFT Szolgáltató Korlátolt Felelősségű Társaság,875500LXO3GDD9I51C52,MATRIX METAL GROUP KORLATOLT FELELOSSEGU TARSASAG FELSZAMOLAS ALATT,49780,62.18487394957983
AMMAJI PAVANI MEMORIAL SUPER SPECIALITY HOSPITAL,9845006055C1FEB5AZ02,CLOSED JOINT STOCK COMPANY KLIMOVSKIY SPECIALIZED AMMUNITION PLANT,44284,52.83018867924528
AVANTIKA AUTOMOTORS LLP,984500BEE553PG9E6B40,AUTOS MINI,12531,55.172413793103445
Bilebale Beteiligungs GmbH,98450038009DXC584121,BETENSH GLOBAL INVESTMENT & DONG DONG SHIPPING LIMITED,54334,40.0
INSTROL WASTE TO ENERGY SYSTEMS PRIVATE LIMITED,984500660E45C1NC8F29,STAR ENERGY INTERNATIONAL LIMITED,54183,60.71428571428572
MAHARAJA RAGHAV BUSINESSES PRIVATE LIMITED,984500A9FDGC646F0Q41,GREAT LAKES BUSINESS COMPANY,10118,56.52173913043479
SATYA LAXMI HOTELS PRIVATE LIMITED,984500MA508ADF981D25,TAI LONG HOTEL,11307,62.5
RK DAS JEWELLERS PRIVATE LIMITED,984500EB9461F5959F75,ASHIQ JEWELLERS CC,39540,70.58823529411764
SRI VENKATESHWARA CREATIONS PRIVATE LIMITED,98450044BF0F40D6AO70,7TH SENSE CREATION,31353,57.77777777777777
DURWANKUR GENERATORS PRIVATE LIMITED,984500A967FE9A2B4571,ABADAN POWER GENERATION COMPANY,30871,60.46511627906976
JASMAN EXIM PRIVATE LIMITED,9845006767ADA4ZBA097,MAIWAND EXIM PRIVATE LIMITED,26097,69.56521739130434
MINERVA JEWELLERS,984500AC8A4DF3LB8A35,TRIO JEWELLS LLC,49897,62.06896551724138
DEVANSHI JEWELLERS,9845002E5C1CC656C179,ASHIQ JEWELLERS CC,39540,77.77777777777779
JISHA DISTRIBUTORS PRIVATE LIMITED,984500A7AC3E2H497B13,LTD NISSA DISTRIBUTION,47620,77.77777777777779
RESIN SOL GROUP S.R.L.,984500BE4EE748VBJ961,SINNO GROUP LIMITED,51164,76.92307692307692
SHIVKRIPA BAKERS,9845006A7A0D1F573D82,VEENA SHIVANI ESTATES PRIVATE LIMITED,56052,54.054054054054056
HARGOVIND JOSHI,984500LD50011C0F8918,,,0.0
FSBI Holding GmbH,984500EA5VCE0FA06B06,ATLAS HOLDING SAL,28527,72.0
sharikat diblumat litajir alsayaarat,558600BOKFJQSGVHJT69,SHARIKAT AL-HARAM LIL-HIWALAT AL-MALIYYAH,25063,61.9718309859155
Hamham Est for Contracting,558600GDLTBRYDEPLA43,YASMIN FOR CONTRACTING,29864,70.0
ADROIT DIES AND MOULDS PRIVATE LIMITED,984500EC13S70A147B89,BAHMAN DIESEL CO.,48625,45.16129032258065
ALFHAD GOLDEN RENT CAR,558600PFQIPCPSIXJK89,"GOLDEN SUN I/E DALIAN CO., LTD.",28650,60.46511627906976
SOMA JANA,98450038C7E356CAF502,ISIS-SOMALIA,23848,47.61904761904761
almawqi alakhdar Establishment Commercial,558600CPVBMHUYOFIJ73,AZZAHRA ESTABLISHMENT FOR COMMERCE AND AGENCIES,54482,67.5
New Zero Establishment,558600QTBVQWNYDCGP46,SEPANIR ESTABLISHMENT,12059,74.4186046511628
SHRI HARI FERRO ALLOYS PRIVATE LIMITED,98450073D552B9A12B06,IRAN ALLOY STEEL COMPANY,28290,52.63157894736843
Sharekat Rowaad Alestdama Lltshgeel W Alseyana,558600EWGHBUMLXGYO36,SHARIKAT AL-HARAM LIL-HIWALAT AL-MALIYYAH,25063,51.85185185185186
Maktaab Nama Alaamal Llestesharat Alhandasia,558600AUFHISUGSVEW35,ALHARAMAIN HUMANITARIAN FOUNDATION,8107,48.71794871794872
Abdullah bin Muhammad Almeir Establishment For General Contracting,558600BAGAQRYRLOBS41,AL SALAM TRADING AND AGENCIES GENERAL ESTABLISHMENT,47269,60.37735849056604
Aman Chopra,9845009CC612C6948C71,AMAN GROUP,26887,66.66666666666667
REKHA KATARIA,98450045472A698EFD06,KATA'IB KARBALA,46348,50.0
欣旺达财资（香港）有限公司,836800735FZ8UTXZHO85,,,0.0
东莞市模卡福模具有限公司,836800IO6S7L7CLLL034,,,0.0
ASTRON HOTEL,98450068A9S994BBE153,KB HOTEL AND CASINO,54172,66.66666666666667
VISISHTA EDUCATIONAL SOCIETY,9845006F793A2EC3AA76,SCIENTIFIC EDUCATION KOREA STUDIO,34022,65.57377049180329
SUKALPA PARK VIEW,98450090B4F586B4C498,LAKE VIEW SHIPPING CO LTD,53147,57.14285714285714
ETYS,9695005C7OENAVEEEB55,,,0.0
SAVOIRS DES PEUPLES,969500E4AQCW9EVCGN30,SAVOLER DEVELOPMENT LIMITED,41503,57.89473684210527
TTP01,96950061M0CAXTJ06012,,,0.0
NUMERUS EX MACHINA,969500D44ATE0P3MRT46,RUSSIAN MACHINES,24229,58.82352941176471
OLJAAS,969500DAAW6OKD4UF883,,,0.0
COMMUNAUTE DES CARMELITES DE LOURDES,969500E91NTJ2UF65Y33,COMMITTEE FOR EUROPE AND THE AMERICAS,10923,58.62068965517242
CMG3,96950008AR5KCKOEXH19,,,0.0
PIZZERIA DE GRIGNAN,969500KEF83MNCFY1G62,AMG RICAS PIZZA,12426,58.06451612903225
YR INVEST,969500A4WX7GUGF15G15,"M INVEST, OOO",29101,82.35294117647058
G-MONCAP,969500UXI3B6HHLBXC57,MONCH GENERAL TRADING L.L.C.,39816,48.275862068965516
CERES,969500ITFEOQYXIV3Q79,CERES SHIPPING LIMITED,51354,52.63157894736843
TAK INFOR,969500S0ULEJ947HTC56,RT-INFORM LLC,18788,77.77777777777779
MILLEPAT,969500EQRLOULNK14S11,"MILLENNIUM PLAZA, S.A.",19165,58.33333333333333
SNP,969500PPTT8280P2SN06,,,0.0
PAULAURE,9695002E65DEE8L9FR60,PAUL AD SONS TRADING FZE,55476,35.71428571428571
PMG INVEST,969500MH7SZRTFQDAE05,"M INVEST, OOO",29101,88.88888888888889
MARCEL IA,969500950M1WYN8CAA68,MARCH 23 MOVEMENT,15585,46.15384615384615
Protherm,875500PBBGB61OWCGQ05,PROTEH CO LTD,49958,71.42857142857143
Trofast Investment Oy,984500AFE1D0F5A6FF48,TAKTAR INVESTMENT COMPANY,25040,80.0
Rotellaks Haldus OÜ,984500BE1D4940AEF787,"ROTEK ELPOM, LLC",38876,53.333333333333336
Emsterdam B.V.,9845009FZ9CUF1BB9B12,,,0.0
Handelsbolaget Gällsås Jord och Skogsbruk,984500A1B1F73FFD7E87,EVA HANDELSGESELLSCHAFT UG,56301,44.776119402985074
SRIPOTTIAMMAN THIRUKOVIL ARAKATTALAI,984500D8H89P01D48698,ARAK PETROCHEMICAL COMPANY,15956,40.74074074074075
MAVEKA OÜ,984500AABDCFF6C69543,MAVERIKS,49928,58.82352941176471
PROCRIF S.R.L.S.,815600FC39FD484E7A72,URAL METAL PROCESSING COMPANY LTD,49185,48.484848484848484
Tokubetsu OÜ,984500938ED766F8NY21,,,0.0
ACONAC PROPERTIES & INVESTMENT LTD,984500BE0DQ7402C9086,IRAN OVERSEAS INVESTMENT BANK PLC,4642,70.17543859649122
Kommstart 4155 AB,984500B8I778NK78E871,FKP SAMARA PLANT KOMMUNAR,49349,41.02564102564102
BROAD-OCEAN MOTOR (HONG KONG) CO. LIMITED,984500C7Y58741B76G33,HONG KONG BLUE OCEAN LIMITED,57571,72.34042553191489
AZOL Living GmbH,9845008404109C100C73,SANTA JULIA SEASIDE LIVING,56815,43.24324324324324
Stiftung Gartenkultur,984500FAEB877V588F44,AL-AQSA SPANMAL STIFTELSE,7641,41.860465116279066
AMIN BEG,6488002IZ2ZK43L4EU71,AMINIB,16017,71.42857142857143
RICHHEN ENGINEERS PRIVATE LIMITED,648800PCZ5AXZST8DP67,INTECH ENGINEERING LTD,44845,68.57142857142857
JZD Holding ApS,64880051J5ZCEZUVEJ91,ZEM HOLDINGS LTD,44289,78.26086956521739
KAPIL ARJUNDAS KRIPALANI,6488007JFKFDKENL6244,LIMITED LIABILITY COMPANY KAPITAL GRUPP,50344,55.319148936170215
TIRUPATI ENGICON PRIVATE LIMITED,648800EUJZTKP0JIIT96,UNITED ENGINE CORP JSC,37782,55.172413793103445
LAKSHAY GUPTA,648800D4PGKNFISQBW32,,,0.0
TODAY ROYAL LIFESPACE LLP,6488006ORVGZI3MVVB07,ECONOMY TODAY LLC,26231,58.82352941176471
MAHADEV CABLE INDUSTRIES,648800EE5E801LF9IK37,SHAHID BABAIE INDUSTRIES,12524,75.0
VISHAL JEWELS,648800L11FVAT142N702,AL-KHALIDY JEWELRY COMPANY,24760,64.28571428571428
ESILIA VENTURE PRIVATE LIMITED,648800TZF4YDFZSZGR03,SIRITIA VENTURES LTD,20314,80.0
PALASH PATRA,648800E8TOD8KJFL7Q98,TARH O PALAYESH,15635,66.66666666666667
PROVINCE INFRATECH LLP,6488008R9AD3L971P591,ISIS PHILIPPINE PROVINCE,23844,57.14285714285714
SITARAM TRADERS,335800GDEDXZ6AN1MS66,SALITA TRADE LIMITED,40961,74.07407407407408
